ISO-10303-21;
HEADER;
/* Generated by software containing ST-Developer
 * from STEP Tools, Inc. (www.steptools.com) 
 */

FILE_DESCRIPTION(
/* description */ (''),
/* implementation_level */ '2;1');

FILE_NAME(
/* name */ 
'DA1.stp',
/* time_stamp */ '2026-09-13T15:02:31+02:00',
/* author */ (''),
/* organization */ (''),
/* preprocessor_version */ 'ST-DEVELOPER v18.1',
/* originating_system */ 'Autodesk Inventor 2022',
/* authorisation */ '');

FILE_SCHEMA (('AUTOMOTIVE_DESIGN { 1 0 10303 214 3 1 1 }'));
ENDSEC;

DATA;
#10=MECHANICAL_DESIGN_GEOMETRIC_PRESENTATION_REPRESENTATION('',(#13),#7453);
#11=SHAPE_REPRESENTATION_RELATIONSHIP('SRR','None',#7460,#12);
#12=ADVANCED_BREP_SHAPE_REPRESENTATION('',(#14),#7452);
#13=STYLED_ITEM('',(#7469),#14);
#14=MANIFOLD_SOLID_BREP('Solid1',#2671);
#15=SPHERICAL_SURFACE('',#2840,2.);
#16=SPHERICAL_SURFACE('',#2852,2.);
#17=SPHERICAL_SURFACE('',#2864,2.);
#18=SPHERICAL_SURFACE('',#2876,2.);
#19=CONICAL_SURFACE('',#2732,42.9337291582312,0.863280378212359);
#20=CONICAL_SURFACE('',#2743,42.9337291582312,0.863280378212359);
#21=CONICAL_SURFACE('',#2754,42.9337291582312,0.863280378212359);
#22=CONICAL_SURFACE('',#2768,42.9337291582312,0.863280378212359);
#23=CONICAL_SURFACE('',#2829,35.,0.165148677414627);
#24=CONICAL_SURFACE('',#2924,36.565,0.623839506195123);
#25=CONICAL_SURFACE('',#2934,38.95,0.962025768647891);
#26=CONICAL_SURFACE('',#2944,32.5,0.165148677414627);
#27=FACE_BOUND('',#478,.T.);
#28=FACE_BOUND('',#489,.T.);
#29=FACE_BOUND('',#564,.T.);
#30=FACE_BOUND('',#565,.T.);
#31=FACE_BOUND('',#566,.T.);
#32=FACE_BOUND('',#567,.T.);
#33=FACE_BOUND('',#568,.T.);
#34=FACE_BOUND('',#612,.T.);
#35=FACE_BOUND('',#619,.T.);
#36=FACE_BOUND('',#631,.T.);
#37=FACE_BOUND('',#638,.T.);
#38=FACE_BOUND('',#643,.T.);
#39=FACE_BOUND('',#646,.T.);
#40=FACE_BOUND('',#647,.T.);
#41=FACE_BOUND('',#648,.T.);
#42=FACE_BOUND('',#649,.T.);
#43=FACE_BOUND('',#650,.T.);
#44=FACE_BOUND('',#653,.T.);
#45=FACE_BOUND('',#655,.T.);
#46=FACE_BOUND('',#657,.T.);
#47=FACE_BOUND('',#659,.T.);
#48=FACE_BOUND('',#667,.T.);
#49=PLANE('',#2705);
#50=PLANE('',#2707);
#51=PLANE('',#2711);
#52=PLANE('',#2715);
#53=PLANE('',#2727);
#54=PLANE('',#2779);
#55=PLANE('',#2780);
#56=PLANE('',#2787);
#57=PLANE('',#2788);
#58=PLANE('',#2795);
#59=PLANE('',#2796);
#60=PLANE('',#2803);
#61=PLANE('',#2804);
#62=PLANE('',#2808);
#63=PLANE('',#2888);
#64=PLANE('',#2891);
#65=PLANE('',#2897);
#66=PLANE('',#2898);
#67=PLANE('',#2901);
#68=PLANE('',#2915);
#69=PLANE('',#2929);
#70=PLANE('',#2939);
#71=PLANE('',#2943);
#72=PLANE('',#2945);
#73=PLANE('',#2947);
#74=PLANE('',#2949);
#75=PLANE('',#2951);
#76=PLANE('',#2957);
#77=PLANE('',#2958);
#78=PLANE('',#2959);
#79=LINE('',#3637,#161);
#80=LINE('',#3639,#162);
#81=LINE('',#3643,#163);
#82=LINE('',#3655,#164);
#83=LINE('',#3658,#165);
#84=LINE('',#3660,#166);
#85=LINE('',#3661,#167);
#86=LINE('',#3666,#168);
#87=LINE('',#3668,#169);
#88=LINE('',#3669,#170);
#89=LINE('',#3675,#171);
#90=LINE('',#3678,#172);
#91=LINE('',#3680,#173);
#92=LINE('',#3682,#174);
#93=LINE('',#3684,#175);
#94=LINE('',#3685,#176);
#95=LINE('',#3690,#177);
#96=LINE('',#3693,#178);
#97=LINE('',#3695,#179);
#98=LINE('',#3697,#180);
#99=LINE('',#3698,#181);
#100=LINE('',#4310,#182);
#101=LINE('',#5739,#183);
#102=LINE('',#5740,#184);
#103=LINE('',#5743,#185);
#104=LINE('',#5746,#186);
#105=LINE('',#5885,#187);
#106=LINE('',#5886,#188);
#107=LINE('',#5889,#189);
#108=LINE('',#5892,#190);
#109=LINE('',#6031,#191);
#110=LINE('',#6032,#192);
#111=LINE('',#6035,#193);
#112=LINE('',#6038,#194);
#113=LINE('',#6109,#195);
#114=LINE('',#6112,#196);
#115=LINE('',#6249,#197);
#116=LINE('',#6250,#198);
#117=LINE('',#6284,#199);
#118=LINE('',#6288,#200);
#119=LINE('',#6295,#201);
#120=LINE('',#6299,#202);
#121=LINE('',#6303,#203);
#122=LINE('',#6307,#204);
#123=LINE('',#6319,#205);
#124=LINE('',#6320,#206);
#125=LINE('',#6325,#207);
#126=LINE('',#6326,#208);
#127=LINE('',#6331,#209);
#128=LINE('',#6332,#210);
#129=LINE('',#6447,#211);
#130=LINE('',#6448,#212);
#131=LINE('',#6453,#213);
#132=LINE('',#6454,#214);
#133=LINE('',#6459,#215);
#134=LINE('',#6460,#216);
#135=LINE('',#6575,#217);
#136=LINE('',#6576,#218);
#137=LINE('',#6581,#219);
#138=LINE('',#6582,#220);
#139=LINE('',#6587,#221);
#140=LINE('',#6588,#222);
#141=LINE('',#6808,#223);
#142=LINE('',#6809,#224);
#143=LINE('',#6814,#225);
#144=LINE('',#6815,#226);
#145=LINE('',#6820,#227);
#146=LINE('',#6821,#228);
#147=LINE('',#7105,#229);
#148=LINE('',#7175,#230);
#149=LINE('',#7181,#231);
#150=LINE('',#7388,#232);
#151=LINE('',#7395,#233);
#152=LINE('',#7411,#234);
#153=LINE('',#7423,#235);
#154=LINE('',#7431,#236);
#155=LINE('',#7438,#237);
#156=LINE('',#7440,#238);
#157=LINE('',#7442,#239);
#158=LINE('',#7444,#240);
#159=LINE('',#7446,#241);
#160=LINE('',#7448,#242);
#161=VECTOR('',#2974,10.);
#162=VECTOR('',#2975,10.);
#163=VECTOR('',#2978,30.);
#164=VECTOR('',#2991,10.);
#165=VECTOR('',#2994,10.);
#166=VECTOR('',#2997,10.);
#167=VECTOR('',#2998,10.);
#168=VECTOR('',#3003,10.);
#169=VECTOR('',#3004,10.);
#170=VECTOR('',#3005,10.);
#171=VECTOR('',#3010,10.);
#172=VECTOR('',#3013,10.);
#173=VECTOR('',#3016,10.);
#174=VECTOR('',#3017,10.);
#175=VECTOR('',#3018,10.);
#176=VECTOR('',#3019,10.);
#177=VECTOR('',#3024,10.);
#178=VECTOR('',#3029,10.);
#179=VECTOR('',#3030,10.);
#180=VECTOR('',#3031,10.);
#181=VECTOR('',#3032,10.);
#182=VECTOR('',#3053,35.);
#183=VECTOR('',#3154,10.);
#184=VECTOR('',#3155,10.);
#185=VECTOR('',#3158,10.);
#186=VECTOR('',#3161,10.);
#187=VECTOR('',#3174,10.);
#188=VECTOR('',#3175,10.);
#189=VECTOR('',#3178,10.);
#190=VECTOR('',#3181,10.);
#191=VECTOR('',#3194,10.);
#192=VECTOR('',#3195,10.);
#193=VECTOR('',#3198,10.);
#194=VECTOR('',#3201,10.);
#195=VECTOR('',#3210,10.);
#196=VECTOR('',#3213,10.);
#197=VECTOR('',#3222,10.);
#198=VECTOR('',#3223,10.);
#199=VECTOR('',#3274,55.);
#200=VECTOR('',#3279,35.);
#201=VECTOR('',#3288,2.);
#202=VECTOR('',#3293,2.);
#203=VECTOR('',#3298,2.);
#204=VECTOR('',#3303,2.);
#205=VECTOR('',#3316,10.);
#206=VECTOR('',#3317,10.);
#207=VECTOR('',#3322,10.);
#208=VECTOR('',#3323,10.);
#209=VECTOR('',#3328,10.);
#210=VECTOR('',#3329,10.);
#211=VECTOR('',#3346,10.);
#212=VECTOR('',#3347,10.);
#213=VECTOR('',#3352,10.);
#214=VECTOR('',#3353,10.);
#215=VECTOR('',#3358,10.);
#216=VECTOR('',#3359,10.);
#217=VECTOR('',#3376,10.);
#218=VECTOR('',#3377,10.);
#219=VECTOR('',#3382,10.);
#220=VECTOR('',#3383,10.);
#221=VECTOR('',#3388,10.);
#222=VECTOR('',#3389,10.);
#223=VECTOR('',#3406,10.);
#224=VECTOR('',#3407,10.);
#225=VECTOR('',#3412,10.);
#226=VECTOR('',#3413,10.);
#227=VECTOR('',#3418,10.);
#228=VECTOR('',#3419,10.);
#229=VECTOR('',#3432,10.);
#230=VECTOR('',#3445,10.);
#231=VECTOR('',#3454,10.);
#232=VECTOR('',#3493,32.5);
#233=VECTOR('',#3502,36.565);
#234=VECTOR('',#3525,38.95);
#235=VECTOR('',#3544,32.5);
#236=VECTOR('',#3555,10.);
#237=VECTOR('',#3564,1.85);
#238=VECTOR('',#3567,1.85);
#239=VECTOR('',#3570,1.85);
#240=VECTOR('',#3573,1.85);
#241=VECTOR('',#3576,10.);
#242=VECTOR('',#3579,10.);
#243=CYLINDRICAL_SURFACE('',#2696,30.);
#244=CYLINDRICAL_SURFACE('',#2702,2.);
#245=CYLINDRICAL_SURFACE('',#2708,2.);
#246=CYLINDRICAL_SURFACE('',#2712,2.);
#247=CYLINDRICAL_SURFACE('',#2716,2.);
#248=CYLINDRICAL_SURFACE('',#2724,35.);
#249=CYLINDRICAL_SURFACE('',#2775,1.5);
#250=CYLINDRICAL_SURFACE('',#2776,1.5);
#251=CYLINDRICAL_SURFACE('',#2783,1.5);
#252=CYLINDRICAL_SURFACE('',#2784,1.5);
#253=CYLINDRICAL_SURFACE('',#2791,1.5);
#254=CYLINDRICAL_SURFACE('',#2792,1.5);
#255=CYLINDRICAL_SURFACE('',#2797,1.5);
#256=CYLINDRICAL_SURFACE('',#2802,1.5);
#257=CYLINDRICAL_SURFACE('',#2827,55.);
#258=CYLINDRICAL_SURFACE('',#2832,2.);
#259=CYLINDRICAL_SURFACE('',#2834,2.);
#260=CYLINDRICAL_SURFACE('',#2836,2.);
#261=CYLINDRICAL_SURFACE('',#2838,2.);
#262=CYLINDRICAL_SURFACE('',#2844,2.);
#263=CYLINDRICAL_SURFACE('',#2846,2.);
#264=CYLINDRICAL_SURFACE('',#2848,2.);
#265=CYLINDRICAL_SURFACE('',#2856,2.);
#266=CYLINDRICAL_SURFACE('',#2858,2.);
#267=CYLINDRICAL_SURFACE('',#2860,2.);
#268=CYLINDRICAL_SURFACE('',#2868,2.);
#269=CYLINDRICAL_SURFACE('',#2870,2.);
#270=CYLINDRICAL_SURFACE('',#2872,2.);
#271=CYLINDRICAL_SURFACE('',#2880,2.);
#272=CYLINDRICAL_SURFACE('',#2882,2.);
#273=CYLINDRICAL_SURFACE('',#2884,2.);
#274=CYLINDRICAL_SURFACE('',#2920,32.5);
#275=CYLINDRICAL_SURFACE('',#2953,1.85);
#276=CYLINDRICAL_SURFACE('',#2954,1.85);
#277=CYLINDRICAL_SURFACE('',#2955,1.85);
#278=CYLINDRICAL_SURFACE('',#2956,1.85);
#279=TOROIDAL_SURFACE('',#2693,31.,1.);
#280=TOROIDAL_SURFACE('',#2720,35.5,0.5);
#281=TOROIDAL_SURFACE('',#2735,51.0880645933892,1.5);
#282=TOROIDAL_SURFACE('',#2746,51.0880645933892,1.5);
#283=TOROIDAL_SURFACE('',#2757,51.0880645933892,1.5);
#284=TOROIDAL_SURFACE('',#2765,51.0880645933892,1.5);
#285=TOROIDAL_SURFACE('',#2805,39.1942541767661,2.);
#286=TOROIDAL_SURFACE('',#2817,39.1942541767661,2.);
#287=TOROIDAL_SURFACE('',#2819,39.1942541767661,2.);
#288=TOROIDAL_SURFACE('',#2822,39.1942541767661,2.);
#289=TOROIDAL_SURFACE('',#2824,53.,2.);
#290=TOROIDAL_SURFACE('',#2892,33.,0.5);
#291=TOROIDAL_SURFACE('',#2902,33.,0.5);
#292=TOROIDAL_SURFACE('',#2906,33.,0.5);
#293=TOROIDAL_SURFACE('',#2910,33.,0.5);
#294=TOROIDAL_SURFACE('',#2917,34.5,2.);
#295=TOROIDAL_SURFACE('',#2921,35.73,0.225);
#296=TOROIDAL_SURFACE('',#2926,37.4,0.225);
#297=TOROIDAL_SURFACE('',#2931,38.7,0.225);
#298=TOROIDAL_SURFACE('',#2936,39.2,0.225);
#299=TOROIDAL_SURFACE('',#2940,43.2,2.25);
#300=FACE_OUTER_BOUND('',#473,.T.);
#301=FACE_OUTER_BOUND('',#474,.T.);
#302=FACE_OUTER_BOUND('',#475,.T.);
#303=FACE_OUTER_BOUND('',#476,.T.);
#304=FACE_OUTER_BOUND('',#477,.T.);
#305=FACE_OUTER_BOUND('',#479,.T.);
#306=FACE_OUTER_BOUND('',#480,.T.);
#307=FACE_OUTER_BOUND('',#481,.T.);
#308=FACE_OUTER_BOUND('',#482,.T.);
#309=FACE_OUTER_BOUND('',#483,.T.);
#310=FACE_OUTER_BOUND('',#484,.T.);
#311=FACE_OUTER_BOUND('',#485,.T.);
#312=FACE_OUTER_BOUND('',#486,.T.);
#313=FACE_OUTER_BOUND('',#487,.T.);
#314=FACE_OUTER_BOUND('',#488,.T.);
#315=FACE_OUTER_BOUND('',#490,.T.);
#316=FACE_OUTER_BOUND('',#491,.T.);
#317=FACE_OUTER_BOUND('',#492,.T.);
#318=FACE_OUTER_BOUND('',#493,.T.);
#319=FACE_OUTER_BOUND('',#494,.T.);
#320=FACE_OUTER_BOUND('',#495,.T.);
#321=FACE_OUTER_BOUND('',#496,.T.);
#322=FACE_OUTER_BOUND('',#497,.T.);
#323=FACE_OUTER_BOUND('',#498,.T.);
#324=FACE_OUTER_BOUND('',#499,.T.);
#325=FACE_OUTER_BOUND('',#500,.T.);
#326=FACE_OUTER_BOUND('',#501,.T.);
#327=FACE_OUTER_BOUND('',#502,.T.);
#328=FACE_OUTER_BOUND('',#503,.T.);
#329=FACE_OUTER_BOUND('',#504,.T.);
#330=FACE_OUTER_BOUND('',#505,.T.);
#331=FACE_OUTER_BOUND('',#506,.T.);
#332=FACE_OUTER_BOUND('',#507,.T.);
#333=FACE_OUTER_BOUND('',#508,.T.);
#334=FACE_OUTER_BOUND('',#509,.T.);
#335=FACE_OUTER_BOUND('',#510,.T.);
#336=FACE_OUTER_BOUND('',#511,.T.);
#337=FACE_OUTER_BOUND('',#512,.T.);
#338=FACE_OUTER_BOUND('',#513,.T.);
#339=FACE_OUTER_BOUND('',#514,.T.);
#340=FACE_OUTER_BOUND('',#515,.T.);
#341=FACE_OUTER_BOUND('',#516,.T.);
#342=FACE_OUTER_BOUND('',#517,.T.);
#343=FACE_OUTER_BOUND('',#518,.T.);
#344=FACE_OUTER_BOUND('',#519,.T.);
#345=FACE_OUTER_BOUND('',#520,.T.);
#346=FACE_OUTER_BOUND('',#521,.T.);
#347=FACE_OUTER_BOUND('',#522,.T.);
#348=FACE_OUTER_BOUND('',#523,.T.);
#349=FACE_OUTER_BOUND('',#524,.T.);
#350=FACE_OUTER_BOUND('',#525,.T.);
#351=FACE_OUTER_BOUND('',#526,.T.);
#352=FACE_OUTER_BOUND('',#527,.T.);
#353=FACE_OUTER_BOUND('',#528,.T.);
#354=FACE_OUTER_BOUND('',#529,.T.);
#355=FACE_OUTER_BOUND('',#530,.T.);
#356=FACE_OUTER_BOUND('',#531,.T.);
#357=FACE_OUTER_BOUND('',#532,.T.);
#358=FACE_OUTER_BOUND('',#533,.T.);
#359=FACE_OUTER_BOUND('',#534,.T.);
#360=FACE_OUTER_BOUND('',#535,.T.);
#361=FACE_OUTER_BOUND('',#536,.T.);
#362=FACE_OUTER_BOUND('',#537,.T.);
#363=FACE_OUTER_BOUND('',#538,.T.);
#364=FACE_OUTER_BOUND('',#539,.T.);
#365=FACE_OUTER_BOUND('',#540,.T.);
#366=FACE_OUTER_BOUND('',#541,.T.);
#367=FACE_OUTER_BOUND('',#542,.T.);
#368=FACE_OUTER_BOUND('',#543,.T.);
#369=FACE_OUTER_BOUND('',#544,.T.);
#370=FACE_OUTER_BOUND('',#545,.T.);
#371=FACE_OUTER_BOUND('',#546,.T.);
#372=FACE_OUTER_BOUND('',#547,.T.);
#373=FACE_OUTER_BOUND('',#548,.T.);
#374=FACE_OUTER_BOUND('',#549,.T.);
#375=FACE_OUTER_BOUND('',#550,.T.);
#376=FACE_OUTER_BOUND('',#551,.T.);
#377=FACE_OUTER_BOUND('',#552,.T.);
#378=FACE_OUTER_BOUND('',#553,.T.);
#379=FACE_OUTER_BOUND('',#554,.T.);
#380=FACE_OUTER_BOUND('',#555,.T.);
#381=FACE_OUTER_BOUND('',#556,.T.);
#382=FACE_OUTER_BOUND('',#557,.T.);
#383=FACE_OUTER_BOUND('',#558,.T.);
#384=FACE_OUTER_BOUND('',#559,.T.);
#385=FACE_OUTER_BOUND('',#560,.T.);
#386=FACE_OUTER_BOUND('',#561,.T.);
#387=FACE_OUTER_BOUND('',#562,.T.);
#388=FACE_OUTER_BOUND('',#563,.T.);
#389=FACE_OUTER_BOUND('',#569,.T.);
#390=FACE_OUTER_BOUND('',#570,.T.);
#391=FACE_OUTER_BOUND('',#571,.T.);
#392=FACE_OUTER_BOUND('',#572,.T.);
#393=FACE_OUTER_BOUND('',#573,.T.);
#394=FACE_OUTER_BOUND('',#574,.T.);
#395=FACE_OUTER_BOUND('',#575,.T.);
#396=FACE_OUTER_BOUND('',#576,.T.);
#397=FACE_OUTER_BOUND('',#577,.T.);
#398=FACE_OUTER_BOUND('',#578,.T.);
#399=FACE_OUTER_BOUND('',#579,.T.);
#400=FACE_OUTER_BOUND('',#580,.T.);
#401=FACE_OUTER_BOUND('',#581,.T.);
#402=FACE_OUTER_BOUND('',#582,.T.);
#403=FACE_OUTER_BOUND('',#583,.T.);
#404=FACE_OUTER_BOUND('',#584,.T.);
#405=FACE_OUTER_BOUND('',#585,.T.);
#406=FACE_OUTER_BOUND('',#586,.T.);
#407=FACE_OUTER_BOUND('',#587,.T.);
#408=FACE_OUTER_BOUND('',#588,.T.);
#409=FACE_OUTER_BOUND('',#589,.T.);
#410=FACE_OUTER_BOUND('',#590,.T.);
#411=FACE_OUTER_BOUND('',#591,.T.);
#412=FACE_OUTER_BOUND('',#592,.T.);
#413=FACE_OUTER_BOUND('',#593,.T.);
#414=FACE_OUTER_BOUND('',#594,.T.);
#415=FACE_OUTER_BOUND('',#595,.T.);
#416=FACE_OUTER_BOUND('',#596,.T.);
#417=FACE_OUTER_BOUND('',#597,.T.);
#418=FACE_OUTER_BOUND('',#598,.T.);
#419=FACE_OUTER_BOUND('',#599,.T.);
#420=FACE_OUTER_BOUND('',#600,.T.);
#421=FACE_OUTER_BOUND('',#601,.T.);
#422=FACE_OUTER_BOUND('',#602,.T.);
#423=FACE_OUTER_BOUND('',#603,.T.);
#424=FACE_OUTER_BOUND('',#604,.T.);
#425=FACE_OUTER_BOUND('',#605,.T.);
#426=FACE_OUTER_BOUND('',#606,.T.);
#427=FACE_OUTER_BOUND('',#607,.T.);
#428=FACE_OUTER_BOUND('',#608,.T.);
#429=FACE_OUTER_BOUND('',#609,.T.);
#430=FACE_OUTER_BOUND('',#610,.T.);
#431=FACE_OUTER_BOUND('',#611,.T.);
#432=FACE_OUTER_BOUND('',#613,.T.);
#433=FACE_OUTER_BOUND('',#614,.T.);
#434=FACE_OUTER_BOUND('',#615,.T.);
#435=FACE_OUTER_BOUND('',#616,.T.);
#436=FACE_OUTER_BOUND('',#617,.T.);
#437=FACE_OUTER_BOUND('',#618,.T.);
#438=FACE_OUTER_BOUND('',#620,.T.);
#439=FACE_OUTER_BOUND('',#621,.T.);
#440=FACE_OUTER_BOUND('',#622,.T.);
#441=FACE_OUTER_BOUND('',#623,.T.);
#442=FACE_OUTER_BOUND('',#624,.T.);
#443=FACE_OUTER_BOUND('',#625,.T.);
#444=FACE_OUTER_BOUND('',#626,.T.);
#445=FACE_OUTER_BOUND('',#627,.T.);
#446=FACE_OUTER_BOUND('',#628,.T.);
#447=FACE_OUTER_BOUND('',#629,.T.);
#448=FACE_OUTER_BOUND('',#630,.T.);
#449=FACE_OUTER_BOUND('',#632,.T.);
#450=FACE_OUTER_BOUND('',#633,.T.);
#451=FACE_OUTER_BOUND('',#634,.T.);
#452=FACE_OUTER_BOUND('',#635,.T.);
#453=FACE_OUTER_BOUND('',#636,.T.);
#454=FACE_OUTER_BOUND('',#637,.T.);
#455=FACE_OUTER_BOUND('',#639,.T.);
#456=FACE_OUTER_BOUND('',#640,.T.);
#457=FACE_OUTER_BOUND('',#641,.T.);
#458=FACE_OUTER_BOUND('',#642,.T.);
#459=FACE_OUTER_BOUND('',#644,.T.);
#460=FACE_OUTER_BOUND('',#645,.T.);
#461=FACE_OUTER_BOUND('',#651,.T.);
#462=FACE_OUTER_BOUND('',#652,.T.);
#463=FACE_OUTER_BOUND('',#654,.T.);
#464=FACE_OUTER_BOUND('',#656,.T.);
#465=FACE_OUTER_BOUND('',#658,.T.);
#466=FACE_OUTER_BOUND('',#660,.T.);
#467=FACE_OUTER_BOUND('',#661,.T.);
#468=FACE_OUTER_BOUND('',#662,.T.);
#469=FACE_OUTER_BOUND('',#663,.T.);
#470=FACE_OUTER_BOUND('',#664,.T.);
#471=FACE_OUTER_BOUND('',#665,.T.);
#472=FACE_OUTER_BOUND('',#666,.T.);
#473=EDGE_LOOP('',(#1622,#1623,#1624,#1625));
#474=EDGE_LOOP('',(#1626,#1627,#1628,#1629));
#475=EDGE_LOOP('',(#1630,#1631,#1632,#1633,#1634,#1635,#1636,#1637,#1638,
#1639));
#476=EDGE_LOOP('',(#1640,#1641,#1642,#1643));
#477=EDGE_LOOP('',(#1644,#1645,#1646,#1647));
#478=EDGE_LOOP('',(#1648));
#479=EDGE_LOOP('',(#1649,#1650,#1651,#1652,#1653,#1654,#1655));
#480=EDGE_LOOP('',(#1656,#1657,#1658,#1659));
#481=EDGE_LOOP('',(#1660,#1661,#1662,#1663,#1664));
#482=EDGE_LOOP('',(#1665,#1666,#1667,#1668));
#483=EDGE_LOOP('',(#1669,#1670,#1671,#1672,#1673));
#484=EDGE_LOOP('',(#1674,#1675,#1676,#1677));
#485=EDGE_LOOP('',(#1678,#1679,#1680,#1681));
#486=EDGE_LOOP('',(#1682,#1683,#1684,#1685));
#487=EDGE_LOOP('',(#1686,#1687,#1688,#1689,#1690));
#488=EDGE_LOOP('',(#1691));
#489=EDGE_LOOP('',(#1692));
#490=EDGE_LOOP('',(#1693,#1694,#1695));
#491=EDGE_LOOP('',(#1696,#1697,#1698,#1699));
#492=EDGE_LOOP('',(#1700,#1701,#1702,#1703));
#493=EDGE_LOOP('',(#1704,#1705,#1706,#1707));
#494=EDGE_LOOP('',(#1708,#1709,#1710,#1711,#1712,#1713,#1714,#1715));
#495=EDGE_LOOP('',(#1716,#1717,#1718,#1719));
#496=EDGE_LOOP('',(#1720,#1721,#1722,#1723));
#497=EDGE_LOOP('',(#1724,#1725,#1726,#1727));
#498=EDGE_LOOP('',(#1728,#1729,#1730,#1731));
#499=EDGE_LOOP('',(#1732,#1733,#1734));
#500=EDGE_LOOP('',(#1735,#1736,#1737));
#501=EDGE_LOOP('',(#1738,#1739,#1740,#1741));
#502=EDGE_LOOP('',(#1742,#1743,#1744,#1745));
#503=EDGE_LOOP('',(#1746,#1747,#1748,#1749));
#504=EDGE_LOOP('',(#1750,#1751,#1752,#1753,#1754,#1755,#1756,#1757));
#505=EDGE_LOOP('',(#1758,#1759,#1760,#1761));
#506=EDGE_LOOP('',(#1762,#1763,#1764,#1765));
#507=EDGE_LOOP('',(#1766,#1767,#1768,#1769));
#508=EDGE_LOOP('',(#1770,#1771,#1772,#1773));
#509=EDGE_LOOP('',(#1774,#1775,#1776));
#510=EDGE_LOOP('',(#1777,#1778,#1779));
#511=EDGE_LOOP('',(#1780,#1781,#1782,#1783));
#512=EDGE_LOOP('',(#1784,#1785,#1786,#1787));
#513=EDGE_LOOP('',(#1788,#1789,#1790,#1791));
#514=EDGE_LOOP('',(#1792,#1793,#1794,#1795,#1796,#1797,#1798,#1799));
#515=EDGE_LOOP('',(#1800,#1801,#1802,#1803));
#516=EDGE_LOOP('',(#1804,#1805,#1806,#1807));
#517=EDGE_LOOP('',(#1808,#1809,#1810,#1811));
#518=EDGE_LOOP('',(#1812,#1813,#1814,#1815));
#519=EDGE_LOOP('',(#1816,#1817,#1818));
#520=EDGE_LOOP('',(#1819,#1820,#1821,#1822));
#521=EDGE_LOOP('',(#1823,#1824,#1825,#1826));
#522=EDGE_LOOP('',(#1827,#1828,#1829,#1830));
#523=EDGE_LOOP('',(#1831,#1832,#1833));
#524=EDGE_LOOP('',(#1834,#1835,#1836,#1837));
#525=EDGE_LOOP('',(#1838,#1839,#1840,#1841,#1842,#1843,#1844,#1845));
#526=EDGE_LOOP('',(#1846,#1847,#1848));
#527=EDGE_LOOP('',(#1849,#1850,#1851,#1852));
#528=EDGE_LOOP('',(#1853,#1854,#1855,#1856));
#529=EDGE_LOOP('',(#1857,#1858,#1859,#1860));
#530=EDGE_LOOP('',(#1861,#1862,#1863,#1864));
#531=EDGE_LOOP('',(#1865,#1866,#1867,#1868));
#532=EDGE_LOOP('',(#1869,#1870,#1871,#1872,#1873));
#533=EDGE_LOOP('',(#1874,#1875,#1876,#1877,#1878));
#534=EDGE_LOOP('',(#1879,#1880,#1881,#1882));
#535=EDGE_LOOP('',(#1883,#1884,#1885,#1886));
#536=EDGE_LOOP('',(#1887,#1888,#1889,#1890));
#537=EDGE_LOOP('',(#1891,#1892,#1893,#1894));
#538=EDGE_LOOP('',(#1895,#1896,#1897,#1898));
#539=EDGE_LOOP('',(#1899,#1900,#1901,#1902));
#540=EDGE_LOOP('',(#1903,#1904,#1905,#1906,#1907));
#541=EDGE_LOOP('',(#1908,#1909,#1910,#1911,#1912));
#542=EDGE_LOOP('',(#1913,#1914,#1915,#1916));
#543=EDGE_LOOP('',(#1917,#1918,#1919,#1920));
#544=EDGE_LOOP('',(#1921,#1922,#1923,#1924));
#545=EDGE_LOOP('',(#1925,#1926,#1927,#1928));
#546=EDGE_LOOP('',(#1929,#1930,#1931,#1932));
#547=EDGE_LOOP('',(#1933,#1934,#1935,#1936));
#548=EDGE_LOOP('',(#1937,#1938,#1939,#1940,#1941));
#549=EDGE_LOOP('',(#1942,#1943,#1944,#1945,#1946));
#550=EDGE_LOOP('',(#1947,#1948,#1949,#1950));
#551=EDGE_LOOP('',(#1951,#1952,#1953,#1954));
#552=EDGE_LOOP('',(#1955,#1956,#1957,#1958));
#553=EDGE_LOOP('',(#1959,#1960,#1961,#1962));
#554=EDGE_LOOP('',(#1963,#1964,#1965,#1966,#1967));
#555=EDGE_LOOP('',(#1968,#1969,#1970,#1971));
#556=EDGE_LOOP('',(#1972,#1973,#1974,#1975));
#557=EDGE_LOOP('',(#1976,#1977,#1978,#1979));
#558=EDGE_LOOP('',(#1980,#1981,#1982,#1983));
#559=EDGE_LOOP('',(#1984,#1985,#1986,#1987,#1988));
#560=EDGE_LOOP('',(#1989,#1990,#1991,#1992));
#561=EDGE_LOOP('',(#1993,#1994,#1995,#1996));
#562=EDGE_LOOP('',(#1997,#1998,#1999,#2000));
#563=EDGE_LOOP('',(#2001));
#564=EDGE_LOOP('',(#2002,#2003,#2004,#2005,#2006,#2007,#2008,#2009,#2010,
#2011,#2012,#2013,#2014,#2015,#2016,#2017));
#565=EDGE_LOOP('',(#2018));
#566=EDGE_LOOP('',(#2019));
#567=EDGE_LOOP('',(#2020));
#568=EDGE_LOOP('',(#2021));
#569=EDGE_LOOP('',(#2022,#2023,#2024,#2025));
#570=EDGE_LOOP('',(#2026,#2027,#2028,#2029,#2030));
#571=EDGE_LOOP('',(#2031,#2032,#2033,#2034));
#572=EDGE_LOOP('',(#2035,#2036,#2037,#2038));
#573=EDGE_LOOP('',(#2039,#2040,#2041,#2042));
#574=EDGE_LOOP('',(#2043,#2044,#2045,#2046,#2047,#2048,#2049,#2050,#2051,
#2052,#2053,#2054,#2055,#2056,#2057,#2058,#2059,#2060,#2061,#2062,#2063,
#2064,#2065,#2066,#2067,#2068,#2069,#2070,#2071));
#575=EDGE_LOOP('',(#2072,#2073,#2074,#2075));
#576=EDGE_LOOP('',(#2076,#2077,#2078,#2079));
#577=EDGE_LOOP('',(#2080,#2081,#2082,#2083));
#578=EDGE_LOOP('',(#2084,#2085,#2086,#2087));
#579=EDGE_LOOP('',(#2088,#2089,#2090));
#580=EDGE_LOOP('',(#2091,#2092,#2093,#2094));
#581=EDGE_LOOP('',(#2095,#2096,#2097,#2098));
#582=EDGE_LOOP('',(#2099,#2100,#2101,#2102));
#583=EDGE_LOOP('',(#2103,#2104,#2105));
#584=EDGE_LOOP('',(#2106,#2107,#2108));
#585=EDGE_LOOP('',(#2109,#2110,#2111));
#586=EDGE_LOOP('',(#2112,#2113,#2114,#2115));
#587=EDGE_LOOP('',(#2116,#2117,#2118,#2119));
#588=EDGE_LOOP('',(#2120,#2121,#2122,#2123));
#589=EDGE_LOOP('',(#2124,#2125,#2126));
#590=EDGE_LOOP('',(#2127,#2128,#2129));
#591=EDGE_LOOP('',(#2130,#2131,#2132));
#592=EDGE_LOOP('',(#2133,#2134,#2135,#2136));
#593=EDGE_LOOP('',(#2137,#2138,#2139,#2140));
#594=EDGE_LOOP('',(#2141,#2142,#2143,#2144));
#595=EDGE_LOOP('',(#2145,#2146,#2147,#2148));
#596=EDGE_LOOP('',(#2149,#2150,#2151));
#597=EDGE_LOOP('',(#2152,#2153,#2154));
#598=EDGE_LOOP('',(#2155,#2156,#2157,#2158));
#599=EDGE_LOOP('',(#2159,#2160,#2161,#2162));
#600=EDGE_LOOP('',(#2163,#2164,#2165));
#601=EDGE_LOOP('',(#2166,#2167,#2168,#2169));
#602=EDGE_LOOP('',(#2170,#2171,#2172,#2173));
#603=EDGE_LOOP('',(#2174,#2175,#2176,#2177));
#604=EDGE_LOOP('',(#2178,#2179,#2180,#2181));
#605=EDGE_LOOP('',(#2182,#2183,#2184,#2185));
#606=EDGE_LOOP('',(#2186,#2187,#2188));
#607=EDGE_LOOP('',(#2189,#2190,#2191));
#608=EDGE_LOOP('',(#2192,#2193,#2194,#2195));
#609=EDGE_LOOP('',(#2196,#2197,#2198,#2199));
#610=EDGE_LOOP('',(#2200,#2201,#2202,#2203));
#611=EDGE_LOOP('',(#2204,#2205,#2206));
#612=EDGE_LOOP('',(#2207));
#613=EDGE_LOOP('',(#2208,#2209,#2210,#2211,#2212,#2213,#2214,#2215,#2216));
#614=EDGE_LOOP('',(#2217,#2218,#2219,#2220,#2221,#2222));
#615=EDGE_LOOP('',(#2223,#2224,#2225));
#616=EDGE_LOOP('',(#2226,#2227,#2228));
#617=EDGE_LOOP('',(#2229,#2230,#2231,#2232,#2233,#2234,#2235,#2236,#2237));
#618=EDGE_LOOP('',(#2238,#2239,#2240));
#619=EDGE_LOOP('',(#2241));
#620=EDGE_LOOP('',(#2242,#2243,#2244,#2245,#2246,#2247,#2248,#2249,#2250));
#621=EDGE_LOOP('',(#2251,#2252,#2253,#2254,#2255,#2256));
#622=EDGE_LOOP('',(#2257,#2258,#2259));
#623=EDGE_LOOP('',(#2260,#2261,#2262));
#624=EDGE_LOOP('',(#2263,#2264,#2265,#2266,#2267,#2268));
#625=EDGE_LOOP('',(#2269,#2270,#2271));
#626=EDGE_LOOP('',(#2272,#2273,#2274));
#627=EDGE_LOOP('',(#2275,#2276,#2277,#2278,#2279,#2280));
#628=EDGE_LOOP('',(#2281,#2282,#2283));
#629=EDGE_LOOP('',(#2284,#2285,#2286));
#630=EDGE_LOOP('',(#2287,#2288,#2289));
#631=EDGE_LOOP('',(#2290));
#632=EDGE_LOOP('',(#2291,#2292,#2293,#2294,#2295));
#633=EDGE_LOOP('',(#2296,#2297,#2298,#2299,#2300,#2301,#2302,#2303,#2304,
#2305,#2306,#2307,#2308,#2309,#2310));
#634=EDGE_LOOP('',(#2311,#2312,#2313,#2314));
#635=EDGE_LOOP('',(#2315,#2316,#2317,#2318));
#636=EDGE_LOOP('',(#2319,#2320,#2321,#2322));
#637=EDGE_LOOP('',(#2323));
#638=EDGE_LOOP('',(#2324));
#639=EDGE_LOOP('',(#2325,#2326,#2327,#2328));
#640=EDGE_LOOP('',(#2329,#2330,#2331,#2332));
#641=EDGE_LOOP('',(#2333,#2334,#2335,#2336));
#642=EDGE_LOOP('',(#2337,#2338));
#643=EDGE_LOOP('',(#2339));
#644=EDGE_LOOP('',(#2340,#2341,#2342,#2343,#2344));
#645=EDGE_LOOP('',(#2345));
#646=EDGE_LOOP('',(#2346));
#647=EDGE_LOOP('',(#2347));
#648=EDGE_LOOP('',(#2348));
#649=EDGE_LOOP('',(#2349));
#650=EDGE_LOOP('',(#2350));
#651=EDGE_LOOP('',(#2351,#2352,#2353,#2354,#2355,#2356));
#652=EDGE_LOOP('',(#2357,#2358,#2359));
#653=EDGE_LOOP('',(#2360));
#654=EDGE_LOOP('',(#2361,#2362,#2363,#2364));
#655=EDGE_LOOP('',(#2365));
#656=EDGE_LOOP('',(#2366,#2367,#2368,#2369));
#657=EDGE_LOOP('',(#2370));
#658=EDGE_LOOP('',(#2371,#2372,#2373,#2374));
#659=EDGE_LOOP('',(#2375));
#660=EDGE_LOOP('',(#2376,#2377,#2378,#2379));
#661=EDGE_LOOP('',(#2380,#2381,#2382,#2383));
#662=EDGE_LOOP('',(#2384,#2385,#2386,#2387));
#663=EDGE_LOOP('',(#2388,#2389,#2390,#2391));
#664=EDGE_LOOP('',(#2392,#2393,#2394,#2395,#2396,#2397,#2398));
#665=EDGE_LOOP('',(#2399,#2400,#2401,#2402,#2403,#2404,#2405,#2406,#2407));
#666=EDGE_LOOP('',(#2408,#2409,#2410,#2411,#2412,#2413,#2414,#2415));
#667=EDGE_LOOP('',(#2416,#2417,#2418,#2419,#2420,#2421,#2422,#2423));
#668=CIRCLE('',#2691,0.5);
#669=CIRCLE('',#2692,41.);
#670=CIRCLE('',#2694,31.);
#671=CIRCLE('',#2695,30.);
#672=CIRCLE('',#2697,30.);
#673=CIRCLE('',#2698,30.);
#674=CIRCLE('',#2699,30.);
#675=CIRCLE('',#2700,30.);
#676=CIRCLE('',#2701,30.);
#677=CIRCLE('',#2703,2.);
#678=CIRCLE('',#2704,2.);
#679=CIRCLE('',#2706,1.85);
#680=CIRCLE('',#2709,2.);
#681=CIRCLE('',#2710,2.);
#682=CIRCLE('',#2713,2.);
#683=CIRCLE('',#2714,2.);
#684=CIRCLE('',#2717,2.);
#685=CIRCLE('',#2718,2.);
#686=CIRCLE('',#2719,41.);
#687=CIRCLE('',#2721,35.5);
#688=CIRCLE('',#2722,0.5);
#689=CIRCLE('',#2723,35.);
#690=CIRCLE('',#2725,35.);
#691=CIRCLE('',#2726,35.);
#692=CIRCLE('',#2728,35.73);
#693=CIRCLE('',#2729,1.49999999999999);
#694=CIRCLE('',#2730,1.5);
#695=CIRCLE('',#2731,1.5);
#696=CIRCLE('',#2733,50.1131426653996);
#697=CIRCLE('',#2734,35.3333333333333);
#698=CIRCLE('',#2736,51.0880645933892);
#699=CIRCLE('',#2737,1.5);
#700=CIRCLE('',#2738,1.5);
#701=CIRCLE('',#2739,1.49999999999927);
#702=CIRCLE('',#2740,1.49999999999999);
#703=CIRCLE('',#2741,1.5);
#704=CIRCLE('',#2742,1.5);
#705=CIRCLE('',#2744,50.1131426653996);
#706=CIRCLE('',#2745,35.3333333333333);
#707=CIRCLE('',#2747,51.0880645933892);
#708=CIRCLE('',#2748,1.5);
#709=CIRCLE('',#2749,1.5);
#710=CIRCLE('',#2750,1.49999999999926);
#711=CIRCLE('',#2751,1.5);
#712=CIRCLE('',#2752,1.49999999999999);
#713=CIRCLE('',#2753,1.5);
#714=CIRCLE('',#2755,50.1131426653996);
#715=CIRCLE('',#2756,35.3333333333333);
#716=CIRCLE('',#2758,51.0880645933892);
#717=CIRCLE('',#2759,1.5);
#718=CIRCLE('',#2760,1.5);
#719=CIRCLE('',#2761,1.49999999999926);
#720=CIRCLE('',#2762,1.5);
#721=CIRCLE('',#2763,1.5);
#722=CIRCLE('',#2764,1.49999999999926);
#723=CIRCLE('',#2766,50.1131426653996);
#724=CIRCLE('',#2767,51.0880645933892);
#725=CIRCLE('',#2769,35.3333333333333);
#726=CIRCLE('',#2770,1.5);
#727=CIRCLE('',#2771,1.49999999999999);
#728=CIRCLE('',#2772,1.50000000000001);
#729=CIRCLE('',#2773,1.5);
#730=CIRCLE('',#2774,1.5);
#731=CIRCLE('',#2777,1.5);
#732=CIRCLE('',#2778,1.5);
#733=CIRCLE('',#2781,1.5);
#734=CIRCLE('',#2782,1.5);
#735=CIRCLE('',#2785,1.5);
#736=CIRCLE('',#2786,1.5);
#737=CIRCLE('',#2789,1.5);
#738=CIRCLE('',#2790,1.5);
#739=CIRCLE('',#2793,1.5);
#740=CIRCLE('',#2794,1.5);
#741=CIRCLE('',#2798,1.5);
#742=CIRCLE('',#2799,1.5);
#743=CIRCLE('',#2800,1.5);
#744=CIRCLE('',#2801,1.5);
#745=CIRCLE('',#2806,37.2214663291018);
#746=CIRCLE('',#2807,39.1942541767661);
#747=CIRCLE('',#2809,53.);
#748=CIRCLE('',#2810,39.1942541767661);
#749=CIRCLE('',#2811,39.1942541767661);
#750=CIRCLE('',#2812,39.1942541767661);
#751=CIRCLE('',#2813,2.);
#752=CIRCLE('',#2814,2.);
#753=CIRCLE('',#2815,2.);
#754=CIRCLE('',#2816,2.);
#755=CIRCLE('',#2818,37.2214663291018);
#756=CIRCLE('',#2820,37.2214663291018);
#757=CIRCLE('',#2821,37.2214663291018);
#758=CIRCLE('',#2823,37.2214663291018);
#759=CIRCLE('',#2825,2.);
#760=CIRCLE('',#2826,55.);
#761=CIRCLE('',#2828,55.);
#762=CIRCLE('',#2830,32.5272121523357);
#763=CIRCLE('',#2831,32.5272121523357);
#764=CIRCLE('',#2833,2.);
#765=CIRCLE('',#2835,2.);
#766=CIRCLE('',#2837,2.);
#767=CIRCLE('',#2839,2.);
#768=CIRCLE('',#2841,2.);
#769=CIRCLE('',#2842,2.);
#770=CIRCLE('',#2843,2.);
#771=CIRCLE('',#2845,2.);
#772=CIRCLE('',#2847,2.);
#773=CIRCLE('',#2849,2.);
#774=CIRCLE('',#2850,2.);
#775=CIRCLE('',#2851,2.);
#776=CIRCLE('',#2853,2.);
#777=CIRCLE('',#2854,2.);
#778=CIRCLE('',#2855,2.);
#779=CIRCLE('',#2857,2.);
#780=CIRCLE('',#2859,2.);
#781=CIRCLE('',#2861,2.);
#782=CIRCLE('',#2862,2.);
#783=CIRCLE('',#2863,2.);
#784=CIRCLE('',#2865,2.);
#785=CIRCLE('',#2866,2.);
#786=CIRCLE('',#2867,2.);
#787=CIRCLE('',#2869,2.);
#788=CIRCLE('',#2871,2.);
#789=CIRCLE('',#2873,2.);
#790=CIRCLE('',#2874,2.);
#791=CIRCLE('',#2875,2.);
#792=CIRCLE('',#2877,2.);
#793=CIRCLE('',#2878,2.);
#794=CIRCLE('',#2879,2.);
#795=CIRCLE('',#2881,2.);
#796=CIRCLE('',#2883,2.);
#797=CIRCLE('',#2885,2.);
#798=CIRCLE('',#2886,2.00000000000001);
#799=CIRCLE('',#2887,2.);
#800=CIRCLE('',#2889,33.);
#801=CIRCLE('',#2890,1.85);
#802=CIRCLE('',#2893,0.5);
#803=CIRCLE('',#2894,32.5);
#804=CIRCLE('',#2895,0.499999999999987);
#805=CIRCLE('',#2896,0.499999999999996);
#806=CIRCLE('',#2899,33.);
#807=CIRCLE('',#2900,1.85);
#808=CIRCLE('',#2903,0.5);
#809=CIRCLE('',#2904,32.5);
#810=CIRCLE('',#2905,0.499999999999987);
#811=CIRCLE('',#2907,0.5);
#812=CIRCLE('',#2908,32.5);
#813=CIRCLE('',#2909,33.);
#814=CIRCLE('',#2911,0.5);
#815=CIRCLE('',#2912,32.5);
#816=CIRCLE('',#2913,0.499999999999996);
#817=CIRCLE('',#2914,33.);
#818=CIRCLE('',#2916,1.85);
#819=CIRCLE('',#2918,32.5);
#820=CIRCLE('',#2919,2.);
#821=CIRCLE('',#2922,0.225);
#822=CIRCLE('',#2923,35.9126193543824);
#823=CIRCLE('',#2925,37.2173806456176);
#824=CIRCLE('',#2927,0.225);
#825=CIRCLE('',#2928,37.4);
#826=CIRCLE('',#2930,38.7);
#827=CIRCLE('',#2932,0.225);
#828=CIRCLE('',#2933,38.8286683465104);
#829=CIRCLE('',#2935,39.0713316534896);
#830=CIRCLE('',#2937,0.225);
#831=CIRCLE('',#2938,39.2);
#832=CIRCLE('',#2941,2.25);
#833=CIRCLE('',#2942,45.45);
#834=CIRCLE('',#2946,1.85);
#835=CIRCLE('',#2948,1.85);
#836=CIRCLE('',#2950,1.85);
#837=CIRCLE('',#2952,1.85);
#838=B_SPLINE_CURVE_WITH_KNOTS('',3,(#3605,#3606,#3607,#3608,#3609,#3610,
#3611),.UNSPECIFIED.,.F.,.F.,(4,3,4),(-1.,-0.571428571428581,0.),
 .UNSPECIFIED.);
#839=B_SPLINE_CURVE_WITH_KNOTS('',3,(#3613,#3614,#3615,#3616),
 .UNSPECIFIED.,.F.,.F.,(4,4),(-25.69737295849,-25.6940405083214),
 .UNSPECIFIED.);
#840=B_SPLINE_CURVE_WITH_KNOTS('',3,(#3623,#3624,#3625,#3626),
 .UNSPECIFIED.,.F.,.F.,(4,4),(1.43818656659086,2.17910341540771),
 .UNSPECIFIED.);
#841=B_SPLINE_CURVE_WITH_KNOTS('',3,(#3630,#3631,#3632,#3633),
 .UNSPECIFIED.,.F.,.F.,(4,4),(0.,0.740916848816851),.UNSPECIFIED.);
#842=B_SPLINE_CURVE_WITH_KNOTS('',3,(#3873,#3874,#3875,#3876,#3877,#3878,
#3879,#3880,#3881,#3882,#3883,#3884,#3885,#3886,#3887,#3888,#3889,#3890,
#3891,#3892,#3893,#3894,#3895,#3896,#3897,#3898,#3899,#3900,#3901,#3902,
#3903,#3904,#3905,#3906,#3907,#3908,#3909,#3910,#3911,#3912,#3913,#3914,
#3915,#3916,#3917,#3918,#3919,#3920,#3921,#3922,#3923,#3924,#3925,#3926,
#3927,#3928,#3929,#3930,#3931,#3932,#3933,#3934,#3935,#3936,#3937,#3938,
#3939,#3940,#3941,#3942,#3943,#3944,#3945,#3946,#3947,#3948,#3949,#3950,
#3951,#3952,#3953,#3954,#3955,#3956,#3957,#3958,#3959,#3960,#3961,#3962,
#3963,#3964,#3965,#3966,#3967,#3968,#3969,#3970,#3971,#3972,#3973,#3974,
#3975,#3976,#3977,#3978,#3979,#3980,#3981,#3982,#3983,#3984,#3985,#3986,
#3987,#3988,#3989,#3990,#3991,#3992,#3993,#3994,#3995,#3996,#3997,#3998,
#3999,#4000,#4001,#4002,#4003,#4004,#4005,#4006,#4007,#4008,#4009,#4010,
#4011,#4012,#4013,#4014,#4015,#4016,#4017,#4018,#4019,#4020,#4021,#4022,
#4023,#4024,#4025,#4026,#4027,#4028,#4029,#4030,#4031,#4032,#4033,#4034,
#4035,#4036,#4037,#4038,#4039,#4040,#4041,#4042,#4043,#4044,#4045,#4046,
#4047,#4048,#4049,#4050,#4051,#4052,#4053,#4054,#4055,#4056,#4057,#4058,
#4059,#4060,#4061,#4062,#4063,#4064,#4065,#4066,#4067,#4068,#4069,#4070,
#4071,#4072,#4073,#4074,#4075,#4076,#4077,#4078,#4079,#4080,#4081,#4082,
#4083,#4084,#4085,#4086,#4087,#4088,#4089,#4090,#4091,#4092,#4093,#4094,
#4095,#4096,#4097,#4098,#4099,#4100,#4101,#4102,#4103,#4104,#4105,#4106,
#4107,#4108,#4109,#4110,#4111,#4112,#4113,#4114,#4115,#4116,#4117,#4118,
#4119,#4120,#4121,#4122,#4123,#4124,#4125,#4126,#4127,#4128,#4129,#4130,
#4131,#4132,#4133,#4134,#4135,#4136,#4137,#4138,#4139,#4140,#4141,#4142,
#4143,#4144,#4145,#4146,#4147,#4148,#4149,#4150,#4151,#4152,#4153,#4154,
#4155,#4156,#4157,#4158,#4159,#4160,#4161,#4162,#4163,#4164,#4165,#4166,
#4167,#4168,#4169,#4170,#4171,#4172,#4173,#4174,#4175,#4176,#4177,#4178,
#4179,#4180,#4181,#4182,#4183,#4184,#4185,#4186,#4187,#4188,#4189,#4190,
#4191,#4192,#4193,#4194,#4195,#4196,#4197,#4198,#4199,#4200,#4201,#4202,
#4203,#4204,#4205,#4206,#4207,#4208,#4209,#4210,#4211,#4212,#4213,#4214,
#4215,#4216,#4217,#4218,#4219,#4220,#4221,#4222,#4223,#4224,#4225,#4226,
#4227,#4228,#4229,#4230,#4231,#4232,#4233,#4234,#4235,#4236,#4237,#4238,
#4239,#4240,#4241,#4242,#4243,#4244,#4245,#4246,#4247,#4248,#4249,#4250,
#4251,#4252,#4253,#4254,#4255,#4256,#4257,#4258,#4259,#4260,#4261,#4262,
#4263,#4264,#4265,#4266,#4267,#4268,#4269,#4270,#4271,#4272,#4273,#4274,
#4275,#4276,#4277,#4278,#4279,#4280,#4281,#4282,#4283,#4284,#4285,#4286,
#4287,#4288,#4289,#4290,#4291,#4292,#4293,#4294,#4295,#4296,#4297,#4298,
#4299),.UNSPECIFIED.,.F.,.F.,(4,3,3,3,3,3,3,3,3,3,3,3,3,3,3,3,3,3,3,3,3,
3,3,3,3,3,3,3,3,3,3,3,3,3,3,3,3,3,3,3,3,3,3,3,3,3,3,3,3,3,3,3,3,3,3,3,3,
3,3,3,3,3,3,3,3,3,3,3,3,3,3,3,3,3,3,3,3,3,3,3,3,3,3,3,3,3,3,3,3,3,3,3,3,
3,3,3,3,3,3,3,3,3,3,3,3,3,3,3,3,3,3,3,3,3,3,3,3,3,3,3,3,3,3,3,3,3,3,3,3,
3,3,3,3,3,3,3,3,3,3,3,3,3,4),(-25.6940405083214,-25.45590670666,-25.2171379023644,
-24.9798112842614,-24.7900846362224,-24.7761034283755,-24.6184501767232,
-24.4610142671001,-24.3038924064568,-24.1469508634734,-23.990257978312,
-23.8827963139547,-23.858983644022,-23.6652525939283,-23.4687049681246,
-23.2713319145982,-23.0740078285794,-22.9418597919883,-22.7447813448685,
-22.54795941878,-22.3517850422054,-22.2906098930244,-22.0923203395994,-22.0227488899762,
-21.8268401233841,-21.6295337661116,-21.4221877486992,-21.2241991740634,
-21.0269920609755,-20.831575527122,-20.8001496964618,-20.6984234720941,
-20.4939102114179,-20.2892891721083,-20.1875880421885,-19.9828538921692,
-19.7783161878142,-19.5766982292647,-19.3716820670174,-19.1666605728223,
-19.1062370511638,-18.8885922208664,-18.6707371359222,-18.4528502005411,
-18.3520217095549,-18.1339486392899,-17.9167878631535,-17.741060190817,
-17.5140506302335,-17.300229625605,-17.1292174927433,-16.9168126457282,
-16.7030470517492,-16.5185962526985,-16.3057538972467,-16.0933206092134,
-15.9218642093031,-15.9062469002161,-15.7028814597257,-15.4969987595978,
-15.2886904553335,-15.080127773638,-14.8728910911829,-14.6831331430744,
-14.4745708383622,-14.3296777883728,-14.1227622344176,-14.0705199742674,
-13.8653475941218,-13.6580579642091,-13.4594529756061,-13.2523990372564,
-13.045443237524,-12.8389142211852,-12.7374913674425,-12.5342866805694,
-12.3311307748683,-12.2347999265749,-12.0328007943764,-11.8284297754344,
-11.6240587564924,-11.4218410912224,-11.2202056634581,-11.1453049465122,
-11.0115576991403,-10.8002666434898,-10.5865902693236,-10.3710793634127,
-10.1557570276178,-9.94243930236194,-9.78867862992626,-9.57270317246595,
-9.55311852558189,-9.34388971724219,-9.17613633723916,-8.96660436807624,
-8.75702328643144,-8.56508654972454,-8.35503192217137,-8.1449193476426,
-7.96093210465157,-7.77120801836188,-7.5812059765678,-7.39105262841193,
-7.34051425204878,-7.15047686448312,-6.9603773472391,-6.77096136720337,
-6.58352330260736,-6.42359674314369,-6.36874568372126,-6.15281999665126,
-5.93966411572405,-5.72235352558266,-5.50504293544126,-5.29107888201117,
-5.07945746711791,-5.04699092462193,-4.83466013237226,-4.77655926279094,
-4.58812039739541,-4.35340981505606,-4.11725259410192,-3.88278593744906,
-3.67119333462363,-3.42778308824213,-3.18437284186063,-2.96836174983917,
-2.75235065781771,-2.54732003039322,-2.34128550016123,-2.13585903497931,
-1.93274674690417,-1.83559461737838,-1.62953986186866,-1.59218642093031,
-1.36237040750214,-1.13206000538946,-0.916482989394269,-0.686019851754998,
-0.454931369605416,-0.227033961287232,0.),.UNSPECIFIED.);
#843=B_SPLINE_CURVE_WITH_KNOTS('',3,(#4341,#4342,#4343,#4344,#4345,#4346),
 .UNSPECIFIED.,.F.,.F.,(4,2,4),(0.,0.285333222261525,0.286173667210928),
 .UNSPECIFIED.);
#844=B_SPLINE_CURVE_WITH_KNOTS('',3,(#4348,#4349,#4350,#4351,#4352,#4353),
 .UNSPECIFIED.,.F.,.F.,(4,2,4),(-0.286173667210928,-0.285333222261525,0.),
 .UNSPECIFIED.);
#845=B_SPLINE_CURVE_WITH_KNOTS('',3,(#4383,#4384,#4385,#4386,#4387),
 .UNSPECIFIED.,.F.,.F.,(4,1,4),(-0.373957972863982,-0.213690270207991,-1.75711161115031E-15),
 .UNSPECIFIED.);
#846=B_SPLINE_CURVE_WITH_KNOTS('',3,(#4388,#4389,#4390,#4391,#4392),
 .UNSPECIFIED.,.F.,.F.,(4,1,4),(1.75711161115031E-15,0.213690270207991,
0.373957972863982),.UNSPECIFIED.);
#847=B_SPLINE_CURVE_WITH_KNOTS('',3,(#4414,#4415,#4416,#4417),
 .UNSPECIFIED.,.F.,.F.,(4,4),(-1.18229834545289,0.),.UNSPECIFIED.);
#848=B_SPLINE_CURVE_WITH_KNOTS('',3,(#4420,#4421,#4422,#4423),
 .UNSPECIFIED.,.F.,.F.,(4,4),(0.,1.18229834545289),.UNSPECIFIED.);
#849=B_SPLINE_CURVE_WITH_KNOTS('',3,(#4461,#4462,#4463,#4464,#4465,#4466,
#4467,#4468,#4469,#4470),.UNSPECIFIED.,.F.,.F.,(4,2,2,2,4),(-0.000672133312216171,
0.,0.0362530501284924,0.0735354186022591,0.154160375802071),
 .UNSPECIFIED.);
#850=B_SPLINE_CURVE_WITH_KNOTS('',3,(#4471,#4472,#4473,#4474,#4475,#4476,
#4477),.UNSPECIFIED.,.F.,.F.,(4,1,1,1,4),(-0.598902857189575,-0.513345306162493,
-0.42778775513541,-0.256672653081246,0.),.UNSPECIFIED.);
#851=B_SPLINE_CURVE_WITH_KNOTS('',3,(#4478,#4479,#4480,#4481,#4482,#4483),
 .UNSPECIFIED.,.F.,.F.,(4,1,1,4),(0.,0.256672653081246,0.42778775513541,
0.450264165749456),.UNSPECIFIED.);
#852=B_SPLINE_CURVE_WITH_KNOTS('',3,(#4488,#4489,#4490,#4491,#4492),
 .UNSPECIFIED.,.F.,.F.,(4,1,4),(9.55026154864038E-16,0.160269318699564,
0.373961743632315),.UNSPECIFIED.);
#853=B_SPLINE_CURVE_WITH_KNOTS('',3,(#4494,#4495,#4496,#4497),
 .UNSPECIFIED.,.F.,.F.,(4,4),(1.29380591928153E-13,1.18229834545964),
 .UNSPECIFIED.);
#854=B_SPLINE_CURVE_WITH_KNOTS('',3,(#4499,#4500,#4501,#4502,#4503,#4504),
 .UNSPECIFIED.,.F.,.F.,(4,1,1,4),(0.149176279847627,0.171115102054371,0.256672653081558,
0.598902857190305),.UNSPECIFIED.);
#855=B_SPLINE_CURVE_WITH_KNOTS('',3,(#4509,#4510,#4511,#4512,#4513,#4514),
 .UNSPECIFIED.,.F.,.F.,(4,2,4),(-0.285333275077879,0.,0.000840390867937333),
 .UNSPECIFIED.);
#856=B_SPLINE_CURVE_WITH_KNOTS('',3,(#4546,#4547,#4548,#4549,#4550,#4551,
#4552,#4553,#4554,#4555),.UNSPECIFIED.,.F.,.F.,(4,2,2,2,4),(0.,0.0242258251901768,
0.0936263088158804,0.159069589835034,0.15984738086618),.UNSPECIFIED.);
#857=B_SPLINE_CURVE_WITH_KNOTS('',3,(#4558,#4559,#4560,#4561,#4562,#4563),
 .UNSPECIFIED.,.F.,.F.,(4,1,1,4),(-0.598902857190305,-0.256672653081558,
-0.171115102054371,1.97030936634913E-15),.UNSPECIFIED.);
#858=B_SPLINE_CURVE_WITH_KNOTS('',3,(#4586,#4587,#4588,#4589),
 .UNSPECIFIED.,.F.,.F.,(4,4),(-1.18229834545964,-1.29380591928153E-13),
 .UNSPECIFIED.);
#859=B_SPLINE_CURVE_WITH_KNOTS('',3,(#4617,#4618,#4619,#4620,#4621),
 .UNSPECIFIED.,.F.,.F.,(4,1,4),(-0.373961743632315,-0.160269318699564,-9.55026154864038E-16),
 .UNSPECIFIED.);
#860=B_SPLINE_CURVE_WITH_KNOTS('',3,(#4646,#4647,#4648,#4649,#4650,#4651),
 .UNSPECIFIED.,.F.,.F.,(4,2,4),(-0.000840390867937333,0.,0.285333275077879),
 .UNSPECIFIED.);
#861=B_SPLINE_CURVE_WITH_KNOTS('',3,(#4678,#4679,#4680,#4681,#4682,#4683),
 .UNSPECIFIED.,.F.,.F.,(4,2,4),(0.,0.285333222261526,0.28617366721093),
 .UNSPECIFIED.);
#862=B_SPLINE_CURVE_WITH_KNOTS('',3,(#4685,#4686,#4687,#4688,#4689,#4690),
 .UNSPECIFIED.,.F.,.F.,(4,2,4),(-0.28617366721093,-0.285333222261526,0.),
 .UNSPECIFIED.);
#863=B_SPLINE_CURVE_WITH_KNOTS('',3,(#4720,#4721,#4722,#4723,#4724),
 .UNSPECIFIED.,.F.,.F.,(4,1,4),(-0.373957972863977,-0.160267702655991,-1.68418361413702E-15),
 .UNSPECIFIED.);
#864=B_SPLINE_CURVE_WITH_KNOTS('',3,(#4725,#4726,#4727,#4728,#4729),
 .UNSPECIFIED.,.F.,.F.,(4,1,4),(1.68418361413702E-15,0.160267702655991,
0.373957972863977),.UNSPECIFIED.);
#865=B_SPLINE_CURVE_WITH_KNOTS('',3,(#4751,#4752,#4753,#4754),
 .UNSPECIFIED.,.F.,.F.,(4,4),(-1.18229834545289,0.),.UNSPECIFIED.);
#866=B_SPLINE_CURVE_WITH_KNOTS('',3,(#4757,#4758,#4759,#4760),
 .UNSPECIFIED.,.F.,.F.,(4,4),(0.,1.18229834545289),.UNSPECIFIED.);
#867=B_SPLINE_CURVE_WITH_KNOTS('',3,(#4793,#4794,#4795,#4796,#4797,#4798,
#4799,#4800,#4801,#4802),.UNSPECIFIED.,.F.,.F.,(4,2,2,2,4),(-0.000672133157086102,
0.,0.0362530481353935,0.0735354125137533,0.154160360856779),
 .UNSPECIFIED.);
#868=B_SPLINE_CURVE_WITH_KNOTS('',3,(#4803,#4804,#4805,#4806,#4807,#4808),
 .UNSPECIFIED.,.F.,.F.,(4,1,1,4),(-0.598902857189575,-0.427787755135411,
-0.342230204108328,0.),.UNSPECIFIED.);
#869=B_SPLINE_CURVE_WITH_KNOTS('',3,(#4809,#4810,#4811,#4812,#4813,#4814),
 .UNSPECIFIED.,.F.,.F.,(4,1,1,4),(0.,0.342230204108328,0.427787755135411,
0.449726577792351),.UNSPECIFIED.);
#870=B_SPLINE_CURVE_WITH_KNOTS('',3,(#4819,#4820,#4821,#4822,#4823),
 .UNSPECIFIED.,.F.,.F.,(4,1,4),(5.56529747736662E-16,0.160269318699563,
0.373961743632313),.UNSPECIFIED.);
#871=B_SPLINE_CURVE_WITH_KNOTS('',3,(#4825,#4826,#4827,#4828),
 .UNSPECIFIED.,.F.,.F.,(4,4),(1.29366713973404E-13,1.18229834545964),
 .UNSPECIFIED.);
#872=B_SPLINE_CURVE_WITH_KNOTS('',3,(#4830,#4831,#4832,#4833,#4834,#4835),
 .UNSPECIFIED.,.F.,.F.,(4,1,1,4),(0.149176279847607,0.17111510205437,0.256672653081557,
0.598902857190305),.UNSPECIFIED.);
#873=B_SPLINE_CURVE_WITH_KNOTS('',3,(#4840,#4841,#4842,#4843,#4844,#4845),
 .UNSPECIFIED.,.F.,.F.,(4,2,4),(-0.285333275077888,0.,0.000840390867930287),
 .UNSPECIFIED.);
#874=B_SPLINE_CURVE_WITH_KNOTS('',3,(#4877,#4878,#4879,#4880,#4881,#4882,
#4883,#4884,#4885,#4886),.UNSPECIFIED.,.F.,.F.,(4,2,2,2,4),(0.,0.024225825190187,
0.0936263088158939,0.159069581282071,0.159847372106097),.UNSPECIFIED.);
#875=B_SPLINE_CURVE_WITH_KNOTS('',3,(#4889,#4890,#4891,#4892,#4893,#4894),
 .UNSPECIFIED.,.F.,.F.,(4,1,1,4),(-0.598902857190305,-0.256672653081557,
-0.17111510205437,3.2373585386076E-15),.UNSPECIFIED.);
#876=B_SPLINE_CURVE_WITH_KNOTS('',3,(#4917,#4918,#4919,#4920),
 .UNSPECIFIED.,.F.,.F.,(4,4),(-1.18229834545964,-1.29366713973404E-13),
 .UNSPECIFIED.);
#877=B_SPLINE_CURVE_WITH_KNOTS('',3,(#4948,#4949,#4950,#4951,#4952),
 .UNSPECIFIED.,.F.,.F.,(4,1,4),(-0.373961743632313,-0.160269318699563,-5.56529747736662E-16),
 .UNSPECIFIED.);
#878=B_SPLINE_CURVE_WITH_KNOTS('',3,(#4977,#4978,#4979,#4980,#4981,#4982),
 .UNSPECIFIED.,.F.,.F.,(4,2,4),(-0.000840390867930287,0.,0.285333275077888),
 .UNSPECIFIED.);
#879=B_SPLINE_CURVE_WITH_KNOTS('',3,(#5009,#5010,#5011,#5012,#5013,#5014),
 .UNSPECIFIED.,.F.,.F.,(4,2,4),(0.,0.28533322226153,0.286173667210934),
 .UNSPECIFIED.);
#880=B_SPLINE_CURVE_WITH_KNOTS('',3,(#5016,#5017,#5018,#5019,#5020,#5021),
 .UNSPECIFIED.,.F.,.F.,(4,2,4),(-0.286173667210934,-0.28533322226153,0.),
 .UNSPECIFIED.);
#881=B_SPLINE_CURVE_WITH_KNOTS('',3,(#5051,#5052,#5053,#5054,#5055),
 .UNSPECIFIED.,.F.,.F.,(4,1,4),(-0.373957972863975,-0.160267702655991,-2.3493432731998E-15),
 .UNSPECIFIED.);
#882=B_SPLINE_CURVE_WITH_KNOTS('',3,(#5056,#5057,#5058,#5059,#5060),
 .UNSPECIFIED.,.F.,.F.,(4,1,4),(2.3493432731998E-15,0.160267702655991,0.373957972863975),
 .UNSPECIFIED.);
#883=B_SPLINE_CURVE_WITH_KNOTS('',3,(#5082,#5083,#5084,#5085),
 .UNSPECIFIED.,.F.,.F.,(4,4),(-1.18229834545289,0.),.UNSPECIFIED.);
#884=B_SPLINE_CURVE_WITH_KNOTS('',3,(#5088,#5089,#5090,#5091),
 .UNSPECIFIED.,.F.,.F.,(4,4),(0.,1.18229834545289),.UNSPECIFIED.);
#885=B_SPLINE_CURVE_WITH_KNOTS('',3,(#5129,#5130,#5131,#5132,#5133,#5134,
#5135,#5136,#5137,#5138),.UNSPECIFIED.,.F.,.F.,(4,2,2,2,4),(-0.000672133377064866,
0.,0.036253050965477,0.0735354211591789,0.154160382078318),
 .UNSPECIFIED.);
#886=B_SPLINE_CURVE_WITH_KNOTS('',3,(#5139,#5140,#5141,#5142,#5143,#5144,
#5145),.UNSPECIFIED.,.F.,.F.,(4,1,1,1,4),(-0.598902857189573,-0.513345306162492,
-0.42778775513541,-0.256672653081246,0.),.UNSPECIFIED.);
#887=B_SPLINE_CURVE_WITH_KNOTS('',3,(#5146,#5147,#5148,#5149,#5150,#5151),
 .UNSPECIFIED.,.F.,.F.,(4,1,1,4),(0.,0.256672653081246,0.42778775513541,
0.450264165749454),.UNSPECIFIED.);
#888=B_SPLINE_CURVE_WITH_KNOTS('',3,(#5156,#5157,#5158,#5159,#5160),
 .UNSPECIFIED.,.F.,.F.,(4,1,4),(5.89798533358301E-16,0.213692424932751,
0.373961743632313),.UNSPECIFIED.);
#889=B_SPLINE_CURVE_WITH_KNOTS('',3,(#5162,#5163,#5164,#5165),
 .UNSPECIFIED.,.F.,.F.,(4,4),(1.28613306095719E-13,1.18229834545964),
 .UNSPECIFIED.);
#890=B_SPLINE_CURVE_WITH_KNOTS('',3,(#5167,#5168,#5169,#5170,#5171,#5172),
 .UNSPECIFIED.,.F.,.F.,(4,1,1,4),(0.148638691893031,0.171115102054372,0.342230204108745,
0.598902857190303),.UNSPECIFIED.);
#891=B_SPLINE_CURVE_WITH_KNOTS('',3,(#5177,#5178,#5179,#5180,#5181,#5182),
 .UNSPECIFIED.,.F.,.F.,(4,2,4),(-0.285333275077897,0.,0.000840390867920516),
 .UNSPECIFIED.);
#892=B_SPLINE_CURVE_WITH_KNOTS('',3,(#5219,#5220,#5221,#5222,#5223,#5224,
#5225,#5226,#5227,#5228),.UNSPECIFIED.,.F.,.F.,(4,2,2,2,4),(0.,0.0242258251901805,
0.0936263088158941,0.159069585580768,0.159847376509771),.UNSPECIFIED.);
#893=B_SPLINE_CURVE_WITH_KNOTS('',3,(#5231,#5232,#5233,#5234,#5235,#5236,
#5237),.UNSPECIFIED.,.F.,.F.,(4,1,1,1,4),(-0.598902857190303,-0.342230204108745,
-0.171115102054372,-0.0855575510271863,-1.67595498946544E-16),
 .UNSPECIFIED.);
#894=B_SPLINE_CURVE_WITH_KNOTS('',3,(#5260,#5261,#5262,#5263),
 .UNSPECIFIED.,.F.,.F.,(4,4),(-1.18229834545964,-1.28613306095719E-13),
 .UNSPECIFIED.);
#895=B_SPLINE_CURVE_WITH_KNOTS('',3,(#5291,#5292,#5293,#5294,#5295),
 .UNSPECIFIED.,.F.,.F.,(4,1,4),(-0.373961743632313,-0.213692424932751,-5.89798533358301E-16),
 .UNSPECIFIED.);
#896=B_SPLINE_CURVE_WITH_KNOTS('',3,(#5320,#5321,#5322,#5323,#5324,#5325),
 .UNSPECIFIED.,.F.,.F.,(4,2,4),(-0.000840390867920516,0.,0.285333275077897),
 .UNSPECIFIED.);
#897=B_SPLINE_CURVE_WITH_KNOTS('',3,(#5363,#5364,#5365,#5366,#5367,#5368,
#5369,#5370,#5371,#5372),.UNSPECIFIED.,.F.,.F.,(4,2,2,2,4),(0.,0.024225825190231,
0.0936263088161755,0.159069632055023,0.159847424106086),.UNSPECIFIED.);
#898=B_SPLINE_CURVE_WITH_KNOTS('',3,(#5374,#5375,#5376,#5377,#5378,#5379),
 .UNSPECIFIED.,.F.,.F.,(4,1,1,4),(0.148638691893024,0.171115102054372,0.342230204108744,
0.598902857190304),.UNSPECIFIED.);
#899=B_SPLINE_CURVE_WITH_KNOTS('',3,(#5382,#5383,#5384,#5385,#5386,#5387,
#5388),.UNSPECIFIED.,.F.,.F.,(4,1,1,1,4),(-0.598902857190304,-0.342230204108744,
-0.171115102054372,-0.0855575510271854,9.71785085850253E-16),
 .UNSPECIFIED.);
#900=B_SPLINE_CURVE_WITH_KNOTS('',3,(#5412,#5413,#5414,#5415),
 .UNSPECIFIED.,.F.,.F.,(4,4),(-1.18229834545964,-1.28856174060058E-13),
 .UNSPECIFIED.);
#901=B_SPLINE_CURVE_WITH_KNOTS('',3,(#5416,#5417,#5418,#5419),
 .UNSPECIFIED.,.F.,.F.,(4,4),(1.28856174060058E-13,1.18229834545964),
 .UNSPECIFIED.);
#902=B_SPLINE_CURVE_WITH_KNOTS('',3,(#5448,#5449,#5450,#5451,#5452),
 .UNSPECIFIED.,.F.,.F.,(4,1,4),(-0.373961743632306,-0.16026931869956,0.),
 .UNSPECIFIED.);
#903=B_SPLINE_CURVE_WITH_KNOTS('',3,(#5453,#5454,#5455,#5456,#5457),
 .UNSPECIFIED.,.F.,.F.,(4,1,4),(0.,0.16026931869956,0.373961743632306),
 .UNSPECIFIED.);
#904=B_SPLINE_CURVE_WITH_KNOTS('',3,(#5483,#5484,#5485,#5486,#5487,#5488),
 .UNSPECIFIED.,.F.,.F.,(4,2,4),(-0.285333243383809,0.,0.000840423320895392),
 .UNSPECIFIED.);
#905=B_SPLINE_CURVE_WITH_KNOTS('',3,(#5489,#5490,#5491,#5492,#5493,#5494),
 .UNSPECIFIED.,.F.,.F.,(4,2,4),(-0.000840423320895392,0.,0.285333243383809),
 .UNSPECIFIED.);
#906=B_SPLINE_CURVE_WITH_KNOTS('',3,(#5499,#5500,#5501,#5502,#5503,#5504),
 .UNSPECIFIED.,.F.,.F.,(4,2,4),(-0.286173665946293,-0.285333275078371,0.),
 .UNSPECIFIED.);
#907=B_SPLINE_CURVE_WITH_KNOTS('',3,(#5510,#5511,#5512,#5513,#5514,#5515),
 .UNSPECIFIED.,.F.,.F.,(4,1,1,4),(0.,0.256672653081247,0.427787755135411,
0.450264165749456),.UNSPECIFIED.);
#908=B_SPLINE_CURVE_WITH_KNOTS('',3,(#5517,#5518,#5519,#5520),
 .UNSPECIFIED.,.F.,.F.,(4,4),(-1.18229834545289,0.),.UNSPECIFIED.);
#909=B_SPLINE_CURVE_WITH_KNOTS('',3,(#5521,#5522,#5523,#5524,#5525),
 .UNSPECIFIED.,.F.,.F.,(4,1,4),(0.,0.160267702655987,0.373957972863969),
 .UNSPECIFIED.);
#910=B_SPLINE_CURVE_WITH_KNOTS('',3,(#5551,#5552,#5553,#5554,#5555,#5556),
 .UNSPECIFIED.,.F.,.F.,(4,2,4),(0.,0.285333275078371,0.286173665946293),
 .UNSPECIFIED.);
#911=B_SPLINE_CURVE_WITH_KNOTS('',3,(#5585,#5586,#5587,#5588,#5589),
 .UNSPECIFIED.,.F.,.F.,(4,1,4),(-0.373957972863969,-0.160267702655987,0.),
 .UNSPECIFIED.);
#912=B_SPLINE_CURVE_WITH_KNOTS('',3,(#5612,#5613,#5614,#5615),
 .UNSPECIFIED.,.F.,.F.,(4,4),(0.,1.18229834545289),.UNSPECIFIED.);
#913=B_SPLINE_CURVE_WITH_KNOTS('',3,(#5652,#5653,#5654,#5655,#5656,#5657,
#5658,#5659,#5660,#5661),.UNSPECIFIED.,.F.,.F.,(4,2,2,2,4),(-0.000672133219157478,
0.,0.03625304893373,0.073535414952434,0.154160366843038),.UNSPECIFIED.);
#914=B_SPLINE_CURVE_WITH_KNOTS('',3,(#5662,#5663,#5664,#5665,#5666,#5667,
#5668),.UNSPECIFIED.,.F.,.F.,(4,1,1,1,4),(-0.598902857189575,-0.513345306162493,
-0.427787755135411,-0.256672653081247,0.),.UNSPECIFIED.);
#915=B_SPLINE_CURVE_WITH_KNOTS('',3,(#5690,#5691,#5692,#5693),
 .UNSPECIFIED.,.F.,.F.,(4,4),(2.24614154658333,2.9825418530113),
 .UNSPECIFIED.);
#916=B_SPLINE_CURVE_WITH_KNOTS('',3,(#5696,#5697,#5698,#5699),
 .UNSPECIFIED.,.F.,.F.,(4,4),(-2.9825418530113,-1.88860759866875),
 .UNSPECIFIED.);
#917=B_SPLINE_CURVE_WITH_KNOTS('',3,(#5726,#5727,#5728,#5729,#5730),
 .UNSPECIFIED.,.F.,.F.,(4,1,4),(-0.0703089499737075,-0.0301324071315889,
0.),.UNSPECIFIED.);
#918=B_SPLINE_CURVE_WITH_KNOTS('',3,(#5733,#5734,#5735,#5736,#5737),
 .UNSPECIFIED.,.F.,.F.,(4,1,4),(0.,0.0301324071315889,0.0703089499737075),
 .UNSPECIFIED.);
#919=B_SPLINE_CURVE_WITH_KNOTS('',3,(#5773,#5774,#5775,#5776,#5777),
 .UNSPECIFIED.,.F.,.F.,(4,1,4),(-0.0703089501629747,-0.0301324072127035,
0.),.UNSPECIFIED.);
#920=B_SPLINE_CURVE_WITH_KNOTS('',3,(#5780,#5781,#5782,#5783,#5784),
 .UNSPECIFIED.,.F.,.F.,(4,1,4),(0.,0.0301324072127035,0.0703089501629747),
 .UNSPECIFIED.);
#921=B_SPLINE_CURVE_WITH_KNOTS('',3,(#5805,#5806,#5807,#5808),
 .UNSPECIFIED.,.F.,.F.,(4,4),(-1.09393425433979,0.),.UNSPECIFIED.);
#922=B_SPLINE_CURVE_WITH_KNOTS('',3,(#5809,#5810,#5811,#5812),
 .UNSPECIFIED.,.F.,.F.,(4,4),(0.,0.736400306420081),.UNSPECIFIED.);
#923=B_SPLINE_CURVE_WITH_KNOTS('',3,(#5836,#5837,#5838,#5839),
 .UNSPECIFIED.,.F.,.F.,(4,4),(2.24614154658333,2.9825418530113),
 .UNSPECIFIED.);
#924=B_SPLINE_CURVE_WITH_KNOTS('',3,(#5842,#5843,#5844,#5845),
 .UNSPECIFIED.,.F.,.F.,(4,4),(-2.9825418530113,-1.88860759866875),
 .UNSPECIFIED.);
#925=B_SPLINE_CURVE_WITH_KNOTS('',3,(#5872,#5873,#5874,#5875,#5876),
 .UNSPECIFIED.,.F.,.F.,(4,1,4),(-0.0703089499737072,-0.0301324071315888,
0.),.UNSPECIFIED.);
#926=B_SPLINE_CURVE_WITH_KNOTS('',3,(#5879,#5880,#5881,#5882,#5883),
 .UNSPECIFIED.,.F.,.F.,(4,1,4),(0.,0.0301324071315888,0.0703089499737072),
 .UNSPECIFIED.);
#927=B_SPLINE_CURVE_WITH_KNOTS('',3,(#5919,#5920,#5921,#5922,#5923),
 .UNSPECIFIED.,.F.,.F.,(4,1,4),(-0.0703089501629744,-0.0301324072127033,
0.),.UNSPECIFIED.);
#928=B_SPLINE_CURVE_WITH_KNOTS('',3,(#5926,#5927,#5928,#5929,#5930),
 .UNSPECIFIED.,.F.,.F.,(4,1,4),(0.,0.0301324072127033,0.0703089501629744),
 .UNSPECIFIED.);
#929=B_SPLINE_CURVE_WITH_KNOTS('',3,(#5951,#5952,#5953,#5954),
 .UNSPECIFIED.,.F.,.F.,(4,4),(-1.09393425433979,0.),.UNSPECIFIED.);
#930=B_SPLINE_CURVE_WITH_KNOTS('',3,(#5955,#5956,#5957,#5958),
 .UNSPECIFIED.,.F.,.F.,(4,4),(0.,0.736400306420082),.UNSPECIFIED.);
#931=B_SPLINE_CURVE_WITH_KNOTS('',3,(#5982,#5983,#5984,#5985),
 .UNSPECIFIED.,.F.,.F.,(4,4),(2.24614154658333,2.9825418530113),
 .UNSPECIFIED.);
#932=B_SPLINE_CURVE_WITH_KNOTS('',3,(#5988,#5989,#5990,#5991),
 .UNSPECIFIED.,.F.,.F.,(4,4),(-2.9825418530113,-1.88860759866875),
 .UNSPECIFIED.);
#933=B_SPLINE_CURVE_WITH_KNOTS('',3,(#6018,#6019,#6020,#6021,#6022),
 .UNSPECIFIED.,.F.,.F.,(4,1,4),(-0.070308949973707,-0.0401765428421183,
0.),.UNSPECIFIED.);
#934=B_SPLINE_CURVE_WITH_KNOTS('',3,(#6025,#6026,#6027,#6028,#6029),
 .UNSPECIFIED.,.F.,.F.,(4,1,4),(0.,0.0401765428421183,0.070308949973707),
 .UNSPECIFIED.);
#935=B_SPLINE_CURVE_WITH_KNOTS('',3,(#6065,#6066,#6067,#6068,#6069),
 .UNSPECIFIED.,.F.,.F.,(4,1,4),(-0.070308950162975,-0.0301324072127036,
0.),.UNSPECIFIED.);
#936=B_SPLINE_CURVE_WITH_KNOTS('',3,(#6072,#6073,#6074,#6075,#6076),
 .UNSPECIFIED.,.F.,.F.,(4,1,4),(0.,0.0301324072127036,0.070308950162975),
 .UNSPECIFIED.);
#937=B_SPLINE_CURVE_WITH_KNOTS('',3,(#6097,#6098,#6099,#6100),
 .UNSPECIFIED.,.F.,.F.,(4,4),(-1.09393425433979,0.),.UNSPECIFIED.);
#938=B_SPLINE_CURVE_WITH_KNOTS('',3,(#6101,#6102,#6103,#6104),
 .UNSPECIFIED.,.F.,.F.,(4,4),(0.,0.736400306420079),.UNSPECIFIED.);
#939=B_SPLINE_CURVE_WITH_KNOTS('',3,(#6139,#6140,#6141,#6142,#6143),
 .UNSPECIFIED.,.F.,.F.,(4,1,4),(-0.0703089501629748,-0.0301324072127035,
0.),.UNSPECIFIED.);
#940=B_SPLINE_CURVE_WITH_KNOTS('',3,(#6146,#6147,#6148,#6149,#6150),
 .UNSPECIFIED.,.F.,.F.,(4,1,4),(0.,0.0301324072127035,0.0703089501629748),
 .UNSPECIFIED.);
#941=B_SPLINE_CURVE_WITH_KNOTS('',3,(#6171,#6172,#6173,#6174),
 .UNSPECIFIED.,.F.,.F.,(4,4),(-1.09393425433979,0.),.UNSPECIFIED.);
#942=B_SPLINE_CURVE_WITH_KNOTS('',3,(#6175,#6176,#6177,#6178),
 .UNSPECIFIED.,.F.,.F.,(4,4),(0.,0.736400306420081),.UNSPECIFIED.);
#943=B_SPLINE_CURVE_WITH_KNOTS('',3,(#6200,#6201,#6202,#6203),
 .UNSPECIFIED.,.F.,.F.,(4,4),(2.24614154658333,2.9825418530113),
 .UNSPECIFIED.);
#944=B_SPLINE_CURVE_WITH_KNOTS('',3,(#6206,#6207,#6208,#6209),
 .UNSPECIFIED.,.F.,.F.,(4,4),(-2.9825418530113,-1.88860759866875),
 .UNSPECIFIED.);
#945=B_SPLINE_CURVE_WITH_KNOTS('',3,(#6236,#6237,#6238,#6239,#6240),
 .UNSPECIFIED.,.F.,.F.,(4,1,4),(-0.0703089499737069,-0.0301324071315887,
0.),.UNSPECIFIED.);
#946=B_SPLINE_CURVE_WITH_KNOTS('',3,(#6243,#6244,#6245,#6246,#6247),
 .UNSPECIFIED.,.F.,.F.,(4,1,4),(0.,0.0301324071315887,0.0703089499737069),
 .UNSPECIFIED.);
#947=B_SPLINE_CURVE_WITH_KNOTS('',3,(#6369,#6370,#6371,#6372,#6373,#6374,
#6375,#6376),.UNSPECIFIED.,.F.,.F.,(4,1,1,2,4),(0.,0.108609931468762,0.217219862937524,
0.543049657343809,0.545626235337772),.UNSPECIFIED.);
#948=B_SPLINE_CURVE_WITH_KNOTS('',3,(#6377,#6378,#6379,#6380,#6381,#6382,
#6383,#6384),.UNSPECIFIED.,.F.,.F.,(4,2,1,1,4),(-0.545626235337772,-0.543049657343809,
-0.217219862937524,-0.108609931468762,0.),.UNSPECIFIED.);
#949=B_SPLINE_CURVE_WITH_KNOTS('',3,(#6418,#6419,#6420,#6421,#6422,#6423,
#6424,#6425),.UNSPECIFIED.,.F.,.F.,(4,1,1,2,4),(-0.543049657343609,-0.325829794406165,
-0.217219862937443,0.,0.00257657799416285),.UNSPECIFIED.);
#950=B_SPLINE_CURVE_WITH_KNOTS('',3,(#6427,#6428,#6429,#6430,#6431,#6432,
#6433,#6434),.UNSPECIFIED.,.F.,.F.,(4,2,1,1,4),(-0.00257657799416285,0.,
0.217219862937443,0.325829794406165,0.543049657343609),.UNSPECIFIED.);
#951=B_SPLINE_CURVE_WITH_KNOTS('',3,(#6497,#6498,#6499,#6500,#6501,#6502,
#6503,#6504),.UNSPECIFIED.,.F.,.F.,(4,1,1,2,4),(0.,0.108609931518261,0.217219863036521,
0.543049657591303,0.545626235337774),.UNSPECIFIED.);
#952=B_SPLINE_CURVE_WITH_KNOTS('',3,(#6505,#6506,#6507,#6508,#6509,#6510,
#6511,#6512),.UNSPECIFIED.,.F.,.F.,(4,2,1,1,4),(-0.545626235337774,-0.543049657591303,
-0.217219863036521,-0.108609931518261,0.),.UNSPECIFIED.);
#953=B_SPLINE_CURVE_WITH_KNOTS('',3,(#6546,#6547,#6548,#6549,#6550,#6551,
#6552,#6553),.UNSPECIFIED.,.F.,.F.,(4,1,1,2,4),(-0.543049657583596,-0.325829794550157,
-0.217219863033438,0.,0.0025765777541762),.UNSPECIFIED.);
#954=B_SPLINE_CURVE_WITH_KNOTS('',3,(#6555,#6556,#6557,#6558,#6559,#6560,
#6561,#6562),.UNSPECIFIED.,.F.,.F.,(4,2,1,1,4),(-0.0025765777541762,0.,
0.217219863033438,0.325829794550157,0.543049657583596),.UNSPECIFIED.);
#955=B_SPLINE_CURVE_WITH_KNOTS('',3,(#6614,#6615,#6616,#6617,#6618),
 .UNSPECIFIED.,.F.,.F.,(4,1,4),(-0.732188269063722,-0.366094134531861,0.),
 .UNSPECIFIED.);
#956=B_SPLINE_CURVE_WITH_KNOTS('',3,(#6619,#6620,#6621,#6622,#6623),
 .UNSPECIFIED.,.F.,.F.,(4,1,4),(0.,0.366094134531861,0.732188269063722),
 .UNSPECIFIED.);
#957=B_SPLINE_CURVE_WITH_KNOTS('',3,(#6658,#6659,#6660,#6661,#6662,#6663,
#6664,#6665),.UNSPECIFIED.,.F.,.F.,(4,1,1,2,4),(-0.54304965759128,-0.325829794554768,
-0.217219863036512,0.,0.00257657774649316),.UNSPECIFIED.);
#958=B_SPLINE_CURVE_WITH_KNOTS('',3,(#6667,#6668,#6669,#6670,#6671,#6672,
#6673,#6674),.UNSPECIFIED.,.F.,.F.,(4,2,1,1,4),(-0.00257657774649316,0.,
0.217219863036512,0.325829794554768,0.54304965759128),.UNSPECIFIED.);
#959=B_SPLINE_CURVE_WITH_KNOTS('',3,(#6711,#6712,#6713,#6714,#6715,#6716,
#6717,#6718),.UNSPECIFIED.,.F.,.F.,(4,1,1,2,4),(0.,0.108609931516726,0.217219863033452,
0.543049657583629,0.545626235337773),.UNSPECIFIED.);
#960=B_SPLINE_CURVE_WITH_KNOTS('',3,(#6719,#6720,#6721,#6722,#6723,#6724,
#6725,#6726),.UNSPECIFIED.,.F.,.F.,(4,2,1,1,4),(-0.545626235337773,-0.543049657583629,
-0.217219863033452,-0.108609931516726,0.),.UNSPECIFIED.);
#961=B_SPLINE_CURVE_WITH_KNOTS('',3,(#6752,#6753,#6754,#6755,#6756),
 .UNSPECIFIED.,.F.,.F.,(4,1,4),(-0.732188269063726,-0.366094134531865,-4.14480045903747E-15),
 .UNSPECIFIED.);
#962=B_SPLINE_CURVE_WITH_KNOTS('',3,(#6757,#6758,#6759,#6760,#6761),
 .UNSPECIFIED.,.F.,.F.,(4,1,4),(4.14480045903747E-15,0.366094134531865,
0.732188269063726),.UNSPECIFIED.);
#963=B_SPLINE_CURVE_WITH_KNOTS('',3,(#6787,#6788,#6789,#6790,#6791),
 .UNSPECIFIED.,.F.,.F.,(4,1,4),(-0.732188269063724,-0.366094134531862,0.),
 .UNSPECIFIED.);
#964=B_SPLINE_CURVE_WITH_KNOTS('',3,(#6792,#6793,#6794,#6795,#6796),
 .UNSPECIFIED.,.F.,.F.,(4,1,4),(0.,0.366094134531862,0.732188269063724),
 .UNSPECIFIED.);
#965=B_SPLINE_CURVE_WITH_KNOTS('',3,(#6847,#6848,#6849,#6850,#6851),
 .UNSPECIFIED.,.F.,.F.,(4,1,4),(-0.732188269063725,-0.366094134531863,-1.15967687137108E-15),
 .UNSPECIFIED.);
#966=B_SPLINE_CURVE_WITH_KNOTS('',3,(#6852,#6853,#6854,#6855,#6856),
 .UNSPECIFIED.,.F.,.F.,(4,1,4),(1.15967687137108E-15,0.366094134531863,
0.732188269063725),.UNSPECIFIED.);
#967=B_SPLINE_CURVE_WITH_KNOTS('',3,(#6882,#6883,#6884,#6885,#6886),
 .UNSPECIFIED.,.F.,.F.,(4,1,4),(-0.732188269063728,-0.366094134531865,-2.73021370688156E-15),
 .UNSPECIFIED.);
#968=B_SPLINE_CURVE_WITH_KNOTS('',3,(#6887,#6888,#6889,#6890,#6891),
 .UNSPECIFIED.,.F.,.F.,(4,1,4),(2.73021370688156E-15,0.366094134531865,
0.732188269063728),.UNSPECIFIED.);
#969=B_SPLINE_CURVE_WITH_KNOTS('',3,(#6926,#6927,#6928,#6929,#6930,#6931,
#6932,#6933),.UNSPECIFIED.,.F.,.F.,(4,1,1,2,4),(-0.543049657343795,-0.325829794406277,
-0.217219862937518,0.,0.00257657799397781),.UNSPECIFIED.);
#970=B_SPLINE_CURVE_WITH_KNOTS('',3,(#6935,#6936,#6937,#6938,#6939,#6940,
#6941,#6942),.UNSPECIFIED.,.F.,.F.,(4,2,1,1,4),(-0.00257657799397781,0.,
0.217219862937518,0.325829794406277,0.543049657343795),.UNSPECIFIED.);
#971=B_SPLINE_CURVE_WITH_KNOTS('',3,(#6979,#6980,#6981,#6982,#6983,#6984,
#6985,#6986),.UNSPECIFIED.,.F.,.F.,(4,1,1,2,4),(0.,0.108609931468742,0.217219862937483,
0.543049657343708,0.545626235337772),.UNSPECIFIED.);
#972=B_SPLINE_CURVE_WITH_KNOTS('',3,(#6987,#6988,#6989,#6990,#6991,#6992,
#6993,#6994),.UNSPECIFIED.,.F.,.F.,(4,2,1,1,4),(-0.545626235337772,-0.543049657343708,
-0.217219862937483,-0.108609931468742,0.),.UNSPECIFIED.);
#973=B_SPLINE_CURVE_WITH_KNOTS('',3,(#7020,#7021,#7022,#7023,#7024),
 .UNSPECIFIED.,.F.,.F.,(4,1,4),(-0.73218826906372,-0.36609413453186,0.),
 .UNSPECIFIED.);
#974=B_SPLINE_CURVE_WITH_KNOTS('',3,(#7025,#7026,#7027,#7028,#7029),
 .UNSPECIFIED.,.F.,.F.,(4,1,4),(0.,0.36609413453186,0.73218826906372),
 .UNSPECIFIED.);
#975=B_SPLINE_CURVE_WITH_KNOTS('',3,(#7055,#7056,#7057,#7058,#7059),
 .UNSPECIFIED.,.F.,.F.,(4,1,4),(-0.732188269063724,-0.366094134531862,0.),
 .UNSPECIFIED.);
#976=B_SPLINE_CURVE_WITH_KNOTS('',3,(#7060,#7061,#7062,#7063,#7064),
 .UNSPECIFIED.,.F.,.F.,(4,1,4),(0.,0.366094134531862,0.732188269063724),
 .UNSPECIFIED.);
#977=B_SPLINE_CURVE_WITH_KNOTS('',3,(#7090,#7091,#7092,#7093,#7094),
 .UNSPECIFIED.,.F.,.F.,(4,1,4),(-0.732188269063726,-0.366094134531863,0.),
 .UNSPECIFIED.);
#978=B_SPLINE_CURVE_WITH_KNOTS('',3,(#7095,#7096,#7097,#7098,#7099),
 .UNSPECIFIED.,.F.,.F.,(4,1,4),(0.,0.366094134531863,0.732188269063726),
 .UNSPECIFIED.);
#979=B_SPLINE_CURVE_WITH_KNOTS('',3,(#7136,#7137,#7138,#7139,#7140,#7141),
 .UNSPECIFIED.,.F.,.F.,(4,2,4),(-0.0025817880719774,0.,0.574977412988979),
 .UNSPECIFIED.);
#980=B_SPLINE_CURVE_WITH_KNOTS('',3,(#7168,#7169,#7170,#7171,#7172,#7173),
 .UNSPECIFIED.,.F.,.F.,(4,2,4),(1.08058596300544,1.65556337599442,1.6581451640664),
 .UNSPECIFIED.);
#981=B_SPLINE_CURVE_WITH_KNOTS('',3,(#7210,#7211,#7212,#7213,#7214,#7215),
 .UNSPECIFIED.,.F.,.F.,(4,2,4),(-0.00258178807197449,0.,0.574977412988981),
 .UNSPECIFIED.);
#982=B_SPLINE_CURVE_WITH_KNOTS('',3,(#7242,#7243,#7244,#7245,#7246,#7247),
 .UNSPECIFIED.,.F.,.F.,(4,2,4),(1.08058596300544,1.65556337599442,1.6581451640664),
 .UNSPECIFIED.);
#983=B_SPLINE_CURVE_WITH_KNOTS('',3,(#7277,#7278,#7279,#7280,#7281,#7282),
 .UNSPECIFIED.,.F.,.F.,(4,2,4),(-0.00258178807253165,0.,0.574977412988428),
 .UNSPECIFIED.);
#984=B_SPLINE_CURVE_WITH_KNOTS('',3,(#7307,#7308,#7309,#7310,#7311,#7312),
 .UNSPECIFIED.,.F.,.F.,(4,2,4),(1.08058596300488,1.65556337599331,1.65814516406584),
 .UNSPECIFIED.);
#985=B_SPLINE_CURVE_WITH_KNOTS('',3,(#7344,#7345,#7346,#7347,#7348,#7349),
 .UNSPECIFIED.,.F.,.F.,(4,2,4),(-0.0025817880725302,0.,0.574977412988432),
 .UNSPECIFIED.);
#986=B_SPLINE_CURVE_WITH_KNOTS('',3,(#7374,#7375,#7376,#7377,#7378,#7379),
 .UNSPECIFIED.,.F.,.F.,(4,2,4),(1.08058596300488,1.65556337599332,1.65814516406585),
 .UNSPECIFIED.);
#987=VERTEX_POINT('',#3603);
#988=VERTEX_POINT('',#3604);
#989=VERTEX_POINT('',#3612);
#990=VERTEX_POINT('',#3617);
#991=VERTEX_POINT('',#3621);
#992=VERTEX_POINT('',#3622);
#993=VERTEX_POINT('',#3627);
#994=VERTEX_POINT('',#3629);
#995=VERTEX_POINT('',#3636);
#996=VERTEX_POINT('',#3638);
#997=VERTEX_POINT('',#3640);
#998=VERTEX_POINT('',#3642);
#999=VERTEX_POINT('',#3644);
#1000=VERTEX_POINT('',#3647);
#1001=VERTEX_POINT('',#3651);
#1002=VERTEX_POINT('',#3652);
#1003=VERTEX_POINT('',#3654);
#1004=VERTEX_POINT('',#3656);
#1005=VERTEX_POINT('',#3662);
#1006=VERTEX_POINT('',#3665);
#1007=VERTEX_POINT('',#3667);
#1008=VERTEX_POINT('',#3671);
#1009=VERTEX_POINT('',#3672);
#1010=VERTEX_POINT('',#3674);
#1011=VERTEX_POINT('',#3676);
#1012=VERTEX_POINT('',#3681);
#1013=VERTEX_POINT('',#3683);
#1014=VERTEX_POINT('',#3687);
#1015=VERTEX_POINT('',#3689);
#1016=VERTEX_POINT('',#3694);
#1017=VERTEX_POINT('',#3696);
#1018=VERTEX_POINT('',#4301);
#1019=VERTEX_POINT('',#4303);
#1020=VERTEX_POINT('',#4307);
#1021=VERTEX_POINT('',#4308);
#1022=VERTEX_POINT('',#4313);
#1023=VERTEX_POINT('',#4339);
#1024=VERTEX_POINT('',#4340);
#1025=VERTEX_POINT('',#4347);
#1026=VERTEX_POINT('',#4380);
#1027=VERTEX_POINT('',#4381);
#1028=VERTEX_POINT('',#4413);
#1029=VERTEX_POINT('',#4418);
#1030=VERTEX_POINT('',#4459);
#1031=VERTEX_POINT('',#4460);
#1032=VERTEX_POINT('',#4485);
#1033=VERTEX_POINT('',#4487);
#1034=VERTEX_POINT('',#4493);
#1035=VERTEX_POINT('',#4498);
#1036=VERTEX_POINT('',#4507);
#1037=VERTEX_POINT('',#4545);
#1038=VERTEX_POINT('',#4556);
#1039=VERTEX_POINT('',#4584);
#1040=VERTEX_POINT('',#4615);
#1041=VERTEX_POINT('',#4676);
#1042=VERTEX_POINT('',#4677);
#1043=VERTEX_POINT('',#4684);
#1044=VERTEX_POINT('',#4717);
#1045=VERTEX_POINT('',#4718);
#1046=VERTEX_POINT('',#4750);
#1047=VERTEX_POINT('',#4755);
#1048=VERTEX_POINT('',#4791);
#1049=VERTEX_POINT('',#4792);
#1050=VERTEX_POINT('',#4816);
#1051=VERTEX_POINT('',#4818);
#1052=VERTEX_POINT('',#4824);
#1053=VERTEX_POINT('',#4829);
#1054=VERTEX_POINT('',#4838);
#1055=VERTEX_POINT('',#4876);
#1056=VERTEX_POINT('',#4887);
#1057=VERTEX_POINT('',#4915);
#1058=VERTEX_POINT('',#4946);
#1059=VERTEX_POINT('',#5007);
#1060=VERTEX_POINT('',#5008);
#1061=VERTEX_POINT('',#5015);
#1062=VERTEX_POINT('',#5048);
#1063=VERTEX_POINT('',#5049);
#1064=VERTEX_POINT('',#5081);
#1065=VERTEX_POINT('',#5086);
#1066=VERTEX_POINT('',#5127);
#1067=VERTEX_POINT('',#5128);
#1068=VERTEX_POINT('',#5153);
#1069=VERTEX_POINT('',#5155);
#1070=VERTEX_POINT('',#5161);
#1071=VERTEX_POINT('',#5166);
#1072=VERTEX_POINT('',#5175);
#1073=VERTEX_POINT('',#5218);
#1074=VERTEX_POINT('',#5229);
#1075=VERTEX_POINT('',#5258);
#1076=VERTEX_POINT('',#5289);
#1077=VERTEX_POINT('',#5361);
#1078=VERTEX_POINT('',#5362);
#1079=VERTEX_POINT('',#5373);
#1080=VERTEX_POINT('',#5380);
#1081=VERTEX_POINT('',#5409);
#1082=VERTEX_POINT('',#5410);
#1083=VERTEX_POINT('',#5445);
#1084=VERTEX_POINT('',#5446);
#1085=VERTEX_POINT('',#5482);
#1086=VERTEX_POINT('',#5496);
#1087=VERTEX_POINT('',#5498);
#1088=VERTEX_POINT('',#5507);
#1089=VERTEX_POINT('',#5509);
#1090=VERTEX_POINT('',#5516);
#1091=VERTEX_POINT('',#5550);
#1092=VERTEX_POINT('',#5583);
#1093=VERTEX_POINT('',#5610);
#1094=VERTEX_POINT('',#5651);
#1095=VERTEX_POINT('',#5689);
#1096=VERTEX_POINT('',#5694);
#1097=VERTEX_POINT('',#5725);
#1098=VERTEX_POINT('',#5731);
#1099=VERTEX_POINT('',#5742);
#1100=VERTEX_POINT('',#5744);
#1101=VERTEX_POINT('',#5772);
#1102=VERTEX_POINT('',#5778);
#1103=VERTEX_POINT('',#5835);
#1104=VERTEX_POINT('',#5840);
#1105=VERTEX_POINT('',#5871);
#1106=VERTEX_POINT('',#5877);
#1107=VERTEX_POINT('',#5888);
#1108=VERTEX_POINT('',#5890);
#1109=VERTEX_POINT('',#5918);
#1110=VERTEX_POINT('',#5924);
#1111=VERTEX_POINT('',#5981);
#1112=VERTEX_POINT('',#5986);
#1113=VERTEX_POINT('',#6017);
#1114=VERTEX_POINT('',#6023);
#1115=VERTEX_POINT('',#6034);
#1116=VERTEX_POINT('',#6036);
#1117=VERTEX_POINT('',#6064);
#1118=VERTEX_POINT('',#6070);
#1119=VERTEX_POINT('',#6108);
#1120=VERTEX_POINT('',#6110);
#1121=VERTEX_POINT('',#6138);
#1122=VERTEX_POINT('',#6144);
#1123=VERTEX_POINT('',#6199);
#1124=VERTEX_POINT('',#6204);
#1125=VERTEX_POINT('',#6235);
#1126=VERTEX_POINT('',#6241);
#1127=VERTEX_POINT('',#6257);
#1128=VERTEX_POINT('',#6262);
#1129=VERTEX_POINT('',#6264);
#1130=VERTEX_POINT('',#6266);
#1131=VERTEX_POINT('',#6268);
#1132=VERTEX_POINT('',#6273);
#1133=VERTEX_POINT('',#6279);
#1134=VERTEX_POINT('',#6283);
#1135=VERTEX_POINT('',#6287);
#1136=VERTEX_POINT('',#6289);
#1137=VERTEX_POINT('',#6293);
#1138=VERTEX_POINT('',#6297);
#1139=VERTEX_POINT('',#6301);
#1140=VERTEX_POINT('',#6305);
#1141=VERTEX_POINT('',#6309);
#1142=VERTEX_POINT('',#6310);
#1143=VERTEX_POINT('',#6312);
#1144=VERTEX_POINT('',#6316);
#1145=VERTEX_POINT('',#6317);
#1146=VERTEX_POINT('',#6322);
#1147=VERTEX_POINT('',#6323);
#1148=VERTEX_POINT('',#6328);
#1149=VERTEX_POINT('',#6329);
#1150=VERTEX_POINT('',#6365);
#1151=VERTEX_POINT('',#6366);
#1152=VERTEX_POINT('',#6368);
#1153=VERTEX_POINT('',#6417);
#1154=VERTEX_POINT('',#6426);
#1155=VERTEX_POINT('',#6437);
#1156=VERTEX_POINT('',#6438);
#1157=VERTEX_POINT('',#6440);
#1158=VERTEX_POINT('',#6444);
#1159=VERTEX_POINT('',#6445);
#1160=VERTEX_POINT('',#6450);
#1161=VERTEX_POINT('',#6451);
#1162=VERTEX_POINT('',#6456);
#1163=VERTEX_POINT('',#6457);
#1164=VERTEX_POINT('',#6493);
#1165=VERTEX_POINT('',#6494);
#1166=VERTEX_POINT('',#6496);
#1167=VERTEX_POINT('',#6545);
#1168=VERTEX_POINT('',#6554);
#1169=VERTEX_POINT('',#6565);
#1170=VERTEX_POINT('',#6566);
#1171=VERTEX_POINT('',#6568);
#1172=VERTEX_POINT('',#6572);
#1173=VERTEX_POINT('',#6573);
#1174=VERTEX_POINT('',#6578);
#1175=VERTEX_POINT('',#6579);
#1176=VERTEX_POINT('',#6584);
#1177=VERTEX_POINT('',#6585);
#1178=VERTEX_POINT('',#6656);
#1179=VERTEX_POINT('',#6657);
#1180=VERTEX_POINT('',#6666);
#1181=VERTEX_POINT('',#6708);
#1182=VERTEX_POINT('',#6709);
#1183=VERTEX_POINT('',#6798);
#1184=VERTEX_POINT('',#6799);
#1185=VERTEX_POINT('',#6801);
#1186=VERTEX_POINT('',#6805);
#1187=VERTEX_POINT('',#6806);
#1188=VERTEX_POINT('',#6811);
#1189=VERTEX_POINT('',#6812);
#1190=VERTEX_POINT('',#6817);
#1191=VERTEX_POINT('',#6818);
#1192=VERTEX_POINT('',#6924);
#1193=VERTEX_POINT('',#6925);
#1194=VERTEX_POINT('',#6934);
#1195=VERTEX_POINT('',#6976);
#1196=VERTEX_POINT('',#6977);
#1197=VERTEX_POINT('',#7102);
#1198=VERTEX_POINT('',#7107);
#1199=VERTEX_POINT('',#7109);
#1200=VERTEX_POINT('',#7166);
#1201=VERTEX_POINT('',#7178);
#1202=VERTEX_POINT('',#7183);
#1203=VERTEX_POINT('',#7240);
#1204=VERTEX_POINT('',#7249);
#1205=VERTEX_POINT('',#7314);
#1206=VERTEX_POINT('',#7316);
#1207=VERTEX_POINT('',#7381);
#1208=VERTEX_POINT('',#7384);
#1209=VERTEX_POINT('',#7390);
#1210=VERTEX_POINT('',#7394);
#1211=VERTEX_POINT('',#7398);
#1212=VERTEX_POINT('',#7402);
#1213=VERTEX_POINT('',#7405);
#1214=VERTEX_POINT('',#7409);
#1215=VERTEX_POINT('',#7413);
#1216=VERTEX_POINT('',#7418);
#1217=VERTEX_POINT('',#7425);
#1218=VERTEX_POINT('',#7428);
#1219=VERTEX_POINT('',#7432);
#1220=VERTEX_POINT('',#7435);
#1221=EDGE_CURVE('',#987,#988,#838,.T.);
#1222=EDGE_CURVE('',#987,#989,#839,.T.);
#1223=EDGE_CURVE('',#989,#990,#668,.T.);
#1224=EDGE_CURVE('',#990,#988,#669,.T.);
#1225=EDGE_CURVE('',#991,#992,#840,.F.);
#1226=EDGE_CURVE('',#992,#993,#670,.T.);
#1227=EDGE_CURVE('',#994,#993,#841,.T.);
#1228=EDGE_CURVE('',#994,#991,#671,.T.);
#1229=EDGE_CURVE('',#991,#995,#79,.T.);
#1230=EDGE_CURVE('',#994,#996,#80,.T.);
#1231=EDGE_CURVE('',#997,#996,#672,.T.);
#1232=EDGE_CURVE('',#997,#998,#81,.T.);
#1233=EDGE_CURVE('',#999,#998,#673,.T.);
#1234=EDGE_CURVE('',#998,#999,#674,.T.);
#1235=EDGE_CURVE('',#1000,#997,#675,.T.);
#1236=EDGE_CURVE('',#995,#1000,#676,.T.);
#1237=EDGE_CURVE('',#1001,#1002,#677,.T.);
#1238=EDGE_CURVE('',#1001,#1003,#82,.T.);
#1239=EDGE_CURVE('',#1003,#1004,#678,.T.);
#1240=EDGE_CURVE('',#1004,#1002,#83,.T.);
#1241=EDGE_CURVE('',#1001,#992,#84,.T.);
#1242=EDGE_CURVE('',#993,#1002,#85,.T.);
#1243=EDGE_CURVE('',#1005,#1005,#679,.T.);
#1244=EDGE_CURVE('',#1006,#1004,#86,.T.);
#1245=EDGE_CURVE('',#1007,#1006,#87,.T.);
#1246=EDGE_CURVE('',#1007,#996,#88,.T.);
#1247=EDGE_CURVE('',#1008,#1009,#680,.T.);
#1248=EDGE_CURVE('',#1008,#1010,#89,.T.);
#1249=EDGE_CURVE('',#1010,#1011,#681,.T.);
#1250=EDGE_CURVE('',#1011,#1009,#90,.T.);
#1251=EDGE_CURVE('',#1008,#1000,#91,.T.);
#1252=EDGE_CURVE('',#1000,#1012,#92,.T.);
#1253=EDGE_CURVE('',#1013,#1012,#93,.T.);
#1254=EDGE_CURVE('',#1010,#1013,#94,.T.);
#1255=EDGE_CURVE('',#1014,#1012,#682,.T.);
#1256=EDGE_CURVE('',#1014,#1015,#95,.T.);
#1257=EDGE_CURVE('',#1015,#1013,#683,.T.);
#1258=EDGE_CURVE('',#1014,#997,#96,.T.);
#1259=EDGE_CURVE('',#997,#1016,#97,.T.);
#1260=EDGE_CURVE('',#1017,#1016,#98,.T.);
#1261=EDGE_CURVE('',#1015,#1017,#99,.T.);
#1262=EDGE_CURVE('',#1007,#1016,#684,.T.);
#1263=EDGE_CURVE('',#1006,#1017,#685,.T.);
#1264=EDGE_CURVE('',#988,#990,#686,.T.);
#1265=EDGE_CURVE('',#989,#987,#842,.T.);
#1266=EDGE_CURVE('',#1018,#1018,#687,.T.);
#1267=EDGE_CURVE('',#1018,#1019,#688,.T.);
#1268=EDGE_CURVE('',#1019,#1019,#689,.T.);
#1269=EDGE_CURVE('',#1020,#1021,#690,.T.);
#1270=EDGE_CURVE('',#1020,#1019,#100,.T.);
#1271=EDGE_CURVE('',#1021,#1020,#691,.T.);
#1272=EDGE_CURVE('',#1022,#1022,#692,.T.);
#1273=EDGE_CURVE('',#1023,#1024,#843,.T.);
#1274=EDGE_CURVE('',#1024,#1025,#844,.T.);
#1275=EDGE_CURVE('',#1025,#1023,#693,.T.);
#1276=EDGE_CURVE('',#1026,#1027,#694,.T.);
#1277=EDGE_CURVE('',#1027,#1023,#845,.T.);
#1278=EDGE_CURVE('',#1025,#1026,#846,.T.);
#1279=EDGE_CURVE('',#1026,#1028,#847,.T.);
#1280=EDGE_CURVE('',#1028,#1029,#695,.T.);
#1281=EDGE_CURVE('',#1029,#1027,#848,.T.);
#1282=EDGE_CURVE('',#1030,#1031,#849,.F.);
#1283=EDGE_CURVE('',#1031,#1029,#850,.T.);
#1284=EDGE_CURVE('',#1028,#1030,#851,.T.);
#1285=EDGE_CURVE('',#1032,#1025,#696,.T.);
#1286=EDGE_CURVE('',#1033,#1032,#852,.T.);
#1287=EDGE_CURVE('',#1034,#1033,#853,.T.);
#1288=EDGE_CURVE('',#1035,#1034,#854,.T.);
#1289=EDGE_CURVE('',#1030,#1035,#697,.T.);
#1290=EDGE_CURVE('',#1024,#1036,#698,.T.);
#1291=EDGE_CURVE('',#1032,#1036,#855,.T.);
#1292=EDGE_CURVE('',#1037,#1035,#856,.F.);
#1293=EDGE_CURVE('',#1034,#1038,#699,.T.);
#1294=EDGE_CURVE('',#1038,#1037,#857,.T.);
#1295=EDGE_CURVE('',#1033,#1039,#700,.T.);
#1296=EDGE_CURVE('',#1039,#1038,#858,.T.);
#1297=EDGE_CURVE('',#1032,#1040,#701,.T.);
#1298=EDGE_CURVE('',#1040,#1039,#859,.T.);
#1299=EDGE_CURVE('',#1036,#1040,#860,.T.);
#1300=EDGE_CURVE('',#1041,#1042,#861,.T.);
#1301=EDGE_CURVE('',#1042,#1043,#862,.T.);
#1302=EDGE_CURVE('',#1043,#1041,#702,.T.);
#1303=EDGE_CURVE('',#1044,#1045,#703,.T.);
#1304=EDGE_CURVE('',#1045,#1041,#863,.T.);
#1305=EDGE_CURVE('',#1043,#1044,#864,.T.);
#1306=EDGE_CURVE('',#1044,#1046,#865,.T.);
#1307=EDGE_CURVE('',#1046,#1047,#704,.T.);
#1308=EDGE_CURVE('',#1047,#1045,#866,.T.);
#1309=EDGE_CURVE('',#1048,#1049,#867,.F.);
#1310=EDGE_CURVE('',#1049,#1047,#868,.T.);
#1311=EDGE_CURVE('',#1046,#1048,#869,.T.);
#1312=EDGE_CURVE('',#1050,#1043,#705,.T.);
#1313=EDGE_CURVE('',#1051,#1050,#870,.T.);
#1314=EDGE_CURVE('',#1052,#1051,#871,.T.);
#1315=EDGE_CURVE('',#1053,#1052,#872,.T.);
#1316=EDGE_CURVE('',#1048,#1053,#706,.T.);
#1317=EDGE_CURVE('',#1042,#1054,#707,.T.);
#1318=EDGE_CURVE('',#1050,#1054,#873,.T.);
#1319=EDGE_CURVE('',#1055,#1053,#874,.F.);
#1320=EDGE_CURVE('',#1052,#1056,#708,.T.);
#1321=EDGE_CURVE('',#1056,#1055,#875,.T.);
#1322=EDGE_CURVE('',#1051,#1057,#709,.T.);
#1323=EDGE_CURVE('',#1057,#1056,#876,.T.);
#1324=EDGE_CURVE('',#1050,#1058,#710,.T.);
#1325=EDGE_CURVE('',#1058,#1057,#877,.T.);
#1326=EDGE_CURVE('',#1054,#1058,#878,.T.);
#1327=EDGE_CURVE('',#1059,#1060,#879,.T.);
#1328=EDGE_CURVE('',#1060,#1061,#880,.T.);
#1329=EDGE_CURVE('',#1061,#1059,#711,.T.);
#1330=EDGE_CURVE('',#1062,#1063,#712,.T.);
#1331=EDGE_CURVE('',#1063,#1059,#881,.T.);
#1332=EDGE_CURVE('',#1061,#1062,#882,.T.);
#1333=EDGE_CURVE('',#1062,#1064,#883,.T.);
#1334=EDGE_CURVE('',#1064,#1065,#713,.T.);
#1335=EDGE_CURVE('',#1065,#1063,#884,.T.);
#1336=EDGE_CURVE('',#1066,#1067,#885,.F.);
#1337=EDGE_CURVE('',#1067,#1065,#886,.T.);
#1338=EDGE_CURVE('',#1064,#1066,#887,.T.);
#1339=EDGE_CURVE('',#1068,#1061,#714,.T.);
#1340=EDGE_CURVE('',#1069,#1068,#888,.T.);
#1341=EDGE_CURVE('',#1070,#1069,#889,.T.);
#1342=EDGE_CURVE('',#1071,#1070,#890,.T.);
#1343=EDGE_CURVE('',#1066,#1071,#715,.T.);
#1344=EDGE_CURVE('',#1060,#1072,#716,.T.);
#1345=EDGE_CURVE('',#1068,#1072,#891,.T.);
#1346=EDGE_CURVE('',#1073,#1071,#892,.F.);
#1347=EDGE_CURVE('',#1070,#1074,#717,.T.);
#1348=EDGE_CURVE('',#1074,#1073,#893,.T.);
#1349=EDGE_CURVE('',#1069,#1075,#718,.T.);
#1350=EDGE_CURVE('',#1075,#1074,#894,.T.);
#1351=EDGE_CURVE('',#1068,#1076,#719,.T.);
#1352=EDGE_CURVE('',#1076,#1075,#895,.T.);
#1353=EDGE_CURVE('',#1072,#1076,#896,.T.);
#1354=EDGE_CURVE('',#1077,#1078,#897,.F.);
#1355=EDGE_CURVE('',#1078,#1079,#898,.T.);
#1356=EDGE_CURVE('',#1079,#1080,#720,.T.);
#1357=EDGE_CURVE('',#1080,#1077,#899,.T.);
#1358=EDGE_CURVE('',#1081,#1082,#721,.T.);
#1359=EDGE_CURVE('',#1082,#1080,#900,.T.);
#1360=EDGE_CURVE('',#1079,#1081,#901,.T.);
#1361=EDGE_CURVE('',#1083,#1084,#722,.T.);
#1362=EDGE_CURVE('',#1084,#1082,#902,.T.);
#1363=EDGE_CURVE('',#1081,#1083,#903,.T.);
#1364=EDGE_CURVE('',#1083,#1085,#904,.T.);
#1365=EDGE_CURVE('',#1085,#1084,#905,.T.);
#1366=EDGE_CURVE('',#1083,#1086,#723,.T.);
#1367=EDGE_CURVE('',#1087,#1086,#906,.T.);
#1368=EDGE_CURVE('',#1087,#1085,#724,.T.);
#1369=EDGE_CURVE('',#1088,#1078,#725,.T.);
#1370=EDGE_CURVE('',#1089,#1088,#907,.T.);
#1371=EDGE_CURVE('',#1090,#1089,#908,.T.);
#1372=EDGE_CURVE('',#1086,#1090,#909,.T.);
#1373=EDGE_CURVE('',#1091,#1087,#910,.T.);
#1374=EDGE_CURVE('',#1086,#1091,#726,.T.);
#1375=EDGE_CURVE('',#1090,#1092,#727,.T.);
#1376=EDGE_CURVE('',#1092,#1091,#911,.T.);
#1377=EDGE_CURVE('',#1089,#1093,#728,.T.);
#1378=EDGE_CURVE('',#1093,#1092,#912,.T.);
#1379=EDGE_CURVE('',#1088,#1094,#913,.F.);
#1380=EDGE_CURVE('',#1094,#1093,#914,.T.);
#1381=EDGE_CURVE('',#1038,#1095,#915,.T.);
#1382=EDGE_CURVE('',#1095,#1096,#729,.T.);
#1383=EDGE_CURVE('',#1096,#1037,#916,.T.);
#1384=EDGE_CURVE('',#1095,#1097,#917,.T.);
#1385=EDGE_CURVE('',#1097,#1098,#730,.T.);
#1386=EDGE_CURVE('',#1098,#1096,#918,.T.);
#1387=EDGE_CURVE('',#1036,#1098,#101,.T.);
#1388=EDGE_CURVE('',#1097,#1039,#102,.T.);
#1389=EDGE_CURVE('',#1027,#1099,#103,.T.);
#1390=EDGE_CURVE('',#1099,#1100,#731,.T.);
#1391=EDGE_CURVE('',#1100,#1024,#104,.T.);
#1392=EDGE_CURVE('',#1099,#1101,#919,.T.);
#1393=EDGE_CURVE('',#1101,#1102,#732,.T.);
#1394=EDGE_CURVE('',#1102,#1100,#920,.T.);
#1395=EDGE_CURVE('',#1031,#1102,#921,.T.);
#1396=EDGE_CURVE('',#1101,#1029,#922,.T.);
#1397=EDGE_CURVE('',#1056,#1103,#923,.T.);
#1398=EDGE_CURVE('',#1103,#1104,#733,.T.);
#1399=EDGE_CURVE('',#1104,#1055,#924,.T.);
#1400=EDGE_CURVE('',#1103,#1105,#925,.T.);
#1401=EDGE_CURVE('',#1105,#1106,#734,.T.);
#1402=EDGE_CURVE('',#1106,#1104,#926,.T.);
#1403=EDGE_CURVE('',#1054,#1106,#105,.T.);
#1404=EDGE_CURVE('',#1105,#1057,#106,.T.);
#1405=EDGE_CURVE('',#1045,#1107,#107,.T.);
#1406=EDGE_CURVE('',#1107,#1108,#735,.T.);
#1407=EDGE_CURVE('',#1108,#1042,#108,.T.);
#1408=EDGE_CURVE('',#1107,#1109,#927,.T.);
#1409=EDGE_CURVE('',#1109,#1110,#736,.T.);
#1410=EDGE_CURVE('',#1110,#1108,#928,.T.);
#1411=EDGE_CURVE('',#1049,#1110,#929,.T.);
#1412=EDGE_CURVE('',#1109,#1047,#930,.T.);
#1413=EDGE_CURVE('',#1074,#1111,#931,.T.);
#1414=EDGE_CURVE('',#1111,#1112,#737,.T.);
#1415=EDGE_CURVE('',#1112,#1073,#932,.T.);
#1416=EDGE_CURVE('',#1111,#1113,#933,.T.);
#1417=EDGE_CURVE('',#1113,#1114,#738,.T.);
#1418=EDGE_CURVE('',#1114,#1112,#934,.T.);
#1419=EDGE_CURVE('',#1072,#1114,#109,.T.);
#1420=EDGE_CURVE('',#1113,#1075,#110,.T.);
#1421=EDGE_CURVE('',#1063,#1115,#111,.T.);
#1422=EDGE_CURVE('',#1115,#1116,#739,.T.);
#1423=EDGE_CURVE('',#1116,#1060,#112,.T.);
#1424=EDGE_CURVE('',#1115,#1117,#935,.T.);
#1425=EDGE_CURVE('',#1117,#1118,#740,.T.);
#1426=EDGE_CURVE('',#1118,#1116,#936,.T.);
#1427=EDGE_CURVE('',#1067,#1118,#937,.T.);
#1428=EDGE_CURVE('',#1117,#1065,#938,.T.);
#1429=EDGE_CURVE('',#1092,#1119,#113,.T.);
#1430=EDGE_CURVE('',#1119,#1120,#741,.T.);
#1431=EDGE_CURVE('',#1120,#1087,#114,.T.);
#1432=EDGE_CURVE('',#1119,#1121,#939,.T.);
#1433=EDGE_CURVE('',#1121,#1122,#742,.T.);
#1434=EDGE_CURVE('',#1122,#1120,#940,.T.);
#1435=EDGE_CURVE('',#1094,#1122,#941,.T.);
#1436=EDGE_CURVE('',#1121,#1093,#942,.T.);
#1437=EDGE_CURVE('',#1080,#1123,#943,.T.);
#1438=EDGE_CURVE('',#1123,#1124,#743,.T.);
#1439=EDGE_CURVE('',#1124,#1077,#944,.T.);
#1440=EDGE_CURVE('',#1123,#1125,#945,.T.);
#1441=EDGE_CURVE('',#1125,#1126,#744,.T.);
#1442=EDGE_CURVE('',#1126,#1124,#946,.T.);
#1443=EDGE_CURVE('',#1085,#1126,#115,.T.);
#1444=EDGE_CURVE('',#1125,#1082,#116,.T.);
#1445=EDGE_CURVE('',#1102,#1124,#745,.T.);
#1446=EDGE_CURVE('',#1126,#1100,#746,.T.);
#1447=EDGE_CURVE('',#1127,#1127,#747,.T.);
#1448=EDGE_CURVE('',#1114,#1120,#748,.T.);
#1449=EDGE_CURVE('',#1106,#1116,#749,.T.);
#1450=EDGE_CURVE('',#1098,#1108,#750,.T.);
#1451=EDGE_CURVE('',#1128,#1128,#751,.T.);
#1452=EDGE_CURVE('',#1129,#1129,#752,.T.);
#1453=EDGE_CURVE('',#1130,#1130,#753,.T.);
#1454=EDGE_CURVE('',#1131,#1131,#754,.T.);
#1455=EDGE_CURVE('',#1122,#1112,#755,.T.);
#1456=EDGE_CURVE('',#1110,#1132,#756,.T.);
#1457=EDGE_CURVE('',#1132,#1096,#757,.T.);
#1458=EDGE_CURVE('',#1118,#1104,#758,.T.);
#1459=EDGE_CURVE('',#1127,#1133,#759,.T.);
#1460=EDGE_CURVE('',#1133,#1133,#760,.T.);
#1461=EDGE_CURVE('',#1133,#1134,#117,.T.);
#1462=EDGE_CURVE('',#1134,#1134,#761,.T.);
#1463=EDGE_CURVE('',#1132,#1135,#118,.T.);
#1464=EDGE_CURVE('',#1136,#1135,#762,.T.);
#1465=EDGE_CURVE('',#1135,#1136,#763,.T.);
#1466=EDGE_CURVE('',#1137,#1137,#764,.T.);
#1467=EDGE_CURVE('',#1137,#1131,#119,.T.);
#1468=EDGE_CURVE('',#1138,#1138,#765,.T.);
#1469=EDGE_CURVE('',#1138,#1130,#120,.T.);
#1470=EDGE_CURVE('',#1139,#1139,#766,.T.);
#1471=EDGE_CURVE('',#1139,#1129,#121,.T.);
#1472=EDGE_CURVE('',#1140,#1140,#767,.T.);
#1473=EDGE_CURVE('',#1140,#1128,#122,.T.);
#1474=EDGE_CURVE('',#1141,#1142,#768,.F.);
#1475=EDGE_CURVE('',#1143,#1141,#769,.F.);
#1476=EDGE_CURVE('',#1142,#1143,#770,.F.);
#1477=EDGE_CURVE('',#1144,#1145,#771,.T.);
#1478=EDGE_CURVE('',#1145,#1143,#123,.T.);
#1479=EDGE_CURVE('',#1141,#1144,#124,.T.);
#1480=EDGE_CURVE('',#1146,#1147,#772,.T.);
#1481=EDGE_CURVE('',#1147,#1142,#125,.T.);
#1482=EDGE_CURVE('',#1143,#1146,#126,.T.);
#1483=EDGE_CURVE('',#1148,#1149,#773,.T.);
#1484=EDGE_CURVE('',#1149,#1141,#127,.T.);
#1485=EDGE_CURVE('',#1142,#1148,#128,.T.);
#1486=EDGE_CURVE('',#1150,#1151,#774,.T.);
#1487=EDGE_CURVE('',#1151,#1152,#947,.T.);
#1488=EDGE_CURVE('',#1152,#1150,#948,.T.);
#1489=EDGE_CURVE('',#1153,#1152,#949,.T.);
#1490=EDGE_CURVE('',#1152,#1154,#950,.T.);
#1491=EDGE_CURVE('',#1154,#1153,#775,.T.);
#1492=EDGE_CURVE('',#1155,#1156,#776,.F.);
#1493=EDGE_CURVE('',#1157,#1155,#777,.F.);
#1494=EDGE_CURVE('',#1156,#1157,#778,.F.);
#1495=EDGE_CURVE('',#1158,#1159,#779,.T.);
#1496=EDGE_CURVE('',#1159,#1157,#129,.T.);
#1497=EDGE_CURVE('',#1155,#1158,#130,.T.);
#1498=EDGE_CURVE('',#1160,#1161,#780,.T.);
#1499=EDGE_CURVE('',#1161,#1156,#131,.T.);
#1500=EDGE_CURVE('',#1157,#1160,#132,.T.);
#1501=EDGE_CURVE('',#1162,#1163,#781,.T.);
#1502=EDGE_CURVE('',#1163,#1155,#133,.T.);
#1503=EDGE_CURVE('',#1156,#1162,#134,.T.);
#1504=EDGE_CURVE('',#1164,#1165,#782,.T.);
#1505=EDGE_CURVE('',#1165,#1166,#951,.T.);
#1506=EDGE_CURVE('',#1166,#1164,#952,.T.);
#1507=EDGE_CURVE('',#1167,#1166,#953,.T.);
#1508=EDGE_CURVE('',#1166,#1168,#954,.T.);
#1509=EDGE_CURVE('',#1168,#1167,#783,.T.);
#1510=EDGE_CURVE('',#1169,#1170,#784,.F.);
#1511=EDGE_CURVE('',#1171,#1169,#785,.F.);
#1512=EDGE_CURVE('',#1170,#1171,#786,.F.);
#1513=EDGE_CURVE('',#1172,#1173,#787,.T.);
#1514=EDGE_CURVE('',#1173,#1171,#135,.T.);
#1515=EDGE_CURVE('',#1169,#1172,#136,.T.);
#1516=EDGE_CURVE('',#1174,#1175,#788,.T.);
#1517=EDGE_CURVE('',#1175,#1170,#137,.T.);
#1518=EDGE_CURVE('',#1171,#1174,#138,.T.);
#1519=EDGE_CURVE('',#1176,#1177,#789,.T.);
#1520=EDGE_CURVE('',#1177,#1169,#139,.T.);
#1521=EDGE_CURVE('',#1170,#1176,#140,.T.);
#1522=EDGE_CURVE('',#1172,#1165,#955,.T.);
#1523=EDGE_CURVE('',#1164,#1173,#956,.T.);
#1524=EDGE_CURVE('',#1178,#1179,#957,.T.);
#1525=EDGE_CURVE('',#1179,#1180,#958,.T.);
#1526=EDGE_CURVE('',#1180,#1178,#790,.T.);
#1527=EDGE_CURVE('',#1181,#1182,#791,.T.);
#1528=EDGE_CURVE('',#1182,#1179,#959,.T.);
#1529=EDGE_CURVE('',#1179,#1181,#960,.T.);
#1530=EDGE_CURVE('',#1180,#1175,#961,.T.);
#1531=EDGE_CURVE('',#1174,#1178,#962,.T.);
#1532=EDGE_CURVE('',#1168,#1161,#963,.T.);
#1533=EDGE_CURVE('',#1160,#1167,#964,.T.);
#1534=EDGE_CURVE('',#1183,#1184,#792,.F.);
#1535=EDGE_CURVE('',#1185,#1183,#793,.F.);
#1536=EDGE_CURVE('',#1184,#1185,#794,.F.);
#1537=EDGE_CURVE('',#1186,#1187,#795,.T.);
#1538=EDGE_CURVE('',#1187,#1185,#141,.T.);
#1539=EDGE_CURVE('',#1183,#1186,#142,.T.);
#1540=EDGE_CURVE('',#1188,#1189,#796,.T.);
#1541=EDGE_CURVE('',#1189,#1184,#143,.T.);
#1542=EDGE_CURVE('',#1185,#1188,#144,.T.);
#1543=EDGE_CURVE('',#1190,#1191,#797,.T.);
#1544=EDGE_CURVE('',#1191,#1183,#145,.T.);
#1545=EDGE_CURVE('',#1184,#1190,#146,.T.);
#1546=EDGE_CURVE('',#1190,#1182,#965,.T.);
#1547=EDGE_CURVE('',#1181,#1191,#966,.T.);
#1548=EDGE_CURVE('',#1158,#1151,#967,.T.);
#1549=EDGE_CURVE('',#1150,#1159,#968,.T.);
#1550=EDGE_CURVE('',#1192,#1193,#969,.T.);
#1551=EDGE_CURVE('',#1193,#1194,#970,.T.);
#1552=EDGE_CURVE('',#1194,#1192,#798,.T.);
#1553=EDGE_CURVE('',#1195,#1196,#799,.T.);
#1554=EDGE_CURVE('',#1196,#1193,#971,.T.);
#1555=EDGE_CURVE('',#1193,#1195,#972,.T.);
#1556=EDGE_CURVE('',#1194,#1187,#973,.T.);
#1557=EDGE_CURVE('',#1186,#1192,#974,.T.);
#1558=EDGE_CURVE('',#1154,#1147,#975,.T.);
#1559=EDGE_CURVE('',#1146,#1153,#976,.T.);
#1560=EDGE_CURVE('',#1144,#1196,#977,.T.);
#1561=EDGE_CURVE('',#1195,#1145,#978,.T.);
#1562=EDGE_CURVE('',#1160,#1159,#800,.T.);
#1563=EDGE_CURVE('',#1197,#1197,#801,.T.);
#1564=EDGE_CURVE('',#1162,#1177,#147,.T.);
#1565=EDGE_CURVE('',#1150,#1198,#802,.T.);
#1566=EDGE_CURVE('',#1198,#1199,#803,.T.);
#1567=EDGE_CURVE('',#1199,#1167,#804,.T.);
#1568=EDGE_CURVE('',#1152,#1198,#979,.T.);
#1569=EDGE_CURVE('',#1200,#1153,#805,.T.);
#1570=EDGE_CURVE('',#1200,#1152,#980,.T.);
#1571=EDGE_CURVE('',#1176,#1189,#148,.T.);
#1572=EDGE_CURVE('',#1146,#1145,#806,.T.);
#1573=EDGE_CURVE('',#1201,#1201,#807,.T.);
#1574=EDGE_CURVE('',#1188,#1149,#149,.T.);
#1575=EDGE_CURVE('',#1195,#1202,#808,.T.);
#1576=EDGE_CURVE('',#1202,#1200,#809,.T.);
#1577=EDGE_CURVE('',#1193,#1202,#981,.T.);
#1578=EDGE_CURVE('',#1203,#1192,#810,.T.);
#1579=EDGE_CURVE('',#1203,#1193,#982,.T.);
#1580=EDGE_CURVE('',#1181,#1204,#811,.T.);
#1581=EDGE_CURVE('',#1204,#1203,#812,.T.);
#1582=EDGE_CURVE('',#1186,#1191,#813,.T.);
#1583=EDGE_CURVE('',#1179,#1204,#983,.T.);
#1584=EDGE_CURVE('',#1199,#1166,#984,.T.);
#1585=EDGE_CURVE('',#1164,#1205,#814,.T.);
#1586=EDGE_CURVE('',#1205,#1206,#815,.T.);
#1587=EDGE_CURVE('',#1206,#1178,#816,.T.);
#1588=EDGE_CURVE('',#1174,#1173,#817,.T.);
#1589=EDGE_CURVE('',#1166,#1205,#985,.T.);
#1590=EDGE_CURVE('',#1206,#1179,#986,.T.);
#1591=EDGE_CURVE('',#1207,#1207,#818,.T.);
#1592=EDGE_CURVE('',#1208,#1208,#819,.T.);
#1593=EDGE_CURVE('',#1208,#1136,#820,.T.);
#1594=EDGE_CURVE('',#1208,#1152,#150,.T.);
#1595=EDGE_CURVE('',#1022,#1209,#821,.T.);
#1596=EDGE_CURVE('',#1209,#1209,#822,.T.);
#1597=EDGE_CURVE('',#1209,#1210,#151,.T.);
#1598=EDGE_CURVE('',#1210,#1210,#823,.T.);
#1599=EDGE_CURVE('',#1210,#1211,#824,.T.);
#1600=EDGE_CURVE('',#1211,#1211,#825,.T.);
#1601=EDGE_CURVE('',#1212,#1212,#826,.T.);
#1602=EDGE_CURVE('',#1212,#1213,#827,.T.);
#1603=EDGE_CURVE('',#1213,#1213,#828,.T.);
#1604=EDGE_CURVE('',#1214,#1214,#829,.T.);
#1605=EDGE_CURVE('',#1214,#1213,#152,.T.);
#1606=EDGE_CURVE('',#1214,#1215,#830,.T.);
#1607=EDGE_CURVE('',#1215,#1215,#831,.T.);
#1608=EDGE_CURVE('',#987,#1216,#832,.T.);
#1609=EDGE_CURVE('',#1216,#1216,#833,.T.);
#1610=EDGE_CURVE('',#1021,#999,#153,.T.);
#1611=EDGE_CURVE('',#1217,#1217,#834,.T.);
#1612=EDGE_CURVE('',#1218,#1218,#835,.T.);
#1613=EDGE_CURVE('',#995,#1009,#154,.T.);
#1614=EDGE_CURVE('',#1219,#1219,#836,.T.);
#1615=EDGE_CURVE('',#1220,#1220,#837,.T.);
#1616=EDGE_CURVE('',#1005,#1197,#155,.T.);
#1617=EDGE_CURVE('',#1219,#1201,#156,.T.);
#1618=EDGE_CURVE('',#1220,#1217,#157,.T.);
#1619=EDGE_CURVE('',#1218,#1207,#158,.T.);
#1620=EDGE_CURVE('',#1003,#1011,#159,.T.);
#1621=EDGE_CURVE('',#1148,#1163,#160,.T.);
#1622=ORIENTED_EDGE('',*,*,#1221,.F.);
#1623=ORIENTED_EDGE('',*,*,#1222,.T.);
#1624=ORIENTED_EDGE('',*,*,#1223,.T.);
#1625=ORIENTED_EDGE('',*,*,#1224,.T.);
#1626=ORIENTED_EDGE('',*,*,#1225,.T.);
#1627=ORIENTED_EDGE('',*,*,#1226,.T.);
#1628=ORIENTED_EDGE('',*,*,#1227,.F.);
#1629=ORIENTED_EDGE('',*,*,#1228,.T.);
#1630=ORIENTED_EDGE('',*,*,#1229,.F.);
#1631=ORIENTED_EDGE('',*,*,#1228,.F.);
#1632=ORIENTED_EDGE('',*,*,#1230,.T.);
#1633=ORIENTED_EDGE('',*,*,#1231,.F.);
#1634=ORIENTED_EDGE('',*,*,#1232,.T.);
#1635=ORIENTED_EDGE('',*,*,#1233,.F.);
#1636=ORIENTED_EDGE('',*,*,#1234,.F.);
#1637=ORIENTED_EDGE('',*,*,#1232,.F.);
#1638=ORIENTED_EDGE('',*,*,#1235,.F.);
#1639=ORIENTED_EDGE('',*,*,#1236,.F.);
#1640=ORIENTED_EDGE('',*,*,#1237,.F.);
#1641=ORIENTED_EDGE('',*,*,#1238,.T.);
#1642=ORIENTED_EDGE('',*,*,#1239,.T.);
#1643=ORIENTED_EDGE('',*,*,#1240,.T.);
#1644=ORIENTED_EDGE('',*,*,#1226,.F.);
#1645=ORIENTED_EDGE('',*,*,#1241,.F.);
#1646=ORIENTED_EDGE('',*,*,#1237,.T.);
#1647=ORIENTED_EDGE('',*,*,#1242,.F.);
#1648=ORIENTED_EDGE('',*,*,#1243,.T.);
#1649=ORIENTED_EDGE('',*,*,#1240,.F.);
#1650=ORIENTED_EDGE('',*,*,#1244,.F.);
#1651=ORIENTED_EDGE('',*,*,#1245,.F.);
#1652=ORIENTED_EDGE('',*,*,#1246,.T.);
#1653=ORIENTED_EDGE('',*,*,#1230,.F.);
#1654=ORIENTED_EDGE('',*,*,#1227,.T.);
#1655=ORIENTED_EDGE('',*,*,#1242,.T.);
#1656=ORIENTED_EDGE('',*,*,#1247,.F.);
#1657=ORIENTED_EDGE('',*,*,#1248,.T.);
#1658=ORIENTED_EDGE('',*,*,#1249,.T.);
#1659=ORIENTED_EDGE('',*,*,#1250,.T.);
#1660=ORIENTED_EDGE('',*,*,#1248,.F.);
#1661=ORIENTED_EDGE('',*,*,#1251,.T.);
#1662=ORIENTED_EDGE('',*,*,#1252,.T.);
#1663=ORIENTED_EDGE('',*,*,#1253,.F.);
#1664=ORIENTED_EDGE('',*,*,#1254,.F.);
#1665=ORIENTED_EDGE('',*,*,#1255,.F.);
#1666=ORIENTED_EDGE('',*,*,#1256,.T.);
#1667=ORIENTED_EDGE('',*,*,#1257,.T.);
#1668=ORIENTED_EDGE('',*,*,#1253,.T.);
#1669=ORIENTED_EDGE('',*,*,#1256,.F.);
#1670=ORIENTED_EDGE('',*,*,#1258,.T.);
#1671=ORIENTED_EDGE('',*,*,#1259,.T.);
#1672=ORIENTED_EDGE('',*,*,#1260,.F.);
#1673=ORIENTED_EDGE('',*,*,#1261,.F.);
#1674=ORIENTED_EDGE('',*,*,#1262,.F.);
#1675=ORIENTED_EDGE('',*,*,#1245,.T.);
#1676=ORIENTED_EDGE('',*,*,#1263,.T.);
#1677=ORIENTED_EDGE('',*,*,#1260,.T.);
#1678=ORIENTED_EDGE('',*,*,#1221,.T.);
#1679=ORIENTED_EDGE('',*,*,#1264,.T.);
#1680=ORIENTED_EDGE('',*,*,#1223,.F.);
#1681=ORIENTED_EDGE('',*,*,#1265,.T.);
#1682=ORIENTED_EDGE('',*,*,#1266,.T.);
#1683=ORIENTED_EDGE('',*,*,#1267,.T.);
#1684=ORIENTED_EDGE('',*,*,#1268,.T.);
#1685=ORIENTED_EDGE('',*,*,#1267,.F.);
#1686=ORIENTED_EDGE('',*,*,#1269,.F.);
#1687=ORIENTED_EDGE('',*,*,#1270,.T.);
#1688=ORIENTED_EDGE('',*,*,#1268,.F.);
#1689=ORIENTED_EDGE('',*,*,#1270,.F.);
#1690=ORIENTED_EDGE('',*,*,#1271,.F.);
#1691=ORIENTED_EDGE('',*,*,#1272,.F.);
#1692=ORIENTED_EDGE('',*,*,#1266,.F.);
#1693=ORIENTED_EDGE('',*,*,#1273,.T.);
#1694=ORIENTED_EDGE('',*,*,#1274,.T.);
#1695=ORIENTED_EDGE('',*,*,#1275,.T.);
#1696=ORIENTED_EDGE('',*,*,#1276,.T.);
#1697=ORIENTED_EDGE('',*,*,#1277,.T.);
#1698=ORIENTED_EDGE('',*,*,#1275,.F.);
#1699=ORIENTED_EDGE('',*,*,#1278,.T.);
#1700=ORIENTED_EDGE('',*,*,#1276,.F.);
#1701=ORIENTED_EDGE('',*,*,#1279,.T.);
#1702=ORIENTED_EDGE('',*,*,#1280,.T.);
#1703=ORIENTED_EDGE('',*,*,#1281,.T.);
#1704=ORIENTED_EDGE('',*,*,#1282,.T.);
#1705=ORIENTED_EDGE('',*,*,#1283,.T.);
#1706=ORIENTED_EDGE('',*,*,#1280,.F.);
#1707=ORIENTED_EDGE('',*,*,#1284,.T.);
#1708=ORIENTED_EDGE('',*,*,#1284,.F.);
#1709=ORIENTED_EDGE('',*,*,#1279,.F.);
#1710=ORIENTED_EDGE('',*,*,#1278,.F.);
#1711=ORIENTED_EDGE('',*,*,#1285,.F.);
#1712=ORIENTED_EDGE('',*,*,#1286,.F.);
#1713=ORIENTED_EDGE('',*,*,#1287,.F.);
#1714=ORIENTED_EDGE('',*,*,#1288,.F.);
#1715=ORIENTED_EDGE('',*,*,#1289,.F.);
#1716=ORIENTED_EDGE('',*,*,#1274,.F.);
#1717=ORIENTED_EDGE('',*,*,#1290,.T.);
#1718=ORIENTED_EDGE('',*,*,#1291,.F.);
#1719=ORIENTED_EDGE('',*,*,#1285,.T.);
#1720=ORIENTED_EDGE('',*,*,#1292,.T.);
#1721=ORIENTED_EDGE('',*,*,#1288,.T.);
#1722=ORIENTED_EDGE('',*,*,#1293,.T.);
#1723=ORIENTED_EDGE('',*,*,#1294,.T.);
#1724=ORIENTED_EDGE('',*,*,#1295,.T.);
#1725=ORIENTED_EDGE('',*,*,#1296,.T.);
#1726=ORIENTED_EDGE('',*,*,#1293,.F.);
#1727=ORIENTED_EDGE('',*,*,#1287,.T.);
#1728=ORIENTED_EDGE('',*,*,#1297,.T.);
#1729=ORIENTED_EDGE('',*,*,#1298,.T.);
#1730=ORIENTED_EDGE('',*,*,#1295,.F.);
#1731=ORIENTED_EDGE('',*,*,#1286,.T.);
#1732=ORIENTED_EDGE('',*,*,#1297,.F.);
#1733=ORIENTED_EDGE('',*,*,#1291,.T.);
#1734=ORIENTED_EDGE('',*,*,#1299,.T.);
#1735=ORIENTED_EDGE('',*,*,#1300,.T.);
#1736=ORIENTED_EDGE('',*,*,#1301,.T.);
#1737=ORIENTED_EDGE('',*,*,#1302,.T.);
#1738=ORIENTED_EDGE('',*,*,#1303,.T.);
#1739=ORIENTED_EDGE('',*,*,#1304,.T.);
#1740=ORIENTED_EDGE('',*,*,#1302,.F.);
#1741=ORIENTED_EDGE('',*,*,#1305,.T.);
#1742=ORIENTED_EDGE('',*,*,#1303,.F.);
#1743=ORIENTED_EDGE('',*,*,#1306,.T.);
#1744=ORIENTED_EDGE('',*,*,#1307,.T.);
#1745=ORIENTED_EDGE('',*,*,#1308,.T.);
#1746=ORIENTED_EDGE('',*,*,#1309,.T.);
#1747=ORIENTED_EDGE('',*,*,#1310,.T.);
#1748=ORIENTED_EDGE('',*,*,#1307,.F.);
#1749=ORIENTED_EDGE('',*,*,#1311,.T.);
#1750=ORIENTED_EDGE('',*,*,#1311,.F.);
#1751=ORIENTED_EDGE('',*,*,#1306,.F.);
#1752=ORIENTED_EDGE('',*,*,#1305,.F.);
#1753=ORIENTED_EDGE('',*,*,#1312,.F.);
#1754=ORIENTED_EDGE('',*,*,#1313,.F.);
#1755=ORIENTED_EDGE('',*,*,#1314,.F.);
#1756=ORIENTED_EDGE('',*,*,#1315,.F.);
#1757=ORIENTED_EDGE('',*,*,#1316,.F.);
#1758=ORIENTED_EDGE('',*,*,#1301,.F.);
#1759=ORIENTED_EDGE('',*,*,#1317,.T.);
#1760=ORIENTED_EDGE('',*,*,#1318,.F.);
#1761=ORIENTED_EDGE('',*,*,#1312,.T.);
#1762=ORIENTED_EDGE('',*,*,#1319,.T.);
#1763=ORIENTED_EDGE('',*,*,#1315,.T.);
#1764=ORIENTED_EDGE('',*,*,#1320,.T.);
#1765=ORIENTED_EDGE('',*,*,#1321,.T.);
#1766=ORIENTED_EDGE('',*,*,#1322,.T.);
#1767=ORIENTED_EDGE('',*,*,#1323,.T.);
#1768=ORIENTED_EDGE('',*,*,#1320,.F.);
#1769=ORIENTED_EDGE('',*,*,#1314,.T.);
#1770=ORIENTED_EDGE('',*,*,#1324,.T.);
#1771=ORIENTED_EDGE('',*,*,#1325,.T.);
#1772=ORIENTED_EDGE('',*,*,#1322,.F.);
#1773=ORIENTED_EDGE('',*,*,#1313,.T.);
#1774=ORIENTED_EDGE('',*,*,#1324,.F.);
#1775=ORIENTED_EDGE('',*,*,#1318,.T.);
#1776=ORIENTED_EDGE('',*,*,#1326,.T.);
#1777=ORIENTED_EDGE('',*,*,#1327,.T.);
#1778=ORIENTED_EDGE('',*,*,#1328,.T.);
#1779=ORIENTED_EDGE('',*,*,#1329,.T.);
#1780=ORIENTED_EDGE('',*,*,#1330,.T.);
#1781=ORIENTED_EDGE('',*,*,#1331,.T.);
#1782=ORIENTED_EDGE('',*,*,#1329,.F.);
#1783=ORIENTED_EDGE('',*,*,#1332,.T.);
#1784=ORIENTED_EDGE('',*,*,#1330,.F.);
#1785=ORIENTED_EDGE('',*,*,#1333,.T.);
#1786=ORIENTED_EDGE('',*,*,#1334,.T.);
#1787=ORIENTED_EDGE('',*,*,#1335,.T.);
#1788=ORIENTED_EDGE('',*,*,#1336,.T.);
#1789=ORIENTED_EDGE('',*,*,#1337,.T.);
#1790=ORIENTED_EDGE('',*,*,#1334,.F.);
#1791=ORIENTED_EDGE('',*,*,#1338,.T.);
#1792=ORIENTED_EDGE('',*,*,#1338,.F.);
#1793=ORIENTED_EDGE('',*,*,#1333,.F.);
#1794=ORIENTED_EDGE('',*,*,#1332,.F.);
#1795=ORIENTED_EDGE('',*,*,#1339,.F.);
#1796=ORIENTED_EDGE('',*,*,#1340,.F.);
#1797=ORIENTED_EDGE('',*,*,#1341,.F.);
#1798=ORIENTED_EDGE('',*,*,#1342,.F.);
#1799=ORIENTED_EDGE('',*,*,#1343,.F.);
#1800=ORIENTED_EDGE('',*,*,#1328,.F.);
#1801=ORIENTED_EDGE('',*,*,#1344,.T.);
#1802=ORIENTED_EDGE('',*,*,#1345,.F.);
#1803=ORIENTED_EDGE('',*,*,#1339,.T.);
#1804=ORIENTED_EDGE('',*,*,#1346,.T.);
#1805=ORIENTED_EDGE('',*,*,#1342,.T.);
#1806=ORIENTED_EDGE('',*,*,#1347,.T.);
#1807=ORIENTED_EDGE('',*,*,#1348,.T.);
#1808=ORIENTED_EDGE('',*,*,#1349,.T.);
#1809=ORIENTED_EDGE('',*,*,#1350,.T.);
#1810=ORIENTED_EDGE('',*,*,#1347,.F.);
#1811=ORIENTED_EDGE('',*,*,#1341,.T.);
#1812=ORIENTED_EDGE('',*,*,#1351,.T.);
#1813=ORIENTED_EDGE('',*,*,#1352,.T.);
#1814=ORIENTED_EDGE('',*,*,#1349,.F.);
#1815=ORIENTED_EDGE('',*,*,#1340,.T.);
#1816=ORIENTED_EDGE('',*,*,#1351,.F.);
#1817=ORIENTED_EDGE('',*,*,#1345,.T.);
#1818=ORIENTED_EDGE('',*,*,#1353,.T.);
#1819=ORIENTED_EDGE('',*,*,#1354,.T.);
#1820=ORIENTED_EDGE('',*,*,#1355,.T.);
#1821=ORIENTED_EDGE('',*,*,#1356,.T.);
#1822=ORIENTED_EDGE('',*,*,#1357,.T.);
#1823=ORIENTED_EDGE('',*,*,#1358,.T.);
#1824=ORIENTED_EDGE('',*,*,#1359,.T.);
#1825=ORIENTED_EDGE('',*,*,#1356,.F.);
#1826=ORIENTED_EDGE('',*,*,#1360,.T.);
#1827=ORIENTED_EDGE('',*,*,#1361,.T.);
#1828=ORIENTED_EDGE('',*,*,#1362,.T.);
#1829=ORIENTED_EDGE('',*,*,#1358,.F.);
#1830=ORIENTED_EDGE('',*,*,#1363,.T.);
#1831=ORIENTED_EDGE('',*,*,#1361,.F.);
#1832=ORIENTED_EDGE('',*,*,#1364,.T.);
#1833=ORIENTED_EDGE('',*,*,#1365,.T.);
#1834=ORIENTED_EDGE('',*,*,#1364,.F.);
#1835=ORIENTED_EDGE('',*,*,#1366,.T.);
#1836=ORIENTED_EDGE('',*,*,#1367,.F.);
#1837=ORIENTED_EDGE('',*,*,#1368,.T.);
#1838=ORIENTED_EDGE('',*,*,#1363,.F.);
#1839=ORIENTED_EDGE('',*,*,#1360,.F.);
#1840=ORIENTED_EDGE('',*,*,#1355,.F.);
#1841=ORIENTED_EDGE('',*,*,#1369,.F.);
#1842=ORIENTED_EDGE('',*,*,#1370,.F.);
#1843=ORIENTED_EDGE('',*,*,#1371,.F.);
#1844=ORIENTED_EDGE('',*,*,#1372,.F.);
#1845=ORIENTED_EDGE('',*,*,#1366,.F.);
#1846=ORIENTED_EDGE('',*,*,#1373,.T.);
#1847=ORIENTED_EDGE('',*,*,#1367,.T.);
#1848=ORIENTED_EDGE('',*,*,#1374,.T.);
#1849=ORIENTED_EDGE('',*,*,#1375,.T.);
#1850=ORIENTED_EDGE('',*,*,#1376,.T.);
#1851=ORIENTED_EDGE('',*,*,#1374,.F.);
#1852=ORIENTED_EDGE('',*,*,#1372,.T.);
#1853=ORIENTED_EDGE('',*,*,#1375,.F.);
#1854=ORIENTED_EDGE('',*,*,#1371,.T.);
#1855=ORIENTED_EDGE('',*,*,#1377,.T.);
#1856=ORIENTED_EDGE('',*,*,#1378,.T.);
#1857=ORIENTED_EDGE('',*,*,#1379,.T.);
#1858=ORIENTED_EDGE('',*,*,#1380,.T.);
#1859=ORIENTED_EDGE('',*,*,#1377,.F.);
#1860=ORIENTED_EDGE('',*,*,#1370,.T.);
#1861=ORIENTED_EDGE('',*,*,#1294,.F.);
#1862=ORIENTED_EDGE('',*,*,#1381,.T.);
#1863=ORIENTED_EDGE('',*,*,#1382,.T.);
#1864=ORIENTED_EDGE('',*,*,#1383,.T.);
#1865=ORIENTED_EDGE('',*,*,#1382,.F.);
#1866=ORIENTED_EDGE('',*,*,#1384,.T.);
#1867=ORIENTED_EDGE('',*,*,#1385,.T.);
#1868=ORIENTED_EDGE('',*,*,#1386,.T.);
#1869=ORIENTED_EDGE('',*,*,#1299,.F.);
#1870=ORIENTED_EDGE('',*,*,#1387,.T.);
#1871=ORIENTED_EDGE('',*,*,#1385,.F.);
#1872=ORIENTED_EDGE('',*,*,#1388,.T.);
#1873=ORIENTED_EDGE('',*,*,#1298,.F.);
#1874=ORIENTED_EDGE('',*,*,#1277,.F.);
#1875=ORIENTED_EDGE('',*,*,#1389,.T.);
#1876=ORIENTED_EDGE('',*,*,#1390,.T.);
#1877=ORIENTED_EDGE('',*,*,#1391,.T.);
#1878=ORIENTED_EDGE('',*,*,#1273,.F.);
#1879=ORIENTED_EDGE('',*,*,#1390,.F.);
#1880=ORIENTED_EDGE('',*,*,#1392,.T.);
#1881=ORIENTED_EDGE('',*,*,#1393,.T.);
#1882=ORIENTED_EDGE('',*,*,#1394,.T.);
#1883=ORIENTED_EDGE('',*,*,#1283,.F.);
#1884=ORIENTED_EDGE('',*,*,#1395,.T.);
#1885=ORIENTED_EDGE('',*,*,#1393,.F.);
#1886=ORIENTED_EDGE('',*,*,#1396,.T.);
#1887=ORIENTED_EDGE('',*,*,#1281,.F.);
#1888=ORIENTED_EDGE('',*,*,#1396,.F.);
#1889=ORIENTED_EDGE('',*,*,#1392,.F.);
#1890=ORIENTED_EDGE('',*,*,#1389,.F.);
#1891=ORIENTED_EDGE('',*,*,#1296,.F.);
#1892=ORIENTED_EDGE('',*,*,#1388,.F.);
#1893=ORIENTED_EDGE('',*,*,#1384,.F.);
#1894=ORIENTED_EDGE('',*,*,#1381,.F.);
#1895=ORIENTED_EDGE('',*,*,#1321,.F.);
#1896=ORIENTED_EDGE('',*,*,#1397,.T.);
#1897=ORIENTED_EDGE('',*,*,#1398,.T.);
#1898=ORIENTED_EDGE('',*,*,#1399,.T.);
#1899=ORIENTED_EDGE('',*,*,#1398,.F.);
#1900=ORIENTED_EDGE('',*,*,#1400,.T.);
#1901=ORIENTED_EDGE('',*,*,#1401,.T.);
#1902=ORIENTED_EDGE('',*,*,#1402,.T.);
#1903=ORIENTED_EDGE('',*,*,#1326,.F.);
#1904=ORIENTED_EDGE('',*,*,#1403,.T.);
#1905=ORIENTED_EDGE('',*,*,#1401,.F.);
#1906=ORIENTED_EDGE('',*,*,#1404,.T.);
#1907=ORIENTED_EDGE('',*,*,#1325,.F.);
#1908=ORIENTED_EDGE('',*,*,#1304,.F.);
#1909=ORIENTED_EDGE('',*,*,#1405,.T.);
#1910=ORIENTED_EDGE('',*,*,#1406,.T.);
#1911=ORIENTED_EDGE('',*,*,#1407,.T.);
#1912=ORIENTED_EDGE('',*,*,#1300,.F.);
#1913=ORIENTED_EDGE('',*,*,#1406,.F.);
#1914=ORIENTED_EDGE('',*,*,#1408,.T.);
#1915=ORIENTED_EDGE('',*,*,#1409,.T.);
#1916=ORIENTED_EDGE('',*,*,#1410,.T.);
#1917=ORIENTED_EDGE('',*,*,#1310,.F.);
#1918=ORIENTED_EDGE('',*,*,#1411,.T.);
#1919=ORIENTED_EDGE('',*,*,#1409,.F.);
#1920=ORIENTED_EDGE('',*,*,#1412,.T.);
#1921=ORIENTED_EDGE('',*,*,#1308,.F.);
#1922=ORIENTED_EDGE('',*,*,#1412,.F.);
#1923=ORIENTED_EDGE('',*,*,#1408,.F.);
#1924=ORIENTED_EDGE('',*,*,#1405,.F.);
#1925=ORIENTED_EDGE('',*,*,#1323,.F.);
#1926=ORIENTED_EDGE('',*,*,#1404,.F.);
#1927=ORIENTED_EDGE('',*,*,#1400,.F.);
#1928=ORIENTED_EDGE('',*,*,#1397,.F.);
#1929=ORIENTED_EDGE('',*,*,#1348,.F.);
#1930=ORIENTED_EDGE('',*,*,#1413,.T.);
#1931=ORIENTED_EDGE('',*,*,#1414,.T.);
#1932=ORIENTED_EDGE('',*,*,#1415,.T.);
#1933=ORIENTED_EDGE('',*,*,#1414,.F.);
#1934=ORIENTED_EDGE('',*,*,#1416,.T.);
#1935=ORIENTED_EDGE('',*,*,#1417,.T.);
#1936=ORIENTED_EDGE('',*,*,#1418,.T.);
#1937=ORIENTED_EDGE('',*,*,#1353,.F.);
#1938=ORIENTED_EDGE('',*,*,#1419,.T.);
#1939=ORIENTED_EDGE('',*,*,#1417,.F.);
#1940=ORIENTED_EDGE('',*,*,#1420,.T.);
#1941=ORIENTED_EDGE('',*,*,#1352,.F.);
#1942=ORIENTED_EDGE('',*,*,#1331,.F.);
#1943=ORIENTED_EDGE('',*,*,#1421,.T.);
#1944=ORIENTED_EDGE('',*,*,#1422,.T.);
#1945=ORIENTED_EDGE('',*,*,#1423,.T.);
#1946=ORIENTED_EDGE('',*,*,#1327,.F.);
#1947=ORIENTED_EDGE('',*,*,#1422,.F.);
#1948=ORIENTED_EDGE('',*,*,#1424,.T.);
#1949=ORIENTED_EDGE('',*,*,#1425,.T.);
#1950=ORIENTED_EDGE('',*,*,#1426,.T.);
#1951=ORIENTED_EDGE('',*,*,#1337,.F.);
#1952=ORIENTED_EDGE('',*,*,#1427,.T.);
#1953=ORIENTED_EDGE('',*,*,#1425,.F.);
#1954=ORIENTED_EDGE('',*,*,#1428,.T.);
#1955=ORIENTED_EDGE('',*,*,#1335,.F.);
#1956=ORIENTED_EDGE('',*,*,#1428,.F.);
#1957=ORIENTED_EDGE('',*,*,#1424,.F.);
#1958=ORIENTED_EDGE('',*,*,#1421,.F.);
#1959=ORIENTED_EDGE('',*,*,#1350,.F.);
#1960=ORIENTED_EDGE('',*,*,#1420,.F.);
#1961=ORIENTED_EDGE('',*,*,#1416,.F.);
#1962=ORIENTED_EDGE('',*,*,#1413,.F.);
#1963=ORIENTED_EDGE('',*,*,#1376,.F.);
#1964=ORIENTED_EDGE('',*,*,#1429,.T.);
#1965=ORIENTED_EDGE('',*,*,#1430,.T.);
#1966=ORIENTED_EDGE('',*,*,#1431,.T.);
#1967=ORIENTED_EDGE('',*,*,#1373,.F.);
#1968=ORIENTED_EDGE('',*,*,#1430,.F.);
#1969=ORIENTED_EDGE('',*,*,#1432,.T.);
#1970=ORIENTED_EDGE('',*,*,#1433,.T.);
#1971=ORIENTED_EDGE('',*,*,#1434,.T.);
#1972=ORIENTED_EDGE('',*,*,#1380,.F.);
#1973=ORIENTED_EDGE('',*,*,#1435,.T.);
#1974=ORIENTED_EDGE('',*,*,#1433,.F.);
#1975=ORIENTED_EDGE('',*,*,#1436,.T.);
#1976=ORIENTED_EDGE('',*,*,#1357,.F.);
#1977=ORIENTED_EDGE('',*,*,#1437,.T.);
#1978=ORIENTED_EDGE('',*,*,#1438,.T.);
#1979=ORIENTED_EDGE('',*,*,#1439,.T.);
#1980=ORIENTED_EDGE('',*,*,#1438,.F.);
#1981=ORIENTED_EDGE('',*,*,#1440,.T.);
#1982=ORIENTED_EDGE('',*,*,#1441,.T.);
#1983=ORIENTED_EDGE('',*,*,#1442,.T.);
#1984=ORIENTED_EDGE('',*,*,#1365,.F.);
#1985=ORIENTED_EDGE('',*,*,#1443,.T.);
#1986=ORIENTED_EDGE('',*,*,#1441,.F.);
#1987=ORIENTED_EDGE('',*,*,#1444,.T.);
#1988=ORIENTED_EDGE('',*,*,#1362,.F.);
#1989=ORIENTED_EDGE('',*,*,#1378,.F.);
#1990=ORIENTED_EDGE('',*,*,#1436,.F.);
#1991=ORIENTED_EDGE('',*,*,#1432,.F.);
#1992=ORIENTED_EDGE('',*,*,#1429,.F.);
#1993=ORIENTED_EDGE('',*,*,#1359,.F.);
#1994=ORIENTED_EDGE('',*,*,#1444,.F.);
#1995=ORIENTED_EDGE('',*,*,#1440,.F.);
#1996=ORIENTED_EDGE('',*,*,#1437,.F.);
#1997=ORIENTED_EDGE('',*,*,#1394,.F.);
#1998=ORIENTED_EDGE('',*,*,#1445,.T.);
#1999=ORIENTED_EDGE('',*,*,#1442,.F.);
#2000=ORIENTED_EDGE('',*,*,#1446,.T.);
#2001=ORIENTED_EDGE('',*,*,#1447,.F.);
#2002=ORIENTED_EDGE('',*,*,#1391,.F.);
#2003=ORIENTED_EDGE('',*,*,#1446,.F.);
#2004=ORIENTED_EDGE('',*,*,#1443,.F.);
#2005=ORIENTED_EDGE('',*,*,#1368,.F.);
#2006=ORIENTED_EDGE('',*,*,#1431,.F.);
#2007=ORIENTED_EDGE('',*,*,#1448,.F.);
#2008=ORIENTED_EDGE('',*,*,#1419,.F.);
#2009=ORIENTED_EDGE('',*,*,#1344,.F.);
#2010=ORIENTED_EDGE('',*,*,#1423,.F.);
#2011=ORIENTED_EDGE('',*,*,#1449,.F.);
#2012=ORIENTED_EDGE('',*,*,#1403,.F.);
#2013=ORIENTED_EDGE('',*,*,#1317,.F.);
#2014=ORIENTED_EDGE('',*,*,#1407,.F.);
#2015=ORIENTED_EDGE('',*,*,#1450,.F.);
#2016=ORIENTED_EDGE('',*,*,#1387,.F.);
#2017=ORIENTED_EDGE('',*,*,#1290,.F.);
#2018=ORIENTED_EDGE('',*,*,#1451,.T.);
#2019=ORIENTED_EDGE('',*,*,#1452,.T.);
#2020=ORIENTED_EDGE('',*,*,#1453,.T.);
#2021=ORIENTED_EDGE('',*,*,#1454,.T.);
#2022=ORIENTED_EDGE('',*,*,#1418,.F.);
#2023=ORIENTED_EDGE('',*,*,#1448,.T.);
#2024=ORIENTED_EDGE('',*,*,#1434,.F.);
#2025=ORIENTED_EDGE('',*,*,#1455,.T.);
#2026=ORIENTED_EDGE('',*,*,#1386,.F.);
#2027=ORIENTED_EDGE('',*,*,#1450,.T.);
#2028=ORIENTED_EDGE('',*,*,#1410,.F.);
#2029=ORIENTED_EDGE('',*,*,#1456,.T.);
#2030=ORIENTED_EDGE('',*,*,#1457,.T.);
#2031=ORIENTED_EDGE('',*,*,#1402,.F.);
#2032=ORIENTED_EDGE('',*,*,#1449,.T.);
#2033=ORIENTED_EDGE('',*,*,#1426,.F.);
#2034=ORIENTED_EDGE('',*,*,#1458,.T.);
#2035=ORIENTED_EDGE('',*,*,#1447,.T.);
#2036=ORIENTED_EDGE('',*,*,#1459,.T.);
#2037=ORIENTED_EDGE('',*,*,#1460,.T.);
#2038=ORIENTED_EDGE('',*,*,#1459,.F.);
#2039=ORIENTED_EDGE('',*,*,#1460,.F.);
#2040=ORIENTED_EDGE('',*,*,#1461,.T.);
#2041=ORIENTED_EDGE('',*,*,#1462,.T.);
#2042=ORIENTED_EDGE('',*,*,#1461,.F.);
#2043=ORIENTED_EDGE('',*,*,#1289,.T.);
#2044=ORIENTED_EDGE('',*,*,#1292,.F.);
#2045=ORIENTED_EDGE('',*,*,#1383,.F.);
#2046=ORIENTED_EDGE('',*,*,#1457,.F.);
#2047=ORIENTED_EDGE('',*,*,#1463,.T.);
#2048=ORIENTED_EDGE('',*,*,#1464,.F.);
#2049=ORIENTED_EDGE('',*,*,#1465,.F.);
#2050=ORIENTED_EDGE('',*,*,#1463,.F.);
#2051=ORIENTED_EDGE('',*,*,#1456,.F.);
#2052=ORIENTED_EDGE('',*,*,#1411,.F.);
#2053=ORIENTED_EDGE('',*,*,#1309,.F.);
#2054=ORIENTED_EDGE('',*,*,#1316,.T.);
#2055=ORIENTED_EDGE('',*,*,#1319,.F.);
#2056=ORIENTED_EDGE('',*,*,#1399,.F.);
#2057=ORIENTED_EDGE('',*,*,#1458,.F.);
#2058=ORIENTED_EDGE('',*,*,#1427,.F.);
#2059=ORIENTED_EDGE('',*,*,#1336,.F.);
#2060=ORIENTED_EDGE('',*,*,#1343,.T.);
#2061=ORIENTED_EDGE('',*,*,#1346,.F.);
#2062=ORIENTED_EDGE('',*,*,#1415,.F.);
#2063=ORIENTED_EDGE('',*,*,#1455,.F.);
#2064=ORIENTED_EDGE('',*,*,#1435,.F.);
#2065=ORIENTED_EDGE('',*,*,#1379,.F.);
#2066=ORIENTED_EDGE('',*,*,#1369,.T.);
#2067=ORIENTED_EDGE('',*,*,#1354,.F.);
#2068=ORIENTED_EDGE('',*,*,#1439,.F.);
#2069=ORIENTED_EDGE('',*,*,#1445,.F.);
#2070=ORIENTED_EDGE('',*,*,#1395,.F.);
#2071=ORIENTED_EDGE('',*,*,#1282,.F.);
#2072=ORIENTED_EDGE('',*,*,#1466,.F.);
#2073=ORIENTED_EDGE('',*,*,#1467,.T.);
#2074=ORIENTED_EDGE('',*,*,#1454,.F.);
#2075=ORIENTED_EDGE('',*,*,#1467,.F.);
#2076=ORIENTED_EDGE('',*,*,#1468,.F.);
#2077=ORIENTED_EDGE('',*,*,#1469,.T.);
#2078=ORIENTED_EDGE('',*,*,#1453,.F.);
#2079=ORIENTED_EDGE('',*,*,#1469,.F.);
#2080=ORIENTED_EDGE('',*,*,#1470,.F.);
#2081=ORIENTED_EDGE('',*,*,#1471,.T.);
#2082=ORIENTED_EDGE('',*,*,#1452,.F.);
#2083=ORIENTED_EDGE('',*,*,#1471,.F.);
#2084=ORIENTED_EDGE('',*,*,#1472,.F.);
#2085=ORIENTED_EDGE('',*,*,#1473,.T.);
#2086=ORIENTED_EDGE('',*,*,#1451,.F.);
#2087=ORIENTED_EDGE('',*,*,#1473,.F.);
#2088=ORIENTED_EDGE('',*,*,#1474,.F.);
#2089=ORIENTED_EDGE('',*,*,#1475,.F.);
#2090=ORIENTED_EDGE('',*,*,#1476,.F.);
#2091=ORIENTED_EDGE('',*,*,#1477,.T.);
#2092=ORIENTED_EDGE('',*,*,#1478,.T.);
#2093=ORIENTED_EDGE('',*,*,#1475,.T.);
#2094=ORIENTED_EDGE('',*,*,#1479,.T.);
#2095=ORIENTED_EDGE('',*,*,#1480,.T.);
#2096=ORIENTED_EDGE('',*,*,#1481,.T.);
#2097=ORIENTED_EDGE('',*,*,#1476,.T.);
#2098=ORIENTED_EDGE('',*,*,#1482,.T.);
#2099=ORIENTED_EDGE('',*,*,#1483,.T.);
#2100=ORIENTED_EDGE('',*,*,#1484,.T.);
#2101=ORIENTED_EDGE('',*,*,#1474,.T.);
#2102=ORIENTED_EDGE('',*,*,#1485,.T.);
#2103=ORIENTED_EDGE('',*,*,#1486,.T.);
#2104=ORIENTED_EDGE('',*,*,#1487,.T.);
#2105=ORIENTED_EDGE('',*,*,#1488,.T.);
#2106=ORIENTED_EDGE('',*,*,#1489,.T.);
#2107=ORIENTED_EDGE('',*,*,#1490,.T.);
#2108=ORIENTED_EDGE('',*,*,#1491,.T.);
#2109=ORIENTED_EDGE('',*,*,#1492,.F.);
#2110=ORIENTED_EDGE('',*,*,#1493,.F.);
#2111=ORIENTED_EDGE('',*,*,#1494,.F.);
#2112=ORIENTED_EDGE('',*,*,#1495,.T.);
#2113=ORIENTED_EDGE('',*,*,#1496,.T.);
#2114=ORIENTED_EDGE('',*,*,#1493,.T.);
#2115=ORIENTED_EDGE('',*,*,#1497,.T.);
#2116=ORIENTED_EDGE('',*,*,#1498,.T.);
#2117=ORIENTED_EDGE('',*,*,#1499,.T.);
#2118=ORIENTED_EDGE('',*,*,#1494,.T.);
#2119=ORIENTED_EDGE('',*,*,#1500,.T.);
#2120=ORIENTED_EDGE('',*,*,#1501,.T.);
#2121=ORIENTED_EDGE('',*,*,#1502,.T.);
#2122=ORIENTED_EDGE('',*,*,#1492,.T.);
#2123=ORIENTED_EDGE('',*,*,#1503,.T.);
#2124=ORIENTED_EDGE('',*,*,#1504,.T.);
#2125=ORIENTED_EDGE('',*,*,#1505,.T.);
#2126=ORIENTED_EDGE('',*,*,#1506,.T.);
#2127=ORIENTED_EDGE('',*,*,#1507,.T.);
#2128=ORIENTED_EDGE('',*,*,#1508,.T.);
#2129=ORIENTED_EDGE('',*,*,#1509,.T.);
#2130=ORIENTED_EDGE('',*,*,#1510,.F.);
#2131=ORIENTED_EDGE('',*,*,#1511,.F.);
#2132=ORIENTED_EDGE('',*,*,#1512,.F.);
#2133=ORIENTED_EDGE('',*,*,#1513,.T.);
#2134=ORIENTED_EDGE('',*,*,#1514,.T.);
#2135=ORIENTED_EDGE('',*,*,#1511,.T.);
#2136=ORIENTED_EDGE('',*,*,#1515,.T.);
#2137=ORIENTED_EDGE('',*,*,#1516,.T.);
#2138=ORIENTED_EDGE('',*,*,#1517,.T.);
#2139=ORIENTED_EDGE('',*,*,#1512,.T.);
#2140=ORIENTED_EDGE('',*,*,#1518,.T.);
#2141=ORIENTED_EDGE('',*,*,#1519,.T.);
#2142=ORIENTED_EDGE('',*,*,#1520,.T.);
#2143=ORIENTED_EDGE('',*,*,#1510,.T.);
#2144=ORIENTED_EDGE('',*,*,#1521,.T.);
#2145=ORIENTED_EDGE('',*,*,#1513,.F.);
#2146=ORIENTED_EDGE('',*,*,#1522,.T.);
#2147=ORIENTED_EDGE('',*,*,#1504,.F.);
#2148=ORIENTED_EDGE('',*,*,#1523,.T.);
#2149=ORIENTED_EDGE('',*,*,#1524,.T.);
#2150=ORIENTED_EDGE('',*,*,#1525,.T.);
#2151=ORIENTED_EDGE('',*,*,#1526,.T.);
#2152=ORIENTED_EDGE('',*,*,#1527,.T.);
#2153=ORIENTED_EDGE('',*,*,#1528,.T.);
#2154=ORIENTED_EDGE('',*,*,#1529,.T.);
#2155=ORIENTED_EDGE('',*,*,#1526,.F.);
#2156=ORIENTED_EDGE('',*,*,#1530,.T.);
#2157=ORIENTED_EDGE('',*,*,#1516,.F.);
#2158=ORIENTED_EDGE('',*,*,#1531,.T.);
#2159=ORIENTED_EDGE('',*,*,#1509,.F.);
#2160=ORIENTED_EDGE('',*,*,#1532,.T.);
#2161=ORIENTED_EDGE('',*,*,#1498,.F.);
#2162=ORIENTED_EDGE('',*,*,#1533,.T.);
#2163=ORIENTED_EDGE('',*,*,#1534,.F.);
#2164=ORIENTED_EDGE('',*,*,#1535,.F.);
#2165=ORIENTED_EDGE('',*,*,#1536,.F.);
#2166=ORIENTED_EDGE('',*,*,#1537,.T.);
#2167=ORIENTED_EDGE('',*,*,#1538,.T.);
#2168=ORIENTED_EDGE('',*,*,#1535,.T.);
#2169=ORIENTED_EDGE('',*,*,#1539,.T.);
#2170=ORIENTED_EDGE('',*,*,#1540,.T.);
#2171=ORIENTED_EDGE('',*,*,#1541,.T.);
#2172=ORIENTED_EDGE('',*,*,#1536,.T.);
#2173=ORIENTED_EDGE('',*,*,#1542,.T.);
#2174=ORIENTED_EDGE('',*,*,#1543,.T.);
#2175=ORIENTED_EDGE('',*,*,#1544,.T.);
#2176=ORIENTED_EDGE('',*,*,#1534,.T.);
#2177=ORIENTED_EDGE('',*,*,#1545,.T.);
#2178=ORIENTED_EDGE('',*,*,#1543,.F.);
#2179=ORIENTED_EDGE('',*,*,#1546,.T.);
#2180=ORIENTED_EDGE('',*,*,#1527,.F.);
#2181=ORIENTED_EDGE('',*,*,#1547,.T.);
#2182=ORIENTED_EDGE('',*,*,#1495,.F.);
#2183=ORIENTED_EDGE('',*,*,#1548,.T.);
#2184=ORIENTED_EDGE('',*,*,#1486,.F.);
#2185=ORIENTED_EDGE('',*,*,#1549,.T.);
#2186=ORIENTED_EDGE('',*,*,#1550,.T.);
#2187=ORIENTED_EDGE('',*,*,#1551,.T.);
#2188=ORIENTED_EDGE('',*,*,#1552,.T.);
#2189=ORIENTED_EDGE('',*,*,#1553,.T.);
#2190=ORIENTED_EDGE('',*,*,#1554,.T.);
#2191=ORIENTED_EDGE('',*,*,#1555,.T.);
#2192=ORIENTED_EDGE('',*,*,#1552,.F.);
#2193=ORIENTED_EDGE('',*,*,#1556,.T.);
#2194=ORIENTED_EDGE('',*,*,#1537,.F.);
#2195=ORIENTED_EDGE('',*,*,#1557,.T.);
#2196=ORIENTED_EDGE('',*,*,#1491,.F.);
#2197=ORIENTED_EDGE('',*,*,#1558,.T.);
#2198=ORIENTED_EDGE('',*,*,#1480,.F.);
#2199=ORIENTED_EDGE('',*,*,#1559,.T.);
#2200=ORIENTED_EDGE('',*,*,#1477,.F.);
#2201=ORIENTED_EDGE('',*,*,#1560,.T.);
#2202=ORIENTED_EDGE('',*,*,#1553,.F.);
#2203=ORIENTED_EDGE('',*,*,#1561,.T.);
#2204=ORIENTED_EDGE('',*,*,#1500,.F.);
#2205=ORIENTED_EDGE('',*,*,#1496,.F.);
#2206=ORIENTED_EDGE('',*,*,#1562,.F.);
#2207=ORIENTED_EDGE('',*,*,#1563,.T.);
#2208=ORIENTED_EDGE('',*,*,#1503,.F.);
#2209=ORIENTED_EDGE('',*,*,#1499,.F.);
#2210=ORIENTED_EDGE('',*,*,#1532,.F.);
#2211=ORIENTED_EDGE('',*,*,#1508,.F.);
#2212=ORIENTED_EDGE('',*,*,#1505,.F.);
#2213=ORIENTED_EDGE('',*,*,#1522,.F.);
#2214=ORIENTED_EDGE('',*,*,#1515,.F.);
#2215=ORIENTED_EDGE('',*,*,#1520,.F.);
#2216=ORIENTED_EDGE('',*,*,#1564,.F.);
#2217=ORIENTED_EDGE('',*,*,#1533,.F.);
#2218=ORIENTED_EDGE('',*,*,#1562,.T.);
#2219=ORIENTED_EDGE('',*,*,#1549,.F.);
#2220=ORIENTED_EDGE('',*,*,#1565,.T.);
#2221=ORIENTED_EDGE('',*,*,#1566,.T.);
#2222=ORIENTED_EDGE('',*,*,#1567,.T.);
#2223=ORIENTED_EDGE('',*,*,#1488,.F.);
#2224=ORIENTED_EDGE('',*,*,#1568,.T.);
#2225=ORIENTED_EDGE('',*,*,#1565,.F.);
#2226=ORIENTED_EDGE('',*,*,#1489,.F.);
#2227=ORIENTED_EDGE('',*,*,#1569,.F.);
#2228=ORIENTED_EDGE('',*,*,#1570,.T.);
#2229=ORIENTED_EDGE('',*,*,#1521,.F.);
#2230=ORIENTED_EDGE('',*,*,#1517,.F.);
#2231=ORIENTED_EDGE('',*,*,#1530,.F.);
#2232=ORIENTED_EDGE('',*,*,#1525,.F.);
#2233=ORIENTED_EDGE('',*,*,#1528,.F.);
#2234=ORIENTED_EDGE('',*,*,#1546,.F.);
#2235=ORIENTED_EDGE('',*,*,#1545,.F.);
#2236=ORIENTED_EDGE('',*,*,#1541,.F.);
#2237=ORIENTED_EDGE('',*,*,#1571,.F.);
#2238=ORIENTED_EDGE('',*,*,#1482,.F.);
#2239=ORIENTED_EDGE('',*,*,#1478,.F.);
#2240=ORIENTED_EDGE('',*,*,#1572,.F.);
#2241=ORIENTED_EDGE('',*,*,#1573,.T.);
#2242=ORIENTED_EDGE('',*,*,#1542,.F.);
#2243=ORIENTED_EDGE('',*,*,#1538,.F.);
#2244=ORIENTED_EDGE('',*,*,#1556,.F.);
#2245=ORIENTED_EDGE('',*,*,#1551,.F.);
#2246=ORIENTED_EDGE('',*,*,#1554,.F.);
#2247=ORIENTED_EDGE('',*,*,#1560,.F.);
#2248=ORIENTED_EDGE('',*,*,#1479,.F.);
#2249=ORIENTED_EDGE('',*,*,#1484,.F.);
#2250=ORIENTED_EDGE('',*,*,#1574,.F.);
#2251=ORIENTED_EDGE('',*,*,#1559,.F.);
#2252=ORIENTED_EDGE('',*,*,#1572,.T.);
#2253=ORIENTED_EDGE('',*,*,#1561,.F.);
#2254=ORIENTED_EDGE('',*,*,#1575,.T.);
#2255=ORIENTED_EDGE('',*,*,#1576,.T.);
#2256=ORIENTED_EDGE('',*,*,#1569,.T.);
#2257=ORIENTED_EDGE('',*,*,#1555,.F.);
#2258=ORIENTED_EDGE('',*,*,#1577,.T.);
#2259=ORIENTED_EDGE('',*,*,#1575,.F.);
#2260=ORIENTED_EDGE('',*,*,#1550,.F.);
#2261=ORIENTED_EDGE('',*,*,#1578,.F.);
#2262=ORIENTED_EDGE('',*,*,#1579,.T.);
#2263=ORIENTED_EDGE('',*,*,#1547,.F.);
#2264=ORIENTED_EDGE('',*,*,#1580,.T.);
#2265=ORIENTED_EDGE('',*,*,#1581,.T.);
#2266=ORIENTED_EDGE('',*,*,#1578,.T.);
#2267=ORIENTED_EDGE('',*,*,#1557,.F.);
#2268=ORIENTED_EDGE('',*,*,#1582,.T.);
#2269=ORIENTED_EDGE('',*,*,#1529,.F.);
#2270=ORIENTED_EDGE('',*,*,#1583,.T.);
#2271=ORIENTED_EDGE('',*,*,#1580,.F.);
#2272=ORIENTED_EDGE('',*,*,#1507,.F.);
#2273=ORIENTED_EDGE('',*,*,#1567,.F.);
#2274=ORIENTED_EDGE('',*,*,#1584,.T.);
#2275=ORIENTED_EDGE('',*,*,#1523,.F.);
#2276=ORIENTED_EDGE('',*,*,#1585,.T.);
#2277=ORIENTED_EDGE('',*,*,#1586,.T.);
#2278=ORIENTED_EDGE('',*,*,#1587,.T.);
#2279=ORIENTED_EDGE('',*,*,#1531,.F.);
#2280=ORIENTED_EDGE('',*,*,#1588,.T.);
#2281=ORIENTED_EDGE('',*,*,#1506,.F.);
#2282=ORIENTED_EDGE('',*,*,#1589,.T.);
#2283=ORIENTED_EDGE('',*,*,#1585,.F.);
#2284=ORIENTED_EDGE('',*,*,#1524,.F.);
#2285=ORIENTED_EDGE('',*,*,#1587,.F.);
#2286=ORIENTED_EDGE('',*,*,#1590,.T.);
#2287=ORIENTED_EDGE('',*,*,#1514,.F.);
#2288=ORIENTED_EDGE('',*,*,#1588,.F.);
#2289=ORIENTED_EDGE('',*,*,#1518,.F.);
#2290=ORIENTED_EDGE('',*,*,#1591,.T.);
#2291=ORIENTED_EDGE('',*,*,#1592,.T.);
#2292=ORIENTED_EDGE('',*,*,#1593,.T.);
#2293=ORIENTED_EDGE('',*,*,#1464,.T.);
#2294=ORIENTED_EDGE('',*,*,#1465,.T.);
#2295=ORIENTED_EDGE('',*,*,#1593,.F.);
#2296=ORIENTED_EDGE('',*,*,#1592,.F.);
#2297=ORIENTED_EDGE('',*,*,#1594,.T.);
#2298=ORIENTED_EDGE('',*,*,#1570,.F.);
#2299=ORIENTED_EDGE('',*,*,#1576,.F.);
#2300=ORIENTED_EDGE('',*,*,#1577,.F.);
#2301=ORIENTED_EDGE('',*,*,#1579,.F.);
#2302=ORIENTED_EDGE('',*,*,#1581,.F.);
#2303=ORIENTED_EDGE('',*,*,#1583,.F.);
#2304=ORIENTED_EDGE('',*,*,#1590,.F.);
#2305=ORIENTED_EDGE('',*,*,#1586,.F.);
#2306=ORIENTED_EDGE('',*,*,#1589,.F.);
#2307=ORIENTED_EDGE('',*,*,#1584,.F.);
#2308=ORIENTED_EDGE('',*,*,#1566,.F.);
#2309=ORIENTED_EDGE('',*,*,#1568,.F.);
#2310=ORIENTED_EDGE('',*,*,#1594,.F.);
#2311=ORIENTED_EDGE('',*,*,#1272,.T.);
#2312=ORIENTED_EDGE('',*,*,#1595,.T.);
#2313=ORIENTED_EDGE('',*,*,#1596,.F.);
#2314=ORIENTED_EDGE('',*,*,#1595,.F.);
#2315=ORIENTED_EDGE('',*,*,#1596,.T.);
#2316=ORIENTED_EDGE('',*,*,#1597,.T.);
#2317=ORIENTED_EDGE('',*,*,#1598,.F.);
#2318=ORIENTED_EDGE('',*,*,#1597,.F.);
#2319=ORIENTED_EDGE('',*,*,#1598,.T.);
#2320=ORIENTED_EDGE('',*,*,#1599,.T.);
#2321=ORIENTED_EDGE('',*,*,#1600,.F.);
#2322=ORIENTED_EDGE('',*,*,#1599,.F.);
#2323=ORIENTED_EDGE('',*,*,#1601,.F.);
#2324=ORIENTED_EDGE('',*,*,#1600,.T.);
#2325=ORIENTED_EDGE('',*,*,#1601,.T.);
#2326=ORIENTED_EDGE('',*,*,#1602,.T.);
#2327=ORIENTED_EDGE('',*,*,#1603,.F.);
#2328=ORIENTED_EDGE('',*,*,#1602,.F.);
#2329=ORIENTED_EDGE('',*,*,#1604,.F.);
#2330=ORIENTED_EDGE('',*,*,#1605,.T.);
#2331=ORIENTED_EDGE('',*,*,#1603,.T.);
#2332=ORIENTED_EDGE('',*,*,#1605,.F.);
#2333=ORIENTED_EDGE('',*,*,#1604,.T.);
#2334=ORIENTED_EDGE('',*,*,#1606,.T.);
#2335=ORIENTED_EDGE('',*,*,#1607,.F.);
#2336=ORIENTED_EDGE('',*,*,#1606,.F.);
#2337=ORIENTED_EDGE('',*,*,#1224,.F.);
#2338=ORIENTED_EDGE('',*,*,#1264,.F.);
#2339=ORIENTED_EDGE('',*,*,#1607,.T.);
#2340=ORIENTED_EDGE('',*,*,#1265,.F.);
#2341=ORIENTED_EDGE('',*,*,#1222,.F.);
#2342=ORIENTED_EDGE('',*,*,#1608,.T.);
#2343=ORIENTED_EDGE('',*,*,#1609,.F.);
#2344=ORIENTED_EDGE('',*,*,#1608,.F.);
#2345=ORIENTED_EDGE('',*,*,#1462,.F.);
#2346=ORIENTED_EDGE('',*,*,#1466,.T.);
#2347=ORIENTED_EDGE('',*,*,#1468,.T.);
#2348=ORIENTED_EDGE('',*,*,#1470,.T.);
#2349=ORIENTED_EDGE('',*,*,#1472,.T.);
#2350=ORIENTED_EDGE('',*,*,#1609,.T.);
#2351=ORIENTED_EDGE('',*,*,#1269,.T.);
#2352=ORIENTED_EDGE('',*,*,#1610,.T.);
#2353=ORIENTED_EDGE('',*,*,#1233,.T.);
#2354=ORIENTED_EDGE('',*,*,#1234,.T.);
#2355=ORIENTED_EDGE('',*,*,#1610,.F.);
#2356=ORIENTED_EDGE('',*,*,#1271,.T.);
#2357=ORIENTED_EDGE('',*,*,#1544,.F.);
#2358=ORIENTED_EDGE('',*,*,#1582,.F.);
#2359=ORIENTED_EDGE('',*,*,#1539,.F.);
#2360=ORIENTED_EDGE('',*,*,#1611,.T.);
#2361=ORIENTED_EDGE('',*,*,#1262,.T.);
#2362=ORIENTED_EDGE('',*,*,#1259,.F.);
#2363=ORIENTED_EDGE('',*,*,#1231,.T.);
#2364=ORIENTED_EDGE('',*,*,#1246,.F.);
#2365=ORIENTED_EDGE('',*,*,#1612,.T.);
#2366=ORIENTED_EDGE('',*,*,#1247,.T.);
#2367=ORIENTED_EDGE('',*,*,#1613,.F.);
#2368=ORIENTED_EDGE('',*,*,#1236,.T.);
#2369=ORIENTED_EDGE('',*,*,#1251,.F.);
#2370=ORIENTED_EDGE('',*,*,#1614,.T.);
#2371=ORIENTED_EDGE('',*,*,#1255,.T.);
#2372=ORIENTED_EDGE('',*,*,#1252,.F.);
#2373=ORIENTED_EDGE('',*,*,#1235,.T.);
#2374=ORIENTED_EDGE('',*,*,#1258,.F.);
#2375=ORIENTED_EDGE('',*,*,#1615,.T.);
#2376=ORIENTED_EDGE('',*,*,#1243,.F.);
#2377=ORIENTED_EDGE('',*,*,#1616,.T.);
#2378=ORIENTED_EDGE('',*,*,#1563,.F.);
#2379=ORIENTED_EDGE('',*,*,#1616,.F.);
#2380=ORIENTED_EDGE('',*,*,#1614,.F.);
#2381=ORIENTED_EDGE('',*,*,#1617,.T.);
#2382=ORIENTED_EDGE('',*,*,#1573,.F.);
#2383=ORIENTED_EDGE('',*,*,#1617,.F.);
#2384=ORIENTED_EDGE('',*,*,#1615,.F.);
#2385=ORIENTED_EDGE('',*,*,#1618,.T.);
#2386=ORIENTED_EDGE('',*,*,#1611,.F.);
#2387=ORIENTED_EDGE('',*,*,#1618,.F.);
#2388=ORIENTED_EDGE('',*,*,#1612,.F.);
#2389=ORIENTED_EDGE('',*,*,#1619,.T.);
#2390=ORIENTED_EDGE('',*,*,#1591,.F.);
#2391=ORIENTED_EDGE('',*,*,#1619,.F.);
#2392=ORIENTED_EDGE('',*,*,#1238,.F.);
#2393=ORIENTED_EDGE('',*,*,#1241,.T.);
#2394=ORIENTED_EDGE('',*,*,#1225,.F.);
#2395=ORIENTED_EDGE('',*,*,#1229,.T.);
#2396=ORIENTED_EDGE('',*,*,#1613,.T.);
#2397=ORIENTED_EDGE('',*,*,#1250,.F.);
#2398=ORIENTED_EDGE('',*,*,#1620,.F.);
#2399=ORIENTED_EDGE('',*,*,#1502,.F.);
#2400=ORIENTED_EDGE('',*,*,#1621,.F.);
#2401=ORIENTED_EDGE('',*,*,#1485,.F.);
#2402=ORIENTED_EDGE('',*,*,#1481,.F.);
#2403=ORIENTED_EDGE('',*,*,#1558,.F.);
#2404=ORIENTED_EDGE('',*,*,#1490,.F.);
#2405=ORIENTED_EDGE('',*,*,#1487,.F.);
#2406=ORIENTED_EDGE('',*,*,#1548,.F.);
#2407=ORIENTED_EDGE('',*,*,#1497,.F.);
#2408=ORIENTED_EDGE('',*,*,#1501,.F.);
#2409=ORIENTED_EDGE('',*,*,#1564,.T.);
#2410=ORIENTED_EDGE('',*,*,#1519,.F.);
#2411=ORIENTED_EDGE('',*,*,#1571,.T.);
#2412=ORIENTED_EDGE('',*,*,#1540,.F.);
#2413=ORIENTED_EDGE('',*,*,#1574,.T.);
#2414=ORIENTED_EDGE('',*,*,#1483,.F.);
#2415=ORIENTED_EDGE('',*,*,#1621,.T.);
#2416=ORIENTED_EDGE('',*,*,#1620,.T.);
#2417=ORIENTED_EDGE('',*,*,#1249,.F.);
#2418=ORIENTED_EDGE('',*,*,#1254,.T.);
#2419=ORIENTED_EDGE('',*,*,#1257,.F.);
#2420=ORIENTED_EDGE('',*,*,#1261,.T.);
#2421=ORIENTED_EDGE('',*,*,#1263,.F.);
#2422=ORIENTED_EDGE('',*,*,#1244,.T.);
#2423=ORIENTED_EDGE('',*,*,#1239,.F.);
#2424=B_SPLINE_SURFACE_WITH_KNOTS('',3,3,((#3583,#3584,#3585,#3586),(#3587,
#3588,#3589,#3590),(#3591,#3592,#3593,#3594),(#3595,#3596,#3597,#3598),
(#3599,#3600,#3601,#3602)),.UNSPECIFIED.,.F.,.F.,.F.,(4,1,4),(4,4),(0.,
0.571428571428571,1.),(25.6940405083214,25.69737295849),.UNSPECIFIED.);
#2425=B_SPLINE_SURFACE_WITH_KNOTS('',3,3,((#3702,#3703,#3704,#3705,#3706,
#3707,#3708,#3709,#3710,#3711,#3712,#3713,#3714,#3715,#3716,#3717,#3718,
#3719,#3720,#3721,#3722,#3723,#3724,#3725,#3726,#3727,#3728,#3729,#3730,
#3731,#3732,#3733,#3734,#3735),(#3736,#3737,#3738,#3739,#3740,#3741,#3742,
#3743,#3744,#3745,#3746,#3747,#3748,#3749,#3750,#3751,#3752,#3753,#3754,
#3755,#3756,#3757,#3758,#3759,#3760,#3761,#3762,#3763,#3764,#3765,#3766,
#3767,#3768,#3769),(#3770,#3771,#3772,#3773,#3774,#3775,#3776,#3777,#3778,
#3779,#3780,#3781,#3782,#3783,#3784,#3785,#3786,#3787,#3788,#3789,#3790,
#3791,#3792,#3793,#3794,#3795,#3796,#3797,#3798,#3799,#3800,#3801,#3802,
#3803),(#3804,#3805,#3806,#3807,#3808,#3809,#3810,#3811,#3812,#3813,#3814,
#3815,#3816,#3817,#3818,#3819,#3820,#3821,#3822,#3823,#3824,#3825,#3826,
#3827,#3828,#3829,#3830,#3831,#3832,#3833,#3834,#3835,#3836,#3837),(#3838,
#3839,#3840,#3841,#3842,#3843,#3844,#3845,#3846,#3847,#3848,#3849,#3850,
#3851,#3852,#3853,#3854,#3855,#3856,#3857,#3858,#3859,#3860,#3861,#3862,
#3863,#3864,#3865,#3866,#3867,#3868,#3869,#3870,#3871)),.UNSPECIFIED.,.F.,
 .F.,.F.,(4,1,4),(4,1,1,1,1,1,1,1,1,1,1,1,1,1,1,1,1,1,1,1,1,1,1,1,1,1,1,
1,1,1,1,4),(0.,0.571428571428571,1.),(-4.23541275257162E-16,0.917644303868621,
1.83528860773724,2.75293291160586,3.67057721547449,4.58822151934311,5.04704367127742,
5.50586582321173,6.42351012708035,7.34115443094897,8.56468016944047,9.17644303868622,
9.78820590793197,11.0117316464235,11.6234945156692,12.235257384915,13.4587831234065,
14.0705459926522,14.6823088618979,15.9058346003894,16.5175974696352,17.1293603388809,
17.7411232081267,18.3528860773724,19.5764118158639,20.1881746851097,20.7999375543554,
22.0234632928469,22.9411075967155,23.8587519005842,24.7763962044528,25.6940405083214),
 .UNSPECIFIED.);
#2426=B_SPLINE_SURFACE_WITH_KNOTS('',3,3,((#4315,#4316,#4317,#4318,#4319,
#4320),(#4321,#4322,#4323,#4324,#4325,#4326),(#4327,#4328,#4329,#4330,#4331,
#4332),(#4333,#4334,#4335,#4336,#4337,#4338)),.UNSPECIFIED.,.F.,.F.,.F.,
(4,4),(4,2,4),(0.,1.),(0.,0.285333222261525,0.286173667210928),
 .UNSPECIFIED.);
#2427=B_SPLINE_SURFACE_WITH_KNOTS('',3,3,((#4355,#4356,#4357,#4358,#4359),
(#4360,#4361,#4362,#4363,#4364),(#4365,#4366,#4367,#4368,#4369),(#4370,
#4371,#4372,#4373,#4374),(#4375,#4376,#4377,#4378,#4379)),.UNSPECIFIED.,
 .F.,.F.,.F.,(4,1,4),(4,1,4),(0.,0.571428571428571,1.),(1.75711161115031E-15,
0.213690270207991,0.373957972863982),.UNSPECIFIED.);
#2428=B_SPLINE_SURFACE_WITH_KNOTS('',3,3,((#4393,#4394,#4395,#4396),(#4397,
#4398,#4399,#4400),(#4401,#4402,#4403,#4404),(#4405,#4406,#4407,#4408),
(#4409,#4410,#4411,#4412)),.UNSPECIFIED.,.F.,.F.,.F.,(4,1,4),(4,4),(0.,
0.571428571428571,1.),(0.,1.18229834545289),.UNSPECIFIED.);
#2429=B_SPLINE_SURFACE_WITH_KNOTS('',3,3,((#4424,#4425,#4426,#4427,#4428,
#4429,#4430),(#4431,#4432,#4433,#4434,#4435,#4436,#4437),(#4438,#4439,#4440,
#4441,#4442,#4443,#4444),(#4445,#4446,#4447,#4448,#4449,#4450,#4451),(#4452,
#4453,#4454,#4455,#4456,#4457,#4458)),.UNSPECIFIED.,.F.,.F.,.F.,(4,1,4),
(4,1,1,1,4),(0.,0.571428571428571,1.),(0.,0.256672653081246,0.42778775513541,
0.513345306162493,0.598902857189575),.UNSPECIFIED.);
#2430=B_SPLINE_SURFACE_WITH_KNOTS('',3,3,((#4515,#4516,#4517,#4518,#4519,
#4520),(#4521,#4522,#4523,#4524,#4525,#4526),(#4527,#4528,#4529,#4530,#4531,
#4532),(#4533,#4534,#4535,#4536,#4537,#4538),(#4539,#4540,#4541,#4542,#4543,
#4544)),.UNSPECIFIED.,.F.,.F.,.F.,(4,1,4),(4,1,1,4),(0.,0.571428571428571,
1.),(-1.97030936634913E-15,0.171115102054371,0.256672653081558,0.598902857190305),
 .UNSPECIFIED.);
#2431=B_SPLINE_SURFACE_WITH_KNOTS('',3,3,((#4564,#4565,#4566,#4567),(#4568,
#4569,#4570,#4571),(#4572,#4573,#4574,#4575),(#4576,#4577,#4578,#4579),
(#4580,#4581,#4582,#4583)),.UNSPECIFIED.,.F.,.F.,.F.,(4,1,4),(4,4),(0.,
0.571428571428571,1.),(1.29380591928153E-13,1.18229834545964),
 .UNSPECIFIED.);
#2432=B_SPLINE_SURFACE_WITH_KNOTS('',3,3,((#4590,#4591,#4592,#4593,#4594),
(#4595,#4596,#4597,#4598,#4599),(#4600,#4601,#4602,#4603,#4604),(#4605,
#4606,#4607,#4608,#4609),(#4610,#4611,#4612,#4613,#4614)),.UNSPECIFIED.,
 .F.,.F.,.F.,(4,1,4),(4,1,4),(0.,0.571428571428571,1.),(9.55026154864038E-16,
0.160269318699564,0.373961743632315),.UNSPECIFIED.);
#2433=B_SPLINE_SURFACE_WITH_KNOTS('',3,3,((#4622,#4623,#4624,#4625,#4626,
#4627),(#4628,#4629,#4630,#4631,#4632,#4633),(#4634,#4635,#4636,#4637,#4638,
#4639),(#4640,#4641,#4642,#4643,#4644,#4645)),.UNSPECIFIED.,.F.,.F.,.F.,
(4,4),(4,2,4),(0.,1.),(-0.000840390867937333,0.,0.285333275077879),
 .UNSPECIFIED.);
#2434=B_SPLINE_SURFACE_WITH_KNOTS('',3,3,((#4652,#4653,#4654,#4655,#4656,
#4657),(#4658,#4659,#4660,#4661,#4662,#4663),(#4664,#4665,#4666,#4667,#4668,
#4669),(#4670,#4671,#4672,#4673,#4674,#4675)),.UNSPECIFIED.,.F.,.F.,.F.,
(4,4),(4,2,4),(0.,1.),(0.,0.285333222261526,0.28617366721093),
 .UNSPECIFIED.);
#2435=B_SPLINE_SURFACE_WITH_KNOTS('',3,3,((#4692,#4693,#4694,#4695,#4696),
(#4697,#4698,#4699,#4700,#4701),(#4702,#4703,#4704,#4705,#4706),(#4707,
#4708,#4709,#4710,#4711),(#4712,#4713,#4714,#4715,#4716)),.UNSPECIFIED.,
 .F.,.F.,.F.,(4,1,4),(4,1,4),(0.,0.571428571428571,1.),(1.68418361413702E-15,
0.160267702655991,0.373957972863977),.UNSPECIFIED.);
#2436=B_SPLINE_SURFACE_WITH_KNOTS('',3,3,((#4730,#4731,#4732,#4733),(#4734,
#4735,#4736,#4737),(#4738,#4739,#4740,#4741),(#4742,#4743,#4744,#4745),
(#4746,#4747,#4748,#4749)),.UNSPECIFIED.,.F.,.F.,.F.,(4,1,4),(4,4),(0.,
0.571428571428571,1.),(0.,1.18229834545289),.UNSPECIFIED.);
#2437=B_SPLINE_SURFACE_WITH_KNOTS('',3,3,((#4761,#4762,#4763,#4764,#4765,
#4766),(#4767,#4768,#4769,#4770,#4771,#4772),(#4773,#4774,#4775,#4776,#4777,
#4778),(#4779,#4780,#4781,#4782,#4783,#4784),(#4785,#4786,#4787,#4788,#4789,
#4790)),.UNSPECIFIED.,.F.,.F.,.F.,(4,1,4),(4,1,1,4),(0.,0.571428571428571,
1.),(0.,0.342230204108328,0.427787755135411,0.598902857189575),
 .UNSPECIFIED.);
#2438=B_SPLINE_SURFACE_WITH_KNOTS('',3,3,((#4846,#4847,#4848,#4849,#4850,
#4851),(#4852,#4853,#4854,#4855,#4856,#4857),(#4858,#4859,#4860,#4861,#4862,
#4863),(#4864,#4865,#4866,#4867,#4868,#4869),(#4870,#4871,#4872,#4873,#4874,
#4875)),.UNSPECIFIED.,.F.,.F.,.F.,(4,1,4),(4,1,1,4),(0.,0.571428571428571,
1.),(-3.2373585386076E-15,0.17111510205437,0.256672653081557,0.598902857190305),
 .UNSPECIFIED.);
#2439=B_SPLINE_SURFACE_WITH_KNOTS('',3,3,((#4895,#4896,#4897,#4898),(#4899,
#4900,#4901,#4902),(#4903,#4904,#4905,#4906),(#4907,#4908,#4909,#4910),
(#4911,#4912,#4913,#4914)),.UNSPECIFIED.,.F.,.F.,.F.,(4,1,4),(4,4),(0.,
0.571428571428571,1.),(1.29366713973404E-13,1.18229834545964),
 .UNSPECIFIED.);
#2440=B_SPLINE_SURFACE_WITH_KNOTS('',3,3,((#4921,#4922,#4923,#4924,#4925),
(#4926,#4927,#4928,#4929,#4930),(#4931,#4932,#4933,#4934,#4935),(#4936,
#4937,#4938,#4939,#4940),(#4941,#4942,#4943,#4944,#4945)),.UNSPECIFIED.,
 .F.,.F.,.F.,(4,1,4),(4,1,4),(0.,0.571428571428571,1.),(5.56529747736662E-16,
0.160269318699563,0.373961743632313),.UNSPECIFIED.);
#2441=B_SPLINE_SURFACE_WITH_KNOTS('',3,3,((#4953,#4954,#4955,#4956,#4957,
#4958),(#4959,#4960,#4961,#4962,#4963,#4964),(#4965,#4966,#4967,#4968,#4969,
#4970),(#4971,#4972,#4973,#4974,#4975,#4976)),.UNSPECIFIED.,.F.,.F.,.F.,
(4,4),(4,2,4),(0.,1.),(-0.000840390867930287,0.,0.285333275077888),
 .UNSPECIFIED.);
#2442=B_SPLINE_SURFACE_WITH_KNOTS('',3,3,((#4983,#4984,#4985,#4986,#4987,
#4988),(#4989,#4990,#4991,#4992,#4993,#4994),(#4995,#4996,#4997,#4998,#4999,
#5000),(#5001,#5002,#5003,#5004,#5005,#5006)),.UNSPECIFIED.,.F.,.F.,.F.,
(4,4),(4,2,4),(0.,1.),(0.,0.28533322226153,0.286173667210934),
 .UNSPECIFIED.);
#2443=B_SPLINE_SURFACE_WITH_KNOTS('',3,3,((#5023,#5024,#5025,#5026,#5027),
(#5028,#5029,#5030,#5031,#5032),(#5033,#5034,#5035,#5036,#5037),(#5038,
#5039,#5040,#5041,#5042),(#5043,#5044,#5045,#5046,#5047)),.UNSPECIFIED.,
 .F.,.F.,.F.,(4,1,4),(4,1,4),(0.,0.571428571428571,1.),(2.3493432731998E-15,
0.160267702655991,0.373957972863975),.UNSPECIFIED.);
#2444=B_SPLINE_SURFACE_WITH_KNOTS('',3,3,((#5061,#5062,#5063,#5064),(#5065,
#5066,#5067,#5068),(#5069,#5070,#5071,#5072),(#5073,#5074,#5075,#5076),
(#5077,#5078,#5079,#5080)),.UNSPECIFIED.,.F.,.F.,.F.,(4,1,4),(4,4),(0.,
0.571428571428571,1.),(0.,1.18229834545289),.UNSPECIFIED.);
#2445=B_SPLINE_SURFACE_WITH_KNOTS('',3,3,((#5092,#5093,#5094,#5095,#5096,
#5097,#5098),(#5099,#5100,#5101,#5102,#5103,#5104,#5105),(#5106,#5107,#5108,
#5109,#5110,#5111,#5112),(#5113,#5114,#5115,#5116,#5117,#5118,#5119),(#5120,
#5121,#5122,#5123,#5124,#5125,#5126)),.UNSPECIFIED.,.F.,.F.,.F.,(4,1,4),
(4,1,1,1,4),(0.,0.571428571428571,1.),(0.,0.256672653081246,0.42778775513541,
0.513345306162492,0.598902857189573),.UNSPECIFIED.);
#2446=B_SPLINE_SURFACE_WITH_KNOTS('',3,3,((#5183,#5184,#5185,#5186,#5187,
#5188,#5189),(#5190,#5191,#5192,#5193,#5194,#5195,#5196),(#5197,#5198,#5199,
#5200,#5201,#5202,#5203),(#5204,#5205,#5206,#5207,#5208,#5209,#5210),(#5211,
#5212,#5213,#5214,#5215,#5216,#5217)),.UNSPECIFIED.,.F.,.F.,.F.,(4,1,4),
(4,1,1,1,4),(0.,0.571428571428571,1.),(1.67595498946544E-16,0.0855575510271863,
0.171115102054372,0.342230204108745,0.598902857190303),.UNSPECIFIED.);
#2447=B_SPLINE_SURFACE_WITH_KNOTS('',3,3,((#5238,#5239,#5240,#5241),(#5242,
#5243,#5244,#5245),(#5246,#5247,#5248,#5249),(#5250,#5251,#5252,#5253),
(#5254,#5255,#5256,#5257)),.UNSPECIFIED.,.F.,.F.,.F.,(4,1,4),(4,4),(0.,
0.571428571428571,1.),(1.28613306095719E-13,1.18229834545964),
 .UNSPECIFIED.);
#2448=B_SPLINE_SURFACE_WITH_KNOTS('',3,3,((#5264,#5265,#5266,#5267,#5268),
(#5269,#5270,#5271,#5272,#5273),(#5274,#5275,#5276,#5277,#5278),(#5279,
#5280,#5281,#5282,#5283),(#5284,#5285,#5286,#5287,#5288)),.UNSPECIFIED.,
 .F.,.F.,.F.,(4,1,4),(4,1,4),(0.,0.571428571428571,1.),(5.89798533358301E-16,
0.213692424932751,0.373961743632313),.UNSPECIFIED.);
#2449=B_SPLINE_SURFACE_WITH_KNOTS('',3,3,((#5296,#5297,#5298,#5299,#5300,
#5301),(#5302,#5303,#5304,#5305,#5306,#5307),(#5308,#5309,#5310,#5311,#5312,
#5313),(#5314,#5315,#5316,#5317,#5318,#5319)),.UNSPECIFIED.,.F.,.F.,.F.,
(4,4),(4,2,4),(0.,1.),(-0.000840390867920516,0.,0.285333275077897),
 .UNSPECIFIED.);
#2450=B_SPLINE_SURFACE_WITH_KNOTS('',3,3,((#5326,#5327,#5328,#5329,#5330,
#5331,#5332),(#5333,#5334,#5335,#5336,#5337,#5338,#5339),(#5340,#5341,#5342,
#5343,#5344,#5345,#5346),(#5347,#5348,#5349,#5350,#5351,#5352,#5353),(#5354,
#5355,#5356,#5357,#5358,#5359,#5360)),.UNSPECIFIED.,.F.,.F.,.F.,(4,1,4),
(4,1,1,1,4),(0.,0.571428571428571,1.),(-9.71785085850253E-16,0.0855575510271854,
0.171115102054372,0.342230204108744,0.598902857190304),.UNSPECIFIED.);
#2451=B_SPLINE_SURFACE_WITH_KNOTS('',3,3,((#5389,#5390,#5391,#5392),(#5393,
#5394,#5395,#5396),(#5397,#5398,#5399,#5400),(#5401,#5402,#5403,#5404),
(#5405,#5406,#5407,#5408)),.UNSPECIFIED.,.F.,.F.,.F.,(4,1,4),(4,4),(0.,
0.571428571428571,1.),(1.28856174060058E-13,1.18229834545964),
 .UNSPECIFIED.);
#2452=B_SPLINE_SURFACE_WITH_KNOTS('',3,3,((#5420,#5421,#5422,#5423,#5424),
(#5425,#5426,#5427,#5428,#5429),(#5430,#5431,#5432,#5433,#5434),(#5435,
#5436,#5437,#5438,#5439),(#5440,#5441,#5442,#5443,#5444)),.UNSPECIFIED.,
 .F.,.F.,.F.,(4,1,4),(4,1,4),(0.,0.571428571428571,1.),(0.,0.16026931869956,
0.373961743632306),.UNSPECIFIED.);
#2453=B_SPLINE_SURFACE_WITH_KNOTS('',3,3,((#5458,#5459,#5460,#5461,#5462,
#5463),(#5464,#5465,#5466,#5467,#5468,#5469),(#5470,#5471,#5472,#5473,#5474,
#5475),(#5476,#5477,#5478,#5479,#5480,#5481)),.UNSPECIFIED.,.F.,.F.,.F.,
(4,4),(4,2,4),(0.,1.),(-0.000840423320895392,0.,0.285333243383809),
 .UNSPECIFIED.);
#2454=B_SPLINE_SURFACE_WITH_KNOTS('',3,3,((#5526,#5527,#5528,#5529,#5530,
#5531),(#5532,#5533,#5534,#5535,#5536,#5537),(#5538,#5539,#5540,#5541,#5542,
#5543),(#5544,#5545,#5546,#5547,#5548,#5549)),.UNSPECIFIED.,.F.,.F.,.F.,
(4,4),(4,2,4),(0.,1.),(0.,0.285333275078371,0.286173665946293),
 .UNSPECIFIED.);
#2455=B_SPLINE_SURFACE_WITH_KNOTS('',3,3,((#5558,#5559,#5560,#5561,#5562),
(#5563,#5564,#5565,#5566,#5567),(#5568,#5569,#5570,#5571,#5572),(#5573,
#5574,#5575,#5576,#5577),(#5578,#5579,#5580,#5581,#5582)),.UNSPECIFIED.,
 .F.,.F.,.F.,(4,1,4),(4,1,4),(0.,0.571428571428571,1.),(0.,0.160267702655987,
0.373957972863969),.UNSPECIFIED.);
#2456=B_SPLINE_SURFACE_WITH_KNOTS('',3,3,((#5590,#5591,#5592,#5593),(#5594,
#5595,#5596,#5597),(#5598,#5599,#5600,#5601),(#5602,#5603,#5604,#5605),
(#5606,#5607,#5608,#5609)),.UNSPECIFIED.,.F.,.F.,.F.,(4,1,4),(4,4),(0.,
0.571428571428571,1.),(0.,1.18229834545289),.UNSPECIFIED.);
#2457=B_SPLINE_SURFACE_WITH_KNOTS('',3,3,((#5616,#5617,#5618,#5619,#5620,
#5621,#5622),(#5623,#5624,#5625,#5626,#5627,#5628,#5629),(#5630,#5631,#5632,
#5633,#5634,#5635,#5636),(#5637,#5638,#5639,#5640,#5641,#5642,#5643),(#5644,
#5645,#5646,#5647,#5648,#5649,#5650)),.UNSPECIFIED.,.F.,.F.,.F.,(4,1,4),
(4,1,1,1,4),(0.,0.571428571428571,1.),(0.,0.256672653081247,0.427787755135411,
0.513345306162493,0.598902857189575),.UNSPECIFIED.);
#2458=B_SPLINE_SURFACE_WITH_KNOTS('',3,3,((#5669,#5670,#5671,#5672),(#5673,
#5674,#5675,#5676),(#5677,#5678,#5679,#5680),(#5681,#5682,#5683,#5684),
(#5685,#5686,#5687,#5688)),.UNSPECIFIED.,.F.,.F.,.F.,(4,1,4),(4,4),(0.,
0.571428571428571,1.),(1.88860759866875,2.9825418530113),.UNSPECIFIED.);
#2459=B_SPLINE_SURFACE_WITH_KNOTS('',3,3,((#5700,#5701,#5702,#5703,#5704),
(#5705,#5706,#5707,#5708,#5709),(#5710,#5711,#5712,#5713,#5714),(#5715,
#5716,#5717,#5718,#5719),(#5720,#5721,#5722,#5723,#5724)),.UNSPECIFIED.,
 .F.,.F.,.F.,(4,1,4),(4,1,4),(0.,0.571428571428571,1.),(0.,0.0301324071315889,
0.0703089499737075),.UNSPECIFIED.);
#2460=B_SPLINE_SURFACE_WITH_KNOTS('',3,3,((#5747,#5748,#5749,#5750,#5751),
(#5752,#5753,#5754,#5755,#5756),(#5757,#5758,#5759,#5760,#5761),(#5762,
#5763,#5764,#5765,#5766),(#5767,#5768,#5769,#5770,#5771)),.UNSPECIFIED.,
 .F.,.F.,.F.,(4,1,4),(4,1,4),(0.,0.571428571428571,1.),(0.,0.0301324072127035,
0.0703089501629747),.UNSPECIFIED.);
#2461=B_SPLINE_SURFACE_WITH_KNOTS('',3,3,((#5785,#5786,#5787,#5788),(#5789,
#5790,#5791,#5792),(#5793,#5794,#5795,#5796),(#5797,#5798,#5799,#5800),
(#5801,#5802,#5803,#5804)),.UNSPECIFIED.,.F.,.F.,.F.,(4,1,4),(4,4),(0.,
0.571428571428571,1.),(0.,1.09393425433979),.UNSPECIFIED.);
#2462=B_SPLINE_SURFACE_WITH_KNOTS('',3,3,((#5815,#5816,#5817,#5818),(#5819,
#5820,#5821,#5822),(#5823,#5824,#5825,#5826),(#5827,#5828,#5829,#5830),
(#5831,#5832,#5833,#5834)),.UNSPECIFIED.,.F.,.F.,.F.,(4,1,4),(4,4),(0.,
0.571428571428571,1.),(1.88860759866875,2.9825418530113),.UNSPECIFIED.);
#2463=B_SPLINE_SURFACE_WITH_KNOTS('',3,3,((#5846,#5847,#5848,#5849,#5850),
(#5851,#5852,#5853,#5854,#5855),(#5856,#5857,#5858,#5859,#5860),(#5861,
#5862,#5863,#5864,#5865),(#5866,#5867,#5868,#5869,#5870)),.UNSPECIFIED.,
 .F.,.F.,.F.,(4,1,4),(4,1,4),(0.,0.571428571428571,1.),(0.,0.0301324071315888,
0.0703089499737072),.UNSPECIFIED.);
#2464=B_SPLINE_SURFACE_WITH_KNOTS('',3,3,((#5893,#5894,#5895,#5896,#5897),
(#5898,#5899,#5900,#5901,#5902),(#5903,#5904,#5905,#5906,#5907),(#5908,
#5909,#5910,#5911,#5912),(#5913,#5914,#5915,#5916,#5917)),.UNSPECIFIED.,
 .F.,.F.,.F.,(4,1,4),(4,1,4),(0.,0.571428571428571,1.),(0.,0.0301324072127033,
0.0703089501629744),.UNSPECIFIED.);
#2465=B_SPLINE_SURFACE_WITH_KNOTS('',3,3,((#5931,#5932,#5933,#5934),(#5935,
#5936,#5937,#5938),(#5939,#5940,#5941,#5942),(#5943,#5944,#5945,#5946),
(#5947,#5948,#5949,#5950)),.UNSPECIFIED.,.F.,.F.,.F.,(4,1,4),(4,4),(0.,
0.571428571428571,1.),(0.,1.09393425433979),.UNSPECIFIED.);
#2466=B_SPLINE_SURFACE_WITH_KNOTS('',3,3,((#5961,#5962,#5963,#5964),(#5965,
#5966,#5967,#5968),(#5969,#5970,#5971,#5972),(#5973,#5974,#5975,#5976),
(#5977,#5978,#5979,#5980)),.UNSPECIFIED.,.F.,.F.,.F.,(4,1,4),(4,4),(0.,
0.571428571428571,1.),(1.88860759866875,2.9825418530113),.UNSPECIFIED.);
#2467=B_SPLINE_SURFACE_WITH_KNOTS('',3,3,((#5992,#5993,#5994,#5995,#5996),
(#5997,#5998,#5999,#6000,#6001),(#6002,#6003,#6004,#6005,#6006),(#6007,
#6008,#6009,#6010,#6011),(#6012,#6013,#6014,#6015,#6016)),.UNSPECIFIED.,
 .F.,.F.,.F.,(4,1,4),(4,1,4),(0.,0.571428571428571,1.),(0.,0.0401765428421183,
0.070308949973707),.UNSPECIFIED.);
#2468=B_SPLINE_SURFACE_WITH_KNOTS('',3,3,((#6039,#6040,#6041,#6042,#6043),
(#6044,#6045,#6046,#6047,#6048),(#6049,#6050,#6051,#6052,#6053),(#6054,
#6055,#6056,#6057,#6058),(#6059,#6060,#6061,#6062,#6063)),.UNSPECIFIED.,
 .F.,.F.,.F.,(4,1,4),(4,1,4),(0.,0.571428571428571,1.),(0.,0.0301324072127036,
0.070308950162975),.UNSPECIFIED.);
#2469=B_SPLINE_SURFACE_WITH_KNOTS('',3,3,((#6077,#6078,#6079,#6080),(#6081,
#6082,#6083,#6084),(#6085,#6086,#6087,#6088),(#6089,#6090,#6091,#6092),
(#6093,#6094,#6095,#6096)),.UNSPECIFIED.,.F.,.F.,.F.,(4,1,4),(4,4),(0.,
0.571428571428571,1.),(0.,1.09393425433979),.UNSPECIFIED.);
#2470=B_SPLINE_SURFACE_WITH_KNOTS('',3,3,((#6113,#6114,#6115,#6116,#6117),
(#6118,#6119,#6120,#6121,#6122),(#6123,#6124,#6125,#6126,#6127),(#6128,
#6129,#6130,#6131,#6132),(#6133,#6134,#6135,#6136,#6137)),.UNSPECIFIED.,
 .F.,.F.,.F.,(4,1,4),(4,1,4),(0.,0.571428571428571,1.),(0.,0.0301324072127035,
0.0703089501629748),.UNSPECIFIED.);
#2471=B_SPLINE_SURFACE_WITH_KNOTS('',3,3,((#6151,#6152,#6153,#6154),(#6155,
#6156,#6157,#6158),(#6159,#6160,#6161,#6162),(#6163,#6164,#6165,#6166),
(#6167,#6168,#6169,#6170)),.UNSPECIFIED.,.F.,.F.,.F.,(4,1,4),(4,4),(0.,
0.571428571428571,1.),(0.,1.09393425433979),.UNSPECIFIED.);
#2472=B_SPLINE_SURFACE_WITH_KNOTS('',3,3,((#6179,#6180,#6181,#6182),(#6183,
#6184,#6185,#6186),(#6187,#6188,#6189,#6190),(#6191,#6192,#6193,#6194),
(#6195,#6196,#6197,#6198)),.UNSPECIFIED.,.F.,.F.,.F.,(4,1,4),(4,4),(0.,
0.571428571428571,1.),(1.88860759866875,2.9825418530113),.UNSPECIFIED.);
#2473=B_SPLINE_SURFACE_WITH_KNOTS('',3,3,((#6210,#6211,#6212,#6213,#6214),
(#6215,#6216,#6217,#6218,#6219),(#6220,#6221,#6222,#6223,#6224),(#6225,
#6226,#6227,#6228,#6229),(#6230,#6231,#6232,#6233,#6234)),.UNSPECIFIED.,
 .F.,.F.,.F.,(4,1,4),(4,1,4),(0.,0.571428571428571,1.),(0.,0.0301324071315887,
0.0703089499737069),.UNSPECIFIED.);
#2474=B_SPLINE_SURFACE_WITH_KNOTS('',3,3,((#6333,#6334,#6335,#6336,#6337,
#6338,#6339,#6340),(#6341,#6342,#6343,#6344,#6345,#6346,#6347,#6348),(#6349,
#6350,#6351,#6352,#6353,#6354,#6355,#6356),(#6357,#6358,#6359,#6360,#6361,
#6362,#6363,#6364)),.UNSPECIFIED.,.F.,.F.,.F.,(4,4),(4,2,1,1,4),(0.,1.),
(-0.545626235337772,-0.543049657343809,-0.217219862937524,-0.108609931468762,
0.),.UNSPECIFIED.);
#2475=B_SPLINE_SURFACE_WITH_KNOTS('',3,3,((#6385,#6386,#6387,#6388,#6389,
#6390,#6391,#6392),(#6393,#6394,#6395,#6396,#6397,#6398,#6399,#6400),(#6401,
#6402,#6403,#6404,#6405,#6406,#6407,#6408),(#6409,#6410,#6411,#6412,#6413,
#6414,#6415,#6416)),.UNSPECIFIED.,.F.,.F.,.F.,(4,4),(4,1,1,2,4),(0.,1.),
(-0.543049657343609,-0.325829794406165,-0.217219862937443,0.,0.00257657799416285),
 .UNSPECIFIED.);
#2476=B_SPLINE_SURFACE_WITH_KNOTS('',3,3,((#6461,#6462,#6463,#6464,#6465,
#6466,#6467,#6468),(#6469,#6470,#6471,#6472,#6473,#6474,#6475,#6476),(#6477,
#6478,#6479,#6480,#6481,#6482,#6483,#6484),(#6485,#6486,#6487,#6488,#6489,
#6490,#6491,#6492)),.UNSPECIFIED.,.F.,.F.,.F.,(4,4),(4,2,1,1,4),(0.,1.),
(-0.545626235337774,-0.543049657591303,-0.217219863036521,-0.108609931518261,
0.),.UNSPECIFIED.);
#2477=B_SPLINE_SURFACE_WITH_KNOTS('',3,3,((#6513,#6514,#6515,#6516,#6517,
#6518,#6519,#6520),(#6521,#6522,#6523,#6524,#6525,#6526,#6527,#6528),(#6529,
#6530,#6531,#6532,#6533,#6534,#6535,#6536),(#6537,#6538,#6539,#6540,#6541,
#6542,#6543,#6544)),.UNSPECIFIED.,.F.,.F.,.F.,(4,4),(4,1,1,2,4),(0.,1.),
(-0.543049657583596,-0.325829794550157,-0.217219863033438,0.,0.0025765777541762),
 .UNSPECIFIED.);
#2478=B_SPLINE_SURFACE_WITH_KNOTS('',3,3,((#6589,#6590,#6591,#6592,#6593),
(#6594,#6595,#6596,#6597,#6598),(#6599,#6600,#6601,#6602,#6603),(#6604,
#6605,#6606,#6607,#6608),(#6609,#6610,#6611,#6612,#6613)),.UNSPECIFIED.,
 .F.,.F.,.F.,(4,1,4),(4,1,4),(0.,0.571428571428571,1.),(0.,0.366094134531861,
0.732188269063722),.UNSPECIFIED.);
#2479=B_SPLINE_SURFACE_WITH_KNOTS('',3,3,((#6624,#6625,#6626,#6627,#6628,
#6629,#6630,#6631),(#6632,#6633,#6634,#6635,#6636,#6637,#6638,#6639),(#6640,
#6641,#6642,#6643,#6644,#6645,#6646,#6647),(#6648,#6649,#6650,#6651,#6652,
#6653,#6654,#6655)),.UNSPECIFIED.,.F.,.F.,.F.,(4,4),(4,1,1,2,4),(0.,1.),
(-0.54304965759128,-0.325829794554768,-0.217219863036512,0.,0.00257657774649316),
 .UNSPECIFIED.);
#2480=B_SPLINE_SURFACE_WITH_KNOTS('',3,3,((#6676,#6677,#6678,#6679,#6680,
#6681,#6682,#6683),(#6684,#6685,#6686,#6687,#6688,#6689,#6690,#6691),(#6692,
#6693,#6694,#6695,#6696,#6697,#6698,#6699),(#6700,#6701,#6702,#6703,#6704,
#6705,#6706,#6707)),.UNSPECIFIED.,.F.,.F.,.F.,(4,4),(4,2,1,1,4),(0.,1.),
(-0.545626235337773,-0.543049657583629,-0.217219863033452,-0.108609931516726,
0.),.UNSPECIFIED.);
#2481=B_SPLINE_SURFACE_WITH_KNOTS('',3,3,((#6727,#6728,#6729,#6730,#6731),
(#6732,#6733,#6734,#6735,#6736),(#6737,#6738,#6739,#6740,#6741),(#6742,
#6743,#6744,#6745,#6746),(#6747,#6748,#6749,#6750,#6751)),.UNSPECIFIED.,
 .F.,.F.,.F.,(4,1,4),(4,1,4),(0.,0.571428571428571,1.),(4.14480045903747E-15,
0.366094134531865,0.732188269063726),.UNSPECIFIED.);
#2482=B_SPLINE_SURFACE_WITH_KNOTS('',3,3,((#6762,#6763,#6764,#6765,#6766),
(#6767,#6768,#6769,#6770,#6771),(#6772,#6773,#6774,#6775,#6776),(#6777,
#6778,#6779,#6780,#6781),(#6782,#6783,#6784,#6785,#6786)),.UNSPECIFIED.,
 .F.,.F.,.F.,(4,1,4),(4,1,4),(0.,0.571428571428571,1.),(0.,0.366094134531862,
0.732188269063724),.UNSPECIFIED.);
#2483=B_SPLINE_SURFACE_WITH_KNOTS('',3,3,((#6822,#6823,#6824,#6825,#6826),
(#6827,#6828,#6829,#6830,#6831),(#6832,#6833,#6834,#6835,#6836),(#6837,
#6838,#6839,#6840,#6841),(#6842,#6843,#6844,#6845,#6846)),.UNSPECIFIED.,
 .F.,.F.,.F.,(4,1,4),(4,1,4),(0.,0.571428571428571,1.),(1.15967687137108E-15,
0.366094134531863,0.732188269063725),.UNSPECIFIED.);
#2484=B_SPLINE_SURFACE_WITH_KNOTS('',3,3,((#6857,#6858,#6859,#6860,#6861),
(#6862,#6863,#6864,#6865,#6866),(#6867,#6868,#6869,#6870,#6871),(#6872,
#6873,#6874,#6875,#6876),(#6877,#6878,#6879,#6880,#6881)),.UNSPECIFIED.,
 .F.,.F.,.F.,(4,1,4),(4,1,4),(0.,0.571428571428571,1.),(2.73021370688156E-15,
0.366094134531865,0.732188269063728),.UNSPECIFIED.);
#2485=B_SPLINE_SURFACE_WITH_KNOTS('',3,3,((#6892,#6893,#6894,#6895,#6896,
#6897,#6898,#6899),(#6900,#6901,#6902,#6903,#6904,#6905,#6906,#6907),(#6908,
#6909,#6910,#6911,#6912,#6913,#6914,#6915),(#6916,#6917,#6918,#6919,#6920,
#6921,#6922,#6923)),.UNSPECIFIED.,.F.,.F.,.F.,(4,4),(4,1,1,2,4),(0.,1.),
(-0.543049657343795,-0.325829794406277,-0.217219862937518,0.,0.00257657799397781),
 .UNSPECIFIED.);
#2486=B_SPLINE_SURFACE_WITH_KNOTS('',3,3,((#6944,#6945,#6946,#6947,#6948,
#6949,#6950,#6951),(#6952,#6953,#6954,#6955,#6956,#6957,#6958,#6959),(#6960,
#6961,#6962,#6963,#6964,#6965,#6966,#6967),(#6968,#6969,#6970,#6971,#6972,
#6973,#6974,#6975)),.UNSPECIFIED.,.F.,.F.,.F.,(4,4),(4,2,1,1,4),(0.,1.),
(-0.545626235337772,-0.543049657343708,-0.217219862937483,-0.108609931468742,
0.),.UNSPECIFIED.);
#2487=B_SPLINE_SURFACE_WITH_KNOTS('',3,3,((#6995,#6996,#6997,#6998,#6999),
(#7000,#7001,#7002,#7003,#7004),(#7005,#7006,#7007,#7008,#7009),(#7010,
#7011,#7012,#7013,#7014),(#7015,#7016,#7017,#7018,#7019)),.UNSPECIFIED.,
 .F.,.F.,.F.,(4,1,4),(4,1,4),(0.,0.571428571428571,1.),(0.,0.36609413453186,
0.73218826906372),.UNSPECIFIED.);
#2488=B_SPLINE_SURFACE_WITH_KNOTS('',3,3,((#7030,#7031,#7032,#7033,#7034),
(#7035,#7036,#7037,#7038,#7039),(#7040,#7041,#7042,#7043,#7044),(#7045,
#7046,#7047,#7048,#7049),(#7050,#7051,#7052,#7053,#7054)),.UNSPECIFIED.,
 .F.,.F.,.F.,(4,1,4),(4,1,4),(0.,0.571428571428571,1.),(0.,0.366094134531862,
0.732188269063724),.UNSPECIFIED.);
#2489=B_SPLINE_SURFACE_WITH_KNOTS('',3,3,((#7065,#7066,#7067,#7068,#7069),
(#7070,#7071,#7072,#7073,#7074),(#7075,#7076,#7077,#7078,#7079),(#7080,
#7081,#7082,#7083,#7084),(#7085,#7086,#7087,#7088,#7089)),.UNSPECIFIED.,
 .F.,.F.,.F.,(4,1,4),(4,1,4),(0.,0.571428571428571,1.),(0.,0.366094134531863,
0.732188269063726),.UNSPECIFIED.);
#2490=B_SPLINE_SURFACE_WITH_KNOTS('',3,3,((#7112,#7113,#7114,#7115,#7116,
#7117),(#7118,#7119,#7120,#7121,#7122,#7123),(#7124,#7125,#7126,#7127,#7128,
#7129),(#7130,#7131,#7132,#7133,#7134,#7135)),.UNSPECIFIED.,.F.,.F.,.F.,
(4,4),(4,2,4),(0.558094154925424,1.),(-0.0025817880719774,0.,0.574977412988979),
 .UNSPECIFIED.);
#2491=B_SPLINE_SURFACE_WITH_KNOTS('',3,3,((#7142,#7143,#7144,#7145,#7146,
#7147),(#7148,#7149,#7150,#7151,#7152,#7153),(#7154,#7155,#7156,#7157,#7158,
#7159),(#7160,#7161,#7162,#7163,#7164,#7165)),.UNSPECIFIED.,.F.,.F.,.F.,
(4,4),(4,2,4),(0.558094154922416,1.),(1.08058596300544,1.65556337599442,
1.6581451640664),.UNSPECIFIED.);
#2492=B_SPLINE_SURFACE_WITH_KNOTS('',3,3,((#7186,#7187,#7188,#7189,#7190,
#7191),(#7192,#7193,#7194,#7195,#7196,#7197),(#7198,#7199,#7200,#7201,#7202,
#7203),(#7204,#7205,#7206,#7207,#7208,#7209)),.UNSPECIFIED.,.F.,.F.,.F.,
(4,4),(4,2,4),(0.55809415492096,1.),(-0.00258178807197449,0.,0.574977412988981),
 .UNSPECIFIED.);
#2493=B_SPLINE_SURFACE_WITH_KNOTS('',3,3,((#7216,#7217,#7218,#7219,#7220,
#7221),(#7222,#7223,#7224,#7225,#7226,#7227),(#7228,#7229,#7230,#7231,#7232,
#7233),(#7234,#7235,#7236,#7237,#7238,#7239)),.UNSPECIFIED.,.F.,.F.,.F.,
(4,4),(4,2,4),(0.558094154924907,1.),(1.08058596300544,1.65556337599442,
1.6581451640664),.UNSPECIFIED.);
#2494=B_SPLINE_SURFACE_WITH_KNOTS('',3,3,((#7253,#7254,#7255,#7256,#7257,
#7258),(#7259,#7260,#7261,#7262,#7263,#7264),(#7265,#7266,#7267,#7268,#7269,
#7270),(#7271,#7272,#7273,#7274,#7275,#7276)),.UNSPECIFIED.,.F.,.F.,.F.,
(4,4),(4,2,4),(0.558094160772072,1.),(-0.00258178807253165,0.,0.574977412988428),
 .UNSPECIFIED.);
#2495=B_SPLINE_SURFACE_WITH_KNOTS('',3,3,((#7283,#7284,#7285,#7286,#7287,
#7288),(#7289,#7290,#7291,#7292,#7293,#7294),(#7295,#7296,#7297,#7298,#7299,
#7300),(#7301,#7302,#7303,#7304,#7305,#7306)),.UNSPECIFIED.,.F.,.F.,.F.,
(4,4),(4,2,4),(0.558094160770549,1.),(1.08058596300488,1.65556337599331,
1.65814516406584),.UNSPECIFIED.);
#2496=B_SPLINE_SURFACE_WITH_KNOTS('',3,3,((#7320,#7321,#7322,#7323,#7324,
#7325),(#7326,#7327,#7328,#7329,#7330,#7331),(#7332,#7333,#7334,#7335,#7336,
#7337),(#7338,#7339,#7340,#7341,#7342,#7343)),.UNSPECIFIED.,.F.,.F.,.F.,
(4,4),(4,2,4),(0.558094160770382,1.),(-0.0025817880725302,0.,0.574977412988432),
 .UNSPECIFIED.);
#2497=B_SPLINE_SURFACE_WITH_KNOTS('',3,3,((#7350,#7351,#7352,#7353,#7354,
#7355),(#7356,#7357,#7358,#7359,#7360,#7361),(#7362,#7363,#7364,#7365,#7366,
#7367),(#7368,#7369,#7370,#7371,#7372,#7373)),.UNSPECIFIED.,.F.,.F.,.F.,
(4,4),(4,2,4),(0.558094160769266,1.),(1.08058596300488,1.65556337599332,
1.65814516406585),.UNSPECIFIED.);
#2498=ADVANCED_FACE('',(#300),#2424,.F.);
#2499=ADVANCED_FACE('',(#301),#279,.T.);
#2500=ADVANCED_FACE('',(#302),#243,.F.);
#2501=ADVANCED_FACE('',(#303),#244,.F.);
#2502=ADVANCED_FACE('',(#304,#27),#49,.F.);
#2503=ADVANCED_FACE('',(#305),#50,.F.);
#2504=ADVANCED_FACE('',(#306),#245,.F.);
#2505=ADVANCED_FACE('',(#307),#51,.F.);
#2506=ADVANCED_FACE('',(#308),#246,.F.);
#2507=ADVANCED_FACE('',(#309),#52,.F.);
#2508=ADVANCED_FACE('',(#310),#247,.F.);
#2509=ADVANCED_FACE('',(#311),#2425,.F.);
#2510=ADVANCED_FACE('',(#312),#280,.T.);
#2511=ADVANCED_FACE('',(#313),#248,.F.);
#2512=ADVANCED_FACE('',(#314,#28),#53,.T.);
#2513=ADVANCED_FACE('',(#315),#2426,.F.);
#2514=ADVANCED_FACE('',(#316),#2427,.F.);
#2515=ADVANCED_FACE('',(#317),#2428,.F.);
#2516=ADVANCED_FACE('',(#318),#2429,.F.);
#2517=ADVANCED_FACE('',(#319),#19,.T.);
#2518=ADVANCED_FACE('',(#320),#281,.F.);
#2519=ADVANCED_FACE('',(#321),#2430,.F.);
#2520=ADVANCED_FACE('',(#322),#2431,.F.);
#2521=ADVANCED_FACE('',(#323),#2432,.F.);
#2522=ADVANCED_FACE('',(#324),#2433,.F.);
#2523=ADVANCED_FACE('',(#325),#2434,.F.);
#2524=ADVANCED_FACE('',(#326),#2435,.F.);
#2525=ADVANCED_FACE('',(#327),#2436,.F.);
#2526=ADVANCED_FACE('',(#328),#2437,.F.);
#2527=ADVANCED_FACE('',(#329),#20,.T.);
#2528=ADVANCED_FACE('',(#330),#282,.F.);
#2529=ADVANCED_FACE('',(#331),#2438,.F.);
#2530=ADVANCED_FACE('',(#332),#2439,.F.);
#2531=ADVANCED_FACE('',(#333),#2440,.F.);
#2532=ADVANCED_FACE('',(#334),#2441,.F.);
#2533=ADVANCED_FACE('',(#335),#2442,.F.);
#2534=ADVANCED_FACE('',(#336),#2443,.F.);
#2535=ADVANCED_FACE('',(#337),#2444,.F.);
#2536=ADVANCED_FACE('',(#338),#2445,.F.);
#2537=ADVANCED_FACE('',(#339),#21,.T.);
#2538=ADVANCED_FACE('',(#340),#283,.F.);
#2539=ADVANCED_FACE('',(#341),#2446,.F.);
#2540=ADVANCED_FACE('',(#342),#2447,.F.);
#2541=ADVANCED_FACE('',(#343),#2448,.F.);
#2542=ADVANCED_FACE('',(#344),#2449,.F.);
#2543=ADVANCED_FACE('',(#345),#2450,.F.);
#2544=ADVANCED_FACE('',(#346),#2451,.F.);
#2545=ADVANCED_FACE('',(#347),#2452,.F.);
#2546=ADVANCED_FACE('',(#348),#2453,.F.);
#2547=ADVANCED_FACE('',(#349),#284,.F.);
#2548=ADVANCED_FACE('',(#350),#22,.T.);
#2549=ADVANCED_FACE('',(#351),#2454,.F.);
#2550=ADVANCED_FACE('',(#352),#2455,.F.);
#2551=ADVANCED_FACE('',(#353),#2456,.F.);
#2552=ADVANCED_FACE('',(#354),#2457,.F.);
#2553=ADVANCED_FACE('',(#355),#2458,.T.);
#2554=ADVANCED_FACE('',(#356),#2459,.T.);
#2555=ADVANCED_FACE('',(#357),#249,.F.);
#2556=ADVANCED_FACE('',(#358),#250,.F.);
#2557=ADVANCED_FACE('',(#359),#2460,.T.);
#2558=ADVANCED_FACE('',(#360),#2461,.T.);
#2559=ADVANCED_FACE('',(#361),#54,.F.);
#2560=ADVANCED_FACE('',(#362),#55,.T.);
#2561=ADVANCED_FACE('',(#363),#2462,.T.);
#2562=ADVANCED_FACE('',(#364),#2463,.T.);
#2563=ADVANCED_FACE('',(#365),#251,.F.);
#2564=ADVANCED_FACE('',(#366),#252,.F.);
#2565=ADVANCED_FACE('',(#367),#2464,.T.);
#2566=ADVANCED_FACE('',(#368),#2465,.T.);
#2567=ADVANCED_FACE('',(#369),#56,.F.);
#2568=ADVANCED_FACE('',(#370),#57,.T.);
#2569=ADVANCED_FACE('',(#371),#2466,.T.);
#2570=ADVANCED_FACE('',(#372),#2467,.T.);
#2571=ADVANCED_FACE('',(#373),#253,.F.);
#2572=ADVANCED_FACE('',(#374),#254,.F.);
#2573=ADVANCED_FACE('',(#375),#2468,.T.);
#2574=ADVANCED_FACE('',(#376),#2469,.T.);
#2575=ADVANCED_FACE('',(#377),#58,.F.);
#2576=ADVANCED_FACE('',(#378),#59,.T.);
#2577=ADVANCED_FACE('',(#379),#255,.F.);
#2578=ADVANCED_FACE('',(#380),#2470,.T.);
#2579=ADVANCED_FACE('',(#381),#2471,.T.);
#2580=ADVANCED_FACE('',(#382),#2472,.T.);
#2581=ADVANCED_FACE('',(#383),#2473,.T.);
#2582=ADVANCED_FACE('',(#384),#256,.F.);
#2583=ADVANCED_FACE('',(#385),#60,.F.);
#2584=ADVANCED_FACE('',(#386),#61,.T.);
#2585=ADVANCED_FACE('',(#387),#285,.F.);
#2586=ADVANCED_FACE('',(#388,#29,#30,#31,#32,#33),#62,.T.);
#2587=ADVANCED_FACE('',(#389),#286,.F.);
#2588=ADVANCED_FACE('',(#390),#287,.F.);
#2589=ADVANCED_FACE('',(#391),#288,.F.);
#2590=ADVANCED_FACE('',(#392),#289,.T.);
#2591=ADVANCED_FACE('',(#393),#257,.T.);
#2592=ADVANCED_FACE('',(#394),#23,.T.);
#2593=ADVANCED_FACE('',(#395),#258,.F.);
#2594=ADVANCED_FACE('',(#396),#259,.F.);
#2595=ADVANCED_FACE('',(#397),#260,.F.);
#2596=ADVANCED_FACE('',(#398),#261,.F.);
#2597=ADVANCED_FACE('',(#399),#15,.T.);
#2598=ADVANCED_FACE('',(#400),#262,.T.);
#2599=ADVANCED_FACE('',(#401),#263,.T.);
#2600=ADVANCED_FACE('',(#402),#264,.T.);
#2601=ADVANCED_FACE('',(#403),#2474,.F.);
#2602=ADVANCED_FACE('',(#404),#2475,.F.);
#2603=ADVANCED_FACE('',(#405),#16,.T.);
#2604=ADVANCED_FACE('',(#406),#265,.T.);
#2605=ADVANCED_FACE('',(#407),#266,.T.);
#2606=ADVANCED_FACE('',(#408),#267,.T.);
#2607=ADVANCED_FACE('',(#409),#2476,.F.);
#2608=ADVANCED_FACE('',(#410),#2477,.F.);
#2609=ADVANCED_FACE('',(#411),#17,.T.);
#2610=ADVANCED_FACE('',(#412),#268,.T.);
#2611=ADVANCED_FACE('',(#413),#269,.T.);
#2612=ADVANCED_FACE('',(#414),#270,.T.);
#2613=ADVANCED_FACE('',(#415),#2478,.F.);
#2614=ADVANCED_FACE('',(#416),#2479,.F.);
#2615=ADVANCED_FACE('',(#417),#2480,.F.);
#2616=ADVANCED_FACE('',(#418),#2481,.F.);
#2617=ADVANCED_FACE('',(#419),#2482,.F.);
#2618=ADVANCED_FACE('',(#420),#18,.T.);
#2619=ADVANCED_FACE('',(#421),#271,.T.);
#2620=ADVANCED_FACE('',(#422),#272,.T.);
#2621=ADVANCED_FACE('',(#423),#273,.T.);
#2622=ADVANCED_FACE('',(#424),#2483,.F.);
#2623=ADVANCED_FACE('',(#425),#2484,.F.);
#2624=ADVANCED_FACE('',(#426),#2485,.F.);
#2625=ADVANCED_FACE('',(#427),#2486,.F.);
#2626=ADVANCED_FACE('',(#428),#2487,.F.);
#2627=ADVANCED_FACE('',(#429),#2488,.F.);
#2628=ADVANCED_FACE('',(#430),#2489,.F.);
#2629=ADVANCED_FACE('',(#431,#34),#63,.F.);
#2630=ADVANCED_FACE('',(#432),#64,.T.);
#2631=ADVANCED_FACE('',(#433),#290,.F.);
#2632=ADVANCED_FACE('',(#434),#2490,.T.);
#2633=ADVANCED_FACE('',(#435),#2491,.T.);
#2634=ADVANCED_FACE('',(#436),#65,.T.);
#2635=ADVANCED_FACE('',(#437,#35),#66,.F.);
#2636=ADVANCED_FACE('',(#438),#67,.T.);
#2637=ADVANCED_FACE('',(#439),#291,.F.);
#2638=ADVANCED_FACE('',(#440),#2492,.T.);
#2639=ADVANCED_FACE('',(#441),#2493,.T.);
#2640=ADVANCED_FACE('',(#442),#292,.F.);
#2641=ADVANCED_FACE('',(#443),#2494,.T.);
#2642=ADVANCED_FACE('',(#444),#2495,.T.);
#2643=ADVANCED_FACE('',(#445),#293,.F.);
#2644=ADVANCED_FACE('',(#446),#2496,.T.);
#2645=ADVANCED_FACE('',(#447),#2497,.T.);
#2646=ADVANCED_FACE('',(#448,#36),#68,.F.);
#2647=ADVANCED_FACE('',(#449),#294,.F.);
#2648=ADVANCED_FACE('',(#450),#274,.T.);
#2649=ADVANCED_FACE('',(#451),#295,.F.);
#2650=ADVANCED_FACE('',(#452),#24,.F.);
#2651=ADVANCED_FACE('',(#453),#296,.F.);
#2652=ADVANCED_FACE('',(#454,#37),#69,.T.);
#2653=ADVANCED_FACE('',(#455),#297,.F.);
#2654=ADVANCED_FACE('',(#456),#25,.T.);
#2655=ADVANCED_FACE('',(#457),#298,.F.);
#2656=ADVANCED_FACE('',(#458,#38),#70,.T.);
#2657=ADVANCED_FACE('',(#459),#299,.F.);
#2658=ADVANCED_FACE('',(#460,#39,#40,#41,#42,#43),#71,.T.);
#2659=ADVANCED_FACE('',(#461),#26,.F.);
#2660=ADVANCED_FACE('',(#462,#44),#72,.F.);
#2661=ADVANCED_FACE('',(#463,#45),#73,.F.);
#2662=ADVANCED_FACE('',(#464,#46),#74,.F.);
#2663=ADVANCED_FACE('',(#465,#47),#75,.F.);
#2664=ADVANCED_FACE('',(#466),#275,.F.);
#2665=ADVANCED_FACE('',(#467),#276,.F.);
#2666=ADVANCED_FACE('',(#468),#277,.F.);
#2667=ADVANCED_FACE('',(#469),#278,.F.);
#2668=ADVANCED_FACE('',(#470),#76,.F.);
#2669=ADVANCED_FACE('',(#471),#77,.T.);
#2670=ADVANCED_FACE('',(#472,#48),#78,.T.);
#2671=CLOSED_SHELL('',(#2498,#2499,#2500,#2501,#2502,#2503,#2504,#2505,
#2506,#2507,#2508,#2509,#2510,#2511,#2512,#2513,#2514,#2515,#2516,#2517,
#2518,#2519,#2520,#2521,#2522,#2523,#2524,#2525,#2526,#2527,#2528,#2529,
#2530,#2531,#2532,#2533,#2534,#2535,#2536,#2537,#2538,#2539,#2540,#2541,
#2542,#2543,#2544,#2545,#2546,#2547,#2548,#2549,#2550,#2551,#2552,#2553,
#2554,#2555,#2556,#2557,#2558,#2559,#2560,#2561,#2562,#2563,#2564,#2565,
#2566,#2567,#2568,#2569,#2570,#2571,#2572,#2573,#2574,#2575,#2576,#2577,
#2578,#2579,#2580,#2581,#2582,#2583,#2584,#2585,#2586,#2587,#2588,#2589,
#2590,#2591,#2592,#2593,#2594,#2595,#2596,#2597,#2598,#2599,#2600,#2601,
#2602,#2603,#2604,#2605,#2606,#2607,#2608,#2609,#2610,#2611,#2612,#2613,
#2614,#2615,#2616,#2617,#2618,#2619,#2620,#2621,#2622,#2623,#2624,#2625,
#2626,#2627,#2628,#2629,#2630,#2631,#2632,#2633,#2634,#2635,#2636,#2637,
#2638,#2639,#2640,#2641,#2642,#2643,#2644,#2645,#2646,#2647,#2648,#2649,
#2650,#2651,#2652,#2653,#2654,#2655,#2656,#2657,#2658,#2659,#2660,#2661,
#2662,#2663,#2664,#2665,#2666,#2667,#2668,#2669,#2670));
#2672=DERIVED_UNIT_ELEMENT(#2674,1.);
#2673=DERIVED_UNIT_ELEMENT(#7455,-3.);
#2674=(
MASS_UNIT()
NAMED_UNIT(*)
SI_UNIT($,.GRAM.)
);
#2675=DERIVED_UNIT((#2672,#2673));
#2676=MEASURE_REPRESENTATION_ITEM('density measure',
POSITIVE_RATIO_MEASURE(1.),#2675);
#2677=PROPERTY_DEFINITION_REPRESENTATION(#2682,#2679);
#2678=PROPERTY_DEFINITION_REPRESENTATION(#2683,#2680);
#2679=REPRESENTATION('material name',(#2681),#7452);
#2680=REPRESENTATION('density',(#2676),#7452);
#2681=DESCRIPTIVE_REPRESENTATION_ITEM('Generic','Generic');
#2682=PROPERTY_DEFINITION('material property','material name',#7462);
#2683=PROPERTY_DEFINITION('material property','density of part',#7462);
#2684=DATE_TIME_ROLE('creation_date');
#2685=APPLIED_DATE_AND_TIME_ASSIGNMENT(#2686,#2684,(#7462));
#2686=DATE_AND_TIME(#2687,#2688);
#2687=CALENDAR_DATE(2026,12,9);
#2688=LOCAL_TIME(0,0,0.,#2689);
#2689=COORDINATED_UNIVERSAL_TIME_OFFSET(0,0,.BEHIND.);
#2690=AXIS2_PLACEMENT_3D('placement',#3582,#2960,#2961);
#2691=AXIS2_PLACEMENT_3D('',#3618,#2962,#2963);
#2692=AXIS2_PLACEMENT_3D('',#3619,#2964,#2965);
#2693=AXIS2_PLACEMENT_3D('',#3620,#2966,#2967);
#2694=AXIS2_PLACEMENT_3D('',#3628,#2968,#2969);
#2695=AXIS2_PLACEMENT_3D('',#3634,#2970,#2971);
#2696=AXIS2_PLACEMENT_3D('',#3635,#2972,#2973);
#2697=AXIS2_PLACEMENT_3D('',#3641,#2976,#2977);
#2698=AXIS2_PLACEMENT_3D('',#3645,#2979,#2980);
#2699=AXIS2_PLACEMENT_3D('',#3646,#2981,#2982);
#2700=AXIS2_PLACEMENT_3D('',#3648,#2983,#2984);
#2701=AXIS2_PLACEMENT_3D('',#3649,#2985,#2986);
#2702=AXIS2_PLACEMENT_3D('',#3650,#2987,#2988);
#2703=AXIS2_PLACEMENT_3D('',#3653,#2989,#2990);
#2704=AXIS2_PLACEMENT_3D('',#3657,#2992,#2993);
#2705=AXIS2_PLACEMENT_3D('',#3659,#2995,#2996);
#2706=AXIS2_PLACEMENT_3D('',#3663,#2999,#3000);
#2707=AXIS2_PLACEMENT_3D('',#3664,#3001,#3002);
#2708=AXIS2_PLACEMENT_3D('',#3670,#3006,#3007);
#2709=AXIS2_PLACEMENT_3D('',#3673,#3008,#3009);
#2710=AXIS2_PLACEMENT_3D('',#3677,#3011,#3012);
#2711=AXIS2_PLACEMENT_3D('',#3679,#3014,#3015);
#2712=AXIS2_PLACEMENT_3D('',#3686,#3020,#3021);
#2713=AXIS2_PLACEMENT_3D('',#3688,#3022,#3023);
#2714=AXIS2_PLACEMENT_3D('',#3691,#3025,#3026);
#2715=AXIS2_PLACEMENT_3D('',#3692,#3027,#3028);
#2716=AXIS2_PLACEMENT_3D('',#3699,#3033,#3034);
#2717=AXIS2_PLACEMENT_3D('',#3700,#3035,#3036);
#2718=AXIS2_PLACEMENT_3D('',#3701,#3037,#3038);
#2719=AXIS2_PLACEMENT_3D('',#3872,#3039,#3040);
#2720=AXIS2_PLACEMENT_3D('',#4300,#3041,#3042);
#2721=AXIS2_PLACEMENT_3D('',#4302,#3043,#3044);
#2722=AXIS2_PLACEMENT_3D('',#4304,#3045,#3046);
#2723=AXIS2_PLACEMENT_3D('',#4305,#3047,#3048);
#2724=AXIS2_PLACEMENT_3D('',#4306,#3049,#3050);
#2725=AXIS2_PLACEMENT_3D('',#4309,#3051,#3052);
#2726=AXIS2_PLACEMENT_3D('',#4311,#3054,#3055);
#2727=AXIS2_PLACEMENT_3D('',#4312,#3056,#3057);
#2728=AXIS2_PLACEMENT_3D('',#4314,#3058,#3059);
#2729=AXIS2_PLACEMENT_3D('',#4354,#3060,#3061);
#2730=AXIS2_PLACEMENT_3D('',#4382,#3062,#3063);
#2731=AXIS2_PLACEMENT_3D('',#4419,#3064,#3065);
#2732=AXIS2_PLACEMENT_3D('',#4484,#3066,#3067);
#2733=AXIS2_PLACEMENT_3D('',#4486,#3068,#3069);
#2734=AXIS2_PLACEMENT_3D('',#4505,#3070,#3071);
#2735=AXIS2_PLACEMENT_3D('',#4506,#3072,#3073);
#2736=AXIS2_PLACEMENT_3D('',#4508,#3074,#3075);
#2737=AXIS2_PLACEMENT_3D('',#4557,#3076,#3077);
#2738=AXIS2_PLACEMENT_3D('',#4585,#3078,#3079);
#2739=AXIS2_PLACEMENT_3D('',#4616,#3080,#3081);
#2740=AXIS2_PLACEMENT_3D('',#4691,#3082,#3083);
#2741=AXIS2_PLACEMENT_3D('',#4719,#3084,#3085);
#2742=AXIS2_PLACEMENT_3D('',#4756,#3086,#3087);
#2743=AXIS2_PLACEMENT_3D('',#4815,#3088,#3089);
#2744=AXIS2_PLACEMENT_3D('',#4817,#3090,#3091);
#2745=AXIS2_PLACEMENT_3D('',#4836,#3092,#3093);
#2746=AXIS2_PLACEMENT_3D('',#4837,#3094,#3095);
#2747=AXIS2_PLACEMENT_3D('',#4839,#3096,#3097);
#2748=AXIS2_PLACEMENT_3D('',#4888,#3098,#3099);
#2749=AXIS2_PLACEMENT_3D('',#4916,#3100,#3101);
#2750=AXIS2_PLACEMENT_3D('',#4947,#3102,#3103);
#2751=AXIS2_PLACEMENT_3D('',#5022,#3104,#3105);
#2752=AXIS2_PLACEMENT_3D('',#5050,#3106,#3107);
#2753=AXIS2_PLACEMENT_3D('',#5087,#3108,#3109);
#2754=AXIS2_PLACEMENT_3D('',#5152,#3110,#3111);
#2755=AXIS2_PLACEMENT_3D('',#5154,#3112,#3113);
#2756=AXIS2_PLACEMENT_3D('',#5173,#3114,#3115);
#2757=AXIS2_PLACEMENT_3D('',#5174,#3116,#3117);
#2758=AXIS2_PLACEMENT_3D('',#5176,#3118,#3119);
#2759=AXIS2_PLACEMENT_3D('',#5230,#3120,#3121);
#2760=AXIS2_PLACEMENT_3D('',#5259,#3122,#3123);
#2761=AXIS2_PLACEMENT_3D('',#5290,#3124,#3125);
#2762=AXIS2_PLACEMENT_3D('',#5381,#3126,#3127);
#2763=AXIS2_PLACEMENT_3D('',#5411,#3128,#3129);
#2764=AXIS2_PLACEMENT_3D('',#5447,#3130,#3131);
#2765=AXIS2_PLACEMENT_3D('',#5495,#3132,#3133);
#2766=AXIS2_PLACEMENT_3D('',#5497,#3134,#3135);
#2767=AXIS2_PLACEMENT_3D('',#5505,#3136,#3137);
#2768=AXIS2_PLACEMENT_3D('',#5506,#3138,#3139);
#2769=AXIS2_PLACEMENT_3D('',#5508,#3140,#3141);
#2770=AXIS2_PLACEMENT_3D('',#5557,#3142,#3143);
#2771=AXIS2_PLACEMENT_3D('',#5584,#3144,#3145);
#2772=AXIS2_PLACEMENT_3D('',#5611,#3146,#3147);
#2773=AXIS2_PLACEMENT_3D('',#5695,#3148,#3149);
#2774=AXIS2_PLACEMENT_3D('',#5732,#3150,#3151);
#2775=AXIS2_PLACEMENT_3D('',#5738,#3152,#3153);
#2776=AXIS2_PLACEMENT_3D('',#5741,#3156,#3157);
#2777=AXIS2_PLACEMENT_3D('',#5745,#3159,#3160);
#2778=AXIS2_PLACEMENT_3D('',#5779,#3162,#3163);
#2779=AXIS2_PLACEMENT_3D('',#5813,#3164,#3165);
#2780=AXIS2_PLACEMENT_3D('',#5814,#3166,#3167);
#2781=AXIS2_PLACEMENT_3D('',#5841,#3168,#3169);
#2782=AXIS2_PLACEMENT_3D('',#5878,#3170,#3171);
#2783=AXIS2_PLACEMENT_3D('',#5884,#3172,#3173);
#2784=AXIS2_PLACEMENT_3D('',#5887,#3176,#3177);
#2785=AXIS2_PLACEMENT_3D('',#5891,#3179,#3180);
#2786=AXIS2_PLACEMENT_3D('',#5925,#3182,#3183);
#2787=AXIS2_PLACEMENT_3D('',#5959,#3184,#3185);
#2788=AXIS2_PLACEMENT_3D('',#5960,#3186,#3187);
#2789=AXIS2_PLACEMENT_3D('',#5987,#3188,#3189);
#2790=AXIS2_PLACEMENT_3D('',#6024,#3190,#3191);
#2791=AXIS2_PLACEMENT_3D('',#6030,#3192,#3193);
#2792=AXIS2_PLACEMENT_3D('',#6033,#3196,#3197);
#2793=AXIS2_PLACEMENT_3D('',#6037,#3199,#3200);
#2794=AXIS2_PLACEMENT_3D('',#6071,#3202,#3203);
#2795=AXIS2_PLACEMENT_3D('',#6105,#3204,#3205);
#2796=AXIS2_PLACEMENT_3D('',#6106,#3206,#3207);
#2797=AXIS2_PLACEMENT_3D('',#6107,#3208,#3209);
#2798=AXIS2_PLACEMENT_3D('',#6111,#3211,#3212);
#2799=AXIS2_PLACEMENT_3D('',#6145,#3214,#3215);
#2800=AXIS2_PLACEMENT_3D('',#6205,#3216,#3217);
#2801=AXIS2_PLACEMENT_3D('',#6242,#3218,#3219);
#2802=AXIS2_PLACEMENT_3D('',#6248,#3220,#3221);
#2803=AXIS2_PLACEMENT_3D('',#6251,#3224,#3225);
#2804=AXIS2_PLACEMENT_3D('',#6252,#3226,#3227);
#2805=AXIS2_PLACEMENT_3D('',#6253,#3228,#3229);
#2806=AXIS2_PLACEMENT_3D('',#6254,#3230,#3231);
#2807=AXIS2_PLACEMENT_3D('',#6255,#3232,#3233);
#2808=AXIS2_PLACEMENT_3D('',#6256,#3234,#3235);
#2809=AXIS2_PLACEMENT_3D('',#6258,#3236,#3237);
#2810=AXIS2_PLACEMENT_3D('',#6259,#3238,#3239);
#2811=AXIS2_PLACEMENT_3D('',#6260,#3240,#3241);
#2812=AXIS2_PLACEMENT_3D('',#6261,#3242,#3243);
#2813=AXIS2_PLACEMENT_3D('',#6263,#3244,#3245);
#2814=AXIS2_PLACEMENT_3D('',#6265,#3246,#3247);
#2815=AXIS2_PLACEMENT_3D('',#6267,#3248,#3249);
#2816=AXIS2_PLACEMENT_3D('',#6269,#3250,#3251);
#2817=AXIS2_PLACEMENT_3D('',#6270,#3252,#3253);
#2818=AXIS2_PLACEMENT_3D('',#6271,#3254,#3255);
#2819=AXIS2_PLACEMENT_3D('',#6272,#3256,#3257);
#2820=AXIS2_PLACEMENT_3D('',#6274,#3258,#3259);
#2821=AXIS2_PLACEMENT_3D('',#6275,#3260,#3261);
#2822=AXIS2_PLACEMENT_3D('',#6276,#3262,#3263);
#2823=AXIS2_PLACEMENT_3D('',#6277,#3264,#3265);
#2824=AXIS2_PLACEMENT_3D('',#6278,#3266,#3267);
#2825=AXIS2_PLACEMENT_3D('',#6280,#3268,#3269);
#2826=AXIS2_PLACEMENT_3D('',#6281,#3270,#3271);
#2827=AXIS2_PLACEMENT_3D('',#6282,#3272,#3273);
#2828=AXIS2_PLACEMENT_3D('',#6285,#3275,#3276);
#2829=AXIS2_PLACEMENT_3D('',#6286,#3277,#3278);
#2830=AXIS2_PLACEMENT_3D('',#6290,#3280,#3281);
#2831=AXIS2_PLACEMENT_3D('',#6291,#3282,#3283);
#2832=AXIS2_PLACEMENT_3D('',#6292,#3284,#3285);
#2833=AXIS2_PLACEMENT_3D('',#6294,#3286,#3287);
#2834=AXIS2_PLACEMENT_3D('',#6296,#3289,#3290);
#2835=AXIS2_PLACEMENT_3D('',#6298,#3291,#3292);
#2836=AXIS2_PLACEMENT_3D('',#6300,#3294,#3295);
#2837=AXIS2_PLACEMENT_3D('',#6302,#3296,#3297);
#2838=AXIS2_PLACEMENT_3D('',#6304,#3299,#3300);
#2839=AXIS2_PLACEMENT_3D('',#6306,#3301,#3302);
#2840=AXIS2_PLACEMENT_3D('',#6308,#3304,#3305);
#2841=AXIS2_PLACEMENT_3D('',#6311,#3306,#3307);
#2842=AXIS2_PLACEMENT_3D('',#6313,#3308,#3309);
#2843=AXIS2_PLACEMENT_3D('',#6314,#3310,#3311);
#2844=AXIS2_PLACEMENT_3D('',#6315,#3312,#3313);
#2845=AXIS2_PLACEMENT_3D('',#6318,#3314,#3315);
#2846=AXIS2_PLACEMENT_3D('',#6321,#3318,#3319);
#2847=AXIS2_PLACEMENT_3D('',#6324,#3320,#3321);
#2848=AXIS2_PLACEMENT_3D('',#6327,#3324,#3325);
#2849=AXIS2_PLACEMENT_3D('',#6330,#3326,#3327);
#2850=AXIS2_PLACEMENT_3D('',#6367,#3330,#3331);
#2851=AXIS2_PLACEMENT_3D('',#6435,#3332,#3333);
#2852=AXIS2_PLACEMENT_3D('',#6436,#3334,#3335);
#2853=AXIS2_PLACEMENT_3D('',#6439,#3336,#3337);
#2854=AXIS2_PLACEMENT_3D('',#6441,#3338,#3339);
#2855=AXIS2_PLACEMENT_3D('',#6442,#3340,#3341);
#2856=AXIS2_PLACEMENT_3D('',#6443,#3342,#3343);
#2857=AXIS2_PLACEMENT_3D('',#6446,#3344,#3345);
#2858=AXIS2_PLACEMENT_3D('',#6449,#3348,#3349);
#2859=AXIS2_PLACEMENT_3D('',#6452,#3350,#3351);
#2860=AXIS2_PLACEMENT_3D('',#6455,#3354,#3355);
#2861=AXIS2_PLACEMENT_3D('',#6458,#3356,#3357);
#2862=AXIS2_PLACEMENT_3D('',#6495,#3360,#3361);
#2863=AXIS2_PLACEMENT_3D('',#6563,#3362,#3363);
#2864=AXIS2_PLACEMENT_3D('',#6564,#3364,#3365);
#2865=AXIS2_PLACEMENT_3D('',#6567,#3366,#3367);
#2866=AXIS2_PLACEMENT_3D('',#6569,#3368,#3369);
#2867=AXIS2_PLACEMENT_3D('',#6570,#3370,#3371);
#2868=AXIS2_PLACEMENT_3D('',#6571,#3372,#3373);
#2869=AXIS2_PLACEMENT_3D('',#6574,#3374,#3375);
#2870=AXIS2_PLACEMENT_3D('',#6577,#3378,#3379);
#2871=AXIS2_PLACEMENT_3D('',#6580,#3380,#3381);
#2872=AXIS2_PLACEMENT_3D('',#6583,#3384,#3385);
#2873=AXIS2_PLACEMENT_3D('',#6586,#3386,#3387);
#2874=AXIS2_PLACEMENT_3D('',#6675,#3390,#3391);
#2875=AXIS2_PLACEMENT_3D('',#6710,#3392,#3393);
#2876=AXIS2_PLACEMENT_3D('',#6797,#3394,#3395);
#2877=AXIS2_PLACEMENT_3D('',#6800,#3396,#3397);
#2878=AXIS2_PLACEMENT_3D('',#6802,#3398,#3399);
#2879=AXIS2_PLACEMENT_3D('',#6803,#3400,#3401);
#2880=AXIS2_PLACEMENT_3D('',#6804,#3402,#3403);
#2881=AXIS2_PLACEMENT_3D('',#6807,#3404,#3405);
#2882=AXIS2_PLACEMENT_3D('',#6810,#3408,#3409);
#2883=AXIS2_PLACEMENT_3D('',#6813,#3410,#3411);
#2884=AXIS2_PLACEMENT_3D('',#6816,#3414,#3415);
#2885=AXIS2_PLACEMENT_3D('',#6819,#3416,#3417);
#2886=AXIS2_PLACEMENT_3D('',#6943,#3420,#3421);
#2887=AXIS2_PLACEMENT_3D('',#6978,#3422,#3423);
#2888=AXIS2_PLACEMENT_3D('',#7100,#3424,#3425);
#2889=AXIS2_PLACEMENT_3D('',#7101,#3426,#3427);
#2890=AXIS2_PLACEMENT_3D('',#7103,#3428,#3429);
#2891=AXIS2_PLACEMENT_3D('',#7104,#3430,#3431);
#2892=AXIS2_PLACEMENT_3D('',#7106,#3433,#3434);
#2893=AXIS2_PLACEMENT_3D('',#7108,#3435,#3436);
#2894=AXIS2_PLACEMENT_3D('',#7110,#3437,#3438);
#2895=AXIS2_PLACEMENT_3D('',#7111,#3439,#3440);
#2896=AXIS2_PLACEMENT_3D('',#7167,#3441,#3442);
#2897=AXIS2_PLACEMENT_3D('',#7174,#3443,#3444);
#2898=AXIS2_PLACEMENT_3D('',#7176,#3446,#3447);
#2899=AXIS2_PLACEMENT_3D('',#7177,#3448,#3449);
#2900=AXIS2_PLACEMENT_3D('',#7179,#3450,#3451);
#2901=AXIS2_PLACEMENT_3D('',#7180,#3452,#3453);
#2902=AXIS2_PLACEMENT_3D('',#7182,#3455,#3456);
#2903=AXIS2_PLACEMENT_3D('',#7184,#3457,#3458);
#2904=AXIS2_PLACEMENT_3D('',#7185,#3459,#3460);
#2905=AXIS2_PLACEMENT_3D('',#7241,#3461,#3462);
#2906=AXIS2_PLACEMENT_3D('',#7248,#3463,#3464);
#2907=AXIS2_PLACEMENT_3D('',#7250,#3465,#3466);
#2908=AXIS2_PLACEMENT_3D('',#7251,#3467,#3468);
#2909=AXIS2_PLACEMENT_3D('',#7252,#3469,#3470);
#2910=AXIS2_PLACEMENT_3D('',#7313,#3471,#3472);
#2911=AXIS2_PLACEMENT_3D('',#7315,#3473,#3474);
#2912=AXIS2_PLACEMENT_3D('',#7317,#3475,#3476);
#2913=AXIS2_PLACEMENT_3D('',#7318,#3477,#3478);
#2914=AXIS2_PLACEMENT_3D('',#7319,#3479,#3480);
#2915=AXIS2_PLACEMENT_3D('',#7380,#3481,#3482);
#2916=AXIS2_PLACEMENT_3D('',#7382,#3483,#3484);
#2917=AXIS2_PLACEMENT_3D('',#7383,#3485,#3486);
#2918=AXIS2_PLACEMENT_3D('',#7385,#3487,#3488);
#2919=AXIS2_PLACEMENT_3D('',#7386,#3489,#3490);
#2920=AXIS2_PLACEMENT_3D('',#7387,#3491,#3492);
#2921=AXIS2_PLACEMENT_3D('',#7389,#3494,#3495);
#2922=AXIS2_PLACEMENT_3D('',#7391,#3496,#3497);
#2923=AXIS2_PLACEMENT_3D('',#7392,#3498,#3499);
#2924=AXIS2_PLACEMENT_3D('',#7393,#3500,#3501);
#2925=AXIS2_PLACEMENT_3D('',#7396,#3503,#3504);
#2926=AXIS2_PLACEMENT_3D('',#7397,#3505,#3506);
#2927=AXIS2_PLACEMENT_3D('',#7399,#3507,#3508);
#2928=AXIS2_PLACEMENT_3D('',#7400,#3509,#3510);
#2929=AXIS2_PLACEMENT_3D('',#7401,#3511,#3512);
#2930=AXIS2_PLACEMENT_3D('',#7403,#3513,#3514);
#2931=AXIS2_PLACEMENT_3D('',#7404,#3515,#3516);
#2932=AXIS2_PLACEMENT_3D('',#7406,#3517,#3518);
#2933=AXIS2_PLACEMENT_3D('',#7407,#3519,#3520);
#2934=AXIS2_PLACEMENT_3D('',#7408,#3521,#3522);
#2935=AXIS2_PLACEMENT_3D('',#7410,#3523,#3524);
#2936=AXIS2_PLACEMENT_3D('',#7412,#3526,#3527);
#2937=AXIS2_PLACEMENT_3D('',#7414,#3528,#3529);
#2938=AXIS2_PLACEMENT_3D('',#7415,#3530,#3531);
#2939=AXIS2_PLACEMENT_3D('',#7416,#3532,#3533);
#2940=AXIS2_PLACEMENT_3D('',#7417,#3534,#3535);
#2941=AXIS2_PLACEMENT_3D('',#7419,#3536,#3537);
#2942=AXIS2_PLACEMENT_3D('',#7420,#3538,#3539);
#2943=AXIS2_PLACEMENT_3D('',#7421,#3540,#3541);
#2944=AXIS2_PLACEMENT_3D('',#7422,#3542,#3543);
#2945=AXIS2_PLACEMENT_3D('',#7424,#3545,#3546);
#2946=AXIS2_PLACEMENT_3D('',#7426,#3547,#3548);
#2947=AXIS2_PLACEMENT_3D('',#7427,#3549,#3550);
#2948=AXIS2_PLACEMENT_3D('',#7429,#3551,#3552);
#2949=AXIS2_PLACEMENT_3D('',#7430,#3553,#3554);
#2950=AXIS2_PLACEMENT_3D('',#7433,#3556,#3557);
#2951=AXIS2_PLACEMENT_3D('',#7434,#3558,#3559);
#2952=AXIS2_PLACEMENT_3D('',#7436,#3560,#3561);
#2953=AXIS2_PLACEMENT_3D('',#7437,#3562,#3563);
#2954=AXIS2_PLACEMENT_3D('',#7439,#3565,#3566);
#2955=AXIS2_PLACEMENT_3D('',#7441,#3568,#3569);
#2956=AXIS2_PLACEMENT_3D('',#7443,#3571,#3572);
#2957=AXIS2_PLACEMENT_3D('',#7445,#3574,#3575);
#2958=AXIS2_PLACEMENT_3D('',#7447,#3577,#3578);
#2959=AXIS2_PLACEMENT_3D('',#7449,#3580,#3581);
#2960=DIRECTION('axis',(0.,0.,1.));
#2961=DIRECTION('refdir',(1.,0.,0.));
#2962=DIRECTION('center_axis',(-0.000809931099255201,-0.999999672005753,
-6.99126443137827E-15));
#2963=DIRECTION('ref_axis',(-0.746994838213232,0.000605014548897943,-0.664829561346502));
#2964=DIRECTION('center_axis',(0.,0.,1.));
#2965=DIRECTION('ref_axis',(1.,0.,0.));
#2966=DIRECTION('center_axis',(0.,0.,-1.));
#2967=DIRECTION('ref_axis',(-1.,0.,0.));
#2968=DIRECTION('center_axis',(0.,0.,1.));
#2969=DIRECTION('ref_axis',(0.707106781186548,0.707106781186548,0.));
#2970=DIRECTION('center_axis',(0.,0.,-1.));
#2971=DIRECTION('ref_axis',(0.707106781186547,0.707106781186547,0.));
#2972=DIRECTION('center_axis',(0.,0.,-1.));
#2973=DIRECTION('ref_axis',(1.,0.,0.));
#2974=DIRECTION('',(0.,0.,1.));
#2975=DIRECTION('',(0.,0.,1.));
#2976=DIRECTION('center_axis',(0.,0.,-1.));
#2977=DIRECTION('ref_axis',(1.,0.,0.));
#2978=DIRECTION('',(0.,0.,-1.));
#2979=DIRECTION('center_axis',(0.,0.,1.));
#2980=DIRECTION('ref_axis',(1.,0.,0.));
#2981=DIRECTION('center_axis',(0.,0.,1.));
#2982=DIRECTION('ref_axis',(1.,0.,0.));
#2983=DIRECTION('center_axis',(0.,0.,-1.));
#2984=DIRECTION('ref_axis',(1.,0.,0.));
#2985=DIRECTION('center_axis',(0.,0.,-1.));
#2986=DIRECTION('ref_axis',(1.,0.,0.));
#2987=DIRECTION('center_axis',(0.,0.,-1.));
#2988=DIRECTION('ref_axis',(0.707106781186548,0.707106781186548,0.));
#2989=DIRECTION('center_axis',(0.,0.,1.));
#2990=DIRECTION('ref_axis',(0.707106781186548,0.707106781186548,0.));
#2991=DIRECTION('',(0.,0.,1.));
#2992=DIRECTION('center_axis',(0.,0.,1.));
#2993=DIRECTION('ref_axis',(0.707106781186548,0.707106781186548,0.));
#2994=DIRECTION('',(0.,0.,-1.));
#2995=DIRECTION('center_axis',(0.,0.,-1.));
#2996=DIRECTION('ref_axis',(-1.,0.,0.));
#2997=DIRECTION('',(0.,-1.,0.));
#2998=DIRECTION('',(1.,0.,0.));
#2999=DIRECTION('center_axis',(0.,0.,-1.));
#3000=DIRECTION('ref_axis',(-1.83697019872103E-16,-1.,0.));
#3001=DIRECTION('center_axis',(0.,1.,0.));
#3002=DIRECTION('ref_axis',(1.,0.,0.));
#3003=DIRECTION('',(1.,0.,0.));
#3004=DIRECTION('',(0.,0.,1.));
#3005=DIRECTION('',(1.,0.,0.));
#3006=DIRECTION('center_axis',(0.,0.,-1.));
#3007=DIRECTION('ref_axis',(0.707106781186549,-0.707106781186546,0.));
#3008=DIRECTION('center_axis',(0.,0.,1.));
#3009=DIRECTION('ref_axis',(0.707106781186549,-0.707106781186546,0.));
#3010=DIRECTION('',(0.,0.,1.));
#3011=DIRECTION('center_axis',(0.,0.,1.));
#3012=DIRECTION('ref_axis',(0.707106781186549,-0.707106781186546,0.));
#3013=DIRECTION('',(0.,0.,-1.));
#3014=DIRECTION('center_axis',(1.48029736616688E-16,-1.,0.));
#3015=DIRECTION('ref_axis',(-1.,-1.48029736616688E-16,0.));
#3016=DIRECTION('',(-1.,-1.48029736616688E-16,0.));
#3017=DIRECTION('',(-1.,-1.48029736616688E-16,0.));
#3018=DIRECTION('',(0.,0.,-1.));
#3019=DIRECTION('',(-1.,-1.48029736616688E-16,0.));
#3020=DIRECTION('center_axis',(0.,0.,-1.));
#3021=DIRECTION('ref_axis',(-0.707106781186548,-0.707106781186548,0.));
#3022=DIRECTION('center_axis',(0.,0.,1.));
#3023=DIRECTION('ref_axis',(-0.707106781186548,-0.707106781186548,0.));
#3024=DIRECTION('',(0.,0.,1.));
#3025=DIRECTION('center_axis',(0.,0.,1.));
#3026=DIRECTION('ref_axis',(-0.707106781186548,-0.707106781186548,0.));
#3027=DIRECTION('center_axis',(-1.,0.,0.));
#3028=DIRECTION('ref_axis',(0.,1.,0.));
#3029=DIRECTION('',(0.,1.,0.));
#3030=DIRECTION('',(0.,1.,0.));
#3031=DIRECTION('',(0.,0.,-1.));
#3032=DIRECTION('',(0.,1.,0.));
#3033=DIRECTION('center_axis',(0.,0.,-1.));
#3034=DIRECTION('ref_axis',(-0.707106781186548,0.707106781186548,0.));
#3035=DIRECTION('center_axis',(0.,0.,1.));
#3036=DIRECTION('ref_axis',(-0.707106781186548,0.707106781186548,0.));
#3037=DIRECTION('center_axis',(0.,0.,1.));
#3038=DIRECTION('ref_axis',(-0.707106781186548,0.707106781186548,0.));
#3039=DIRECTION('center_axis',(0.,0.,1.));
#3040=DIRECTION('ref_axis',(1.,0.,0.));
#3041=DIRECTION('center_axis',(0.,0.,1.));
#3042=DIRECTION('ref_axis',(1.,0.,0.));
#3043=DIRECTION('center_axis',(0.,0.,-1.));
#3044=DIRECTION('ref_axis',(-1.,1.22464679914735E-16,0.));
#3045=DIRECTION('center_axis',(1.22464679914735E-16,-1.,0.));
#3046=DIRECTION('ref_axis',(-1.,-1.22464679914735E-16,0.));
#3047=DIRECTION('center_axis',(0.,0.,1.));
#3048=DIRECTION('ref_axis',(-1.,1.22464679914735E-16,0.));
#3049=DIRECTION('center_axis',(0.,0.,1.));
#3050=DIRECTION('ref_axis',(1.,0.,0.));
#3051=DIRECTION('center_axis',(0.,0.,-1.));
#3052=DIRECTION('ref_axis',(1.,0.,0.));
#3053=DIRECTION('',(0.,0.,-1.));
#3054=DIRECTION('center_axis',(0.,0.,-1.));
#3055=DIRECTION('ref_axis',(1.,0.,0.));
#3056=DIRECTION('center_axis',(0.,0.,-1.));
#3057=DIRECTION('ref_axis',(-1.,0.,0.));
#3058=DIRECTION('center_axis',(0.,0.,1.));
#3059=DIRECTION('ref_axis',(1.,0.,0.));
#3060=DIRECTION('center_axis',(-0.855774669320326,0.0409221865799979,-0.51572772854986));
#3061=DIRECTION('ref_axis',(-0.479003853507417,-0.439303595051259,0.759978723189067));
#3062=DIRECTION('center_axis',(-0.564898575157815,-0.508636961693163,-0.649752292019211));
#3063=DIRECTION('ref_axis',(-0.468716395307865,-0.450263568445805,0.759978723189045));
#3064=DIRECTION('center_axis',(-0.564965312923912,-0.508697052627797,-0.649647214910199));
#3065=DIRECTION('ref_axis',(-0.465218266280445,-0.453876971236662,0.759978723189046));
#3066=DIRECTION('center_axis',(0.,0.,-1.));
#3067=DIRECTION('ref_axis',(-0.743144825477394,-0.669130606358858,0.));
#3068=DIRECTION('center_axis',(0.,0.,-1.));
#3069=DIRECTION('ref_axis',(-0.707106781186547,-0.707106781186548,0.));
#3070=DIRECTION('center_axis',(0.,0.,1.));
#3071=DIRECTION('ref_axis',(0.,1.,0.));
#3072=DIRECTION('center_axis',(0.,0.,-1.));
#3073=DIRECTION('ref_axis',(-1.,0.,0.));
#3074=DIRECTION('center_axis',(0.,0.,1.));
#3075=DIRECTION('ref_axis',(-0.707106781186548,-0.707106781186548,0.));
#3076=DIRECTION('center_axis',(0.50869705263333,0.56496531291876,0.649647214910347));
#3077=DIRECTION('ref_axis',(-0.453876971236688,-0.465218266280418,0.759978723189046));
#3078=DIRECTION('center_axis',(0.508636961693072,0.564898575157908,0.649752292019202));
#3079=DIRECTION('ref_axis',(-0.450263568445796,-0.468716395307863,0.759978723189052));
#3080=DIRECTION('center_axis',(-0.040922186580388,0.85577466932065,0.515727728549291));
#3081=DIRECTION('ref_axis',(-0.439303595050966,-0.479003853507129,0.759978723189418));
#3082=DIRECTION('center_axis',(-0.0409221865800048,-0.855774669320325,-0.515727728549861));
#3083=DIRECTION('ref_axis',(0.439303595051262,-0.47900385350742,0.759978723189064));
#3084=DIRECTION('center_axis',(0.508636961693159,-0.56489857515782,-0.64975229201921));
#3085=DIRECTION('ref_axis',(0.450263568445803,-0.468716395307866,0.759978723189046));
#3086=DIRECTION('center_axis',(0.508697052627799,-0.56496531292391,-0.649647214910199));
#3087=DIRECTION('ref_axis',(0.453876971236665,-0.465218266280442,0.759978723189046));
#3088=DIRECTION('center_axis',(0.,0.,-1.));
#3089=DIRECTION('ref_axis',(0.669130606358858,-0.743144825477394,0.));
#3090=DIRECTION('center_axis',(0.,0.,-1.));
#3091=DIRECTION('ref_axis',(0.707106781186548,-0.707106781186547,0.));
#3092=DIRECTION('center_axis',(0.,0.,1.));
#3093=DIRECTION('ref_axis',(0.,1.,0.));
#3094=DIRECTION('center_axis',(0.,0.,-1.));
#3095=DIRECTION('ref_axis',(-1.,0.,0.));
#3096=DIRECTION('center_axis',(0.,0.,1.));
#3097=DIRECTION('ref_axis',(0.707106781186548,-0.707106781186548,0.));
#3098=DIRECTION('center_axis',(-0.56496531291876,0.50869705263333,0.649647214910347));
#3099=DIRECTION('ref_axis',(0.465218266280421,-0.453876971236685,0.759978723189046));
#3100=DIRECTION('center_axis',(-0.564898575157901,0.508636961693074,0.649752292019207));
#3101=DIRECTION('ref_axis',(0.468716395307862,-0.450263568445805,0.759978723189047));
#3102=DIRECTION('center_axis',(-0.855774669320651,-0.0409221865803915,0.51572772854929));
#3103=DIRECTION('ref_axis',(0.479003853507129,-0.439303595050963,0.759978723189419));
#3104=DIRECTION('center_axis',(0.855774669320321,-0.0409221865800043,-0.515727728549868));
#3105=DIRECTION('ref_axis',(0.479003853507425,0.439303595051269,0.759978723189056));
#3106=DIRECTION('center_axis',(0.564898575157811,0.508636961693169,-0.649752292019211));
#3107=DIRECTION('ref_axis',(0.468716395307864,0.450263568445804,0.759978723189046));
#3108=DIRECTION('center_axis',(0.564965312923911,0.5086970526278,-0.649647214910198));
#3109=DIRECTION('ref_axis',(0.465218266280445,0.453876971236659,0.759978723189047));
#3110=DIRECTION('center_axis',(0.,0.,-1.));
#3111=DIRECTION('ref_axis',(0.743144825477394,0.669130606358858,0.));
#3112=DIRECTION('center_axis',(-6.26619036513883E-17,6.26619036513884E-17,
-1.));
#3113=DIRECTION('ref_axis',(0.707106781186548,0.707106781186547,0.));
#3114=DIRECTION('center_axis',(0.,0.,1.));
#3115=DIRECTION('ref_axis',(0.,1.,0.));
#3116=DIRECTION('center_axis',(0.,0.,-1.));
#3117=DIRECTION('ref_axis',(-1.,0.,0.));
#3118=DIRECTION('center_axis',(0.,0.,1.));
#3119=DIRECTION('ref_axis',(0.707106781186548,0.707106781186547,0.));
#3120=DIRECTION('center_axis',(-0.508697052633331,-0.564965312918762,0.649647214910345));
#3121=DIRECTION('ref_axis',(0.453876971236685,0.465218266280418,0.759978723189048));
#3122=DIRECTION('center_axis',(-0.508636961693072,-0.564898575157896,0.649752292019212));
#3123=DIRECTION('ref_axis',(0.450263568445804,0.46871639530787,0.759978723189042));
#3124=DIRECTION('center_axis',(0.0409221865804017,-0.855774669320652,0.515727728549288));
#3125=DIRECTION('ref_axis',(0.439303595050958,0.479003853507133,0.75997872318942));
#3126=DIRECTION('center_axis',(0.56496531291876,-0.508697052633332,0.649647214910345));
#3127=DIRECTION('ref_axis',(-0.465218266280419,0.453876971236684,0.759978723189048));
#3128=DIRECTION('center_axis',(0.564898575157897,-0.508636961693073,0.649752292019211));
#3129=DIRECTION('ref_axis',(-0.468716395307866,0.450263568445806,0.759978723189044));
#3130=DIRECTION('center_axis',(0.855774669320649,0.0409221865803943,0.515727728549293));
#3131=DIRECTION('ref_axis',(-0.479003853507134,0.439303595050959,0.759978723189419));
#3132=DIRECTION('center_axis',(0.,0.,-1.));
#3133=DIRECTION('ref_axis',(-1.,0.,0.));
#3134=DIRECTION('center_axis',(0.,0.,-1.));
#3135=DIRECTION('ref_axis',(-0.707106781186548,0.707106781186547,0.));
#3136=DIRECTION('center_axis',(0.,0.,1.));
#3137=DIRECTION('ref_axis',(-0.707106781186548,0.707106781186547,0.));
#3138=DIRECTION('center_axis',(0.,0.,-1.));
#3139=DIRECTION('ref_axis',(-0.669130606358858,0.743144825477394,0.));
#3140=DIRECTION('center_axis',(0.,0.,1.));
#3141=DIRECTION('ref_axis',(0.,1.,0.));
#3142=DIRECTION('center_axis',(0.040922186580012,0.855774669320323,-0.515727728549864));
#3143=DIRECTION('ref_axis',(-0.439303595051268,0.479003853507424,0.759978723189057));
#3144=DIRECTION('center_axis',(-0.508636961693153,0.564898575157825,-0.64975229201921));
#3145=DIRECTION('ref_axis',(-0.450263568445804,0.468716395307864,0.759978723189046));
#3146=DIRECTION('center_axis',(-0.508697052627798,0.564965312923912,-0.649647214910199));
#3147=DIRECTION('ref_axis',(-0.453876971236663,0.465218266280443,0.759978723189046));
#3148=DIRECTION('center_axis',(-0.110084875186645,-0.122261640075697,-0.98637387010258));
#3149=DIRECTION('ref_axis',(-0.743144825477393,0.669130606358859,0.));
#3150=DIRECTION('center_axis',(-0.669130606358859,-0.743144825477393,1.89248514720646E-14));
#3151=DIRECTION('ref_axis',(-0.743144825477393,0.669130606358859,0.));
#3152=DIRECTION('center_axis',(-0.669130606358858,-0.743144825477394,0.));
#3153=DIRECTION('ref_axis',(-0.525482745498758,0.473146789255815,-0.707106781186549));
#3154=DIRECTION('',(0.669130606358858,0.743144825477394,0.));
#3155=DIRECTION('',(-0.669130606358858,-0.743144825477394,0.));
#3156=DIRECTION('center_axis',(0.743144825477394,0.669130606358858,0.));
#3157=DIRECTION('ref_axis',(0.473146789255815,-0.525482745498757,-0.707106781186549));
#3158=DIRECTION('',(0.743144825477394,0.669130606358858,0.));
#3159=DIRECTION('center_axis',(0.743144825477393,0.669130606358859,4.18117520409878E-15));
#3160=DIRECTION('ref_axis',(0.669130606358859,-0.743144825477393,0.));
#3161=DIRECTION('',(-0.743144825477394,-0.669130606358858,0.));
#3162=DIRECTION('center_axis',(0.122261640082278,0.11008487519257,0.986373870101103));
#3163=DIRECTION('ref_axis',(0.669130606358858,-0.743144825477394,0.));
#3164=DIRECTION('center_axis',(0.669130606358858,-0.743144825477394,0.));
#3165=DIRECTION('ref_axis',(0.,0.,1.));
#3166=DIRECTION('center_axis',(0.743144825477394,-0.669130606358858,0.));
#3167=DIRECTION('ref_axis',(0.,0.,1.));
#3168=DIRECTION('center_axis',(0.122261640075697,-0.110084875186645,-0.98637387010258));
#3169=DIRECTION('ref_axis',(-0.669130606358859,-0.743144825477393,0.));
#3170=DIRECTION('center_axis',(0.743144825477393,-0.669130606358859,1.69438269236353E-14));
#3171=DIRECTION('ref_axis',(-0.669130606358859,-0.743144825477393,0.));
#3172=DIRECTION('center_axis',(0.743144825477394,-0.669130606358858,0.));
#3173=DIRECTION('ref_axis',(-0.473146789255815,-0.525482745498757,-0.707106781186549));
#3174=DIRECTION('',(-0.743144825477394,0.669130606358858,0.));
#3175=DIRECTION('',(0.743144825477394,-0.669130606358858,0.));
#3176=DIRECTION('center_axis',(-0.669130606358858,0.743144825477394,0.));
#3177=DIRECTION('ref_axis',(0.525482745498757,0.473146789255815,-0.707106781186549));
#3178=DIRECTION('',(-0.669130606358858,0.743144825477394,0.));
#3179=DIRECTION('center_axis',(-0.669130606358859,0.743144825477393,0.));
#3180=DIRECTION('ref_axis',(0.743144825477393,0.669130606358859,0.));
#3181=DIRECTION('',(0.669130606358858,-0.743144825477394,0.));
#3182=DIRECTION('center_axis',(-0.110084875192571,0.122261640082279,0.986373870101103));
#3183=DIRECTION('ref_axis',(0.743144825477393,0.66913060635886,0.));
#3184=DIRECTION('center_axis',(0.743144825477394,0.669130606358858,0.));
#3185=DIRECTION('ref_axis',(0.,0.,1.));
#3186=DIRECTION('center_axis',(0.669130606358858,0.743144825477394,0.));
#3187=DIRECTION('ref_axis',(0.,0.,1.));
#3188=DIRECTION('center_axis',(0.110084875186646,0.122261640075693,-0.986373870102581));
#3189=DIRECTION('ref_axis',(0.74314482547739,-0.669130606358863,2.96059473233374E-15));
#3190=DIRECTION('center_axis',(0.66913060635886,0.743144825477393,2.28869005689233E-14));
#3191=DIRECTION('ref_axis',(0.743144825477393,-0.66913060635886,0.));
#3192=DIRECTION('center_axis',(0.669130606358858,0.743144825477394,0.));
#3193=DIRECTION('ref_axis',(0.525482745498757,-0.473146789255815,-0.707106781186549));
#3194=DIRECTION('',(-0.669130606358858,-0.743144825477394,0.));
#3195=DIRECTION('',(0.669130606358858,0.743144825477394,0.));
#3196=DIRECTION('center_axis',(-0.743144825477394,-0.669130606358858,0.));
#3197=DIRECTION('ref_axis',(-0.473146789255815,0.525482745498757,-0.707106781186549));
#3198=DIRECTION('',(-0.743144825477394,-0.669130606358858,0.));
#3199=DIRECTION('center_axis',(-0.743144825477395,-0.669130606358858,0.));
#3200=DIRECTION('ref_axis',(-0.669130606358858,0.743144825477394,0.));
#3201=DIRECTION('',(0.743144825477394,0.669130606358858,0.));
#3202=DIRECTION('center_axis',(-0.122261640082278,-0.110084875192571,0.986373870101103));
#3203=DIRECTION('ref_axis',(-0.669130606358859,0.743144825477393,0.));
#3204=DIRECTION('center_axis',(-0.669130606358858,0.743144825477394,0.));
#3205=DIRECTION('ref_axis',(0.,0.,1.));
#3206=DIRECTION('center_axis',(-0.743144825477394,0.669130606358858,0.));
#3207=DIRECTION('ref_axis',(0.,0.,1.));
#3208=DIRECTION('center_axis',(0.669130606358858,-0.743144825477394,0.));
#3209=DIRECTION('ref_axis',(-0.525482745498759,-0.473146789255815,-0.707106781186548));
#3210=DIRECTION('',(0.669130606358858,-0.743144825477394,0.));
#3211=DIRECTION('center_axis',(0.66913060635886,-0.743144825477393,2.20015065566946E-15));
#3212=DIRECTION('ref_axis',(-0.743144825477393,-0.66913060635886,0.));
#3213=DIRECTION('',(-0.669130606358858,0.743144825477394,0.));
#3214=DIRECTION('center_axis',(0.11008487519257,-0.122261640082279,0.986373870101103));
#3215=DIRECTION('ref_axis',(-0.743144825477394,-0.669130606358858,0.));
#3216=DIRECTION('center_axis',(-0.122261640075698,0.110084875186646,-0.98637387010258));
#3217=DIRECTION('ref_axis',(0.669130606358859,0.743144825477393,0.));
#3218=DIRECTION('center_axis',(-0.743144825477393,0.669130606358859,1.91439775793047E-14));
#3219=DIRECTION('ref_axis',(0.669130606358859,0.743144825477393,0.));
#3220=DIRECTION('center_axis',(-0.743144825477394,0.669130606358858,0.));
#3221=DIRECTION('ref_axis',(0.473146789255814,0.525482745498759,-0.707106781186548));
#3222=DIRECTION('',(0.743144825477394,-0.669130606358858,0.));
#3223=DIRECTION('',(-0.743144825477394,0.669130606358858,0.));
#3224=DIRECTION('center_axis',(-0.743144825477394,-0.669130606358858,0.));
#3225=DIRECTION('ref_axis',(0.,0.,1.));
#3226=DIRECTION('center_axis',(-0.669130606358858,-0.743144825477394,0.));
#3227=DIRECTION('ref_axis',(0.,0.,1.));
#3228=DIRECTION('center_axis',(0.,0.,-1.));
#3229=DIRECTION('ref_axis',(-1.,0.,0.));
#3230=DIRECTION('center_axis',(0.,0.,-1.));
#3231=DIRECTION('ref_axis',(-1.,-1.11022302462516E-16,0.));
#3232=DIRECTION('center_axis',(0.,0.,1.));
#3233=DIRECTION('ref_axis',(-1.,-1.22464679914735E-16,0.));
#3234=DIRECTION('center_axis',(0.,0.,1.));
#3235=DIRECTION('ref_axis',(1.,0.,0.));
#3236=DIRECTION('center_axis',(0.,0.,-1.));
#3237=DIRECTION('ref_axis',(-1.,1.22464679914735E-16,0.));
#3238=DIRECTION('center_axis',(0.,0.,1.));
#3239=DIRECTION('ref_axis',(6.12323399573677E-17,1.,0.));
#3240=DIRECTION('center_axis',(0.,0.,1.));
#3241=DIRECTION('ref_axis',(1.,-1.11022302462516E-16,0.));
#3242=DIRECTION('center_axis',(0.,0.,1.));
#3243=DIRECTION('ref_axis',(-1.60812264967664E-16,-1.,0.));
#3244=DIRECTION('center_axis',(0.,0.,-1.));
#3245=DIRECTION('ref_axis',(-1.,0.,0.));
#3246=DIRECTION('center_axis',(0.,0.,-1.));
#3247=DIRECTION('ref_axis',(-6.12323399573677E-17,-1.,0.));
#3248=DIRECTION('center_axis',(0.,0.,-1.));
#3249=DIRECTION('ref_axis',(1.,-1.22464679914735E-16,0.));
#3250=DIRECTION('center_axis',(0.,0.,-1.));
#3251=DIRECTION('ref_axis',(1.83697019872103E-16,1.,0.));
#3252=DIRECTION('center_axis',(0.,0.,-1.));
#3253=DIRECTION('ref_axis',(-1.,0.,0.));
#3254=DIRECTION('center_axis',(0.,0.,-1.));
#3255=DIRECTION('ref_axis',(9.18485099360515E-17,1.,0.));
#3256=DIRECTION('center_axis',(0.,0.,-1.));
#3257=DIRECTION('ref_axis',(-1.,0.,0.));
#3258=DIRECTION('center_axis',(0.,0.,-1.));
#3259=DIRECTION('ref_axis',(-1.41638472441199E-16,-1.,0.));
#3260=DIRECTION('center_axis',(0.,0.,-1.));
#3261=DIRECTION('ref_axis',(-1.41638472441199E-16,-1.,0.));
#3262=DIRECTION('center_axis',(0.,0.,-1.));
#3263=DIRECTION('ref_axis',(1.,-1.22464679914735E-16,0.));
#3264=DIRECTION('center_axis',(0.,0.,-1.));
#3265=DIRECTION('ref_axis',(1.,-1.11022302462516E-16,0.));
#3266=DIRECTION('center_axis',(0.,0.,1.));
#3267=DIRECTION('ref_axis',(1.,0.,0.));
#3268=DIRECTION('center_axis',(1.22464679914735E-16,-1.,0.));
#3269=DIRECTION('ref_axis',(-1.,-1.22464679914735E-16,0.));
#3270=DIRECTION('center_axis',(0.,0.,1.));
#3271=DIRECTION('ref_axis',(-1.,1.22464679914735E-16,0.));
#3272=DIRECTION('center_axis',(0.,0.,1.));
#3273=DIRECTION('ref_axis',(1.,0.,0.));
#3274=DIRECTION('',(0.,0.,-1.));
#3275=DIRECTION('center_axis',(0.,0.,1.));
#3276=DIRECTION('ref_axis',(1.,0.,0.));
#3277=DIRECTION('center_axis',(0.,0.,-1.));
#3278=DIRECTION('ref_axis',(0.,1.,0.));
#3279=DIRECTION('',(2.01330693586572E-17,0.164398987305357,0.986393923832144));
#3280=DIRECTION('center_axis',(0.,0.,1.));
#3281=DIRECTION('ref_axis',(-9.18485099360515E-17,-1.,0.));
#3282=DIRECTION('center_axis',(0.,0.,1.));
#3283=DIRECTION('ref_axis',(-9.18485099360515E-17,-1.,0.));
#3284=DIRECTION('center_axis',(0.,0.,1.));
#3285=DIRECTION('ref_axis',(1.83697019872103E-16,1.,0.));
#3286=DIRECTION('center_axis',(0.,0.,1.));
#3287=DIRECTION('ref_axis',(1.83697019872103E-16,1.,0.));
#3288=DIRECTION('',(0.,0.,1.));
#3289=DIRECTION('center_axis',(0.,0.,1.));
#3290=DIRECTION('ref_axis',(1.,-1.22464679914735E-16,0.));
#3291=DIRECTION('center_axis',(0.,0.,1.));
#3292=DIRECTION('ref_axis',(1.,-1.22464679914735E-16,0.));
#3293=DIRECTION('',(0.,0.,1.));
#3294=DIRECTION('center_axis',(0.,0.,1.));
#3295=DIRECTION('ref_axis',(-6.12323399573677E-17,-1.,0.));
#3296=DIRECTION('center_axis',(0.,0.,1.));
#3297=DIRECTION('ref_axis',(-6.12323399573677E-17,-1.,0.));
#3298=DIRECTION('',(0.,0.,1.));
#3299=DIRECTION('center_axis',(0.,0.,1.));
#3300=DIRECTION('ref_axis',(-1.,0.,0.));
#3301=DIRECTION('center_axis',(0.,0.,1.));
#3302=DIRECTION('ref_axis',(-1.,0.,0.));
#3303=DIRECTION('',(0.,0.,1.));
#3304=DIRECTION('center_axis',(-0.408248290463863,0.408248290463861,-0.816496580927727));
#3305=DIRECTION('ref_axis',(0.577350269189628,-0.577350269189624,-0.577350269189625));
#3306=DIRECTION('center_axis',(0.,0.,-1.));
#3307=DIRECTION('ref_axis',(0.,-1.,0.));
#3308=DIRECTION('center_axis',(1.,0.,0.));
#3309=DIRECTION('ref_axis',(0.,0.,-1.));
#3310=DIRECTION('center_axis',(0.,-1.,2.22044604925031E-15));
#3311=DIRECTION('ref_axis',(1.,0.,0.));
#3312=DIRECTION('center_axis',(1.,1.36642833800019E-16,0.));
#3313=DIRECTION('ref_axis',(0.,-0.707106781186548,-0.707106781186547));
#3314=DIRECTION('center_axis',(1.,0.,0.));
#3315=DIRECTION('ref_axis',(0.,-1.,0.));
#3316=DIRECTION('',(1.,1.36642833800019E-16,0.));
#3317=DIRECTION('',(-1.,-1.36642833800019E-16,0.));
#3318=DIRECTION('center_axis',(0.,1.,0.));
#3319=DIRECTION('ref_axis',(0.707106781186548,0.,-0.707106781186547));
#3320=DIRECTION('center_axis',(0.,-1.,0.));
#3321=DIRECTION('ref_axis',(0.,0.,-1.));
#3322=DIRECTION('',(0.,-1.,0.));
#3323=DIRECTION('',(0.,1.,0.));
#3324=DIRECTION('center_axis',(0.,0.,1.));
#3325=DIRECTION('ref_axis',(0.707106781186548,-0.707106781186548,0.));
#3326=DIRECTION('center_axis',(0.,0.,-1.));
#3327=DIRECTION('ref_axis',(0.707106781186548,-0.707106781186548,0.));
#3328=DIRECTION('',(0.,0.,-1.));
#3329=DIRECTION('',(0.,0.,1.));
#3330=DIRECTION('center_axis',(-5.39595336616143E-16,-0.972048542766129,
-0.234779961892505));
#3331=DIRECTION('ref_axis',(0.800000000000005,0.140867977135501,-0.583229125659671));
#3332=DIRECTION('center_axis',(0.,0.972048542766129,-0.234779961892501));
#3333=DIRECTION('ref_axis',(1.,0.,0.));
#3334=DIRECTION('center_axis',(-0.816496580927726,0.408248290463863,-0.408248290463863));
#3335=DIRECTION('ref_axis',(0.577350269189626,0.577350269189626,-0.577350269189625));
#3336=DIRECTION('center_axis',(0.,0.,-1.));
#3337=DIRECTION('ref_axis',(1.,0.,0.));
#3338=DIRECTION('center_axis',(0.,1.,0.));
#3339=DIRECTION('ref_axis',(0.,0.,-1.));
#3340=DIRECTION('center_axis',(1.,0.,0.));
#3341=DIRECTION('ref_axis',(0.,1.,0.));
#3342=DIRECTION('center_axis',(0.,1.,0.));
#3343=DIRECTION('ref_axis',(0.707106781186548,0.,-0.707106781186547));
#3344=DIRECTION('center_axis',(0.,1.,1.11022302462516E-15));
#3345=DIRECTION('ref_axis',(1.,0.,0.));
#3346=DIRECTION('',(0.,1.,0.));
#3347=DIRECTION('',(0.,-1.,0.));
#3348=DIRECTION('center_axis',(-1.,0.,0.));
#3349=DIRECTION('ref_axis',(0.,0.707106781186548,-0.707106781186547));
#3350=DIRECTION('center_axis',(1.,0.,0.));
#3351=DIRECTION('ref_axis',(0.,0.,-1.));
#3352=DIRECTION('',(1.,0.,0.));
#3353=DIRECTION('',(-1.,0.,0.));
#3354=DIRECTION('center_axis',(0.,0.,1.));
#3355=DIRECTION('ref_axis',(0.707106781186548,0.707106781186548,0.));
#3356=DIRECTION('center_axis',(0.,0.,-1.));
#3357=DIRECTION('ref_axis',(0.707106781186548,0.707106781186548,0.));
#3358=DIRECTION('',(0.,0.,-1.));
#3359=DIRECTION('',(0.,0.,1.));
#3360=DIRECTION('center_axis',(0.972048542766129,-5.39595336616143E-16,
-0.234779961892504));
#3361=DIRECTION('ref_axis',(-0.140867977135502,0.8,-0.583229125659677));
#3362=DIRECTION('center_axis',(-0.972048542766129,5.39595336616144E-16,
-0.234779961892503));
#3363=DIRECTION('ref_axis',(5.55111512312579E-16,1.,0.));
#3364=DIRECTION('center_axis',(-0.816496580927728,-0.408248290463861,0.408248290463862));
#3365=DIRECTION('ref_axis',(-0.577350269189625,0.577350269189626,-0.577350269189627));
#3366=DIRECTION('center_axis',(0.,0.,-1.));
#3367=DIRECTION('ref_axis',(0.,1.,0.));
#3368=DIRECTION('center_axis',(-1.,0.,0.));
#3369=DIRECTION('ref_axis',(0.,0.,-1.));
#3370=DIRECTION('center_axis',(0.,1.,0.));
#3371=DIRECTION('ref_axis',(-1.,0.,0.));
#3372=DIRECTION('center_axis',(-1.,0.,0.));
#3373=DIRECTION('ref_axis',(0.,0.707106781186548,-0.707106781186547));
#3374=DIRECTION('center_axis',(-1.,0.,-1.11022302462516E-15));
#3375=DIRECTION('ref_axis',(0.,1.,0.));
#3376=DIRECTION('',(-1.,0.,0.));
#3377=DIRECTION('',(1.,0.,0.));
#3378=DIRECTION('center_axis',(0.,-1.,0.));
#3379=DIRECTION('ref_axis',(-0.707106781186548,0.,-0.707106781186547));
#3380=DIRECTION('center_axis',(0.,1.,0.));
#3381=DIRECTION('ref_axis',(0.,0.,-1.));
#3382=DIRECTION('',(0.,1.,0.));
#3383=DIRECTION('',(0.,-1.,0.));
#3384=DIRECTION('center_axis',(0.,0.,1.));
#3385=DIRECTION('ref_axis',(-0.707106781186548,0.707106781186548,0.));
#3386=DIRECTION('center_axis',(0.,0.,-1.));
#3387=DIRECTION('ref_axis',(-0.707106781186548,0.707106781186548,0.));
#3388=DIRECTION('',(0.,0.,-1.));
#3389=DIRECTION('',(0.,0.,1.));
#3390=DIRECTION('center_axis',(-1.07919067323229E-15,-0.972048542766129,
-0.234779961892503));
#3391=DIRECTION('ref_axis',(-1.,1.11022302462516E-15,0.));
#3392=DIRECTION('center_axis',(5.39595336616144E-16,0.972048542766129,-0.234779961892505));
#3393=DIRECTION('ref_axis',(-0.800000000000003,-0.140867977135502,-0.583229125659674));
#3394=DIRECTION('center_axis',(-0.816496580927726,0.408248290463863,0.408248290463863));
#3395=DIRECTION('ref_axis',(-0.577350269189626,-0.577350269189626,-0.577350269189626));
#3396=DIRECTION('center_axis',(0.,-1.,0.));
#3397=DIRECTION('ref_axis',(0.,0.,-1.));
#3398=DIRECTION('center_axis',(-1.,0.,0.));
#3399=DIRECTION('ref_axis',(0.,-1.,0.));
#3400=DIRECTION('center_axis',(0.,0.,-1.));
#3401=DIRECTION('ref_axis',(-1.,0.,0.));
#3402=DIRECTION('center_axis',(1.,1.36642833800019E-16,0.));
#3403=DIRECTION('ref_axis',(0.,-0.707106781186548,-0.707106781186547));
#3404=DIRECTION('center_axis',(-1.,0.,0.));
#3405=DIRECTION('ref_axis',(0.,0.,-1.));
#3406=DIRECTION('',(-1.,-1.36642833800019E-16,0.));
#3407=DIRECTION('',(1.,1.36642833800019E-16,0.));
#3408=DIRECTION('center_axis',(0.,0.,1.));
#3409=DIRECTION('ref_axis',(-0.707106781186548,-0.707106781186548,0.));
#3410=DIRECTION('center_axis',(0.,0.,-1.));
#3411=DIRECTION('ref_axis',(-0.707106781186548,-0.707106781186548,0.));
#3412=DIRECTION('',(0.,0.,-1.));
#3413=DIRECTION('',(0.,0.,1.));
#3414=DIRECTION('center_axis',(0.,-1.,0.));
#3415=DIRECTION('ref_axis',(-0.707106781186548,0.,-0.707106781186547));
#3416=DIRECTION('center_axis',(0.,-1.,0.));
#3417=DIRECTION('ref_axis',(-1.,0.,0.));
#3418=DIRECTION('',(0.,-1.,0.));
#3419=DIRECTION('',(0.,1.,0.));
#3420=DIRECTION('center_axis',(0.972048542766131,-1.07919067323229E-15,
-0.234779961892494));
#3421=DIRECTION('ref_axis',(-1.11022302462515E-15,-1.,0.));
#3422=DIRECTION('center_axis',(-0.972048542766129,1.07919067323229E-15,
-0.234779961892502));
#3423=DIRECTION('ref_axis',(0.140867977135499,-0.800000000000005,-0.583229125659672));
#3424=DIRECTION('center_axis',(0.,0.,1.));
#3425=DIRECTION('ref_axis',(1.,0.,0.));
#3426=DIRECTION('center_axis',(0.,0.,-1.));
#3427=DIRECTION('ref_axis',(0.707106781186547,0.707106781186548,0.));
#3428=DIRECTION('center_axis',(0.,0.,1.));
#3429=DIRECTION('ref_axis',(-1.83697019872103E-16,-1.,0.));
#3430=DIRECTION('center_axis',(0.,1.,0.));
#3431=DIRECTION('ref_axis',(-1.,0.,0.));
#3432=DIRECTION('',(-1.,0.,0.));
#3433=DIRECTION('center_axis',(0.,0.,1.));
#3434=DIRECTION('ref_axis',(1.,0.,0.));
#3435=DIRECTION('center_axis',(0.17341701730696,-0.984848484848486,1.54025252380805E-15));
#3436=DIRECTION('ref_axis',(-8.88178419700125E-15,0.,1.));
#3437=DIRECTION('center_axis',(0.,0.,1.));
#3438=DIRECTION('ref_axis',(0.707106781186548,0.707106781186548,0.));
#3439=DIRECTION('center_axis',(-0.984848484848484,0.173417017306967,0.));
#3440=DIRECTION('ref_axis',(-0.173417017306967,-0.984848484848484,0.));
#3441=DIRECTION('center_axis',(0.17341701730696,0.984848484848486,1.54025252380805E-15));
#3442=DIRECTION('ref_axis',(-0.984848484848486,0.17341701730696,0.));
#3443=DIRECTION('center_axis',(-1.,0.,0.));
#3444=DIRECTION('ref_axis',(0.,-1.,0.));
#3445=DIRECTION('',(0.,-1.,0.));
#3446=DIRECTION('center_axis',(0.,0.,1.));
#3447=DIRECTION('ref_axis',(1.,0.,0.));
#3448=DIRECTION('center_axis',(0.,0.,-1.));
#3449=DIRECTION('ref_axis',(0.707106781186547,-0.707106781186548,0.));
#3450=DIRECTION('center_axis',(0.,0.,1.));
#3451=DIRECTION('ref_axis',(-1.,1.22464679914735E-16,0.));
#3452=DIRECTION('center_axis',(1.36642833800019E-16,-1.,0.));
#3453=DIRECTION('ref_axis',(1.,1.36642833800019E-16,0.));
#3454=DIRECTION('',(1.,1.36642833800019E-16,0.));
#3455=DIRECTION('center_axis',(0.,0.,1.));
#3456=DIRECTION('ref_axis',(1.,0.,0.));
#3457=DIRECTION('center_axis',(-0.984848484848485,-0.173417017306966,4.37360585458395E-15));
#3458=DIRECTION('ref_axis',(4.44089209850063E-15,0.,1.));
#3459=DIRECTION('center_axis',(0.,0.,1.));
#3460=DIRECTION('ref_axis',(0.707106781186548,-0.707106781186548,0.));
#3461=DIRECTION('center_axis',(0.984848484848484,-0.173417017306967,-4.37360585458395E-15));
#3462=DIRECTION('ref_axis',(0.173417017306967,0.984848484848484,0.));
#3463=DIRECTION('center_axis',(0.,0.,1.));
#3464=DIRECTION('ref_axis',(1.,0.,0.));
#3465=DIRECTION('center_axis',(-0.17341701730696,0.984848484848486,-4.37360585458395E-15));
#3466=DIRECTION('ref_axis',(0.,4.44089209850063E-15,1.));
#3467=DIRECTION('center_axis',(0.,0.,1.));
#3468=DIRECTION('ref_axis',(-0.707106781186548,-0.707106781186548,0.));
#3469=DIRECTION('center_axis',(0.,0.,-1.));
#3470=DIRECTION('ref_axis',(-0.707106781186547,-0.707106781186548,0.));
#3471=DIRECTION('center_axis',(0.,0.,1.));
#3472=DIRECTION('ref_axis',(1.,0.,0.));
#3473=DIRECTION('center_axis',(0.984848484848485,0.173417017306964,2.18680292729197E-15));
#3474=DIRECTION('ref_axis',(-2.22044604925031E-15,0.,1.));
#3475=DIRECTION('center_axis',(0.,0.,1.));
#3476=DIRECTION('ref_axis',(-0.707106781186548,0.707106781186548,0.));
#3477=DIRECTION('center_axis',(-0.173417017306964,-0.984848484848485,2.18680292729197E-15));
#3478=DIRECTION('ref_axis',(0.984848484848485,-0.173417017306964,0.));
#3479=DIRECTION('center_axis',(0.,0.,-1.));
#3480=DIRECTION('ref_axis',(-0.707106781186547,0.707106781186547,0.));
#3481=DIRECTION('center_axis',(0.,0.,1.));
#3482=DIRECTION('ref_axis',(1.,0.,0.));
#3483=DIRECTION('center_axis',(0.,0.,1.));
#3484=DIRECTION('ref_axis',(1.,0.,0.));
#3485=DIRECTION('center_axis',(0.,0.,-1.));
#3486=DIRECTION('ref_axis',(-1.,0.,0.));
#3487=DIRECTION('center_axis',(0.,0.,-1.));
#3488=DIRECTION('ref_axis',(-6.12323399573677E-17,-1.,0.));
#3489=DIRECTION('center_axis',(-1.22464679914735E-16,-1.,0.));
#3490=DIRECTION('ref_axis',(1.,-1.22464679914735E-16,0.));
#3491=DIRECTION('center_axis',(0.,0.,-1.));
#3492=DIRECTION('ref_axis',(-1.,0.,0.));
#3493=DIRECTION('',(0.,0.,1.));
#3494=DIRECTION('center_axis',(0.,0.,1.));
#3495=DIRECTION('ref_axis',(1.,0.,0.));
#3496=DIRECTION('center_axis',(1.22464679914735E-16,-1.,0.));
#3497=DIRECTION('ref_axis',(-1.,-1.22464679914735E-16,0.));
#3498=DIRECTION('center_axis',(0.,0.,1.));
#3499=DIRECTION('ref_axis',(1.,0.,0.));
#3500=DIRECTION('center_axis',(0.,0.,-1.));
#3501=DIRECTION('ref_axis',(1.,0.,0.));
#3502=DIRECTION('',(-0.584155761486909,-7.15384483508428E-17,-0.811641575032754));
#3503=DIRECTION('center_axis',(0.,0.,1.));
#3504=DIRECTION('ref_axis',(1.,0.,0.));
#3505=DIRECTION('center_axis',(0.,0.,1.));
#3506=DIRECTION('ref_axis',(1.,0.,0.));
#3507=DIRECTION('center_axis',(1.22464679914735E-16,-1.,0.));
#3508=DIRECTION('ref_axis',(-1.,-1.22464679914735E-16,0.));
#3509=DIRECTION('center_axis',(0.,0.,1.));
#3510=DIRECTION('ref_axis',(1.,0.,0.));
#3511=DIRECTION('center_axis',(0.,0.,-1.));
#3512=DIRECTION('ref_axis',(-1.,0.,0.));
#3513=DIRECTION('center_axis',(0.,0.,1.));
#3514=DIRECTION('ref_axis',(1.,0.,0.));
#3515=DIRECTION('center_axis',(0.,0.,1.));
#3516=DIRECTION('ref_axis',(1.,0.,0.));
#3517=DIRECTION('center_axis',(1.22464679914735E-16,-1.,0.));
#3518=DIRECTION('ref_axis',(-1.,-1.22464679914735E-16,0.));
#3519=DIRECTION('center_axis',(0.,0.,1.));
#3520=DIRECTION('ref_axis',(1.,0.,0.));
#3521=DIRECTION('center_axis',(0.,0.,1.));
#3522=DIRECTION('ref_axis',(1.,0.,0.));
#3523=DIRECTION('center_axis',(0.,0.,1.));
#3524=DIRECTION('ref_axis',(1.,0.,0.));
#3525=DIRECTION('',(0.820351705439628,1.00464109024171E-16,-0.571859317824142));
#3526=DIRECTION('center_axis',(0.,0.,1.));
#3527=DIRECTION('ref_axis',(1.,0.,0.));
#3528=DIRECTION('center_axis',(1.22464679914735E-16,-1.,0.));
#3529=DIRECTION('ref_axis',(-1.,-1.22464679914735E-16,0.));
#3530=DIRECTION('center_axis',(0.,0.,1.));
#3531=DIRECTION('ref_axis',(1.,0.,0.));
#3532=DIRECTION('center_axis',(0.,0.,-1.));
#3533=DIRECTION('ref_axis',(-1.,0.,0.));
#3534=DIRECTION('center_axis',(0.,0.,1.));
#3535=DIRECTION('ref_axis',(1.,0.,0.));
#3536=DIRECTION('center_axis',(1.22464679914735E-16,-1.,0.));
#3537=DIRECTION('ref_axis',(-1.,-1.22464679914735E-16,0.));
#3538=DIRECTION('center_axis',(0.,0.,1.));
#3539=DIRECTION('ref_axis',(1.,0.,0.));
#3540=DIRECTION('center_axis',(0.,0.,-1.));
#3541=DIRECTION('ref_axis',(-1.,0.,0.));
#3542=DIRECTION('center_axis',(0.,0.,-1.));
#3543=DIRECTION('ref_axis',(0.,1.,0.));
#3544=DIRECTION('',(2.01330693586572E-17,0.164398987305357,0.986393923832144));
#3545=DIRECTION('center_axis',(0.,0.,1.));
#3546=DIRECTION('ref_axis',(1.,0.,0.));
#3547=DIRECTION('center_axis',(0.,0.,1.));
#3548=DIRECTION('ref_axis',(6.12323399573677E-17,1.,0.));
#3549=DIRECTION('center_axis',(0.,0.,-1.));
#3550=DIRECTION('ref_axis',(-1.,0.,0.));
#3551=DIRECTION('center_axis',(0.,0.,-1.));
#3552=DIRECTION('ref_axis',(1.,0.,0.));
#3553=DIRECTION('center_axis',(0.,0.,-1.));
#3554=DIRECTION('ref_axis',(-1.,0.,0.));
#3555=DIRECTION('',(0.,-1.,0.));
#3556=DIRECTION('center_axis',(0.,0.,-1.));
#3557=DIRECTION('ref_axis',(-1.,1.22464679914735E-16,0.));
#3558=DIRECTION('center_axis',(0.,0.,-1.));
#3559=DIRECTION('ref_axis',(-1.,0.,0.));
#3560=DIRECTION('center_axis',(0.,0.,-1.));
#3561=DIRECTION('ref_axis',(6.12323399573677E-17,1.,0.));
#3562=DIRECTION('center_axis',(0.,0.,-1.));
#3563=DIRECTION('ref_axis',(-1.83697019872103E-16,-1.,0.));
#3564=DIRECTION('',(0.,0.,-1.));
#3565=DIRECTION('center_axis',(0.,0.,-1.));
#3566=DIRECTION('ref_axis',(-1.,1.22464679914735E-16,0.));
#3567=DIRECTION('',(0.,0.,-1.));
#3568=DIRECTION('center_axis',(0.,0.,-1.));
#3569=DIRECTION('ref_axis',(6.12323399573677E-17,1.,0.));
#3570=DIRECTION('',(0.,0.,-1.));
#3571=DIRECTION('center_axis',(0.,0.,-1.));
#3572=DIRECTION('ref_axis',(1.,0.,0.));
#3573=DIRECTION('',(0.,0.,-1.));
#3574=DIRECTION('center_axis',(1.,0.,0.));
#3575=DIRECTION('ref_axis',(0.,-1.,0.));
#3576=DIRECTION('',(0.,-1.,0.));
#3577=DIRECTION('center_axis',(1.,0.,0.));
#3578=DIRECTION('ref_axis',(0.,1.,0.));
#3579=DIRECTION('',(0.,1.,0.));
#3580=DIRECTION('center_axis',(0.,0.,1.));
#3581=DIRECTION('ref_axis',(1.,0.,0.));
#3582=CARTESIAN_POINT('',(0.,0.,0.));
#3583=CARTESIAN_POINT('Ctrl Pts',(-40.9999865522359,0.0332071750693796,
-36.65));
#3584=CARTESIAN_POINT('Ctrl Pts',(-40.9999955176089,0.0221378754117167,
-36.65));
#3585=CARTESIAN_POINT('Ctrl Pts',(-41.,0.0110688152897726,-36.65));
#3586=CARTESIAN_POINT('Ctrl Pts',(-41.,-6.10622663543836E-15,-36.65));
#3587=CARTESIAN_POINT('Ctrl Pts',(-41.1037829909098,0.0332912430606272,
-36.6816335586278));
#3588=CARTESIAN_POINT('Ctrl Pts',(-41.1037919789777,0.0221939225183216,
-36.6816335586278));
#3589=CARTESIAN_POINT('Ctrl Pts',(-41.1037964727185,0.0110968349482838,
-36.6816335586278));
#3590=CARTESIAN_POINT('Ctrl Pts',(-41.1037964727185,-6.12063860620488E-15,
-36.6816335586278));
#3591=CARTESIAN_POINT('Ctrl Pts',(-41.3035703931649,0.0334530571440267,
-36.6754798560176));
#3592=CARTESIAN_POINT('Ctrl Pts',(-41.3035794249206,0.022301796574011,-36.6754798560176));
#3593=CARTESIAN_POINT('Ctrl Pts',(-41.3035839405028,0.0111507726156986,
-36.6754798560176));
#3594=CARTESIAN_POINT('Ctrl Pts',(-41.3035839405028,-6.14578291833818E-15,
-36.6754798560176));
#3595=CARTESIAN_POINT('Ctrl Pts',(-41.465142040301,0.0335839190887217,-36.5649257360591));
#3596=CARTESIAN_POINT('Ctrl Pts',(-41.4651511074103,0.0223890084551211,
-36.5649257360591));
#3597=CARTESIAN_POINT('Ctrl Pts',(-41.4651556406335,0.0111944207692539,
-36.5649257360591));
#3598=CARTESIAN_POINT('Ctrl Pts',(-41.4651556406335,-6.16202963424582E-15,
-36.5649257360591));
#3599=CARTESIAN_POINT('Ctrl Pts',(-41.5192474446688,0.0336277407527301,
-36.5041334869704));
#3600=CARTESIAN_POINT('Ctrl Pts',(-41.5192565235873,0.0224182494778938,
-36.5041334869704));
#3601=CARTESIAN_POINT('Ctrl Pts',(-41.5192610627475,0.0112090007724732,
-36.5041334869704));
#3602=CARTESIAN_POINT('Ctrl Pts',(-41.5192610627475,-6.16654975234986E-15,
-36.5041334869704));
#3603=CARTESIAN_POINT('',(-41.5192610627475,-5.08464301634571E-15,-36.5041334869704));
#3604=CARTESIAN_POINT('',(-41.,-5.02105187650415E-15,-36.65));
#3605=CARTESIAN_POINT('Ctrl Pts',(-41.5192610627475,-6.16966728560534E-15,
-36.5041334869704));
#3606=CARTESIAN_POINT('Ctrl Pts',(-41.4651556406335,-6.16514977655332E-15,
-36.5649257360591));
#3607=CARTESIAN_POINT('Ctrl Pts',(-41.3959106262918,-6.15818928330925E-15,
-36.6123060731842));
#3608=CARTESIAN_POINT('Ctrl Pts',(-41.3196463893198,-6.14959472233778E-15,
-36.6405108234493));
#3609=CARTESIAN_POINT('Ctrl Pts',(-41.2179607400238,-6.13500457982133E-15,
-36.6781171571362));
#3610=CARTESIAN_POINT('Ctrl Pts',(-41.1037964727185,-6.12063748931431E-15,
-36.6816335586278));
#3611=CARTESIAN_POINT('Ctrl Pts',(-41.,-6.10622663543836E-15,-36.65));
#3612=CARTESIAN_POINT('',(-41.5192474446688,0.0336277407527331,-36.5041334869704));
#3613=CARTESIAN_POINT('Ctrl Pts',(-41.5192610627475,-6.16654975234986E-15,
-36.5041334869704));
#3614=CARTESIAN_POINT('Ctrl Pts',(-41.5192610627475,0.0112090007724732,
-36.5041334869704));
#3615=CARTESIAN_POINT('Ctrl Pts',(-41.5192565235873,0.0224182494778938,
-36.5041334869704));
#3616=CARTESIAN_POINT('Ctrl Pts',(-41.5192474446688,0.0336277407527301,
-36.5041334869704));
#3617=CARTESIAN_POINT('',(-40.9999865522359,0.0332071750693826,-36.65));
#3618=CARTESIAN_POINT('Origin',(-41.1457500255621,0.0333252334782841,-36.1717187062971));
#3619=CARTESIAN_POINT('Origin',(0.,0.,-36.65));
#3620=CARTESIAN_POINT('Origin',(0.,0.,1.5));
#3621=CARTESIAN_POINT('',(30.,0.,1.5));
#3622=CARTESIAN_POINT('',(30.,7.81024967590664,2.5));
#3623=CARTESIAN_POINT('Ctrl Pts',(30.,7.81024967590664,2.5));
#3624=CARTESIAN_POINT('Ctrl Pts',(30.,5.34052684651714,2.5));
#3625=CARTESIAN_POINT('Ctrl Pts',(30.,2.42956205810862,1.94357531469492));
#3626=CARTESIAN_POINT('Ctrl Pts',(30.,0.,1.5));
#3627=CARTESIAN_POINT('',(7.81024967590664,30.,2.5));
#3628=CARTESIAN_POINT('Origin',(0.,0.,2.5));
#3629=CARTESIAN_POINT('',(0.,30.,1.5));
#3630=CARTESIAN_POINT('Ctrl Pts',(0.,30.,1.5));
#3631=CARTESIAN_POINT('Ctrl Pts',(2.42956205810862,30.,1.94357531469492));
#3632=CARTESIAN_POINT('Ctrl Pts',(5.34052684651714,30.,2.5));
#3633=CARTESIAN_POINT('Ctrl Pts',(7.81024967590664,30.,2.5));
#3634=CARTESIAN_POINT('Origin',(0.,0.,1.5));
#3635=CARTESIAN_POINT('Origin',(0.,0.,2.5));
#3636=CARTESIAN_POINT('',(30.,0.,2.5));
#3637=CARTESIAN_POINT('',(30.,0.,2.5));
#3638=CARTESIAN_POINT('',(0.,30.,2.5));
#3639=CARTESIAN_POINT('',(0.,30.,2.5));
#3640=CARTESIAN_POINT('',(-30.,0.,2.5));
#3641=CARTESIAN_POINT('Origin',(0.,0.,2.5));
#3642=CARTESIAN_POINT('',(-30.,3.67394039744206E-15,-1.));
#3643=CARTESIAN_POINT('',(-30.,3.67394039744206E-15,2.5));
#3644=CARTESIAN_POINT('',(-3.67394039744206E-15,-30.,-1.));
#3645=CARTESIAN_POINT('Origin',(0.,0.,-1.));
#3646=CARTESIAN_POINT('Origin',(0.,0.,-1.));
#3647=CARTESIAN_POINT('',(4.44089209850063E-15,-30.,2.5));
#3648=CARTESIAN_POINT('Origin',(0.,0.,2.5));
#3649=CARTESIAN_POINT('Origin',(0.,0.,2.5));
#3650=CARTESIAN_POINT('Origin',(28.,28.,6.5));
#3651=CARTESIAN_POINT('',(30.,28.,2.5));
#3652=CARTESIAN_POINT('',(28.,30.,2.5));
#3653=CARTESIAN_POINT('Origin',(28.,28.,2.5));
#3654=CARTESIAN_POINT('',(30.,28.,6.5));
#3655=CARTESIAN_POINT('',(30.,28.,6.5));
#3656=CARTESIAN_POINT('',(28.,30.,6.5));
#3657=CARTESIAN_POINT('Origin',(28.,28.,6.5));
#3658=CARTESIAN_POINT('',(28.,30.,6.5));
#3659=CARTESIAN_POINT('Origin',(0.,4.44089209850063E-15,2.5));
#3660=CARTESIAN_POINT('',(30.,-30.,2.5));
#3661=CARTESIAN_POINT('',(30.,30.,2.5));
#3662=CARTESIAN_POINT('',(25.,26.85,2.5));
#3663=CARTESIAN_POINT('Origin',(25.,25.,2.5));
#3664=CARTESIAN_POINT('Origin',(-30.,30.,6.5));
#3665=CARTESIAN_POINT('',(-28.,30.,6.5));
#3666=CARTESIAN_POINT('',(-15.,30.,6.5));
#3667=CARTESIAN_POINT('',(-28.,30.,2.5));
#3668=CARTESIAN_POINT('',(-28.,30.,6.5));
#3669=CARTESIAN_POINT('',(30.,30.,2.5));
#3670=CARTESIAN_POINT('Origin',(28.,-28.,6.5));
#3671=CARTESIAN_POINT('',(28.,-30.,2.5));
#3672=CARTESIAN_POINT('',(30.,-28.,2.5));
#3673=CARTESIAN_POINT('Origin',(28.,-28.,2.5));
#3674=CARTESIAN_POINT('',(28.,-30.,6.5));
#3675=CARTESIAN_POINT('',(28.,-30.,6.5));
#3676=CARTESIAN_POINT('',(30.,-28.,6.5));
#3677=CARTESIAN_POINT('Origin',(28.,-28.,6.5));
#3678=CARTESIAN_POINT('',(30.,-28.,6.5));
#3679=CARTESIAN_POINT('Origin',(30.,-30.,6.5));
#3680=CARTESIAN_POINT('',(-30.,-30.,2.5));
#3681=CARTESIAN_POINT('',(-28.,-30.,2.5));
#3682=CARTESIAN_POINT('',(-30.,-30.,2.5));
#3683=CARTESIAN_POINT('',(-28.,-30.,6.5));
#3684=CARTESIAN_POINT('',(-28.,-30.,6.5));
#3685=CARTESIAN_POINT('',(15.,-30.,6.5));
#3686=CARTESIAN_POINT('Origin',(-28.,-28.,6.5));
#3687=CARTESIAN_POINT('',(-30.,-28.,2.5));
#3688=CARTESIAN_POINT('Origin',(-28.,-28.,2.5));
#3689=CARTESIAN_POINT('',(-30.,-28.,6.5));
#3690=CARTESIAN_POINT('',(-30.,-28.,6.5));
#3691=CARTESIAN_POINT('Origin',(-28.,-28.,6.5));
#3692=CARTESIAN_POINT('Origin',(-30.,-30.,6.5));
#3693=CARTESIAN_POINT('',(-30.,30.,2.5));
#3694=CARTESIAN_POINT('',(-30.,28.,2.5));
#3695=CARTESIAN_POINT('',(-30.,30.,2.5));
#3696=CARTESIAN_POINT('',(-30.,28.,6.5));
#3697=CARTESIAN_POINT('',(-30.,28.,6.5));
#3698=CARTESIAN_POINT('',(-30.,-15.,6.5));
#3699=CARTESIAN_POINT('Origin',(-28.,28.,6.5));
#3700=CARTESIAN_POINT('Origin',(-28.,28.,2.5));
#3701=CARTESIAN_POINT('Origin',(-28.,28.,6.5));
#3702=CARTESIAN_POINT('Ctrl Pts',(-41.,-1.22124532708767E-14,-36.65));
#3703=CARTESIAN_POINT('Ctrl Pts',(-41.,-3.04797815043481,-36.65));
#3704=CARTESIAN_POINT('Ctrl Pts',(-40.3006212885016,-9.226142006878,-36.65));
#3705=CARTESIAN_POINT('Ctrl Pts',(-37.2615183337535,-17.9235001827668,-36.65));
#3706=CARTESIAN_POINT('Ctrl Pts',(-32.3056439389713,-25.8000849557661,-36.65));
#3707=CARTESIAN_POINT('Ctrl Pts',(-25.7973255735286,-32.3119086421186,-36.65));
#3708=CARTESIAN_POINT('Ctrl Pts',(-19.2124592124615,-36.4468114207855,-36.65));
#3709=CARTESIAN_POINT('Ctrl Pts',(-13.5825875277865,-38.7759982055789,-36.65));
#3710=CARTESIAN_POINT('Ctrl Pts',(-7.63842965129109,-40.4859772514693,-36.65));
#3711=CARTESIAN_POINT('Ctrl Pts',(-0.00151671278790408,-41.3478202453056,
-36.65));
#3712=CARTESIAN_POINT('Ctrl Pts',(10.2505777809021,-40.1841156682653,-36.65));
#3713=CARTESIAN_POINT('Ctrl Pts',(18.8769600587222,-36.802756447312,-36.65));
#3714=CARTESIAN_POINT('Ctrl Pts',(25.6868095913851,-32.1508154016405,-36.65));
#3715=CARTESIAN_POINT('Ctrl Pts',(31.6650900466227,-26.6029445575816,-36.65));
#3716=CARTESIAN_POINT('Ctrl Pts',(36.3513964947989,-19.7283151631562,-36.65));
#3717=CARTESIAN_POINT('Ctrl Pts',(39.3231923781063,-12.1292375040012,-36.65));
#3718=CARTESIAN_POINT('Ctrl Pts',(41.158714017923,-4.09077067521169,-36.65));
#3719=CARTESIAN_POINT('Ctrl Pts',(41.1506475207018,4.13478362882408,-36.65));
#3720=CARTESIAN_POINT('Ctrl Pts',(39.3122336726064,12.1731563267342,-36.65));
#3721=CARTESIAN_POINT('Ctrl Pts',(36.3280703759031,19.7634519800326,-36.65));
#3722=CARTESIAN_POINT('Ctrl Pts',(31.638594163724,26.6398177500487,-36.6500000000001));
#3723=CARTESIAN_POINT('Ctrl Pts',(25.6537276311779,32.1766725311578,-36.65));
#3724=CARTESIAN_POINT('Ctrl Pts',(20.5256456199514,35.6709228786592,-36.65));
#3725=CARTESIAN_POINT('Ctrl Pts',(15.0296004282176,38.31013078139,-36.65));
#3726=CARTESIAN_POINT('Ctrl Pts',(7.14122236538436,40.7376509306563,-36.65));
#3727=CARTESIAN_POINT('Ctrl Pts',(-1.0556076851192,41.3473020590869,-36.65));
#3728=CARTESIAN_POINT('Ctrl Pts',(-9.20991046623908,40.1085217935879,-36.65));
#3729=CARTESIAN_POINT('Ctrl Pts',(-17.0117104806117,37.6970743014543,-36.65));
#3730=CARTESIAN_POINT('Ctrl Pts',(-25.0946385595144,33.0236977166661,-36.65));
#3731=CARTESIAN_POINT('Ctrl Pts',(-32.3405828764427,25.7567253920457,-36.65));
#3732=CARTESIAN_POINT('Ctrl Pts',(-37.2799459890118,17.8827443182424,-36.65));
#3733=CARTESIAN_POINT('Ctrl Pts',(-40.3005534358078,9.20653249563899,-36.65));
#3734=CARTESIAN_POINT('Ctrl Pts',(-40.9975177911048,3.08131870407163,-36.65));
#3735=CARTESIAN_POINT('Ctrl Pts',(-40.9999865522359,0.0332071750693086,
-36.65));
#3736=CARTESIAN_POINT('Ctrl Pts',(-41.1037964727185,-1.23449620821925E-14,
-36.6816335586278));
#3737=CARTESIAN_POINT('Ctrl Pts',(-41.1037964727185,-3.05569381870541,-36.6816335586278));
#3738=CARTESIAN_POINT('Ctrl Pts',(-40.4026471155167,-9.24949946560216,-36.6816335586278));
#3739=CARTESIAN_POINT('Ctrl Pts',(-37.355850380542,-17.9688754910078,-36.6816335586278));
#3740=CARTESIAN_POINT('Ctrl Pts',(-32.3874294954941,-25.8654010778035,-36.6816335586278));
#3741=CARTESIAN_POINT('Ctrl Pts',(-25.8626347200029,-32.3937100275413,-36.6816335586278));
#3742=CARTESIAN_POINT('Ctrl Pts',(-19.2610975907731,-36.5390810293226,-36.6816335586279));
#3743=CARTESIAN_POINT('Ctrl Pts',(-13.6169735368336,-38.8741643007431,-36.6816335586278));
#3744=CARTESIAN_POINT('Ctrl Pts',(-7.65776724946741,-40.5884723267338,-36.6816335586278));
#3745=CARTESIAN_POINT('Ctrl Pts',(-0.00152067940734848,-41.4524972697462,
-36.6816335586278));
#3746=CARTESIAN_POINT('Ctrl Pts',(10.2765283751467,-40.2858465201439,-36.6816335586278));
#3747=CARTESIAN_POINT('Ctrl Pts',(18.9247494355187,-36.8959270484839,-36.6816335586278));
#3748=CARTESIAN_POINT('Ctrl Pts',(25.751838925338,-32.2322089594918,-36.6816335586278));
#3749=CARTESIAN_POINT('Ctrl Pts',(31.7452536472442,-26.6702935260994,-36.6816335586278));
#3750=CARTESIAN_POINT('Ctrl Pts',(36.4434246685755,-19.7782593987058,-36.6816335586278));
#3751=CARTESIAN_POINT('Ctrl Pts',(39.4227437093166,-12.1599441743318,-36.6816335586278));
#3752=CARTESIAN_POINT('Ctrl Pts',(41.262912273179,-4.10112712752536,-36.6816335586278));
#3753=CARTESIAN_POINT('Ctrl Pts',(41.2548252638428,4.14525168201398,-36.6816335586278));
#3754=CARTESIAN_POINT('Ctrl Pts',(39.4117573720974,12.2039739791952,-36.6816335586278));
#3755=CARTESIAN_POINT('Ctrl Pts',(36.42003926199,19.8134854504289,-36.6816335586278));
#3756=CARTESIAN_POINT('Ctrl Pts',(31.7186910111973,26.7072597668148,-36.6816335586278));
#3757=CARTESIAN_POINT('Ctrl Pts',(25.7186730313996,32.2581316961721,-36.6816335586278));
#3758=CARTESIAN_POINT('Ctrl Pts',(20.5776089520464,35.7612279982737,-36.6816335586278));
#3759=CARTESIAN_POINT('Ctrl Pts',(15.0676495533658,38.4071175200278,-36.6816335586278));
#3760=CARTESIAN_POINT('Ctrl Pts',(7.1593016389663,40.8407830965037,-36.6816335586278));
#3761=CARTESIAN_POINT('Ctrl Pts',(-1.05828045724076,41.4519777419976,-36.6816335586278));
#3762=CARTESIAN_POINT('Ctrl Pts',(-9.23322653373853,40.2100612920161,-36.6816335586278));
#3763=CARTESIAN_POINT('Ctrl Pts',(-17.054777428667,37.7925091083897,-36.6816335586278));
#3764=CARTESIAN_POINT('Ctrl Pts',(-25.1581687095299,33.1073010897408,-36.6816335586278));
#3765=CARTESIAN_POINT('Ctrl Pts',(-32.4224569318883,25.8219317202312,-36.6816335586278));
#3766=CARTESIAN_POINT('Ctrl Pts',(-37.3743246635616,17.9280164613646,-36.6816335586278));
#3767=CARTESIAN_POINT('Ctrl Pts',(-40.4025791043369,9.22984030431625,-36.6816335586278));
#3768=CARTESIAN_POINT('Ctrl Pts',(-41.1013079803435,3.08911877796872,-36.6816335586278));
#3769=CARTESIAN_POINT('Ctrl Pts',(-41.1037829909098,0.0332912430605559,
-36.6816335586278));
#3770=CARTESIAN_POINT('Ctrl Pts',(-41.3035825116463,-1.21489309840347E-14,
-36.6754757873759));
#3771=CARTESIAN_POINT('Ctrl Pts',(-41.3035825116463,-3.07054643187687,-36.6754757873759));
#3772=CARTESIAN_POINT('Ctrl Pts',(-40.5990252430807,-9.29445670630462,-36.6754757873759));
#3773=CARTESIAN_POINT('Ctrl Pts',(-37.5374194361598,-18.0562137687577,-36.6754757873759));
#3774=CARTESIAN_POINT('Ctrl Pts',(-32.5448494637637,-25.9911204720193,-36.6754757873759));
#3775=CARTESIAN_POINT('Ctrl Pts',(-25.9883406630806,-32.551160538316,-36.6754757873759));
#3776=CARTESIAN_POINT('Ctrl Pts',(-19.3547167905899,-36.7166801103545,-36.6754757873759));
#3777=CARTESIAN_POINT('Ctrl Pts',(-13.6831591588446,-39.0631131804524,-36.6754757873759));
#3778=CARTESIAN_POINT('Ctrl Pts',(-7.69498802682822,-40.7857536638789,-36.6754757873759));
#3779=CARTESIAN_POINT('Ctrl Pts',(-0.00152800586416945,-41.6539781763668,
-36.6754757873759));
#3780=CARTESIAN_POINT('Ctrl Pts',(10.3264776935527,-40.4816569492833,-36.6754757873759));
#3781=CARTESIAN_POINT('Ctrl Pts',(19.016733625071,-37.0752606526615,-36.6754757873759));
#3782=CARTESIAN_POINT('Ctrl Pts',(25.8770063569261,-32.388874490507,-36.6754757873759));
#3783=CARTESIAN_POINT('Ctrl Pts',(31.8995524651316,-26.7999249619052,-36.6754757873759));
#3784=CARTESIAN_POINT('Ctrl Pts',(36.6205587482803,-19.8743923249091,-36.6754757873759));
#3785=CARTESIAN_POINT('Ctrl Pts',(39.6143589998345,-12.2190478719028,-36.6754757873759));
#3786=CARTESIAN_POINT('Ctrl Pts',(41.4634717093256,-4.12106067232917,-36.6754757873759));
#3787=CARTESIAN_POINT('Ctrl Pts',(41.4553454392819,4.16539960499662,-36.6754757873759));
#3788=CARTESIAN_POINT('Ctrl Pts',(39.6033192062241,12.2632917888468,-36.6754757873759));
#3789=CARTESIAN_POINT('Ctrl Pts',(36.5970597963323,19.9097894497576,-36.6754757873759));
#3790=CARTESIAN_POINT('Ctrl Pts',(31.8728605549332,26.8370710316514,-36.6754757873759));
#3791=CARTESIAN_POINT('Ctrl Pts',(25.8436793527164,32.4149231503257,-36.675475787376));
#3792=CARTESIAN_POINT('Ctrl Pts',(20.6776268518318,35.9350464241068,-36.6754757873759));
#3793=CARTESIAN_POINT('Ctrl Pts',(15.1408863109152,38.593796284925,-36.6754757873759));
#3794=CARTESIAN_POINT('Ctrl Pts',(7.19409939907761,41.0392908230102,-36.6754757873759));
#3795=CARTESIAN_POINT('Ctrl Pts',(-1.06342406532896,41.6534561386085,-36.6754757873759));
#3796=CARTESIAN_POINT('Ctrl Pts',(-9.27810483231376,40.4055033540984,-36.6754757873759));
#3797=CARTESIAN_POINT('Ctrl Pts',(-17.1376727373232,37.9762005049892,-36.6754757873759));
#3798=CARTESIAN_POINT('Ctrl Pts',(-25.2804506079875,33.2682200241415,-36.6754757873759));
#3799=CARTESIAN_POINT('Ctrl Pts',(-32.580047127995,25.9474398427316,-36.6754757873759));
#3800=CARTESIAN_POINT('Ctrl Pts',(-37.555983526206,18.0151561359759,-36.675475787376));
#3801=CARTESIAN_POINT('Ctrl Pts',(-40.5989568945379,9.2747019943337,-36.6754757873759));
#3802=CARTESIAN_POINT('Ctrl Pts',(-41.3010819236189,3.10413385401201,-36.6754757873759));
#3803=CARTESIAN_POINT('Ctrl Pts',(-41.3035689643088,0.0334530559866796,
-36.6754757873759));
#3804=CARTESIAN_POINT('Ctrl Pts',(-41.4651556406335,-1.12801201547454E-14,
-36.5649257360591));
#3805=CARTESIAN_POINT('Ctrl Pts',(-41.4651556406335,-3.08256566020984,-36.5649257360591));
#3806=CARTESIAN_POINT('Ctrl Pts',(-40.7578432378281,-9.33081091682252,-36.5649257360591));
#3807=CARTESIAN_POINT('Ctrl Pts',(-37.6842599990527,-18.1268492662491,-36.5649257360591));
#3808=CARTESIAN_POINT('Ctrl Pts',(-32.6721609715384,-26.0927927399527,-36.5649257360591));
#3809=CARTESIAN_POINT('Ctrl Pts',(-26.0900019375971,-32.6784970977666,-36.5649257360591));
#3810=CARTESIAN_POINT('Ctrl Pts',(-19.4304328390703,-36.8603089992926,-36.5649257360591));
#3811=CARTESIAN_POINT('Ctrl Pts',(-13.7366850430193,-39.215922500693,-36.5649257360591));
#3812=CARTESIAN_POINT('Ctrl Pts',(-7.72508976346889,-40.9453021443992,-36.5649257360591));
#3813=CARTESIAN_POINT('Ctrl Pts',(-0.00153249232936186,-41.8169219677924,
-36.5649257360591));
#3814=CARTESIAN_POINT('Ctrl Pts',(10.366873095969,-40.6400161352895,-36.5649257360591));
#3815=CARTESIAN_POINT('Ctrl Pts',(19.0911233617599,-37.2202937255304,-36.5649257360591));
#3816=CARTESIAN_POINT('Ctrl Pts',(25.9782324370566,-32.5155762182366,-36.5649257360591));
#3817=CARTESIAN_POINT('Ctrl Pts',(32.0243433858802,-26.9047575031114,-36.564925736059));
#3818=CARTESIAN_POINT('Ctrl Pts',(36.7638102190576,-19.9521423748509,-36.5649257360591));
#3819=CARTESIAN_POINT('Ctrl Pts',(39.7693253225105,-12.2668464632417,-36.5649257360591));
#3820=CARTESIAN_POINT('Ctrl Pts',(41.6256705494269,-4.1371796146811,-36.5649257360591));
#3821=CARTESIAN_POINT('Ctrl Pts',(41.6175135576126,4.18168991745783,-36.5649257360591));
#3822=CARTESIAN_POINT('Ctrl Pts',(39.7582410319392,12.3112658489484,-36.5649257360591));
#3823=CARTESIAN_POINT('Ctrl Pts',(36.7402221017777,19.9876746572215,-36.5649257360591));
#3824=CARTESIAN_POINT('Ctrl Pts',(31.9975432493808,26.9420524159136,-36.5649257360591));
#3825=CARTESIAN_POINT('Ctrl Pts',(25.9447772100634,32.5417250524993,-36.5649257360591));
#3826=CARTESIAN_POINT('Ctrl Pts',(20.7585124748785,36.0756204223347,-36.5649257360591));
#3827=CARTESIAN_POINT('Ctrl Pts',(15.200116622434,38.7447692016574,-36.5649257360591));
#3828=CARTESIAN_POINT('Ctrl Pts',(7.22223685044106,41.1998317104628,-36.5649257360591));
#3829=CARTESIAN_POINT('Ctrl Pts',(-1.06757962761562,41.8163982366405,-36.5649257360591));
#3830=CARTESIAN_POINT('Ctrl Pts',(-9.31439859153537,40.5635643852523,-36.5649257360591));
#3831=CARTESIAN_POINT('Ctrl Pts',(-17.2047156806751,38.1247563661773,-36.5649257360591));
#3832=CARTESIAN_POINT('Ctrl Pts',(-25.3793434217082,33.3983615221611,-36.5649257360591));
#3833=CARTESIAN_POINT('Ctrl Pts',(-32.7074957739985,26.0489415192362,-36.5649257360591));
#3834=CARTESIAN_POINT('Ctrl Pts',(-37.7028969918875,18.0856308662294,-36.5649257360591));
#3835=CARTESIAN_POINT('Ctrl Pts',(-40.7577744657391,9.31097900026499,-36.5649257360591));
#3836=CARTESIAN_POINT('Ctrl Pts',(-41.4626452644351,3.11628447140466,-36.5649257360591));
#3837=CARTESIAN_POINT('Ctrl Pts',(-41.465142040301,0.0335839190886495,-36.5649257360591));
#3838=CARTESIAN_POINT('Ctrl Pts',(-41.5192610627475,-1.08292417476753E-14,
-36.5041334869704));
#3839=CARTESIAN_POINT('Ctrl Pts',(-41.5192610627475,-3.08658050101098,-36.5041334869704));
#3840=CARTESIAN_POINT('Ctrl Pts',(-40.8110247870297,-9.34299020940364,-36.5041334869704));
#3841=CARTESIAN_POINT('Ctrl Pts',(-37.7334318852064,-18.150499591378,-36.5041334869704));
#3842=CARTESIAN_POINT('Ctrl Pts',(-32.7147918171297,-26.1268405541346,-36.5041334869704));
#3843=CARTESIAN_POINT('Ctrl Pts',(-26.124046224586,-32.7211358621407,-36.5041334869704));
#3844=CARTESIAN_POINT('Ctrl Pts',(-19.4557831634044,-36.9084067874225,-36.5041334869704));
#3845=CARTESIAN_POINT('Ctrl Pts',(-13.7546096944826,-39.2670924991722,-36.5041334869704));
#3846=CARTESIAN_POINT('Ctrl Pts',(-7.7351696293021,-40.9987282654686,-36.5041334869704));
#3847=CARTESIAN_POINT('Ctrl Pts',(-0.00153592180972141,-41.8714864180585,
-36.5041334869704));
#3848=CARTESIAN_POINT('Ctrl Pts',(10.3804003641286,-40.6930436343012,-36.5041334869704));
#3849=CARTESIAN_POINT('Ctrl Pts',(19.1160349451011,-37.2688598235284,-36.5041334869704));
#3850=CARTESIAN_POINT('Ctrl Pts',(26.0121305681416,-32.5580023912419,-36.5041334869704));
#3851=CARTESIAN_POINT('Ctrl Pts',(32.0661253712471,-26.939868295708,-36.5041334869703));
#3852=CARTESIAN_POINT('Ctrl Pts',(36.8117834405611,-19.9781723801766,-36.5041334869704));
#3853=CARTESIAN_POINT('Ctrl Pts',(39.8212168333473,-12.282853132212,-36.5041334869704));
#3854=CARTESIAN_POINT('Ctrl Pts',(41.6799851784661,-4.14257989297429,-36.5041334869704));
#3855=CARTESIAN_POINT('Ctrl Pts',(41.6718165198323,4.1871502664176,-36.5041334869704));
#3856=CARTESIAN_POINT('Ctrl Pts',(39.8101193368947,12.3273281826174,-36.5041334869704));
#3857=CARTESIAN_POINT('Ctrl Pts',(36.7881618986093,20.0137542014645,-36.5041334869704));
#3858=CARTESIAN_POINT('Ctrl Pts',(32.039293920536,26.9772084836168,-36.5041334869704));
#3859=CARTESIAN_POINT('Ctrl Pts',(25.9786296280852,32.5841869988213,-36.5041334869704));
#3860=CARTESIAN_POINT('Ctrl Pts',(20.7856009506391,36.1226916914192,-36.5041334869704));
#3861=CARTESIAN_POINT('Ctrl Pts',(15.2199488743402,38.7953249087934,-36.5041334869704));
#3862=CARTESIAN_POINT('Ctrl Pts',(7.23166526086646,41.2535893676341,-36.5041334869704));
#3863=CARTESIAN_POINT('Ctrl Pts',(-1.06897685508066,41.8709616690611,-36.5041334869704));
#3864=CARTESIAN_POINT('Ctrl Pts',(-9.32655309786123,40.6164923704603,-36.5041334869704));
#3865=CARTESIAN_POINT('Ctrl Pts',(-17.2271621602048,38.1745041274114,-36.5041334869704));
#3866=CARTESIAN_POINT('Ctrl Pts',(-25.4124597470187,33.4419396769638,-36.5041334869704));
#3867=CARTESIAN_POINT('Ctrl Pts',(-32.750173252889,26.0829318457035,-36.5041334869704));
#3868=CARTESIAN_POINT('Ctrl Pts',(-37.7520929249489,18.1092275577431,-36.5041334869704));
#3869=CARTESIAN_POINT('Ctrl Pts',(-40.810956074988,9.32313234558789,-36.5041334869704));
#3870=CARTESIAN_POINT('Ctrl Pts',(-41.5167474169151,3.12034330955798,-36.5041334869704));
#3871=CARTESIAN_POINT('Ctrl Pts',(-41.5192474446688,0.0336277407526576,
-36.5041334869704));
#3872=CARTESIAN_POINT('Origin',(0.,0.,-36.65));
#3873=CARTESIAN_POINT('Ctrl Pts',(-41.5192474446688,0.0336277407527299,
-36.5041334869704));
#3874=CARTESIAN_POINT('Ctrl Pts',(-41.5185986735591,0.834647602095867,-36.5041334869704));
#3875=CARTESIAN_POINT('Ctrl Pts',(-41.4943485661137,1.63687654167251,-36.5041334869749));
#3876=CARTESIAN_POINT('Ctrl Pts',(-41.4467809141436,2.43832449538245,-36.5041354124677));
#3877=CARTESIAN_POINT('Ctrl Pts',(-41.3990864192638,3.24190957350808,-36.5041373430949));
#3878=CARTESIAN_POINT('Ctrl Pts',(-41.3279499426785,4.0447088310686,-36.5041412095295));
#3879=CARTESIAN_POINT('Ctrl Pts',(-41.2337100787513,4.84471768877416,-36.5041489523913));
#3880=CARTESIAN_POINT('Ctrl Pts',(-41.1400394325281,5.63989441720742,-36.5041566484855));
#3881=CARTESIAN_POINT('Ctrl Pts',(-41.0235438108501,6.43231371255358,-36.5041681743904));
#3882=CARTESIAN_POINT('Ctrl Pts',(-40.8846055775672,7.22001827110396,-36.5041854346716));
#3883=CARTESIAN_POINT('Ctrl Pts',(-40.7735338170713,7.84973501646296,-36.504199233104));
#3884=CARTESIAN_POINT('Ctrl Pts',(-40.6481201285783,8.47643869849139,-36.5042166963372));
#3885=CARTESIAN_POINT('Ctrl Pts',(-40.5085819929561,9.09913860969805,-36.5042387963677));
#3886=CARTESIAN_POINT('Ctrl Pts',(-40.498299243027,9.14502619046091,-36.5042404249482));
#3887=CARTESIAN_POINT('Ctrl Pts',(-40.4879375898118,9.19090096014743,-36.5042423090553));
#3888=CARTESIAN_POINT('Ctrl Pts',(-40.4774970870371,9.23676231335843,-36.5042444385667));
#3889=CARTESIAN_POINT('Ctrl Pts',(-40.3597691175116,9.75389871087951,-36.5042684511121));
#3890=CARTESIAN_POINT('Ctrl Pts',(-40.2320112275866,10.2693282529225,-36.5043236675434));
#3891=CARTESIAN_POINT('Ctrl Pts',(-40.0942902277842,10.7824509915454,-36.5043955658451));
#3892=CARTESIAN_POINT('Ctrl Pts',(-39.9567590912498,11.2948663350714,-36.5044673650272));
#3893=CARTESIAN_POINT('Ctrl Pts',(-39.8092923425402,11.8049810192302,-36.5045557977825));
#3894=CARTESIAN_POINT('Ctrl Pts',(-39.6520067483829,12.3122108952934,-36.5046464180692));
#3895=CARTESIAN_POINT('Ctrl Pts',(-39.4950349033602,12.8184289626431,-36.504736857589));
#3896=CARTESIAN_POINT('Ctrl Pts',(-39.3282834103296,13.3217735151417,-36.5048294756196));
#3897=CARTESIAN_POINT('Ctrl Pts',(-39.15191757338,13.8216802855004,-36.5049099480022));
#3898=CARTESIAN_POINT('Ctrl Pts',(-38.9757541390425,14.3210133481737,-36.5049903280323));
#3899=CARTESIAN_POINT('Ctrl Pts',(-38.7899984839643,14.8169163157368,-36.5050585919616));
#3900=CARTESIAN_POINT('Ctrl Pts',(-38.594863534341,15.3088462583748,-36.5051004900579));
#3901=CARTESIAN_POINT('Ctrl Pts',(-38.4000377560858,15.7999967883359,-36.5051423217709));
#3902=CARTESIAN_POINT('Ctrl Pts',(-38.195862463237,16.2871866855529,-36.505157874776));
#3903=CARTESIAN_POINT('Ctrl Pts',(-37.9825965012394,16.7698978375611,-36.5051329521168));
#3904=CARTESIAN_POINT('Ctrl Pts',(-37.8363364128925,17.1009463324893,-36.5051158598894));
#3905=CARTESIAN_POINT('Ctrl Pts',(-37.6858016269341,17.429888773394,-36.5050797304299));
#3906=CARTESIAN_POINT('Ctrl Pts',(-37.5310881116397,17.7565647770179,-36.5050199637249));
#3907=CARTESIAN_POINT('Ctrl Pts',(-37.4968047986473,17.8289536414169,-36.5050067198874));
#3908=CARTESIAN_POINT('Ctrl Pts',(-37.4622981627318,17.901266390429,-36.5049938520533));
#3909=CARTESIAN_POINT('Ctrl Pts',(-37.4275683405189,17.9735016473768,-36.5049813524325));
#3910=CARTESIAN_POINT('Ctrl Pts',(-37.1450193888105,18.5611809047548,-36.5048796601536));
#3911=CARTESIAN_POINT('Ctrl Pts',(-36.8476937871626,19.1437305054767,-36.5048023420377));
#3912=CARTESIAN_POINT('Ctrl Pts',(-36.5361348125224,19.7200345223574,-36.5047451835098));
#3913=CARTESIAN_POINT('Ctrl Pts',(-36.2200462106501,20.3047171852771,-36.5046871939778));
#3914=CARTESIAN_POINT('Ctrl Pts',(-35.8893075135239,20.8829708489763,-36.5046499536619));
#3915=CARTESIAN_POINT('Ctrl Pts',(-35.5445384526626,21.4536418472108,-36.5046290351467));
#3916=CARTESIAN_POINT('Ctrl Pts',(-35.1983214885787,22.0267094537006,-36.5046080287813));
#3917=CARTESIAN_POINT('Ctrl Pts',(-34.8379563314698,22.5921300771683,-36.5046034808905));
#3918=CARTESIAN_POINT('Ctrl Pts',(-34.4641197480793,23.1487545547359,-36.5046108932921));
#3919=CARTESIAN_POINT('Ctrl Pts',(-34.0903759121307,23.7052409358768,-36.5046183038548));
#3920=CARTESIAN_POINT('Ctrl Pts',(-33.7031676416989,24.252935053607,-36.5046376682537));
#3921=CARTESIAN_POINT('Ctrl Pts',(-33.303215920309,24.7907149681472,-36.5046644861818));
#3922=CARTESIAN_POINT('Ctrl Pts',(-33.0353680575403,25.1508664390522,-36.5046824461613));
#3923=CARTESIAN_POINT('Ctrl Pts',(-32.7618056899609,25.5065719547386,-36.5047037489579));
#3924=CARTESIAN_POINT('Ctrl Pts',(-32.4827555378453,25.8575027699809,-36.5047270429717));
#3925=CARTESIAN_POINT('Ctrl Pts',(-32.0665952068552,26.3808620411322,-36.5047617824063));
#3926=CARTESIAN_POINT('Ctrl Pts',(-31.6382278411325,26.893600069638,-36.5048009502582));
#3927=CARTESIAN_POINT('Ctrl Pts',(-31.1982795414981,27.3951026698469,-36.5048400665592));
#3928=CARTESIAN_POINT('Ctrl Pts',(-30.7589038868847,27.8959525047939,-36.5048791319458));
#3929=CARTESIAN_POINT('Ctrl Pts',(-30.3079776653075,28.3855959254049,-36.5049181459183));
#3930=CARTESIAN_POINT('Ctrl Pts',(-29.846158371404,28.8634605439766,-36.504952650874));
#3931=CARTESIAN_POINT('Ctrl Pts',(-29.3858584755941,29.3397529748982,-36.5049870423075));
#3932=CARTESIAN_POINT('Ctrl Pts',(-28.9147373133437,29.8043437916301,-36.5050169545396));
#3933=CARTESIAN_POINT('Ctrl Pts',(-28.4334758990067,30.2567084178866,-36.505037977197));
#3934=CARTESIAN_POINT('Ctrl Pts',(-28.2833990167391,30.3977741063758,-36.5050445329166));
#3935=CARTESIAN_POINT('Ctrl Pts',(-28.1323362549891,30.5376511844666,-36.5050502241844));
#3936=CARTESIAN_POINT('Ctrl Pts',(-27.9803088064773,30.6763246315947,-36.5050549172622));
#3937=CARTESIAN_POINT('Ctrl Pts',(-27.487535919491,31.1258126389157,-36.5050701291305));
#3938=CARTESIAN_POINT('Ctrl Pts',(-26.9829343176276,31.5642016460037,-36.5050689766242));
#3939=CARTESIAN_POINT('Ctrl Pts',(-26.4670158506701,31.9907539708284,-36.5050563365025));
#3940=CARTESIAN_POINT('Ctrl Pts',(-26.2860017981712,32.1404132093795,-36.5050519016164));
#3941=CARTESIAN_POINT('Ctrl Pts',(-26.1035950080291,32.2886156091444,-36.5050460525162));
#3942=CARTESIAN_POINT('Ctrl Pts',(-25.9198188039102,32.4353302215347,-36.5050389996662));
#3943=CARTESIAN_POINT('Ctrl Pts',(-25.4023167298145,32.8484692161948,-36.5050191392903));
#3944=CARTESIAN_POINT('Ctrl Pts',(-24.8739528631522,33.2498083634161,-36.5049897336742));
#3945=CARTESIAN_POINT('Ctrl Pts',(-24.3356680429124,33.6386725349514,-36.5049554821597));
#3946=CARTESIAN_POINT('Ctrl Pts',(-23.7935431604778,34.0303108189042,-36.5049209862988));
#3947=CARTESIAN_POINT('Ctrl Pts',(-23.2413556366049,34.409295206298,-36.5048815749218));
#3948=CARTESIAN_POINT('Ctrl Pts',(-22.680105131214,34.7749723990493,-36.5048420522218));
#3949=CARTESIAN_POINT('Ctrl Pts',(-22.0902961728398,35.1592565682148,-36.504800518464));
#3950=CARTESIAN_POINT('Ctrl Pts',(-21.4904786488894,35.5288441644776,-36.5047588617139));
#3951=CARTESIAN_POINT('Ctrl Pts',(-20.8818511313707,35.8830250465261,-36.5047226637953));
#3952=CARTESIAN_POINT('Ctrl Pts',(-20.3006907301176,36.2212218871268,-36.5046880994742));
#3953=CARTESIAN_POINT('Ctrl Pts',(-19.7114982548669,36.5453713246005,-36.5046585126705));
#3954=CARTESIAN_POINT('Ctrl Pts',(-19.1153439213066,36.8549009551931,-36.504638766788));
#3955=CARTESIAN_POINT('Ctrl Pts',(-18.5215426108395,37.1632088713272,-36.5046190988425));
#3956=CARTESIAN_POINT('Ctrl Pts',(-17.9208347377065,37.457011952342,-36.5046091947439));
#3957=CARTESIAN_POINT('Ctrl Pts',(-17.314297041111,37.7357924510433,-36.5046138588986));
#3958=CARTESIAN_POINT('Ctrl Pts',(-16.7132665181026,38.0120417095469,-36.5046184807042));
#3959=CARTESIAN_POINT('Ctrl Pts',(-16.1065119943537,38.273539799644,-36.5046374080564));
#3960=CARTESIAN_POINT('Ctrl Pts',(-15.4950933827255,38.5198326769697,-36.5046753058736));
#3961=CARTESIAN_POINT('Ctrl Pts',(-15.3967683465956,38.5594401661776,-36.5046814003957));
#3962=CARTESIAN_POINT('Ctrl Pts',(-15.2983227088322,38.5986545363037,-36.504687985486));
#3963=CARTESIAN_POINT('Ctrl Pts',(-15.1997608956729,38.6374740244612,-36.5046950805021));
#3964=CARTESIAN_POINT('Ctrl Pts',(-14.8807137644148,38.7631337088414,-36.5047180472525));
#3965=CARTESIAN_POINT('Ctrl Pts',(-14.5604492314659,38.8846554298048,-36.5047463573236));
#3966=CARTESIAN_POINT('Ctrl Pts',(-14.2390416085185,39.0020371352329,-36.504780666126));
#3967=CARTESIAN_POINT('Ctrl Pts',(-13.5928746895777,39.2380246150598,-36.5048496415066));
#3968=CARTESIAN_POINT('Ctrl Pts',(-12.9401475606516,39.4580213052739,-36.5049039294395));
#3969=CARTESIAN_POINT('Ctrl Pts',(-12.2813369818764,39.6617692035742,-36.5049465545622));
#3970=CARTESIAN_POINT('Ctrl Pts',(-11.6221792094589,39.8656244771614,-36.5049892021483));
#3971=CARTESIAN_POINT('Ctrl Pts',(-10.9569317009333,40.0532137767762,-36.5050201742879));
#3972=CARTESIAN_POINT('Ctrl Pts',(-10.286092022966,40.2243268743958,-36.5050424906067));
#3973=CARTESIAN_POINT('Ctrl Pts',(-9.95267003725772,40.3093738247519,-36.505053582305));
#3974=CARTESIAN_POINT('Ctrl Pts',(-9.61786691265328,40.3903513984048,-36.5050625356305));
#3975=CARTESIAN_POINT('Ctrl Pts',(-9.28174543049917,40.4672382653393,-36.5050697207908));
#3976=CARTESIAN_POINT('Ctrl Pts',(-8.60510057899828,40.6220189188277,-36.505084185209));
#3977=CARTESIAN_POINT('Ctrl Pts',(-7.92311169708667,40.7602186982697,-36.5050914841523));
#3978=CARTESIAN_POINT('Ctrl Pts',(-7.23756878555836,40.8814681624665,-36.5050946355106));
#3979=CARTESIAN_POINT('Ctrl Pts',(-6.5526836633273,41.0026012858792,-36.5050977838451));
#3980=CARTESIAN_POINT('Ctrl Pts',(-5.86425209598259,41.1068164670223,-36.5050967924284));
#3981=CARTESIAN_POINT('Ctrl Pts',(-5.17407207053747,41.1937953044334,-36.5050946693541));
#3982=CARTESIAN_POINT('Ctrl Pts',(-4.49374426398086,41.2795325316657,-36.5050925765864));
#3983=CARTESIAN_POINT('Ctrl Pts',(-3.81171829302942,41.3485219808936,-36.505089384207));
#3984=CARTESIAN_POINT('Ctrl Pts',(-3.12971785257669,41.4005082453775,-36.5050879733589));
#3985=CARTESIAN_POINT('Ctrl Pts',(-2.43622252131563,41.4533707210752,-36.5050865387313));
#3986=CARTESIAN_POINT('Ctrl Pts',(-1.74275350919838,41.4886520232045,-36.5050869462491));
#3987=CARTESIAN_POINT('Ctrl Pts',(-1.05012922719506,41.5064694802007,-36.5050922250934));
#3988=CARTESIAN_POINT('Ctrl Pts',(-0.357486931799115,41.5242874005836,-36.5050975040751));
#3989=CARTESIAN_POINT('Ctrl Pts',(0.334310312909325,41.5246406043554,-36.5051076547806));
#3990=CARTESIAN_POINT('Ctrl Pts',(1.02445059863577,41.5076981093202,-36.5051257050297));
#3991=CARTESIAN_POINT('Ctrl Pts',(1.22784735303799,41.5027048513219,-36.5051310247627));
#3992=CARTESIAN_POINT('Ctrl Pts',(1.43110024463018,41.4962096510689,-36.5051370306205));
#3993=CARTESIAN_POINT('Ctrl Pts',(1.63418865232062,41.4882176839338,-36.5051438000508));
#3994=CARTESIAN_POINT('Ctrl Pts',(2.36571076182227,41.4594307102006,-36.5051681834612));
#3995=CARTESIAN_POINT('Ctrl Pts',(3.09727120912348,41.4111666557516,-36.5051670451546));
#3996=CARTESIAN_POINT('Ctrl Pts',(3.82796050867341,41.3433478537446,-36.5051496963364));
#3997=CARTESIAN_POINT('Ctrl Pts',(4.55935568678926,41.2754635357395,-36.5051323307584));
#3998=CARTESIAN_POINT('Ctrl Pts',(5.28987774382964,41.1879866517422,-36.5050987218584));
#3999=CARTESIAN_POINT('Ctrl Pts',(6.01860868044744,41.0808912368191,-36.5050582001834));
#4000=CARTESIAN_POINT('Ctrl Pts',(6.74744615760667,40.9737801645347,-36.5050176725842));
#4001=CARTESIAN_POINT('Ctrl Pts',(7.47449169537228,40.847044819683,-36.50497022956));
#4002=CARTESIAN_POINT('Ctrl Pts',(8.19882540698301,40.7007113084912,-36.5049252138789));
#4003=CARTESIAN_POINT('Ctrl Pts',(8.53401519238419,40.6329945952868,-36.5049043826014));
#4004=CARTESIAN_POINT('Ctrl Pts',(8.86862426538628,40.5610818001042,-36.504884071296));
#4005=CARTESIAN_POINT('Ctrl Pts',(9.20256163160686,40.4849792857895,-36.5048652066578));
#4006=CARTESIAN_POINT('Ctrl Pts',(9.92480537457742,40.3203838545856,-36.5048244059919));
#4007=CARTESIAN_POINT('Ctrl Pts',(10.6439065723685,40.1361865080978,-36.5047903723242));
#4008=CARTESIAN_POINT('Ctrl Pts',(11.3575792693635,39.9331253619397,-36.5047724862576));
#4009=CARTESIAN_POINT('Ctrl Pts',(12.068266364283,39.7309137085282,-36.5047546750162));
#4010=CARTESIAN_POINT('Ctrl Pts',(12.7735694017325,39.5099960801318,-36.5047528779976));
#4011=CARTESIAN_POINT('Ctrl Pts',(13.4712453857453,39.2711503795011,-36.5047763513296));
#4012=CARTESIAN_POINT('Ctrl Pts',(14.035808558234,39.0778751492032,-36.5047953460766));
#4013=CARTESIAN_POINT('Ctrl Pts',(14.5953775121777,38.8728613634776,-36.5048308886425));
#4014=CARTESIAN_POINT('Ctrl Pts',(15.1487766230193,38.6565426861476,-36.5048878678134));
#4015=CARTESIAN_POINT('Ctrl Pts',(15.8636719340943,38.3770966135186,-36.5049614749828));
#4016=CARTESIAN_POINT('Ctrl Pts',(16.5682712022214,38.0787823767232,-36.5050708612899));
#4017=CARTESIAN_POINT('Ctrl Pts',(17.2628138935326,37.7614890622311,-36.5052264919581));
#4018=CARTESIAN_POINT('Ctrl Pts',(17.9170057946656,37.4626295115928,-36.505373080964));
#4019=CARTESIAN_POINT('Ctrl Pts',(18.5636878095394,37.1463379998728,-36.5055095349115));
#4020=CARTESIAN_POINT('Ctrl Pts',(19.2029685853104,36.8123660539815,-36.50563265687));
#4021=CARTESIAN_POINT('Ctrl Pts',(19.7142596493107,36.5452582696827,-36.5057311287145));
#4022=CARTESIAN_POINT('Ctrl Pts',(20.2208169718223,36.2668417256949,-36.5058210728165));
#4023=CARTESIAN_POINT('Ctrl Pts',(20.7227080901228,35.9770101235412,-36.5059008555939));
#4024=CARTESIAN_POINT('Ctrl Pts',(21.3460796861433,35.6170260914997,-36.5059999494321));
#4025=CARTESIAN_POINT('Ctrl Pts',(21.9622528909816,35.2394304481335,-36.5060833680508));
#4026=CARTESIAN_POINT('Ctrl Pts',(22.5690769698279,34.8457176381642,-36.5061479795509));
#4027=CARTESIAN_POINT('Ctrl Pts',(23.1797885966021,34.4494825528404,-36.506213004977));
#4028=CARTESIAN_POINT('Ctrl Pts',(23.7810300077427,34.0369237354022,-36.5062589821508));
#4029=CARTESIAN_POINT('Ctrl Pts',(24.3706321324762,33.6096113967262,-36.506282708697));
#4030=CARTESIAN_POINT('Ctrl Pts',(24.8793790313798,33.240898635959,-36.5063031814976));
#4031=CARTESIAN_POINT('Ctrl Pts',(25.3794601020667,32.8612023461768,-36.5063070880298));
#4032=CARTESIAN_POINT('Ctrl Pts',(25.86950355367,32.4715537490915,-36.5062923594351));
#4033=CARTESIAN_POINT('Ctrl Pts',(26.4349768563057,32.0219285610796,-36.506275363744));
#4034=CARTESIAN_POINT('Ctrl Pts',(26.9870842873461,31.5590503389491,-36.5062335558323));
#4035=CARTESIAN_POINT('Ctrl Pts',(27.5256341108781,31.0830505826202,-36.5061637294771));
#4036=CARTESIAN_POINT('Ctrl Pts',(28.0631488810928,30.6079656629606,-36.506094037323));
#4037=CARTESIAN_POINT('Ctrl Pts',(28.5871581075833,30.1198095868262,-36.5059964351703));
#4038=CARTESIAN_POINT('Ctrl Pts',(29.097507585582,29.6187500508196,-36.5058676942753));
#4039=CARTESIAN_POINT('Ctrl Pts',(29.5094142363893,29.2143413774907,-36.505763786594));
#4040=CARTESIAN_POINT('Ctrl Pts',(29.9124233176001,28.8015278047669,-36.5056395938964));
#4041=CARTESIAN_POINT('Ctrl Pts',(30.3064711036094,28.380415180793,-36.5054933931143));
#4042=CARTESIAN_POINT('Ctrl Pts',(30.3423634125136,28.3420576390944,-36.5054800762431));
#4043=CARTESIAN_POINT('Ctrl Pts',(30.3781888577018,28.3036226772711,-36.5054670220185));
#4044=CARTESIAN_POINT('Ctrl Pts',(30.4139472979381,28.2651102996397,-36.5054542261582));
#4045=CARTESIAN_POINT('Ctrl Pts',(30.8795864749157,27.7636099068594,-36.5052876010539));
#4046=CARTESIAN_POINT('Ctrl Pts',(31.3338616806855,27.2489784535647,-36.5051647950522));
#4047=CARTESIAN_POINT('Ctrl Pts',(31.7758975647929,26.7222785287157,-36.5050762901904));
#4048=CARTESIAN_POINT('Ctrl Pts',(32.2234049738888,26.1890591064597,-36.5049866898144));
#4049=CARTESIAN_POINT('Ctrl Pts',(32.6583678196904,25.6434709652817,-36.5049322417843));
#4050=CARTESIAN_POINT('Ctrl Pts',(33.0799075110213,25.0866612712315,-36.5049029894831));
#4051=CARTESIAN_POINT('Ctrl Pts',(33.5064135662977,24.523291531601,-36.5048733925464));
#4052=CARTESIAN_POINT('Ctrl Pts',(33.9191779197859,23.9484346887553,-36.5048695860445));
#4053=CARTESIAN_POINT('Ctrl Pts',(34.3173265574147,23.3633183279736,-36.5048812185233));
#4054=CARTESIAN_POINT('Ctrl Pts',(34.7159613975885,22.7774874474451,-36.5048928652071));
#4055=CARTESIAN_POINT('Ctrl Pts',(35.099944468593,22.1813724839689,-36.5049199870413));
#4056=CARTESIAN_POINT('Ctrl Pts',(35.4684398424038,21.5762376786844,-36.5049521866119));
#4057=CARTESIAN_POINT('Ctrl Pts',(35.8345923973469,20.9749501977901,-36.5049841814641));
#4058=CARTESIAN_POINT('Ctrl Pts',(36.1854532990571,20.3647577350491,-36.5050211891943));
#4059=CARTESIAN_POINT('Ctrl Pts',(36.5202476112683,19.7469244747366,-36.5050530168579));
#4060=CARTESIAN_POINT('Ctrl Pts',(36.8268047370191,19.1812004419007,-36.505082160116));
#4061=CARTESIAN_POINT('Ctrl Pts',(37.1198914919745,18.6090706925752,-36.505106960695));
#4062=CARTESIAN_POINT('Ctrl Pts',(37.3989493410011,18.0315178754303,-36.5051195988844));
#4063=CARTESIAN_POINT('Ctrl Pts',(37.7056608580744,17.3967315708906,-36.5051334894747));
#4064=CARTESIAN_POINT('Ctrl Pts',(37.9954248260149,16.7553935800977,-36.5051326891582));
#4065=CARTESIAN_POINT('Ctrl Pts',(38.2681904477201,16.1079154342326,-36.5051068090148));
#4066=CARTESIAN_POINT('Ctrl Pts',(38.4576870248492,15.6580974122977,-36.5050888294815));
#4067=CARTESIAN_POINT('Ctrl Pts',(38.6389805506671,15.2053162672765,-36.5050587454476));
#4068=CARTESIAN_POINT('Ctrl Pts',(38.8120680511537,14.7497146181187,-36.5050130641808));
#4069=CARTESIAN_POINT('Ctrl Pts',(39.0592468913295,14.0990894319879,-36.5049478287219));
#4070=CARTESIAN_POINT('Ctrl Pts',(39.2903048495993,13.4409719449577,-36.5048972926878));
#4071=CARTESIAN_POINT('Ctrl Pts',(39.5050020312404,12.7756964447773,-36.5048590248657));
#4072=CARTESIAN_POINT('Ctrl Pts',(39.5592090050633,12.6077269756503,-36.5048493629651));
#4073=CARTESIAN_POINT('Ctrl Pts',(39.61237327162,12.439301309433,-36.504840483066));
#4074=CARTESIAN_POINT('Ctrl Pts',(39.6644914534573,12.2704250323366,-36.504832345934));
#4075=CARTESIAN_POINT('Ctrl Pts',(39.8691765376339,11.6071928593338,-36.5048003887651));
#4076=CARTESIAN_POINT('Ctrl Pts',(40.0577234742395,10.9370081631731,-36.5047798884461));
#4077=CARTESIAN_POINT('Ctrl Pts',(40.2296427587924,10.2616361747794,-36.5047684638925));
#4078=CARTESIAN_POINT('Ctrl Pts',(40.4033361421053,9.57929477274357,-36.5047569214447));
#4079=CARTESIAN_POINT('Ctrl Pts',(40.5600566654658,8.89165919414275,-36.5047546428308));
#4080=CARTESIAN_POINT('Ctrl Pts',(40.699347259471,8.20057350586827,-36.5047591678805));
#4081=CARTESIAN_POINT('Ctrl Pts',(40.832802111248,7.53844166019337,-36.504763503348));
#4082=CARTESIAN_POINT('Ctrl Pts',(40.9502570972176,6.87314349289608,-36.5047740841743));
#4083=CARTESIAN_POINT('Ctrl Pts',(41.0513538639802,6.20631137668001,-36.5047887450911));
#4084=CARTESIAN_POINT('Ctrl Pts',(41.1567514366186,5.51111123668421,-36.5048040297049));
#4085=CARTESIAN_POINT('Ctrl Pts',(41.2443690228447,4.81424413870142,-36.5048237488393));
#4086=CARTESIAN_POINT('Ctrl Pts',(41.3141971881858,4.11658381237241,-36.5048454491534));
#4087=CARTESIAN_POINT('Ctrl Pts',(41.3839922566458,3.41925416036103,-36.5048671391821));
#4088=CARTESIAN_POINT('Ctrl Pts',(41.4360147710406,2.72113233092456,-36.5048908084658));
#4089=CARTESIAN_POINT('Ctrl Pts',(41.4703073440914,2.02308960912249,-36.5049140084701));
#4090=CARTESIAN_POINT('Ctrl Pts',(41.50452919914,1.32648638813195,-36.5049371606314));
#4091=CARTESIAN_POINT('Ctrl Pts',(41.5210941900173,0.629962241033168,-36.5049598454583));
#4092=CARTESIAN_POINT('Ctrl Pts',(41.5200962177675,-0.065622552120892,-36.5049796311127));
#4093=CARTESIAN_POINT('Ctrl Pts',(41.5196061307311,-0.407212300584717,-36.5049893475079));
#4094=CARTESIAN_POINT('Ctrl Pts',(41.5148813028207,-0.748575625570061,-36.5049983647552));
#4095=CARTESIAN_POINT('Ctrl Pts',(41.5059373882783,-1.08961146731362,-36.5050063949522));
#4096=CARTESIAN_POINT('Ctrl Pts',(41.488017902808,-1.77289022428732,-36.5050224837685));
#4097=CARTESIAN_POINT('Ctrl Pts',(41.4531004324473,-2.45692880610573,-36.5050393241679));
#4098=CARTESIAN_POINT('Ctrl Pts',(41.4010389857984,-3.14088596545129,-36.5050560175897));
#4099=CARTESIAN_POINT('Ctrl Pts',(41.3489900369831,-3.82467893452989,-36.505072707004));
#4100=CARTESIAN_POINT('Ctrl Pts',(41.2798053146032,-4.50839022780604,-36.5050892495126));
#4101=CARTESIAN_POINT('Ctrl Pts',(41.1933907276254,-5.19117394707131,-36.5051047476308));
#4102=CARTESIAN_POINT('Ctrl Pts',(41.1524153474622,-5.51493088955718,-36.505112096405));
#4103=CARTESIAN_POINT('Ctrl Pts',(41.1075667747576,-5.83847922809164,-36.5051192103656));
#4104=CARTESIAN_POINT('Ctrl Pts',(41.0588390747036,-6.1617286576543,-36.5051259938589));
#4105=CARTESIAN_POINT('Ctrl Pts',(40.9566604548812,-6.83956037420298,-36.5051402183758));
#4106=CARTESIAN_POINT('Ctrl Pts',(40.8374213889557,-7.51607782161675,-36.5051529897791));
#4107=CARTESIAN_POINT('Ctrl Pts',(40.7015503114884,-8.18957961392905,-36.5051634262766));
#4108=CARTESIAN_POINT('Ctrl Pts',(40.5640838271302,-8.87098970740842,-36.5051739853202));
#4109=CARTESIAN_POINT('Ctrl Pts',(40.4095925668261,-9.5493121418057,-36.5051821543237));
#4110=CARTESIAN_POINT('Ctrl Pts',(40.2385736241122,-10.2227909653341,-36.505187020089));
#4111=CARTESIAN_POINT('Ctrl Pts',(40.0675546813984,-10.8962697888624,-36.5051918858543));
#4112=CARTESIAN_POINT('Ctrl Pts',(39.8800082871348,-11.5649042333242,-36.5051934484107));
#4113=CARTESIAN_POINT('Ctrl Pts',(39.6764818331791,-12.2269559547134,-36.5051907942032));
#4114=CARTESIAN_POINT('Ctrl Pts',(39.4750998341428,-12.8820319732231,-36.5051881679618));
#4115=CARTESIAN_POINT('Ctrl Pts',(39.2580726963018,-13.5306635519988,-36.5051814133828));
#4116=CARTESIAN_POINT('Ctrl Pts',(39.0255211846319,-14.1724330829637,-36.5051696446586));
#4117=CARTESIAN_POINT('Ctrl Pts',(38.7936392495388,-14.8123547917295,-36.5051579098196));
#4118=CARTESIAN_POINT('Ctrl Pts',(38.5463222324887,-15.4454538286491,-36.50514118971));
#4119=CARTESIAN_POINT('Ctrl Pts',(38.2837372167675,-16.0713372570041,-36.5051186047511));
#4120=CARTESIAN_POINT('Ctrl Pts',(38.1861957968154,-16.303831705168,-36.5051102152055));
#4121=CARTESIAN_POINT('Ctrl Pts',(38.0865480597423,-16.5353307085282,-36.5051010163696));
#4122=CARTESIAN_POINT('Ctrl Pts',(37.9848042309332,-16.7658149047065,-36.5050909630899));
#4123=CARTESIAN_POINT('Ctrl Pts',(37.8031243005513,-17.1773814164641,-36.5050730113459));
#4124=CARTESIAN_POINT('Ctrl Pts',(37.6144369262127,-17.5864367135016,-36.50505601464));
#4125=CARTESIAN_POINT('Ctrl Pts',(37.4187275308274,-17.9928568474808,-36.5050398921596));
#4126=CARTESIAN_POINT('Ctrl Pts',(37.1095499921172,-18.6349107277176,-36.5050144222081));
#4127=CARTESIAN_POINT('Ctrl Pts',(36.7828446955186,-19.2703878527947,-36.50499113408));
#4128=CARTESIAN_POINT('Ctrl Pts',(36.439359748859,-19.8979935400759,-36.5049697088018));
#4129=CARTESIAN_POINT('Ctrl Pts',(36.0919971131957,-20.5326844277303,-36.5049480416481));
#4130=CARTESIAN_POINT('Ctrl Pts',(35.7274740548552,-21.1593246456241,-36.5049282796369));
#4131=CARTESIAN_POINT('Ctrl Pts',(35.3466160299487,-21.7765882669211,-36.5049100925013));
#4132=CARTESIAN_POINT('Ctrl Pts',(34.9624881248804,-22.39915144327,-36.504891749219));
#4133=CARTESIAN_POINT('Ctrl Pts',(34.5617438351488,-23.0121757926343,-36.504875007966));
#4134=CARTESIAN_POINT('Ctrl Pts',(34.145278547013,-23.6143220476784,-36.5048595296017));
#4135=CARTESIAN_POINT('Ctrl Pts',(33.729177662281,-24.2159414301326,-36.5048440647809));
#4136=CARTESIAN_POINT('Ctrl Pts',(33.2973836387119,-24.8067012448914,-36.5048298606354));
#4137=CARTESIAN_POINT('Ctrl Pts',(32.8508328090865,-25.3852944473785,-36.50481657869));
#4138=CARTESIAN_POINT('Ctrl Pts',(32.4084392838856,-25.9585010557286,-36.5048034203971));
#4139=CARTESIAN_POINT('Ctrl Pts',(31.9515628434385,-26.5197661051973,-36.50479116721));
#4140=CARTESIAN_POINT('Ctrl Pts',(31.4811506455649,-27.0678537764838,-36.5047794898548));
#4141=CARTESIAN_POINT('Ctrl Pts',(31.1420747634259,-27.4629185972325,-36.5047710727484));
#4142=CARTESIAN_POINT('Ctrl Pts',(30.7959670039128,-27.8511376703534,-36.5047629548186));
#4143=CARTESIAN_POINT('Ctrl Pts',(30.4431923399834,-28.2320615341135,-36.5047550127093));
#4144=CARTESIAN_POINT('Ctrl Pts',(29.947677666331,-28.7671151627815,-36.5047438570566));
#4145=CARTESIAN_POINT('Ctrl Pts',(29.4390078474874,-29.2877743957267,-36.504733048295));
#4146=CARTESIAN_POINT('Ctrl Pts',(28.9176049328501,-29.7938828249072,-36.5047222444741));
#4147=CARTESIAN_POINT('Ctrl Pts',(28.8703241348948,-29.8397767194595,-36.504721264784));
#4148=CARTESIAN_POINT('Ctrl Pts',(28.8229386580404,-29.8855509913128,-36.5047202851345));
#4149=CARTESIAN_POINT('Ctrl Pts',(28.7754488309864,-29.9312055396886,-36.5047193052705));
#4150=CARTESIAN_POINT('Ctrl Pts',(28.2681003972066,-30.4189471266833,-36.5047088370818));
#4151=CARTESIAN_POINT('Ctrl Pts',(27.7476034194447,-30.8942008404052,-36.5047050499868));
#4152=CARTESIAN_POINT('Ctrl Pts',(27.2142157777337,-31.3566573464529,-36.5047054468372));
#4153=CARTESIAN_POINT('Ctrl Pts',(26.7865615724696,-31.7274410956388,-36.50470576502));
#4154=CARTESIAN_POINT('Ctrl Pts',(26.3506215248431,-32.0899990440409,-36.5047087727232));
#4155=CARTESIAN_POINT('Ctrl Pts',(25.9065455254571,-32.4441890047557,-36.5047131824942));
#4156=CARTESIAN_POINT('Ctrl Pts',(25.351873431174,-32.886589151477,-36.5047186905084));
#4157=CARTESIAN_POINT('Ctrl Pts',(24.7845068305483,-33.3159334254745,-36.5047263858748));
#4158=CARTESIAN_POINT('Ctrl Pts',(24.2059432837883,-33.7310079077851,-36.5047337599511));
#4159=CARTESIAN_POINT('Ctrl Pts',(23.6272441267355,-34.1461796799655,-36.5047411357558));
#4160=CARTESIAN_POINT('Ctrl Pts',(23.0373434017695,-34.5470744798027,-36.5047481901274));
#4161=CARTESIAN_POINT('Ctrl Pts',(22.4377746772685,-34.9325157835485,-36.5047524131333));
#4162=CARTESIAN_POINT('Ctrl Pts',(21.8886828245637,-35.2855073105147,-36.5047562806101));
#4163=CARTESIAN_POINT('Ctrl Pts',(21.3314830759922,-35.6255379833006,-36.5047577734396));
#4164=CARTESIAN_POINT('Ctrl Pts',(20.7673722983082,-35.9517374950587,-36.5047549636881));
#4165=CARTESIAN_POINT('Ctrl Pts',(20.1500122173869,-36.3087286481124,-36.5047518887099));
#4166=CARTESIAN_POINT('Ctrl Pts',(19.5243746824518,-36.6491536127233,-36.5047436606605));
#4167=CARTESIAN_POINT('Ctrl Pts',(18.8913993703437,-36.9727288033417,-36.5047277510558));
#4168=CARTESIAN_POINT('Ctrl Pts',(18.2582494417305,-37.2963932574241,-36.5047118370621));
#4169=CARTESIAN_POINT('Ctrl Pts',(17.6177580183323,-37.6031985469901,-36.5046882374631));
#4170=CARTESIAN_POINT('Ctrl Pts',(16.9708809801038,-37.8929106267542,-36.5046544178632));
#4171=CARTESIAN_POINT('Ctrl Pts',(16.4044364296774,-38.1465999974952,-36.5046248033817));
#4172=CARTESIAN_POINT('Ctrl Pts',(15.8330958789061,-38.3871833277041,-36.5045873524508));
#4173=CARTESIAN_POINT('Ctrl Pts',(15.2575078432496,-38.6145356094042,-36.5045403589892));
#4174=CARTESIAN_POINT('Ctrl Pts',(14.6639725939089,-38.8489768848438,-36.5044919002405));
#4175=CARTESIAN_POINT('Ctrl Pts',(14.0640568141005,-39.070068250709,-36.5044492073278));
#4176=CARTESIAN_POINT('Ctrl Pts',(13.4584731241041,-39.277417320478,-36.5044129201519));
#4177=CARTESIAN_POINT('Ctrl Pts',(12.8520022229829,-39.485070167255,-36.5043765798135));
#4178=CARTESIAN_POINT('Ctrl Pts',(12.2398470662204,-39.6789402930668,-36.5043466640349));
#4179=CARTESIAN_POINT('Ctrl Pts',(11.6227485011788,-39.8586794801917,-36.5043238143972));
#4180=CARTESIAN_POINT('Ctrl Pts',(11.0051585154246,-40.0385618009494,-36.5043009465635));
#4181=CARTESIAN_POINT('Ctrl Pts',(10.3826175304096,-40.2042905490455,-36.5042851561732));
#4182=CARTESIAN_POINT('Ctrl Pts',(9.75588906787175,-40.3555644647876,-36.504277084576));
#4183=CARTESIAN_POINT('Ctrl Pts',(9.58931909040666,-40.3957695842969,-36.5042749393316));
#4184=CARTESIAN_POINT('Ctrl Pts',(9.42245342154066,-40.4349539189286,-36.5042733393107));
#4185=CARTESIAN_POINT('Ctrl Pts',(9.25530660360358,-40.4731123963185,-36.5042722965269));
#4186=CARTESIAN_POINT('Ctrl Pts',(8.62679126720984,-40.6165981566158,-36.5042683753895));
#4187=CARTESIAN_POINT('Ctrl Pts',(7.99429954392145,-40.7455748500679,-36.5042723335603));
#4188=CARTESIAN_POINT('Ctrl Pts',(7.35897544645639,-40.8598504907403,-36.5042848079963));
#4189=CARTESIAN_POINT('Ctrl Pts',(6.72344363995928,-40.974163492002,-36.5042972865106));
#4190=CARTESIAN_POINT('Ctrl Pts',(6.08507811182105,-41.0737657531398,-36.5043182869126));
#4191=CARTESIAN_POINT('Ctrl Pts',(5.44503337823742,-41.1585162208874,-36.504348443382));
#4192=CARTESIAN_POINT('Ctrl Pts',(4.80729004129444,-41.2429619529948,-36.5043784914184));
#4193=CARTESIAN_POINT('Ctrl Pts',(4.16788005292699,-41.3126624732543,-36.5044176298497));
#4194=CARTESIAN_POINT('Ctrl Pts',(3.52794730511176,-41.367529719745,-36.5044664818674));
#4195=CARTESIAN_POINT('Ctrl Pts',(2.89469684916042,-41.421824032664,-36.5045148237637));
#4196=CARTESIAN_POINT('Ctrl Pts',(2.26093495979523,-41.4615932745369,-36.504572677493));
#4197=CARTESIAN_POINT('Ctrl Pts',(1.62776464676931,-41.4868024765144,-36.5046406420764));
#4198=CARTESIAN_POINT('Ctrl Pts',(1.08752886309846,-41.5083115597829,-36.5046986310555));
#4199=CARTESIAN_POINT('Ctrl Pts',(0.547723809494542,-41.5192218876609,-36.5047639805802));
#4200=CARTESIAN_POINT('Ctrl Pts',(0.00902765326139182,-41.519540966336,
-36.5048370594613));
#4201=CARTESIAN_POINT('Ctrl Pts',(-0.175732495242218,-41.5196504028387,
-36.5048621238037));
#4202=CARTESIAN_POINT('Ctrl Pts',(-0.360362277780016,-41.51851419634,-36.5048880973447));
#4203=CARTESIAN_POINT('Ctrl Pts',(-0.544845548782662,-41.5161376960148,
-36.504914994873));
#4204=CARTESIAN_POINT('Ctrl Pts',(-1.27107905208447,-41.5067824078774,-36.5050208791955));
#4205=CARTESIAN_POINT('Ctrl Pts',(-1.99773883198394,-41.4782083633055,-36.505096137459));
#4206=CARTESIAN_POINT('Ctrl Pts',(-2.72398051883774,-41.4303449028037,-36.5051473751341));
#4207=CARTESIAN_POINT('Ctrl Pts',(-3.44090627523094,-41.38309541514,-36.5051979555533));
#4208=CARTESIAN_POINT('Ctrl Pts',(-4.15742432422071,-41.3170483304858,-36.5052251261449));
#4209=CARTESIAN_POINT('Ctrl Pts',(-4.87271641874796,-41.232188149233,-36.5052352073956));
#4210=CARTESIAN_POINT('Ctrl Pts',(-5.60195056658868,-41.1456739231776,-36.5052454851441));
#4211=CARTESIAN_POINT('Ctrl Pts',(-6.32991023393314,-41.0396059015601,-36.5052379997976));
#4212=CARTESIAN_POINT('Ctrl Pts',(-7.0557262066333,-40.9140232963423,-36.5052194326448));
#4213=CARTESIAN_POINT('Ctrl Pts',(-7.78154217933346,-40.7884406911245,-36.5052008654921));
#4214=CARTESIAN_POINT('Ctrl Pts',(-8.5052141703397,-40.6433435234106,-36.5051712158107));
#4215=CARTESIAN_POINT('Ctrl Pts',(-9.22587502320665,-40.4788269177928,-36.505137162696));
#4216=CARTESIAN_POINT('Ctrl Pts',(-9.93543785273773,-40.3168438327916,-36.505103633992));
#4217=CARTESIAN_POINT('Ctrl Pts',(-10.6420812052492,-40.1360350161681,-36.505065836174));
#4218=CARTESIAN_POINT('Ctrl Pts',(-11.3429266009431,-39.937245702587,-36.5050301495725));
#4219=CARTESIAN_POINT('Ctrl Pts',(-12.0360986168987,-39.7406328831377,-36.5049948536947));
#4220=CARTESIAN_POINT('Ctrl Pts',(-12.7235978101949,-39.5264315672623,-36.5049616231923));
#4221=CARTESIAN_POINT('Ctrl Pts',(-13.4026582245124,-39.2955061210744,-36.5049366369558));
#4222=CARTESIAN_POINT('Ctrl Pts',(-13.5068383416801,-39.2600779919513,-36.5049328036164));
#4223=CARTESIAN_POINT('Ctrl Pts',(-13.6108198902273,-39.2242563083865,-36.5049291643307));
#4224=CARTESIAN_POINT('Ctrl Pts',(-13.7145929484521,-39.1880442801929,-36.5049257414173));
#4225=CARTESIAN_POINT('Ctrl Pts',(-14.3932674845465,-38.9512180571272,-36.5049033556054));
#4226=CARTESIAN_POINT('Ctrl Pts',(-15.0630235385707,-38.6976921404084,-36.5048902246495));
#4227=CARTESIAN_POINT('Ctrl Pts',(-15.7245813012661,-38.4272044695499,-36.5048925903481));
#4228=CARTESIAN_POINT('Ctrl Pts',(-15.9056058285314,-38.3531899155542,-36.5048932376831));
#4229=CARTESIAN_POINT('Ctrl Pts',(-16.0860165774732,-38.2779056345535,-36.5048950453059));
#4230=CARTESIAN_POINT('Ctrl Pts',(-16.2658284487924,-38.2013469243837,-36.5048981409946));
#4231=CARTESIAN_POINT('Ctrl Pts',(-16.8490132661663,-37.9530436445105,-36.5049081812585));
#4232=CARTESIAN_POINT('Ctrl Pts',(-17.4267744944495,-37.6909673606174,-36.504924170568));
#4233=CARTESIAN_POINT('Ctrl Pts',(-17.9996295380864,-37.4148325887236,-36.504943826848));
#4234=CARTESIAN_POINT('Ctrl Pts',(-18.7131508204706,-37.0708921124354,-36.5049683097853));
#4235=CARTESIAN_POINT('Ctrl Pts',(-19.4190613084622,-36.7051391781674,-36.5049984814457));
#4236=CARTESIAN_POINT('Ctrl Pts',(-20.1152489454709,-36.3187818682389,-36.5050299336659));
#4237=CARTESIAN_POINT('Ctrl Pts',(-20.8157275348039,-35.9300432451285,-36.5050615797418));
#4238=CARTESIAN_POINT('Ctrl Pts',(-21.5063623099449,-35.5204458668248,-36.5050945221517));
#4239=CARTESIAN_POINT('Ctrl Pts',(-22.1850193580565,-35.0912705462018,-36.50512427459));
#4240=CARTESIAN_POINT('Ctrl Pts',(-22.8588181453294,-34.6651675367836,-36.5051538140413));
#4241=CARTESIAN_POINT('Ctrl Pts',(-23.5208094054151,-34.2197663774344,-36.5051802091684));
#4242=CARTESIAN_POINT('Ctrl Pts',(-24.1689323865586,-33.7563631584278,-36.5051990725129));
#4243=CARTESIAN_POINT('Ctrl Pts',(-24.7538259082595,-33.3381685431803,-36.5052160955908));
#4244=CARTESIAN_POINT('Ctrl Pts',(-25.3274250655473,-32.9053137780174,-36.5052269849911));
#4245=CARTESIAN_POINT('Ctrl Pts',(-25.8882416954179,-32.4587766217872,-36.505228516082));
#4246=CARTESIAN_POINT('Ctrl Pts',(-26.5333895513865,-31.9450926944423,-36.5052302774063));
#4247=CARTESIAN_POINT('Ctrl Pts',(-27.1616210066859,-31.4133012809674,-36.5052196549902));
#4248=CARTESIAN_POINT('Ctrl Pts',(-27.7723242136841,-30.8642255883459,-36.5051917332309));
#4249=CARTESIAN_POINT('Ctrl Pts',(-28.3830274206822,-30.3151498957243,-36.5051638114716));
#4250=CARTESIAN_POINT('Ctrl Pts',(-28.9762022011305,-29.7487901753617,-36.5051185911968));
#4251=CARTESIAN_POINT('Ctrl Pts',(-29.5512834328582,-29.1660054190359,-36.5050511394304));
#4252=CARTESIAN_POINT('Ctrl Pts',(-30.0616314018252,-28.6488210625889,-36.5049912802834));
#4253=CARTESIAN_POINT('Ctrl Pts',(-30.5589909038682,-28.1173846971867,-36.5049424833639));
#4254=CARTESIAN_POINT('Ctrl Pts',(-31.0427052003579,-27.5722207089326,-36.5049039175482));
#4255=CARTESIAN_POINT('Ctrl Pts',(-31.5264194968476,-27.0270567206784,-36.5048653517325));
#4256=CARTESIAN_POINT('Ctrl Pts',(-31.9964883830917,-26.4681653160344,-36.5048370169362));
#4257=CARTESIAN_POINT('Ctrl Pts',(-32.4522971012246,-25.8961188703503,-36.5048180764859));
#4258=CARTESIAN_POINT('Ctrl Pts',(-32.8849357522762,-25.353151189492,-36.5048000988331));
#4259=CARTESIAN_POINT('Ctrl Pts',(-33.3047274639478,-24.798332163008,-36.5047905846209));
#4260=CARTESIAN_POINT('Ctrl Pts',(-33.7107955220766,-24.2328672909052,-36.5047888147623));
#4261=CARTESIAN_POINT('Ctrl Pts',(-34.1188518337104,-23.6646337018562,-36.5047870362377));
#4262=CARTESIAN_POINT('Ctrl Pts',(-34.5130493921199,-23.0856502447311,-36.5047930780374));
#4263=CARTESIAN_POINT('Ctrl Pts',(-34.8925380962715,-22.4971745598694,-36.5048062077482));
#4264=CARTESIAN_POINT('Ctrl Pts',(-35.2709068239918,-21.9104356299894,-36.5048192987095));
#4265=CARTESIAN_POINT('Ctrl Pts',(-35.6346530704568,-21.3142609457673,-36.504839435756));
#4266=CARTESIAN_POINT('Ctrl Pts',(-35.9829786191122,-20.7099234454334,-36.5048658910346));
#4267=CARTESIAN_POINT('Ctrl Pts',(-36.3273801991119,-20.1123939481815,-36.5048920482883));
#4268=CARTESIAN_POINT('Ctrl Pts',(-36.6567063305721,-19.5068850386902,-36.5049243821783));
#4269=CARTESIAN_POINT('Ctrl Pts',(-36.9702328916899,-18.8946450752284,-36.5049621880222));
#4270=CARTESIAN_POINT('Ctrl Pts',(-37.1201980826892,-18.6018000839441,-36.5049802712129));
#4271=CARTESIAN_POINT('Ctrl Pts',(-37.2665492528224,-18.3074153284999,-36.5049996063053));
#4272=CARTESIAN_POINT('Ctrl Pts',(-37.4092112928727,-18.0116283664566,-36.5050201161325));
#4273=CARTESIAN_POINT('Ctrl Pts',(-37.7117902679973,-17.3842791725246,-36.5050636164393));
#4274=CARTESIAN_POINT('Ctrl Pts',(-37.9977707969571,-16.7506213297323,-36.5051124012039));
#4275=CARTESIAN_POINT('Ctrl Pts',(-38.2670289069668,-16.1114180457339,-36.5051657340242));
#4276=CARTESIAN_POINT('Ctrl Pts',(-38.3158398013552,-15.9955437866936,-36.5051754021552));
#4277=CARTESIAN_POINT('Ctrl Pts',(-38.3641012952286,-15.8794873254672,-36.505185219745));
#4278=CARTESIAN_POINT('Ctrl Pts',(-38.4118128286007,-15.763253250209,-36.5051951824072));
#4279=CARTESIAN_POINT('Ctrl Pts',(-38.7053567195698,-15.0481263133245,-36.5052564774112));
#4280=CARTESIAN_POINT('Ctrl Pts',(-38.978996505148,-14.3241471222057,-36.5052779786725));
#4281=CARTESIAN_POINT('Ctrl Pts',(-39.2323082739051,-13.5921253019242,-36.5052699124602));
#4282=CARTESIAN_POINT('Ctrl Pts',(-39.4861649762822,-12.8585287293033,-36.5052618288956));
#4283=CARTESIAN_POINT('Ctrl Pts',(-39.7196059790941,-12.1168551180326,-36.5052240475537));
#4284=CARTESIAN_POINT('Ctrl Pts',(-39.9322494677096,-11.3679464436809,-36.5051668235878));
#4285=CARTESIAN_POINT('Ctrl Pts',(-40.1312897556255,-10.6669468544803,-36.5051132603457));
#4286=CARTESIAN_POINT('Ctrl Pts',(-40.3121086636211,-9.95960868454063,-36.5050426609009));
#4287=CARTESIAN_POINT('Ctrl Pts',(-40.4744299877538,-9.24664112804301,-36.5049634348037));
#4288=CARTESIAN_POINT('Ctrl Pts',(-40.6479599974011,-8.48444141325934,-36.5048787379503));
#4289=CARTESIAN_POINT('Ctrl Pts',(-40.8003490437772,-7.71580764104854,-36.5047841808412));
#4290=CARTESIAN_POINT('Ctrl Pts',(-40.9312127027255,-6.94314514655905,-36.5046900581101));
#4291=CARTESIAN_POINT('Ctrl Pts',(-41.062431450438,-6.16838609010219,-36.5045956799839));
#4292=CARTESIAN_POINT('Ctrl Pts',(-41.1720076775247,-5.3895772747413,-36.5045017386353));
#4293=CARTESIAN_POINT('Ctrl Pts',(-41.2596040103868,-4.6091594662843,-36.5044186402225));
#4294=CARTESIAN_POINT('Ctrl Pts',(-41.3459907357301,-3.83951835609871,-36.504336689306));
#4295=CARTESIAN_POINT('Ctrl Pts',(-41.4110004017814,-3.06831322022857,-36.5042652850185));
#4296=CARTESIAN_POINT('Ctrl Pts',(-41.4543592051244,-2.29788780064202,-36.5042144264481));
#4297=CARTESIAN_POINT('Ctrl Pts',(-41.4975537326633,-1.53038133281548,-36.5041637605684));
#4298=CARTESIAN_POINT('Ctrl Pts',(-41.5192610627475,-0.763649482726804,
-36.5041334869704));
#4299=CARTESIAN_POINT('Ctrl Pts',(-41.5192610627475,-1.08292417476753E-14,
-36.5041334869704));
#4300=CARTESIAN_POINT('Origin',(0.,0.,-34.4));
#4301=CARTESIAN_POINT('',(-35.5,-4.3474961369731E-15,-34.9));
#4302=CARTESIAN_POINT('Origin',(0.,0.,-34.9));
#4303=CARTESIAN_POINT('',(-35.,-4.28626379701574E-15,-34.4));
#4304=CARTESIAN_POINT('Origin',(-35.5,-4.3474961369731E-15,-34.4));
#4305=CARTESIAN_POINT('Origin',(0.,0.,-34.4));
#4306=CARTESIAN_POINT('Origin',(0.,0.,-32.95));
#4307=CARTESIAN_POINT('',(-35.,-4.28626379701574E-15,-31.));
#4308=CARTESIAN_POINT('',(-4.28626379701574E-15,-35.,-31.));
#4309=CARTESIAN_POINT('Origin',(0.,0.,-31.));
#4310=CARTESIAN_POINT('',(-35.,-4.28626379701574E-15,-32.95));
#4311=CARTESIAN_POINT('Origin',(0.,0.,-31.));
#4312=CARTESIAN_POINT('Origin',(35.73,0.,-34.9));
#4313=CARTESIAN_POINT('',(-35.73,-4.37566301335349E-15,-34.9));
#4314=CARTESIAN_POINT('Origin',(0.,0.,-34.9));
#4315=CARTESIAN_POINT('Ctrl Pts',(-36.8666300528486,-32.4883005599213,-30.6399680847836));
#4316=CARTESIAN_POINT('Ctrl Pts',(-37.4886752162787,-32.6624959261244,-30.8852251757782));
#4317=CARTESIAN_POINT('Ctrl Pts',(-38.2268033691,-32.8638498714868,-30.9990326816663));
#4318=CARTESIAN_POINT('Ctrl Pts',(-38.9489115281138,-33.0540136125178,-30.9999995656629));
#4319=CARTESIAN_POINT('Ctrl Pts',(-38.9510358116382,-33.0545733182269,-31.));
#4320=CARTESIAN_POINT('Ctrl Pts',(-38.9531585845687,-33.0551324333113,-31.));
#4321=CARTESIAN_POINT('Ctrl Pts',(-37.0010948532239,-32.9080412902073,-30.4501492013358));
#4322=CARTESIAN_POINT('Ctrl Pts',(-37.5037950122615,-32.983726121946,-30.7925603542765));
#4323=CARTESIAN_POINT('Ctrl Pts',(-38.2373758837133,-33.0234203043682,-31.0009366814592));
#4324=CARTESIAN_POINT('Ctrl Pts',(-38.9489742663052,-33.0549448183938,-30.9999940783161));
#4325=CARTESIAN_POINT('Ctrl Pts',(-38.9510670777747,-33.0550389820796,-31.));
#4326=CARTESIAN_POINT('Ctrl Pts',(-38.9531585845687,-33.0551324333113,-31.));
#4327=CARTESIAN_POINT('Ctrl Pts',(-37.0265855089498,-33.4411080517279,-30.4501492013358));
#4328=CARTESIAN_POINT('Ctrl Pts',(-37.5224618355655,-33.3082086595091,-30.7925603542765));
#4329=CARTESIAN_POINT('Ctrl Pts',(-38.2480391904476,-33.1824111702647,-31.0009366814592));
#4330=CARTESIAN_POINT('Ctrl Pts',(-38.9490368304408,-33.0558772185362,-30.9999940783161));
#4331=CARTESIAN_POINT('Ctrl Pts',(-38.9510983439112,-33.0555046459323,-31.));
#4332=CARTESIAN_POINT('Ctrl Pts',(-38.9531585845687,-33.0551324333113,-31.));
#4333=CARTESIAN_POINT('Ctrl Pts',(-36.9327857322816,-33.8717641385281,-30.6399680847836));
#4334=CARTESIAN_POINT('Ctrl Pts',(-37.5431331834005,-33.6305446006253,-30.8852251757781));
#4335=CARTESIAN_POINT('Ctrl Pts',(-38.2589507967702,-33.3418471311547,-30.9990326816663));
#4336=CARTESIAN_POINT('Ctrl Pts',(-38.9490988951811,-33.0568087011808,-30.9999995656629));
#4337=CARTESIAN_POINT('Ctrl Pts',(-38.9511296100477,-33.055970309785,-31.));
#4338=CARTESIAN_POINT('Ctrl Pts',(-38.9531585845687,-33.0551324333113,-31.));
#4339=CARTESIAN_POINT('',(-36.8666300528486,-32.4883005599213,-30.6399680847836));
#4340=CARTESIAN_POINT('',(-38.9531585845687,-33.0551324333113,-31.));
#4341=CARTESIAN_POINT('Ctrl Pts',(-36.8666300528486,-32.4883005599213,-30.6399680847836));
#4342=CARTESIAN_POINT('Ctrl Pts',(-37.4886752162787,-32.6624959261244,-30.8852251757782));
#4343=CARTESIAN_POINT('Ctrl Pts',(-38.2268033691,-32.8638498714868,-30.9990326816663));
#4344=CARTESIAN_POINT('Ctrl Pts',(-38.9489115281138,-33.0540136125178,-30.9999995656629));
#4345=CARTESIAN_POINT('Ctrl Pts',(-38.9510358116382,-33.0545733182269,-31.));
#4346=CARTESIAN_POINT('Ctrl Pts',(-38.9531585845687,-33.0551324333113,-31.));
#4347=CARTESIAN_POINT('',(-36.9327857322816,-33.8717641385281,-30.6399680847836));
#4348=CARTESIAN_POINT('Ctrl Pts',(-38.9531585845687,-33.0551324333113,-31.));
#4349=CARTESIAN_POINT('Ctrl Pts',(-38.9511296100477,-33.055970309785,-31.));
#4350=CARTESIAN_POINT('Ctrl Pts',(-38.9490988951811,-33.0568087011808,-30.9999995656629));
#4351=CARTESIAN_POINT('Ctrl Pts',(-38.2589507967702,-33.3418471311547,-30.9990326816663));
#4352=CARTESIAN_POINT('Ctrl Pts',(-37.5431331834005,-33.6305446006253,-30.8852251757781));
#4353=CARTESIAN_POINT('Ctrl Pts',(-36.9327857322816,-33.8717641385281,-30.6399680847836));
#4354=CARTESIAN_POINT('Origin',(-36.2142799520205,-33.2128087459512,-31.7799361695672));
#4355=CARTESIAN_POINT('Ctrl Pts',(-36.9327857322816,-33.8717641385281,-30.6399680847836));
#4356=CARTESIAN_POINT('Ctrl Pts',(-36.3174034098523,-33.9072516525897,-30.272614759225));
#4357=CARTESIAN_POINT('Ctrl Pts',(-35.3187404184095,-33.6693778211234,-29.5130836954072));
#4358=CARTESIAN_POINT('Ctrl Pts',(-34.5190147743973,-33.1414839246451,-28.7071462723342));
#4359=CARTESIAN_POINT('Ctrl Pts',(-34.2170409569234,-32.8699553016511,-28.3600319152096));
#4360=CARTESIAN_POINT('Ctrl Pts',(-36.9863856046634,-33.6256749460709,-30.5315001513849));
#4361=CARTESIAN_POINT('Ctrl Pts',(-36.4218764197272,-33.629129992263,-30.1755935419655));
#4362=CARTESIAN_POINT('Ctrl Pts',(-35.5058676603413,-33.352199768843,-29.4440007622711));
#4363=CARTESIAN_POINT('Ctrl Pts',(-34.7904074025297,-32.8086360516398,-28.6788738061254));
#4364=CARTESIAN_POINT('Ctrl Pts',(-34.5258969989554,-32.5362005128727,-28.352779433893));
#4365=CARTESIAN_POINT('Ctrl Pts',(-37.0153459402333,-33.1363213736393,-30.4446152752966));
#4366=CARTESIAN_POINT('Ctrl Pts',(-36.5230589479614,-33.0682674030626,-30.1358801078159));
#4367=CARTESIAN_POINT('Ctrl Pts',(-35.7208131874573,-32.689995030338,-29.5072818600812));
#4368=CARTESIAN_POINT('Ctrl Pts',(-35.1041803531988,-32.0777858108954,-28.8874632246914));
#4369=CARTESIAN_POINT('Ctrl Pts',(-34.8788194992307,-31.7842971665703,-28.6345489916948));
#4370=CARTESIAN_POINT('Ctrl Pts',(-36.9242578244381,-32.6681894443296,-30.5586171347345));
#4371=CARTESIAN_POINT('Ctrl Pts',(-36.4566563747756,-32.5495226064049,-30.3353574688231));
#4372=CARTESIAN_POINT('Ctrl Pts',(-35.6486015467806,-32.1236311607501,-29.880881406161));
#4373=CARTESIAN_POINT('Ctrl Pts',(-34.9545673334347,-31.5139749296177,-29.4279815251127));
#4374=CARTESIAN_POINT('Ctrl Pts',(-34.6823633980899,-31.2281402694468,-29.2407180361609));
#4375=CARTESIAN_POINT('Ctrl Pts',(-36.8666300528486,-32.4883005599213,-30.6399680847836));
#4376=CARTESIAN_POINT('Ctrl Pts',(-36.4007712299562,-32.3578430738358,-30.4562914220045));
#4377=CARTESIAN_POINT('Ctrl Pts',(-35.5701174742617,-31.9337700654589,-30.0765258900953));
#4378=CARTESIAN_POINT('Ctrl Pts',(-34.8194455964145,-31.3515696352207,-29.673557178559));
#4379=CARTESIAN_POINT('Ctrl Pts',(-34.5176622735,-31.0798427107663,-29.4999999999966));
#4380=CARTESIAN_POINT('',(-34.2170409569234,-32.8699553016511,-28.3600319152096));
#4381=CARTESIAN_POINT('',(-34.5176622734999,-31.0798427107663,-29.4999999999983));
#4382=CARTESIAN_POINT('Origin',(-33.5139663639616,-32.1945599489824,-29.4999999999932));
#4383=CARTESIAN_POINT('Ctrl Pts',(-34.5176622735,-31.0798427107663,-29.4999999999966));
#4384=CARTESIAN_POINT('Ctrl Pts',(-34.8194455964145,-31.3515696352207,-29.673557178559));
#4385=CARTESIAN_POINT('Ctrl Pts',(-35.5701174742617,-31.9337700654589,-30.0765258900953));
#4386=CARTESIAN_POINT('Ctrl Pts',(-36.4007712299562,-32.3578430738358,-30.4562914220045));
#4387=CARTESIAN_POINT('Ctrl Pts',(-36.8666300528486,-32.4883005599213,-30.6399680847836));
#4388=CARTESIAN_POINT('Ctrl Pts',(-36.9327857322816,-33.8717641385281,-30.6399680847836));
#4389=CARTESIAN_POINT('Ctrl Pts',(-36.3174034098523,-33.9072516525897,-30.272614759225));
#4390=CARTESIAN_POINT('Ctrl Pts',(-35.3187404184095,-33.6693778211234,-29.5130836954072));
#4391=CARTESIAN_POINT('Ctrl Pts',(-34.5190147743973,-33.1414839246451,-28.7071462723342));
#4392=CARTESIAN_POINT('Ctrl Pts',(-34.2170409569234,-32.8699553016511,-28.3600319152096));
#4393=CARTESIAN_POINT('Ctrl Pts',(-27.8385234623797,-25.065919112807,-21.8185440677252));
#4394=CARTESIAN_POINT('Ctrl Pts',(-30.0650486447067,-27.0706913917052,-24.3788001587809));
#4395=CARTESIAN_POINT('Ctrl Pts',(-32.2914001043014,-29.0753072499527,-26.9393298006316));
#4396=CARTESIAN_POINT('Ctrl Pts',(-34.5176622734999,-31.0798427107663,-29.4999999999932));
#4397=CARTESIAN_POINT('Ctrl Pts',(-28.0587829133423,-25.2642416132485,-21.4717019418601));
#4398=CARTESIAN_POINT('Ctrl Pts',(-30.2850137446516,-27.268783819404,-24.0324387892688));
#4399=CARTESIAN_POINT('Ctrl Pts',(-32.5111951478083,-29.2731890379583,-26.59331014737));
#4400=CARTESIAN_POINT('Ctrl Pts',(-34.7372637729525,-31.2775727890072,-29.1542907148793));
#4401=CARTESIAN_POINT('Ctrl Pts',(-28.179001212307,-25.8970975976116,-20.8716052525582));
#4402=CARTESIAN_POINT('Ctrl Pts',(-30.4055387746515,-27.9004230359497,-23.4331046626604));
#4403=CARTESIAN_POINT('Ctrl Pts',(-32.6318761014273,-29.903929377008,-25.9945952640564));
#4404=CARTESIAN_POINT('Ctrl Pts',(-34.8581385067909,-31.9075197912206,-28.5560684401371));
#4405=CARTESIAN_POINT('Ctrl Pts',(-27.7658312543735,-26.611122232838,-20.6718113799767));
#4406=CARTESIAN_POINT('Ctrl Pts',(-29.9939017893234,-28.6136580591074,-23.2326217182795));
#4407=CARTESIAN_POINT('Ctrl Pts',(-32.2214269272992,-30.6165670102822,-25.7935639590276));
#4408=CARTESIAN_POINT('Ctrl Pts',(-34.4486829884469,-32.6196392100673,-28.3545925542218));
#4409=CARTESIAN_POINT('Ctrl Pts',(-27.532654952262,-26.861451807878,-20.6785759829416));
#4410=CARTESIAN_POINT('Ctrl Pts',(-29.7613570099296,-28.863992816551,-23.2388320739973));
#4411=CARTESIAN_POINT('Ctrl Pts',(-31.989373505195,-30.8668827150471,-25.799361715848));
#4412=CARTESIAN_POINT('Ctrl Pts',(-34.2170409569234,-32.8699553016511,-28.3600319152096));
#4413=CARTESIAN_POINT('',(-27.532654952262,-26.861451807878,-20.6785759829416));
#4414=CARTESIAN_POINT('Ctrl Pts',(-34.2170409569234,-32.8699553016511,-28.3600319152096));
#4415=CARTESIAN_POINT('Ctrl Pts',(-31.989373505195,-30.8668827150471,-25.799361715848));
#4416=CARTESIAN_POINT('Ctrl Pts',(-29.7613570099296,-28.863992816551,-23.2388320739973));
#4417=CARTESIAN_POINT('Ctrl Pts',(-27.532654952262,-26.861451807878,-20.6785759829416));
#4418=CARTESIAN_POINT('',(-27.8385234623582,-25.0659191127876,-21.81854406773));
#4419=CARTESIAN_POINT('Origin',(-26.8348275528414,-26.180636351023,-21.8185440677252));
#4420=CARTESIAN_POINT('Ctrl Pts',(-27.8385234623797,-25.065919112807,-21.8185440677252));
#4421=CARTESIAN_POINT('Ctrl Pts',(-30.0650486447067,-27.0706913917052,-24.3788001587809));
#4422=CARTESIAN_POINT('Ctrl Pts',(-32.2914001043014,-29.0753072499527,-26.9393298006316));
#4423=CARTESIAN_POINT('Ctrl Pts',(-34.5176622734999,-31.0798427107663,-29.4999999999932));
#4424=CARTESIAN_POINT('Ctrl Pts',(-27.5326549522201,-26.8614518078403,-20.6785759828934));
#4425=CARTESIAN_POINT('Ctrl Pts',(-27.0488118746492,-26.426707468076,-20.1227537355004));
#4426=CARTESIAN_POINT('Ctrl Pts',(-26.409732395511,-25.5208012978992,-19.1889080057393));
#4427=CARTESIAN_POINT('Ctrl Pts',(-26.1680538620356,-24.0925538313231,-18.1987250642342));
#4428=CARTESIAN_POINT('Ctrl Pts',(-26.3955163285718,-23.0307629308352,-17.7383625682851));
#4429=CARTESIAN_POINT('Ctrl Pts',(-26.6904363550719,-22.5167195227041,-17.6451574374784));
#4430=CARTESIAN_POINT('Ctrl Pts',(-26.8777235110311,-22.2908940178588,-17.6451574374784));
#4431=CARTESIAN_POINT('Ctrl Pts',(-27.8435566883686,-26.5276790411192,-20.6695565122728));
#4432=CARTESIAN_POINT('Ctrl Pts',(-27.3616350249631,-26.1496976484674,-20.1508426377778));
#4433=CARTESIAN_POINT('Ctrl Pts',(-26.7041873791611,-25.3362289662114,-19.2618767015337));
#4434=CARTESIAN_POINT('Ctrl Pts',(-26.402237360193,-24.0270568660725,-18.3101369595753));
#4435=CARTESIAN_POINT('Ctrl Pts',(-26.5693666537774,-23.055477820023,-17.8654991346772));
#4436=CARTESIAN_POINT('Ctrl Pts',(-26.8268886700738,-22.589870423964,-17.7749176941191));
#4437=CARTESIAN_POINT('Ctrl Pts',(-26.994406799383,-22.387664669333,-17.7748000858084));
#4438=CARTESIAN_POINT('Ctrl Pts',(-28.2001561892715,-25.7732360479088,-20.9501958719583));
#4439=CARTESIAN_POINT('Ctrl Pts',(-27.7615933291155,-25.5237657204038,-20.4359200948595));
#4440=CARTESIAN_POINT('Ctrl Pts',(-27.1195002705048,-24.9177096277867,-19.5492819439829));
#4441=CARTESIAN_POINT('Ctrl Pts',(-26.7562109114217,-23.8601423992491,-18.5937367019344));
#4442=CARTESIAN_POINT('Ctrl Pts',(-26.8358074032604,-23.0652178993768,-18.1467635064246));
#4443=CARTESIAN_POINT('Ctrl Pts',(-27.0304288989348,-22.6881949792742,-18.0556633645234));
#4444=CARTESIAN_POINT('Ctrl Pts',(-27.1631951487725,-22.5276483701902,-18.0552399296708));
#4445=CARTESIAN_POINT('Ctrl Pts',(-28.0037180505567,-25.2146609880964,-21.5584124732786));
#4446=CARTESIAN_POINT('Ctrl Pts',(-27.6759584717288,-24.9848079676363,-20.9805240000267));
#4447=CARTESIAN_POINT('Ctrl Pts',(-27.2006132079479,-24.4737637116366,-20.0063137495592));
#4448=CARTESIAN_POINT('Ctrl Pts',(-26.9311318658368,-23.6332627177518,-18.972111921598));
#4449=CARTESIAN_POINT('Ctrl Pts',(-26.9946454178977,-23.0129732093286,-18.4902633736395));
#4450=CARTESIAN_POINT('Ctrl Pts',(-27.144766218435,-22.721290786488,-18.391753580099));
#4451=CARTESIAN_POINT('Ctrl Pts',(-27.2472511574494,-22.5973597644686,-18.3909628553679));
#4452=CARTESIAN_POINT('Ctrl Pts',(-27.8385234623338,-25.0659191127656,-21.8185440676779));
#4453=CARTESIAN_POINT('Ctrl Pts',(-27.5567795479985,-24.8122357528432,-21.2174663639882));
#4454=CARTESIAN_POINT('Ctrl Pts',(-27.168279233435,-24.3005657200549,-20.2085154135666));
#4455=CARTESIAN_POINT('Ctrl Pts',(-26.9681598574199,-23.5309814863605,-19.1395620996483));
#4456=CARTESIAN_POINT('Ctrl Pts',(-27.0399654793834,-22.9799335250776,-18.641501879692));
#4457=CARTESIAN_POINT('Ctrl Pts',(-27.1752694526269,-22.7229250921093,-18.5394676980863));
#4458=CARTESIAN_POINT('Ctrl Pts',(-27.2661818990497,-22.6130598721997,-18.5385270413039));
#4459=CARTESIAN_POINT('',(-26.2831919531856,-23.6143656540193,-18.0000000010959));
#4460=CARTESIAN_POINT('',(-27.2661818990497,-22.6130598721997,-18.5385270413039));
#4461=CARTESIAN_POINT('Ctrl Pts',(-27.2661818990497,-22.6130598721997,-18.5385270413039));
#4462=CARTESIAN_POINT('Ctrl Pts',(-27.2649784378996,-22.6140988418135,-18.5369484931117));
#4463=CARTESIAN_POINT('Ctrl Pts',(-27.2637732787091,-22.6151405032092,-18.5353730375032));
#4464=CARTESIAN_POINT('Ctrl Pts',(-27.1974710508192,-22.672515116485,-18.4489911771597));
#4465=CARTESIAN_POINT('Ctrl Pts',(-27.1282643832551,-22.735979550581,-18.3743472301956));
#4466=CARTESIAN_POINT('Ctrl Pts',(-26.9795878718241,-22.8783066366522,-18.2426799668002));
#4467=CARTESIAN_POINT('Ctrl Pts',(-26.9008513380321,-22.9566186895586,-18.1870852365392));
#4468=CARTESIAN_POINT('Ctrl Pts',(-26.6454820715882,-23.2176919651124,-18.0455375012999));
#4469=CARTESIAN_POINT('Ctrl Pts',(-26.4628374716544,-23.4144171253228,-18.));
#4470=CARTESIAN_POINT('Ctrl Pts',(-26.2831919540457,-23.6143656521032,-18.));
#4471=CARTESIAN_POINT('Ctrl Pts',(-27.2661818990497,-22.6130598721997,-18.5385270413039));
#4472=CARTESIAN_POINT('Ctrl Pts',(-27.1752694526269,-22.7229250921093,-18.5394676980863));
#4473=CARTESIAN_POINT('Ctrl Pts',(-27.0399654793834,-22.9799335250776,-18.641501879692));
#4474=CARTESIAN_POINT('Ctrl Pts',(-26.9681598574199,-23.5309814863605,-19.1395620996483));
#4475=CARTESIAN_POINT('Ctrl Pts',(-27.168279233435,-24.3005657200549,-20.2085154135666));
#4476=CARTESIAN_POINT('Ctrl Pts',(-27.5567795479985,-24.8122357528432,-21.2174663639882));
#4477=CARTESIAN_POINT('Ctrl Pts',(-27.8385234623338,-25.0659191127656,-21.8185440676779));
#4478=CARTESIAN_POINT('Ctrl Pts',(-27.5326549522201,-26.8614518078403,-20.6785759828934));
#4479=CARTESIAN_POINT('Ctrl Pts',(-27.0488118746492,-26.426707468076,-20.1227537355004));
#4480=CARTESIAN_POINT('Ctrl Pts',(-26.409732395511,-25.5208012978992,-19.1889080057393));
#4481=CARTESIAN_POINT('Ctrl Pts',(-26.1977519177536,-24.2680604112062,-18.3204011922086));
#4482=CARTESIAN_POINT('Ctrl Pts',(-26.2724001215196,-23.6826710411548,-18.0322138022776));
#4483=CARTESIAN_POINT('Ctrl Pts',(-26.2835359038022,-23.6143175527848,-18.0002224942095));
#4484=CARTESIAN_POINT('Origin',(6.05482187599148E-31,8.88178419700125E-15,
-24.5));
#4485=CARTESIAN_POINT('',(-33.8717641385272,-36.9327857322839,-30.6399680847855));
#4486=CARTESIAN_POINT('Origin',(-4.44089209850063E-15,8.88178419700125E-15,
-30.6399680847836));
#4487=CARTESIAN_POINT('',(-32.8699553016489,-34.217040956921,-28.3600319152068));
#4488=CARTESIAN_POINT('Ctrl Pts',(-32.8699553016489,-34.217040956921,-28.3600319152068));
#4489=CARTESIAN_POINT('Ctrl Pts',(-33.1414866625752,-34.5190178193178,-28.7071497724248));
#4490=CARTESIAN_POINT('Ctrl Pts',(-33.669426059692,-35.3188660797888,-29.5131900744533));
#4491=CARTESIAN_POINT('Ctrl Pts',(-33.907252010425,-36.3173972047085,-30.2726110550562));
#4492=CARTESIAN_POINT('Ctrl Pts',(-33.8717641385279,-36.9327857322848,-30.6399680847855));
#4493=CARTESIAN_POINT('',(-26.861451807844,-27.5326549522242,-20.6785759828982));
#4494=CARTESIAN_POINT('Ctrl Pts',(-26.8614518078421,-27.5326549522221,-20.6785759828958));
#4495=CARTESIAN_POINT('Ctrl Pts',(-28.8639928165263,-29.7613570099021,-23.2388320739657));
#4496=CARTESIAN_POINT('Ctrl Pts',(-30.8668827150336,-31.98937350518,-25.7993617158308));
#4497=CARTESIAN_POINT('Ctrl Pts',(-32.8699553016489,-34.217040956921,-28.3600319152068));
#4498=CARTESIAN_POINT('',(-23.6143656578579,-26.2831919514623,-18.0000000032915));
#4499=CARTESIAN_POINT('Ctrl Pts',(-23.6140628195643,-26.2857701279377,-18.0015771194598));
#4500=CARTESIAN_POINT('Ctrl Pts',(-23.6811304359413,-26.2745688501329,-18.0327666501529));
#4501=CARTESIAN_POINT('Ctrl Pts',(-24.0079110800767,-26.2316676974622,-18.1927682615065));
#4502=CARTESIAN_POINT('Ctrl Pts',(-25.3063603215142,-26.2900849525232,-18.984834063379));
#4503=CARTESIAN_POINT('Ctrl Pts',(-26.2817926881585,-26.8875308487948,-19.93747965304));
#4504=CARTESIAN_POINT('Ctrl Pts',(-26.861451807844,-27.5326549522242,-20.6785759828982));
#4505=CARTESIAN_POINT('Origin',(0.,0.,-18.));
#4506=CARTESIAN_POINT('Origin',(6.05482187599148E-31,8.88178419700125E-15,
-29.5));
#4507=CARTESIAN_POINT('',(-33.0551324333113,-38.9531585845687,-31.));
#4508=CARTESIAN_POINT('Origin',(6.05482187599148E-31,8.88178419700125E-15,
-31.));
#4509=CARTESIAN_POINT('Ctrl Pts',(-33.8717641385269,-36.9327857322847,-30.6399680847848));
#4510=CARTESIAN_POINT('Ctrl Pts',(-33.6305445559732,-37.543133296382,-30.8852252211771));
#4511=CARTESIAN_POINT('Ctrl Pts',(-33.341876075237,-38.2589198273709,-30.9989021176641));
#4512=CARTESIAN_POINT('Ctrl Pts',(-33.0568085372815,-38.9490992118332,-30.9999998313778));
#4513=CARTESIAN_POINT('Ctrl Pts',(-33.0559702558671,-38.9511297406052,-31.));
#4514=CARTESIAN_POINT('Ctrl Pts',(-33.0551324333113,-38.9531585845688,-31.));
#4515=CARTESIAN_POINT('Ctrl Pts',(-22.2908940178588,-26.8777235110311,-17.6451574374784));
#4516=CARTESIAN_POINT('Ctrl Pts',(-22.7425450275497,-26.5031491991126,-17.6451574374784));
#4517=CARTESIAN_POINT('Ctrl Pts',(-23.5772097669518,-26.212290437527,-17.9300365581324));
#4518=CARTESIAN_POINT('Ctrl Pts',(-25.3063603215142,-26.2900849525232,-18.984834063379));
#4519=CARTESIAN_POINT('Ctrl Pts',(-26.2817926881585,-26.8875308487948,-19.93747965304));
#4520=CARTESIAN_POINT('Ctrl Pts',(-26.861451807844,-27.5326549522242,-20.6785759828982));
#4521=CARTESIAN_POINT('Ctrl Pts',(-22.387664669333,-26.994406799383,-17.7748000858084));
#4522=CARTESIAN_POINT('Ctrl Pts',(-22.7920761785951,-26.6593705407644,-17.7750353024299));
#4523=CARTESIAN_POINT('Ctrl Pts',(-23.5549050777157,-26.4196064771728,-18.0515691557412));
#4524=CARTESIAN_POINT('Ctrl Pts',(-25.1398592287898,-26.5789426092072,-19.0657078008982));
#4525=CARTESIAN_POINT('Ctrl Pts',(-26.0237038509203,-27.2009944704972,-19.9779380129498));
#4526=CARTESIAN_POINT('Ctrl Pts',(-26.5276790411224,-27.8435566883727,-20.6695565122773));
#4527=CARTESIAN_POINT('Ctrl Pts',(-22.5276483701902,-27.1631951487725,-18.0552399296708));
#4528=CARTESIAN_POINT('Ctrl Pts',(-22.8487415883584,-26.897662649097,-18.0560867993761));
#4529=CARTESIAN_POINT('Ctrl Pts',(-23.4749529449333,-26.7387632621483,-18.333580679208));
#4530=CARTESIAN_POINT('Ctrl Pts',(-24.7620879555374,-26.9927091192244,-19.3530043383263));
#4531=CARTESIAN_POINT('Ctrl Pts',(-25.4406089445714,-27.6154057090662,-20.2644948358303));
#4532=CARTESIAN_POINT('Ctrl Pts',(-25.7732360479109,-28.2001561892752,-20.9501958719627));
#4533=CARTESIAN_POINT('Ctrl Pts',(-22.5973597644686,-27.2472511574494,-18.3909628553679));
#4534=CARTESIAN_POINT('Ctrl Pts',(-22.8452218085076,-27.0422812794206,-18.3925443048301));
#4535=CARTESIAN_POINT('Ctrl Pts',(-23.3310739073538,-26.919265425803,-18.6911714227374));
#4536=CARTESIAN_POINT('Ctrl Pts',(-24.3473583399574,-27.1061835654643,-19.7933228282283));
#4537=CARTESIAN_POINT('Ctrl Pts',(-24.9081902941519,-27.5667052787882,-20.7878945089468));
#4538=CARTESIAN_POINT('Ctrl Pts',(-25.2146609880983,-28.0037180505595,-21.5584124732835));
#4539=CARTESIAN_POINT('Ctrl Pts',(-22.6130598721997,-27.2661818990497,-18.5385270413039));
#4540=CARTESIAN_POINT('Ctrl Pts',(-22.832790312019,-27.0843570062041,-18.5404083548688));
#4541=CARTESIAN_POINT('Ctrl Pts',(-23.2600823727046,-26.967124702257,-18.8491911908005));
#4542=CARTESIAN_POINT('Ctrl Pts',(-24.1807684016896,-27.0931520669643,-19.988332069271));
#4543=CARTESIAN_POINT('Ctrl Pts',(-24.7276746328712,-27.4628649098883,-21.0171071294292));
#4544=CARTESIAN_POINT('Ctrl Pts',(-25.0659191127678,-27.8385234623362,-21.818544067683));
#4545=CARTESIAN_POINT('',(-22.6130598721997,-27.2661818990497,-18.5385270413039));
#4546=CARTESIAN_POINT('Ctrl Pts',(-23.6143656521032,-26.2831919540457,-18.));
#4547=CARTESIAN_POINT('Ctrl Pts',(-23.5542965942052,-26.3371615289764,-18.));
#4548=CARTESIAN_POINT('Ctrl Pts',(-23.4945036666337,-26.3914300953255,-18.0041088203006));
#4549=CARTESIAN_POINT('Ctrl Pts',(-23.2658422906145,-26.6012908979339,-18.0365690466729));
#4550=CARTESIAN_POINT('Ctrl Pts',(-23.1016861581124,-26.7568446765812,-18.0958162209277));
#4551=CARTESIAN_POINT('Ctrl Pts',(-22.8141668100023,-27.0437665186566,-18.2858073108163));
#4552=CARTESIAN_POINT('Ctrl Pts',(-22.7040577079236,-27.1610203635478,-18.4015013977419));
#4553=CARTESIAN_POINT('Ctrl Pts',(-22.6151405032314,-27.2637732786835,-18.5353730374701));
#4554=CARTESIAN_POINT('Ctrl Pts',(-22.614098841801,-27.2649784379141,-18.5369484931308));
#4555=CARTESIAN_POINT('Ctrl Pts',(-22.6130598721997,-27.2661818990497,-18.5385270413039));
#4556=CARTESIAN_POINT('',(-25.0659191127652,-27.8385234623333,-21.8185440676837));
#4557=CARTESIAN_POINT('Origin',(-26.180636350989,-26.8348275528036,-21.8185440676817));
#4558=CARTESIAN_POINT('Ctrl Pts',(-25.0659191127678,-27.8385234623362,-21.818544067683));
#4559=CARTESIAN_POINT('Ctrl Pts',(-24.7276746328712,-27.4628649098883,-21.0171071294292));
#4560=CARTESIAN_POINT('Ctrl Pts',(-24.1807684016896,-27.0931520669643,-19.988332069271));
#4561=CARTESIAN_POINT('Ctrl Pts',(-23.2600823727046,-26.967124702257,-18.8491911908005));
#4562=CARTESIAN_POINT('Ctrl Pts',(-22.832790312019,-27.0843570062041,-18.5404083548688));
#4563=CARTESIAN_POINT('Ctrl Pts',(-22.6130598721997,-27.2661818990497,-18.5385270413039));
#4564=CARTESIAN_POINT('Ctrl Pts',(-26.8614518078421,-27.5326549522221,-20.6785759828958));
#4565=CARTESIAN_POINT('Ctrl Pts',(-28.8639928165263,-29.7613570099021,-23.2388320739657));
#4566=CARTESIAN_POINT('Ctrl Pts',(-30.8668827150336,-31.98937350518,-25.7993617158308));
#4567=CARTESIAN_POINT('Ctrl Pts',(-32.8699553016489,-34.217040956921,-28.3600319152068));
#4568=CARTESIAN_POINT('Ctrl Pts',(-26.5276790411221,-27.8435566883707,-20.6695565122759));
#4569=CARTESIAN_POINT('Ctrl Pts',(-28.5302132474143,-30.0713975826139,-23.2305685060082));
#4570=CARTESIAN_POINT('Ctrl Pts',(-30.533128342009,-32.2987904408307,-25.7916205129932));
#4571=CARTESIAN_POINT('Ctrl Pts',(-32.5362005128705,-34.5258969989522,-28.3527794338897));
#4572=CARTESIAN_POINT('Ctrl Pts',(-25.7732452554553,-28.2000994253283,-20.9502380268586));
#4573=CARTESIAN_POINT('Ctrl Pts',(-27.7768348640666,-30.4264673127915,-23.51166801253));
#4574=CARTESIAN_POINT('Ctrl Pts',(-29.780532709405,-32.6526789271932,-26.0731114403825));
#4575=CARTESIAN_POINT('Ctrl Pts',(-31.7842950764187,-34.8788321638168,-28.6345396172231));
#4576=CARTESIAN_POINT('Ctrl Pts',(-25.2146609881022,-28.0037180505617,-21.5584124732804));
#4577=CARTESIAN_POINT('Ctrl Pts',(-27.2192592119025,-30.2300372747686,-24.1190171851389));
#4578=CARTESIAN_POINT('Ctrl Pts',(-29.2237195791983,-32.4562368179978,-26.6798227335956));
#4579=CARTESIAN_POINT('Ctrl Pts',(-31.2281402694448,-34.6823633980869,-29.2407180361549));
#4580=CARTESIAN_POINT('Ctrl Pts',(-25.065919112771,-27.8385234623397,-21.8185440676793));
#4581=CARTESIAN_POINT('Ctrl Pts',(-27.0706913916805,-30.0650486446792,-24.3788001587493));
#4582=CARTESIAN_POINT('Ctrl Pts',(-29.0753072499392,-32.2914001042864,-26.9393298006144));
#4583=CARTESIAN_POINT('Ctrl Pts',(-31.0798427107641,-34.5176622734975,-29.4999999999904));
#4584=CARTESIAN_POINT('',(-31.0798427107641,-34.5176622734975,-29.4999999999952));
#4585=CARTESIAN_POINT('Origin',(-32.1945599489802,-33.5139663639592,-29.4999999999904));
#4586=CARTESIAN_POINT('Ctrl Pts',(-31.0798427107641,-34.5176622734975,-29.4999999999904));
#4587=CARTESIAN_POINT('Ctrl Pts',(-29.0753072499392,-32.2914001042864,-26.9393298006144));
#4588=CARTESIAN_POINT('Ctrl Pts',(-27.0706913916805,-30.0650486446792,-24.3788001587493));
#4589=CARTESIAN_POINT('Ctrl Pts',(-25.065919112771,-27.8385234623397,-21.8185440676793));
#4590=CARTESIAN_POINT('Ctrl Pts',(-32.8699553016489,-34.217040956921,-28.3600319152068));
#4591=CARTESIAN_POINT('Ctrl Pts',(-33.1414866625752,-34.5190178193178,-28.7071497724248));
#4592=CARTESIAN_POINT('Ctrl Pts',(-33.669426059692,-35.3188660797888,-29.5131900744533));
#4593=CARTESIAN_POINT('Ctrl Pts',(-33.907252010425,-36.3173972047085,-30.2726110550562));
#4594=CARTESIAN_POINT('Ctrl Pts',(-33.8717641385279,-36.9327857322848,-30.6399680847855));
#4595=CARTESIAN_POINT('Ctrl Pts',(-32.5362005128705,-34.5258969989532,-28.3527794338903));
#4596=CARTESIAN_POINT('Ctrl Pts',(-32.8086387987146,-34.7904100696918,-28.6788770942631));
#4597=CARTESIAN_POINT('Ctrl Pts',(-33.352252064058,-35.5059816012408,-29.4441028166289));
#4598=CARTESIAN_POINT('Ctrl Pts',(-33.6291300271022,-36.4218707275573,-30.1755899532184));
#4599=CARTESIAN_POINT('Ctrl Pts',(-33.6256749460709,-36.9863856046663,-30.5315001513867));
#4600=CARTESIAN_POINT('Ctrl Pts',(-31.7842971665679,-34.8788194992288,-28.6345489916927));
#4601=CARTESIAN_POINT('Ctrl Pts',(-32.0777887702569,-35.1041826256007,-28.887465774925));
#4602=CARTESIAN_POINT('Ctrl Pts',(-32.6900595189274,-35.7209126034625,-29.5073671049875));
#4603=CARTESIAN_POINT('Ctrl Pts',(-33.068266716848,-36.5230539840365,-30.135876994717));
#4604=CARTESIAN_POINT('Ctrl Pts',(-33.1363213736397,-37.0153459402358,-30.4446152752982));
#4605=CARTESIAN_POINT('Ctrl Pts',(-31.2281402694444,-34.6823633980877,-29.2407180361593));
#4606=CARTESIAN_POINT('Ctrl Pts',(-31.5139778118011,-34.9545700781739,-29.427983413364));
#4607=CARTESIAN_POINT('Ctrl Pts',(-32.1236994626052,-35.6487056643573,-29.8809432999401));
#4608=CARTESIAN_POINT('Ctrl Pts',(-32.5495214098406,-36.4566516597648,-30.3353552176074));
#4609=CARTESIAN_POINT('Ctrl Pts',(-32.6681894443303,-36.9242578244405,-30.5586171347357));
#4610=CARTESIAN_POINT('Ctrl Pts',(-31.0798427107641,-34.5176622734975,-29.4999999999952));
#4611=CARTESIAN_POINT('Ctrl Pts',(-31.3515723751502,-34.8194486394142,-29.6735589286042));
#4612=CARTESIAN_POINT('Ctrl Pts',(-31.9338365910902,-35.5702266344968,-30.0765790796184));
#4613=CARTESIAN_POINT('Ctrl Pts',(-32.3578417583818,-36.400766532517,-30.4562895699199));
#4614=CARTESIAN_POINT('Ctrl Pts',(-32.488300559922,-36.8666300528511,-30.6399680847845));
#4615=CARTESIAN_POINT('',(-32.488300559922,-36.8666300528511,-30.6399680847845));
#4616=CARTESIAN_POINT('Origin',(-33.212808745951,-36.2142799520236,-31.7799361695691));
#4617=CARTESIAN_POINT('Ctrl Pts',(-32.488300559922,-36.8666300528511,-30.6399680847845));
#4618=CARTESIAN_POINT('Ctrl Pts',(-32.3578417583818,-36.400766532517,-30.4562895699199));
#4619=CARTESIAN_POINT('Ctrl Pts',(-31.9338365910902,-35.5702266344968,-30.0765790796184));
#4620=CARTESIAN_POINT('Ctrl Pts',(-31.3515723751502,-34.8194486394142,-29.6735589286042));
#4621=CARTESIAN_POINT('Ctrl Pts',(-31.0798427107641,-34.5176622734975,-29.4999999999952));
#4622=CARTESIAN_POINT('Ctrl Pts',(-33.0551324333113,-38.9531585845688,-31.));
#4623=CARTESIAN_POINT('Ctrl Pts',(-33.0545733542023,-38.9510359482332,-31.));
#4624=CARTESIAN_POINT('Ctrl Pts',(-33.0540136822837,-38.9489119094868,-30.9999998313778));
#4625=CARTESIAN_POINT('Ctrl Pts',(-32.8638498660483,-38.2267465482411,-30.9989021176641));
#4626=CARTESIAN_POINT('Ctrl Pts',(-32.6624959583696,-37.4886753314254,-30.8852252211771));
#4627=CARTESIAN_POINT('Ctrl Pts',(-32.4883005599222,-36.8666300528518,-30.6399680847848));
#4628=CARTESIAN_POINT('Ctrl Pts',(-33.0551324333113,-38.9531585845688,-31.));
#4629=CARTESIAN_POINT('Ctrl Pts',(-33.0550378969948,-38.9510702409604,-31.0001495352795));
#4630=CARTESIAN_POINT('Ctrl Pts',(-33.05494568069,-38.9489714074904,-30.9998576700526));
#4631=CARTESIAN_POINT('Ctrl Pts',(-33.0236716697377,-38.2376876232051,-31.0031379164265));
#4632=CARTESIAN_POINT('Ctrl Pts',(-32.9828017022854,-37.5064136415697,-30.794746716569));
#4633=CARTESIAN_POINT('Ctrl Pts',(-32.9080412902077,-37.0010948532265,-30.4501492013375));
#4634=CARTESIAN_POINT('Ctrl Pts',(-33.0551324333113,-38.9531585845688,-31.));
#4635=CARTESIAN_POINT('Ctrl Pts',(-33.0555146536588,-38.9510945409665,-31.0001495352795));
#4636=CARTESIAN_POINT('Ctrl Pts',(-33.0558680523238,-38.949040352839,-30.9998576700526));
#4637=CARTESIAN_POINT('Ctrl Pts',(-33.1823628765129,-38.2481961830665,-31.0031379164265));
#4638=CARTESIAN_POINT('Ctrl Pts',(-33.3091608199677,-37.5249130626165,-30.7947467165691));
#4639=CARTESIAN_POINT('Ctrl Pts',(-33.4411080517273,-37.0265855089523,-30.4501492013375));
#4640=CARTESIAN_POINT('Ctrl Pts',(-33.0551324333113,-38.9531585845688,-31.));
#4641=CARTESIAN_POINT('Ctrl Pts',(-33.0559702558671,-38.9511297406052,-31.));
#4642=CARTESIAN_POINT('Ctrl Pts',(-33.0568085372815,-38.9490992118332,-30.9999998313778));
#4643=CARTESIAN_POINT('Ctrl Pts',(-33.341876075237,-38.2589198273709,-30.9989021176641));
#4644=CARTESIAN_POINT('Ctrl Pts',(-33.6305445559732,-37.543133296382,-30.8852252211771));
#4645=CARTESIAN_POINT('Ctrl Pts',(-33.8717641385269,-36.9327857322847,-30.6399680847848));
#4646=CARTESIAN_POINT('Ctrl Pts',(-33.0551324333113,-38.9531585845688,-31.));
#4647=CARTESIAN_POINT('Ctrl Pts',(-33.0545733542023,-38.9510359482332,-31.));
#4648=CARTESIAN_POINT('Ctrl Pts',(-33.0540136822837,-38.9489119094868,-30.9999998313778));
#4649=CARTESIAN_POINT('Ctrl Pts',(-32.8638498660483,-38.2267465482411,-30.9989021176641));
#4650=CARTESIAN_POINT('Ctrl Pts',(-32.6624959583696,-37.4886753314254,-30.8852252211771));
#4651=CARTESIAN_POINT('Ctrl Pts',(-32.4883005599222,-36.8666300528518,-30.6399680847848));
#4652=CARTESIAN_POINT('Ctrl Pts',(32.4883005599213,-36.8666300528486,-30.6399680847836));
#4653=CARTESIAN_POINT('Ctrl Pts',(32.6624959261244,-37.4886752162787,-30.8852251757782));
#4654=CARTESIAN_POINT('Ctrl Pts',(32.8638498715031,-38.2268033691057,-30.9990326816669));
#4655=CARTESIAN_POINT('Ctrl Pts',(33.0540136125178,-38.9489115281137,-30.9999995656628));
#4656=CARTESIAN_POINT('Ctrl Pts',(33.0545733182269,-38.9510358116382,-31.));
#4657=CARTESIAN_POINT('Ctrl Pts',(33.0551324333112,-38.9531585845687,-31.));
#4658=CARTESIAN_POINT('Ctrl Pts',(32.9080412902073,-37.0010948532239,-30.4501492013358));
#4659=CARTESIAN_POINT('Ctrl Pts',(32.983726121946,-37.5037950122614,-30.7925603542765));
#4660=CARTESIAN_POINT('Ctrl Pts',(33.0234203043845,-38.2373758837168,-31.0009366814598));
#4661=CARTESIAN_POINT('Ctrl Pts',(33.0549448183937,-38.9489742663052,-30.9999940783161));
#4662=CARTESIAN_POINT('Ctrl Pts',(33.0550389820796,-38.9510670777747,-31.));
#4663=CARTESIAN_POINT('Ctrl Pts',(33.0551324333113,-38.9531585845687,-31.));
#4664=CARTESIAN_POINT('Ctrl Pts',(33.4411080517279,-37.0265855089498,-30.4501492013358));
#4665=CARTESIAN_POINT('Ctrl Pts',(33.3082086595091,-37.5224618355654,-30.7925603542764));
#4666=CARTESIAN_POINT('Ctrl Pts',(33.1824111702803,-38.2480391904461,-31.0009366814595));
#4667=CARTESIAN_POINT('Ctrl Pts',(33.0558772185361,-38.9490368304408,-30.9999940783161));
#4668=CARTESIAN_POINT('Ctrl Pts',(33.0555046459323,-38.9510983439112,-31.));
#4669=CARTESIAN_POINT('Ctrl Pts',(33.0551324333113,-38.9531585845687,-31.));
#4670=CARTESIAN_POINT('Ctrl Pts',(33.8717641385281,-36.9327857322816,-30.6399680847836));
#4671=CARTESIAN_POINT('Ctrl Pts',(33.6305446006254,-37.5431331834003,-30.885225175778));
#4672=CARTESIAN_POINT('Ctrl Pts',(33.3418471311714,-38.258950796766,-30.9990326816669));
#4673=CARTESIAN_POINT('Ctrl Pts',(33.0568087011807,-38.9490988951811,-30.9999995656628));
#4674=CARTESIAN_POINT('Ctrl Pts',(33.055970309785,-38.9511296100477,-31.));
#4675=CARTESIAN_POINT('Ctrl Pts',(33.0551324333113,-38.9531585845687,-31.));
#4676=CARTESIAN_POINT('',(32.4883005599213,-36.8666300528486,-30.6399680847836));
#4677=CARTESIAN_POINT('',(33.0551324333113,-38.9531585845687,-31.));
#4678=CARTESIAN_POINT('Ctrl Pts',(32.4883005599213,-36.8666300528486,-30.6399680847836));
#4679=CARTESIAN_POINT('Ctrl Pts',(32.6624959261244,-37.4886752162787,-30.8852251757782));
#4680=CARTESIAN_POINT('Ctrl Pts',(32.8638498715031,-38.2268033691057,-30.9990326816669));
#4681=CARTESIAN_POINT('Ctrl Pts',(33.0540136125178,-38.9489115281137,-30.9999995656628));
#4682=CARTESIAN_POINT('Ctrl Pts',(33.0545733182269,-38.9510358116382,-31.));
#4683=CARTESIAN_POINT('Ctrl Pts',(33.0551324333112,-38.9531585845687,-31.));
#4684=CARTESIAN_POINT('',(33.8717641385281,-36.9327857322816,-30.6399680847836));
#4685=CARTESIAN_POINT('Ctrl Pts',(33.0551324333113,-38.9531585845687,-31.));
#4686=CARTESIAN_POINT('Ctrl Pts',(33.055970309785,-38.9511296100477,-31.));
#4687=CARTESIAN_POINT('Ctrl Pts',(33.0568087011807,-38.9490988951811,-30.9999995656628));
#4688=CARTESIAN_POINT('Ctrl Pts',(33.3418471311714,-38.258950796766,-30.9990326816669));
#4689=CARTESIAN_POINT('Ctrl Pts',(33.6305446006254,-37.5431331834003,-30.885225175778));
#4690=CARTESIAN_POINT('Ctrl Pts',(33.8717641385281,-36.9327857322816,-30.6399680847836));
#4691=CARTESIAN_POINT('Origin',(33.2128087459512,-36.2142799520204,-31.7799361695672));
#4692=CARTESIAN_POINT('Ctrl Pts',(33.8717641385281,-36.9327857322816,-30.6399680847836));
#4693=CARTESIAN_POINT('Ctrl Pts',(33.8983797740743,-36.4712489904596,-30.3644530906147));
#4694=CARTESIAN_POINT('Ctrl Pts',(33.7306212178976,-35.452034558732,-29.6310226802204));
#4695=CARTESIAN_POINT('Ctrl Pts',(33.2319934656431,-34.6196727135552,-28.8228510580424));
#4696=CARTESIAN_POINT('Ctrl Pts',(32.8699553016511,-34.2170409569235,-28.3600319152096));
#4697=CARTESIAN_POINT('Ctrl Pts',(33.6256749460709,-36.9863856046634,-30.5315001513849));
#4698=CARTESIAN_POINT('Ctrl Pts',(33.6282662307149,-36.5630037159614,-30.2645701943204));
#4699=CARTESIAN_POINT('Ctrl Pts',(33.4177444272754,-35.628429149512,-29.5568414892395));
#4700=CARTESIAN_POINT('Ctrl Pts',(32.8994478978954,-34.8785775370544,-28.7875719302028));
#4701=CARTESIAN_POINT('Ctrl Pts',(32.5362005128727,-34.5258969989554,-28.352779433893));
#4702=CARTESIAN_POINT('Ctrl Pts',(33.1363213736393,-37.0153459402332,-30.4446152752966));
#4703=CARTESIAN_POINT('Ctrl Pts',(33.0852808957068,-36.6461306960296,-30.2130638996862));
#4704=CARTESIAN_POINT('Ctrl Pts',(32.7680599423819,-35.8275000340276,-29.6042915627621));
#4705=CARTESIAN_POINT('Ctrl Pts',(32.1756153590037,-35.1793006378548,-28.9717679690235));
#4706=CARTESIAN_POINT('Ctrl Pts',(31.7842971665703,-34.8788194992307,-28.6345489916948));
#4707=CARTESIAN_POINT('Ctrl Pts',(32.6681894443296,-36.924257824438,-30.5586171347345));
#4708=CARTESIAN_POINT('Ctrl Pts',(32.5791893158861,-36.5735567371915,-30.3911723853011));
#4709=CARTESIAN_POINT('Ctrl Pts',(32.2040091991471,-35.7611131888331,-29.9508732332793));
#4710=CARTESIAN_POINT('Ctrl Pts',(31.6092531496746,-35.0453019785496,-29.4904026880966));
#4711=CARTESIAN_POINT('Ctrl Pts',(31.2281402694468,-34.6823633980899,-29.2407180361609));
#4712=CARTESIAN_POINT('Ctrl Pts',(32.4883005599213,-36.8666300528486,-30.6399680847836));
#4713=CARTESIAN_POINT('Ctrl Pts',(32.3904574453572,-36.5172359356796,-30.5022105876994));
#4714=CARTESIAN_POINT('Ctrl Pts',(32.0115780508807,-35.6884379157568,-30.1354953825021));
#4715=CARTESIAN_POINT('Ctrl Pts',(31.4421452767055,-34.9200400373859,-29.731409571413));
#4716=CARTESIAN_POINT('Ctrl Pts',(31.0798427107663,-34.5176622734999,-29.4999999999966));
#4717=CARTESIAN_POINT('',(32.8699553016511,-34.2170409569235,-28.3600319152096));
#4718=CARTESIAN_POINT('',(31.0798427107663,-34.5176622734999,-29.4999999999983));
#4719=CARTESIAN_POINT('Origin',(32.1945599489824,-33.5139663639617,-29.4999999999932));
#4720=CARTESIAN_POINT('Ctrl Pts',(31.0798427107663,-34.5176622734999,-29.4999999999966));
#4721=CARTESIAN_POINT('Ctrl Pts',(31.4421452767055,-34.9200400373859,-29.731409571413));
#4722=CARTESIAN_POINT('Ctrl Pts',(32.0115780508807,-35.6884379157568,-30.1354953825021));
#4723=CARTESIAN_POINT('Ctrl Pts',(32.3904574453572,-36.5172359356796,-30.5022105876994));
#4724=CARTESIAN_POINT('Ctrl Pts',(32.4883005599213,-36.8666300528486,-30.6399680847836));
#4725=CARTESIAN_POINT('Ctrl Pts',(33.8717641385281,-36.9327857322816,-30.6399680847836));
#4726=CARTESIAN_POINT('Ctrl Pts',(33.8983797740743,-36.4712489904596,-30.3644530906147));
#4727=CARTESIAN_POINT('Ctrl Pts',(33.7306212178976,-35.452034558732,-29.6310226802204));
#4728=CARTESIAN_POINT('Ctrl Pts',(33.2319934656431,-34.6196727135552,-28.8228510580424));
#4729=CARTESIAN_POINT('Ctrl Pts',(32.8699553016511,-34.2170409569235,-28.3600319152096));
#4730=CARTESIAN_POINT('Ctrl Pts',(25.0659191128069,-27.8385234623797,-21.8185440677252));
#4731=CARTESIAN_POINT('Ctrl Pts',(27.0706913917052,-30.0650486447067,-24.3788001587809));
#4732=CARTESIAN_POINT('Ctrl Pts',(29.0753072499527,-32.2914001043014,-26.9393298006316));
#4733=CARTESIAN_POINT('Ctrl Pts',(31.0798427107663,-34.5176622734999,-29.4999999999932));
#4734=CARTESIAN_POINT('Ctrl Pts',(25.2642416132485,-28.0587829133423,-21.4717019418601));
#4735=CARTESIAN_POINT('Ctrl Pts',(27.268783819404,-30.2850137446516,-24.0324387892688));
#4736=CARTESIAN_POINT('Ctrl Pts',(29.2731890379583,-32.5111951478083,-26.59331014737));
#4737=CARTESIAN_POINT('Ctrl Pts',(31.2775727890073,-34.7372637729525,-29.1542907148793));
#4738=CARTESIAN_POINT('Ctrl Pts',(25.8970975976116,-28.179001212307,-20.8716052525582));
#4739=CARTESIAN_POINT('Ctrl Pts',(27.9004230359497,-30.4055387746515,-23.4331046626604));
#4740=CARTESIAN_POINT('Ctrl Pts',(29.903929377008,-32.6318761014274,-25.9945952640564));
#4741=CARTESIAN_POINT('Ctrl Pts',(31.9075197912206,-34.858138506791,-28.5560684401371));
#4742=CARTESIAN_POINT('Ctrl Pts',(26.611122232838,-27.7658312543735,-20.6718113799767));
#4743=CARTESIAN_POINT('Ctrl Pts',(28.6136580591074,-29.9939017893234,-23.2326217182795));
#4744=CARTESIAN_POINT('Ctrl Pts',(30.6165670102822,-32.2214269272992,-25.7935639590276));
#4745=CARTESIAN_POINT('Ctrl Pts',(32.6196392100673,-34.4486829884469,-28.3545925542219));
#4746=CARTESIAN_POINT('Ctrl Pts',(26.861451807878,-27.532654952262,-20.6785759829416));
#4747=CARTESIAN_POINT('Ctrl Pts',(28.863992816551,-29.7613570099296,-23.2388320739973));
#4748=CARTESIAN_POINT('Ctrl Pts',(30.8668827150471,-31.989373505195,-25.799361715848));
#4749=CARTESIAN_POINT('Ctrl Pts',(32.8699553016511,-34.2170409569235,-28.3600319152096));
#4750=CARTESIAN_POINT('',(26.861451807878,-27.532654952262,-20.6785759829416));
#4751=CARTESIAN_POINT('Ctrl Pts',(32.8699553016511,-34.2170409569235,-28.3600319152096));
#4752=CARTESIAN_POINT('Ctrl Pts',(30.8668827150471,-31.989373505195,-25.799361715848));
#4753=CARTESIAN_POINT('Ctrl Pts',(28.863992816551,-29.7613570099296,-23.2388320739973));
#4754=CARTESIAN_POINT('Ctrl Pts',(26.861451807878,-27.532654952262,-20.6785759829416));
#4755=CARTESIAN_POINT('',(25.0659191127876,-27.8385234623582,-21.81854406773));
#4756=CARTESIAN_POINT('Origin',(26.180636351023,-26.8348275528414,-21.8185440677252));
#4757=CARTESIAN_POINT('Ctrl Pts',(25.0659191128069,-27.8385234623797,-21.8185440677252));
#4758=CARTESIAN_POINT('Ctrl Pts',(27.0706913917052,-30.0650486447067,-24.3788001587809));
#4759=CARTESIAN_POINT('Ctrl Pts',(29.0753072499527,-32.2914001043014,-26.9393298006316));
#4760=CARTESIAN_POINT('Ctrl Pts',(31.0798427107663,-34.5176622734999,-29.4999999999932));
#4761=CARTESIAN_POINT('Ctrl Pts',(26.8614518078403,-27.5326549522201,-20.6785759828934));
#4762=CARTESIAN_POINT('Ctrl Pts',(26.2817926881546,-26.8875308487923,-19.9374796530361));
#4763=CARTESIAN_POINT('Ctrl Pts',(25.3063603215109,-26.2900849525223,-18.9848340633765));
#4764=CARTESIAN_POINT('Ctrl Pts',(23.5772097669502,-26.2122904375274,-17.9300365581317));
#4765=CARTESIAN_POINT('Ctrl Pts',(22.7425450275492,-26.5031491991131,-17.6451574374784));
#4766=CARTESIAN_POINT('Ctrl Pts',(22.2908940178588,-26.8777235110311,-17.6451574374784));
#4767=CARTESIAN_POINT('Ctrl Pts',(26.5276790411192,-27.8435566883686,-20.6695565122728));
#4768=CARTESIAN_POINT('Ctrl Pts',(26.0237038509168,-27.2009944704947,-19.9779380129462));
#4769=CARTESIAN_POINT('Ctrl Pts',(25.1398592287868,-26.5789426092062,-19.0657078008958));
#4770=CARTESIAN_POINT('Ctrl Pts',(23.5549050777142,-26.4196064771731,-18.0515691557405));
#4771=CARTESIAN_POINT('Ctrl Pts',(22.7920761785946,-26.6593705407648,-17.7750353024299));
#4772=CARTESIAN_POINT('Ctrl Pts',(22.387664669333,-26.994406799383,-17.7748000858084));
#4773=CARTESIAN_POINT('Ctrl Pts',(25.7732360479088,-28.2001561892715,-20.9501958719583));
#4774=CARTESIAN_POINT('Ctrl Pts',(25.4406089445689,-27.6154057090637,-20.2644948358268));
#4775=CARTESIAN_POINT('Ctrl Pts',(24.762087955535,-26.9927091192232,-19.3530043383238));
#4776=CARTESIAN_POINT('Ctrl Pts',(23.4749529449321,-26.7387632621485,-18.3335806792073));
#4777=CARTESIAN_POINT('Ctrl Pts',(22.848741588358,-26.8976626490974,-18.0560867993761));
#4778=CARTESIAN_POINT('Ctrl Pts',(22.5276483701902,-27.1631951487725,-18.0552399296708));
#4779=CARTESIAN_POINT('Ctrl Pts',(25.2146609880964,-28.0037180505567,-21.5584124732786));
#4780=CARTESIAN_POINT('Ctrl Pts',(24.9081902941498,-27.5667052787864,-20.7878945089429));
#4781=CARTESIAN_POINT('Ctrl Pts',(24.3473583399555,-27.1061835654634,-19.7933228282256));
#4782=CARTESIAN_POINT('Ctrl Pts',(23.3310739073528,-26.9192654258032,-18.6911714227367));
#4783=CARTESIAN_POINT('Ctrl Pts',(22.8452218085073,-27.0422812794208,-18.3925443048301));
#4784=CARTESIAN_POINT('Ctrl Pts',(22.5973597644686,-27.2472511574494,-18.3909628553679));
#4785=CARTESIAN_POINT('Ctrl Pts',(25.0659191127656,-27.8385234623338,-21.8185440676779));
#4786=CARTESIAN_POINT('Ctrl Pts',(24.7276746328692,-27.4628649098869,-21.0171071294252));
#4787=CARTESIAN_POINT('Ctrl Pts',(24.1807684016879,-27.0931520669636,-19.9883320692683));
#4788=CARTESIAN_POINT('Ctrl Pts',(23.2600823727037,-26.9671247022572,-18.8491911907998));
#4789=CARTESIAN_POINT('Ctrl Pts',(22.8327903120188,-27.0843570062043,-18.5404083548688));
#4790=CARTESIAN_POINT('Ctrl Pts',(22.6130598721997,-27.2661818990497,-18.5385270413039));
#4791=CARTESIAN_POINT('',(23.6143656540193,-26.2831919531856,-18.0000000010959));
#4792=CARTESIAN_POINT('',(22.6130598721997,-27.2661818990497,-18.5385270413039));
#4793=CARTESIAN_POINT('Ctrl Pts',(22.6130598721997,-27.2661818990497,-18.5385270413039));
#4794=CARTESIAN_POINT('Ctrl Pts',(22.6140988415737,-27.2649784381773,-18.5369484934761));
#4795=CARTESIAN_POINT('Ctrl Pts',(22.6151405034529,-27.2637732784285,-18.5353730371408));
#4796=CARTESIAN_POINT('Ctrl Pts',(22.6725151133675,-27.1974710544096,-18.4489911817969));
#4797=CARTESIAN_POINT('Ctrl Pts',(22.735979546731,-27.1282643872769,-18.3743472337573));
#4798=CARTESIAN_POINT('Ctrl Pts',(22.8783066366521,-26.9795878718242,-18.2426799668003));
#4799=CARTESIAN_POINT('Ctrl Pts',(22.9566186895583,-26.9008513380323,-18.1870852365393));
#4800=CARTESIAN_POINT('Ctrl Pts',(23.2176919651124,-26.6454820715882,-18.0455375012999));
#4801=CARTESIAN_POINT('Ctrl Pts',(23.4144171253228,-26.4628374716543,-18.));
#4802=CARTESIAN_POINT('Ctrl Pts',(23.6143656521032,-26.2831919540457,-18.));
#4803=CARTESIAN_POINT('Ctrl Pts',(22.6130598721997,-27.2661818990497,-18.5385270413039));
#4804=CARTESIAN_POINT('Ctrl Pts',(22.8327903120188,-27.0843570062043,-18.5404083548688));
#4805=CARTESIAN_POINT('Ctrl Pts',(23.2600823727037,-26.9671247022572,-18.8491911907998));
#4806=CARTESIAN_POINT('Ctrl Pts',(24.1807684016879,-27.0931520669636,-19.9883320692683));
#4807=CARTESIAN_POINT('Ctrl Pts',(24.7276746328692,-27.4628649098869,-21.0171071294252));
#4808=CARTESIAN_POINT('Ctrl Pts',(25.0659191127656,-27.8385234623338,-21.8185440676779));
#4809=CARTESIAN_POINT('Ctrl Pts',(26.8614518078403,-27.5326549522201,-20.6785759828934));
#4810=CARTESIAN_POINT('Ctrl Pts',(26.2817926881546,-26.8875308487923,-19.9374796530361));
#4811=CARTESIAN_POINT('Ctrl Pts',(25.3063603215109,-26.2900849525223,-18.9848340633765));
#4812=CARTESIAN_POINT('Ctrl Pts',(24.0079110787747,-26.2316676974038,-18.1927682607124));
#4813=CARTESIAN_POINT('Ctrl Pts',(23.6811304332023,-26.2745688504925,-18.0327666488118));
#4814=CARTESIAN_POINT('Ctrl Pts',(23.6140628154336,-26.2857701286275,-18.0015771175389));
#4815=CARTESIAN_POINT('Origin',(-8.88178419700125E-15,1.1493346169779E-30,
-24.5));
#4816=CARTESIAN_POINT('',(36.9327857322839,-33.8717641385272,-30.6399680847855));
#4817=CARTESIAN_POINT('Origin',(-8.88178419700125E-15,-4.44089209850063E-15,
-30.6399680847836));
#4818=CARTESIAN_POINT('',(34.217040956921,-32.8699553016489,-28.3600319152068));
#4819=CARTESIAN_POINT('Ctrl Pts',(34.217040956921,-32.8699553016489,-28.3600319152068));
#4820=CARTESIAN_POINT('Ctrl Pts',(34.5190178193178,-33.1414866625752,-28.7071497724248));
#4821=CARTESIAN_POINT('Ctrl Pts',(35.3188660797889,-33.669426059692,-29.5131900744533));
#4822=CARTESIAN_POINT('Ctrl Pts',(36.3173972047084,-33.907252010425,-30.2726110550562));
#4823=CARTESIAN_POINT('Ctrl Pts',(36.9327857322848,-33.8717641385279,-30.6399680847855));
#4824=CARTESIAN_POINT('',(27.5326549522242,-26.861451807844,-20.6785759828982));
#4825=CARTESIAN_POINT('Ctrl Pts',(27.5326549522221,-26.8614518078421,-20.6785759828957));
#4826=CARTESIAN_POINT('Ctrl Pts',(29.7613570099021,-28.8639928165263,-23.2388320739657));
#4827=CARTESIAN_POINT('Ctrl Pts',(31.9893735051801,-30.8668827150336,-25.7993617158308));
#4828=CARTESIAN_POINT('Ctrl Pts',(34.217040956921,-32.8699553016489,-28.3600319152068));
#4829=CARTESIAN_POINT('',(26.2831919514623,-23.6143656578579,-18.0000000032915));
#4830=CARTESIAN_POINT('Ctrl Pts',(26.2857701279376,-23.6140628195643,-18.0015771194598));
#4831=CARTESIAN_POINT('Ctrl Pts',(26.2745688501328,-23.6811304359413,-18.0327666501528));
#4832=CARTESIAN_POINT('Ctrl Pts',(26.2316676974621,-24.0079110800767,-18.1927682615065));
#4833=CARTESIAN_POINT('Ctrl Pts',(26.2900849525231,-25.3063603215144,-18.984834063379));
#4834=CARTESIAN_POINT('Ctrl Pts',(26.8875308487948,-26.2817926881585,-19.93747965304));
#4835=CARTESIAN_POINT('Ctrl Pts',(27.5326549522242,-26.861451807844,-20.6785759828982));
#4836=CARTESIAN_POINT('Origin',(0.,0.,-18.));
#4837=CARTESIAN_POINT('Origin',(-8.88178419700125E-15,1.1493346169779E-30,
-29.5));
#4838=CARTESIAN_POINT('',(38.9531585845687,-33.0551324333113,-31.));
#4839=CARTESIAN_POINT('Origin',(-8.88178419700125E-15,1.1493346169779E-30,
-31.));
#4840=CARTESIAN_POINT('Ctrl Pts',(36.9327857322847,-33.8717641385269,-30.6399680847848));
#4841=CARTESIAN_POINT('Ctrl Pts',(37.5431332963811,-33.6305445559733,-30.8852252211766));
#4842=CARTESIAN_POINT('Ctrl Pts',(38.2589198273636,-33.3418760752556,-30.9989021176636));
#4843=CARTESIAN_POINT('Ctrl Pts',(38.9490992118333,-33.0568085372812,-30.9999998313778));
#4844=CARTESIAN_POINT('Ctrl Pts',(38.9511297406048,-33.0559702558666,-31.));
#4845=CARTESIAN_POINT('Ctrl Pts',(38.9531585845688,-33.0551324333113,-31.));
#4846=CARTESIAN_POINT('Ctrl Pts',(26.8777235110311,-22.2908940178587,-17.6451574374784));
#4847=CARTESIAN_POINT('Ctrl Pts',(26.5031491991123,-22.74254502755,-17.6451574374784));
#4848=CARTESIAN_POINT('Ctrl Pts',(26.2122904375269,-23.5772097669519,-17.9300365581324));
#4849=CARTESIAN_POINT('Ctrl Pts',(26.2900849525231,-25.3063603215144,-18.984834063379));
#4850=CARTESIAN_POINT('Ctrl Pts',(26.8875308487948,-26.2817926881585,-19.93747965304));
#4851=CARTESIAN_POINT('Ctrl Pts',(27.5326549522242,-26.861451807844,-20.6785759828982));
#4852=CARTESIAN_POINT('Ctrl Pts',(26.994406799383,-22.387664669333,-17.7748000858084));
#4853=CARTESIAN_POINT('Ctrl Pts',(26.6593705407642,-22.7920761785954,-17.7750353024299));
#4854=CARTESIAN_POINT('Ctrl Pts',(26.4196064771727,-23.5549050777158,-18.0515691557412));
#4855=CARTESIAN_POINT('Ctrl Pts',(26.5789426092071,-25.1398592287899,-19.0657078008982));
#4856=CARTESIAN_POINT('Ctrl Pts',(27.2009944704973,-26.0237038509203,-19.9779380129498));
#4857=CARTESIAN_POINT('Ctrl Pts',(27.8435566883727,-26.5276790411224,-20.6695565122773));
#4858=CARTESIAN_POINT('Ctrl Pts',(27.1631951487725,-22.5276483701902,-18.0552399296708));
#4859=CARTESIAN_POINT('Ctrl Pts',(26.8976626490968,-22.8487415883587,-18.0560867993761));
#4860=CARTESIAN_POINT('Ctrl Pts',(26.7387632621483,-23.4749529449334,-18.333580679208));
#4861=CARTESIAN_POINT('Ctrl Pts',(26.9927091192243,-24.7620879555375,-19.3530043383263));
#4862=CARTESIAN_POINT('Ctrl Pts',(27.6154057090663,-25.4406089445715,-20.2644948358304));
#4863=CARTESIAN_POINT('Ctrl Pts',(28.2001561892752,-25.7732360479109,-20.9501958719627));
#4864=CARTESIAN_POINT('Ctrl Pts',(27.2472511574494,-22.5973597644686,-18.3909628553679));
#4865=CARTESIAN_POINT('Ctrl Pts',(27.0422812794204,-22.8452218085078,-18.3925443048301));
#4866=CARTESIAN_POINT('Ctrl Pts',(26.919265425803,-23.3310739073539,-18.6911714227374));
#4867=CARTESIAN_POINT('Ctrl Pts',(27.1061835654642,-24.3473583399575,-19.7933228282283));
#4868=CARTESIAN_POINT('Ctrl Pts',(27.5667052787882,-24.908190294152,-20.7878945089469));
#4869=CARTESIAN_POINT('Ctrl Pts',(28.0037180505595,-25.2146609880983,-21.5584124732835));
#4870=CARTESIAN_POINT('Ctrl Pts',(27.2661818990497,-22.6130598721997,-18.5385270413039));
#4871=CARTESIAN_POINT('Ctrl Pts',(27.084357006204,-22.8327903120192,-18.5404083548688));
#4872=CARTESIAN_POINT('Ctrl Pts',(26.967124702257,-23.2600823727047,-18.8491911908006));
#4873=CARTESIAN_POINT('Ctrl Pts',(27.0931520669642,-24.1807684016897,-19.988332069271));
#4874=CARTESIAN_POINT('Ctrl Pts',(27.4628649098884,-24.7276746328713,-21.0171071294293));
#4875=CARTESIAN_POINT('Ctrl Pts',(27.8385234623362,-25.0659191127678,-21.818544067683));
#4876=CARTESIAN_POINT('',(27.2661818990497,-22.6130598721997,-18.5385270413039));
#4877=CARTESIAN_POINT('Ctrl Pts',(26.2831919540457,-23.6143656521032,-18.));
#4878=CARTESIAN_POINT('Ctrl Pts',(26.3371615289764,-23.5542965942052,-18.));
#4879=CARTESIAN_POINT('Ctrl Pts',(26.3914300953255,-23.4945036666337,-18.0041088203006));
#4880=CARTESIAN_POINT('Ctrl Pts',(26.6012908979338,-23.2658422906146,-18.0365690466729));
#4881=CARTESIAN_POINT('Ctrl Pts',(26.7568446765812,-23.1016861581124,-18.0958162209277));
#4882=CARTESIAN_POINT('Ctrl Pts',(27.0437665004575,-22.8141668282393,-18.2858072987654));
#4883=CARTESIAN_POINT('Ctrl Pts',(27.1610203469932,-22.7040577222511,-18.4015013761815));
#4884=CARTESIAN_POINT('Ctrl Pts',(27.2637732787168,-22.6151405032024,-18.5353730375131));
#4885=CARTESIAN_POINT('Ctrl Pts',(27.2649784378811,-22.6140988418294,-18.5369484930875));
#4886=CARTESIAN_POINT('Ctrl Pts',(27.2661818990497,-22.6130598721997,-18.5385270413039));
#4887=CARTESIAN_POINT('',(27.8385234623333,-25.0659191127652,-21.8185440676837));
#4888=CARTESIAN_POINT('Origin',(26.8348275528036,-26.180636350989,-21.8185440676817));
#4889=CARTESIAN_POINT('Ctrl Pts',(27.8385234623362,-25.0659191127678,-21.818544067683));
#4890=CARTESIAN_POINT('Ctrl Pts',(27.4628649098884,-24.7276746328713,-21.0171071294293));
#4891=CARTESIAN_POINT('Ctrl Pts',(27.0931520669642,-24.1807684016897,-19.988332069271));
#4892=CARTESIAN_POINT('Ctrl Pts',(26.967124702257,-23.2600823727047,-18.8491911908006));
#4893=CARTESIAN_POINT('Ctrl Pts',(27.084357006204,-22.8327903120192,-18.5404083548688));
#4894=CARTESIAN_POINT('Ctrl Pts',(27.2661818990497,-22.6130598721997,-18.5385270413039));
#4895=CARTESIAN_POINT('Ctrl Pts',(27.5326549522221,-26.8614518078421,-20.6785759828957));
#4896=CARTESIAN_POINT('Ctrl Pts',(29.7613570099021,-28.8639928165263,-23.2388320739657));
#4897=CARTESIAN_POINT('Ctrl Pts',(31.9893735051801,-30.8668827150336,-25.7993617158308));
#4898=CARTESIAN_POINT('Ctrl Pts',(34.217040956921,-32.8699553016489,-28.3600319152068));
#4899=CARTESIAN_POINT('Ctrl Pts',(27.8435566883707,-26.5276790411221,-20.6695565122759));
#4900=CARTESIAN_POINT('Ctrl Pts',(30.0713975826138,-28.5302132474143,-23.2305685060082));
#4901=CARTESIAN_POINT('Ctrl Pts',(32.2987904408308,-30.533128342009,-25.7916205129932));
#4902=CARTESIAN_POINT('Ctrl Pts',(34.5258969989522,-32.5362005128705,-28.3527794338897));
#4903=CARTESIAN_POINT('Ctrl Pts',(28.2000994253283,-25.7732452554553,-20.9502380268586));
#4904=CARTESIAN_POINT('Ctrl Pts',(30.4264673127915,-27.7768348640666,-23.5116680125301));
#4905=CARTESIAN_POINT('Ctrl Pts',(32.6526789271932,-29.780532709405,-26.0731114403825));
#4906=CARTESIAN_POINT('Ctrl Pts',(34.8788321638168,-31.7842950764187,-28.6345396172231));
#4907=CARTESIAN_POINT('Ctrl Pts',(28.0037180505617,-25.2146609881022,-21.5584124732804));
#4908=CARTESIAN_POINT('Ctrl Pts',(30.2300372747686,-27.2192592119025,-24.1190171851389));
#4909=CARTESIAN_POINT('Ctrl Pts',(32.4562368179978,-29.2237195791983,-26.6798227335956));
#4910=CARTESIAN_POINT('Ctrl Pts',(34.6823633980869,-31.2281402694448,-29.2407180361549));
#4911=CARTESIAN_POINT('Ctrl Pts',(27.8385234623397,-25.065919112771,-21.8185440676793));
#4912=CARTESIAN_POINT('Ctrl Pts',(30.0650486446792,-27.0706913916805,-24.3788001587493));
#4913=CARTESIAN_POINT('Ctrl Pts',(32.2914001042865,-29.0753072499392,-26.9393298006144));
#4914=CARTESIAN_POINT('Ctrl Pts',(34.5176622734975,-31.0798427107641,-29.4999999999904));
#4915=CARTESIAN_POINT('',(34.5176622734975,-31.0798427107641,-29.4999999999952));
#4916=CARTESIAN_POINT('Origin',(33.5139663639592,-32.1945599489802,-29.4999999999904));
#4917=CARTESIAN_POINT('Ctrl Pts',(34.5176622734975,-31.0798427107641,-29.4999999999904));
#4918=CARTESIAN_POINT('Ctrl Pts',(32.2914001042865,-29.0753072499392,-26.9393298006144));
#4919=CARTESIAN_POINT('Ctrl Pts',(30.0650486446792,-27.0706913916805,-24.3788001587493));
#4920=CARTESIAN_POINT('Ctrl Pts',(27.8385234623397,-25.065919112771,-21.8185440676793));
#4921=CARTESIAN_POINT('Ctrl Pts',(34.217040956921,-32.8699553016489,-28.3600319152068));
#4922=CARTESIAN_POINT('Ctrl Pts',(34.5190178193178,-33.1414866625752,-28.7071497724248));
#4923=CARTESIAN_POINT('Ctrl Pts',(35.3188660797889,-33.669426059692,-29.5131900744533));
#4924=CARTESIAN_POINT('Ctrl Pts',(36.3173972047084,-33.907252010425,-30.2726110550562));
#4925=CARTESIAN_POINT('Ctrl Pts',(36.9327857322848,-33.8717641385279,-30.6399680847855));
#4926=CARTESIAN_POINT('Ctrl Pts',(34.5258969989532,-32.5362005128705,-28.3527794338904));
#4927=CARTESIAN_POINT('Ctrl Pts',(34.7904100696918,-32.8086387987146,-28.6788770942631));
#4928=CARTESIAN_POINT('Ctrl Pts',(35.5059816012409,-33.352252064058,-29.4441028166289));
#4929=CARTESIAN_POINT('Ctrl Pts',(36.4218707275573,-33.6291300271022,-30.1755899532184));
#4930=CARTESIAN_POINT('Ctrl Pts',(36.9863856046663,-33.6256749460709,-30.5315001513867));
#4931=CARTESIAN_POINT('Ctrl Pts',(34.8788194992288,-31.7842971665679,-28.6345489916927));
#4932=CARTESIAN_POINT('Ctrl Pts',(35.1041826256006,-32.0777887702569,-28.8874657749249));
#4933=CARTESIAN_POINT('Ctrl Pts',(35.7209126034626,-32.6900595189274,-29.5073671049875));
#4934=CARTESIAN_POINT('Ctrl Pts',(36.5230539840364,-33.068266716848,-30.135876994717));
#4935=CARTESIAN_POINT('Ctrl Pts',(37.0153459402358,-33.1363213736397,-30.4446152752982));
#4936=CARTESIAN_POINT('Ctrl Pts',(34.6823633980877,-31.2281402694444,-29.2407180361593));
#4937=CARTESIAN_POINT('Ctrl Pts',(34.9545700781738,-31.513977811801,-29.427983413364));
#4938=CARTESIAN_POINT('Ctrl Pts',(35.6487056643574,-32.1236994626052,-29.8809432999401));
#4939=CARTESIAN_POINT('Ctrl Pts',(36.4566516597647,-32.5495214098406,-30.3353552176074));
#4940=CARTESIAN_POINT('Ctrl Pts',(36.9242578244405,-32.6681894443302,-30.5586171347357));
#4941=CARTESIAN_POINT('Ctrl Pts',(34.5176622734975,-31.0798427107641,-29.4999999999952));
#4942=CARTESIAN_POINT('Ctrl Pts',(34.8194486394142,-31.3515723751502,-29.6735589286042));
#4943=CARTESIAN_POINT('Ctrl Pts',(35.5702266344969,-31.9338365910902,-30.0765790796184));
#4944=CARTESIAN_POINT('Ctrl Pts',(36.4007665325169,-32.3578417583817,-30.4562895699199));
#4945=CARTESIAN_POINT('Ctrl Pts',(36.866630052851,-32.488300559922,-30.6399680847845));
#4946=CARTESIAN_POINT('',(36.8666300528511,-32.488300559922,-30.6399680847845));
#4947=CARTESIAN_POINT('Origin',(36.2142799520236,-33.212808745951,-31.7799361695691));
#4948=CARTESIAN_POINT('Ctrl Pts',(36.866630052851,-32.488300559922,-30.6399680847845));
#4949=CARTESIAN_POINT('Ctrl Pts',(36.4007665325169,-32.3578417583817,-30.4562895699199));
#4950=CARTESIAN_POINT('Ctrl Pts',(35.5702266344969,-31.9338365910902,-30.0765790796184));
#4951=CARTESIAN_POINT('Ctrl Pts',(34.8194486394142,-31.3515723751502,-29.6735589286042));
#4952=CARTESIAN_POINT('Ctrl Pts',(34.5176622734975,-31.0798427107641,-29.4999999999952));
#4953=CARTESIAN_POINT('Ctrl Pts',(38.9531585845688,-33.0551324333113,-31.));
#4954=CARTESIAN_POINT('Ctrl Pts',(38.951035948233,-33.0545733542018,-31.));
#4955=CARTESIAN_POINT('Ctrl Pts',(38.9489119094867,-33.0540136822834,-30.9999998313778));
#4956=CARTESIAN_POINT('Ctrl Pts',(38.2267465482472,-32.8638498660663,-30.9989021176631));
#4957=CARTESIAN_POINT('Ctrl Pts',(37.4886753314254,-32.6624959583696,-30.8852252211771));
#4958=CARTESIAN_POINT('Ctrl Pts',(36.8666300528518,-32.4883005599222,-30.6399680847848));
#4959=CARTESIAN_POINT('Ctrl Pts',(38.9531585845688,-33.0551324333113,-31.));
#4960=CARTESIAN_POINT('Ctrl Pts',(38.9510702409602,-33.0550378969944,-31.0001495352795));
#4961=CARTESIAN_POINT('Ctrl Pts',(38.9489714074904,-33.0549456806897,-30.9998576700526));
#4962=CARTESIAN_POINT('Ctrl Pts',(38.2376876232112,-33.0236716697558,-31.0031379164255));
#4963=CARTESIAN_POINT('Ctrl Pts',(37.5064136415697,-32.9828017022854,-30.794746716569));
#4964=CARTESIAN_POINT('Ctrl Pts',(37.0010948532265,-32.9080412902077,-30.4501492013375));
#4965=CARTESIAN_POINT('Ctrl Pts',(38.9531585845688,-33.0551324333113,-31.));
#4966=CARTESIAN_POINT('Ctrl Pts',(38.9510945409661,-33.0555146536583,-31.0001495352795));
#4967=CARTESIAN_POINT('Ctrl Pts',(38.9490403528391,-33.0558680523234,-30.9998576700526));
#4968=CARTESIAN_POINT('Ctrl Pts',(38.2481961830592,-33.1823628765314,-31.003137916426));
#4969=CARTESIAN_POINT('Ctrl Pts',(37.5249130626157,-33.3091608199678,-30.7947467165686));
#4970=CARTESIAN_POINT('Ctrl Pts',(37.0265855089523,-33.4411080517273,-30.4501492013375));
#4971=CARTESIAN_POINT('Ctrl Pts',(38.9531585845688,-33.0551324333113,-31.));
#4972=CARTESIAN_POINT('Ctrl Pts',(38.9511297406048,-33.0559702558666,-31.));
#4973=CARTESIAN_POINT('Ctrl Pts',(38.9490992118333,-33.0568085372812,-30.9999998313778));
#4974=CARTESIAN_POINT('Ctrl Pts',(38.2589198273636,-33.3418760752556,-30.9989021176636));
#4975=CARTESIAN_POINT('Ctrl Pts',(37.5431332963811,-33.6305445559733,-30.8852252211766));
#4976=CARTESIAN_POINT('Ctrl Pts',(36.9327857322847,-33.8717641385269,-30.6399680847848));
#4977=CARTESIAN_POINT('Ctrl Pts',(38.9531585845688,-33.0551324333113,-31.));
#4978=CARTESIAN_POINT('Ctrl Pts',(38.951035948233,-33.0545733542018,-31.));
#4979=CARTESIAN_POINT('Ctrl Pts',(38.9489119094867,-33.0540136822834,-30.9999998313778));
#4980=CARTESIAN_POINT('Ctrl Pts',(38.2267465482472,-32.8638498660663,-30.9989021176631));
#4981=CARTESIAN_POINT('Ctrl Pts',(37.4886753314254,-32.6624959583696,-30.8852252211771));
#4982=CARTESIAN_POINT('Ctrl Pts',(36.8666300528518,-32.4883005599222,-30.6399680847848));
#4983=CARTESIAN_POINT('Ctrl Pts',(36.8666300528486,32.4883005599213,-30.6399680847836));
#4984=CARTESIAN_POINT('Ctrl Pts',(37.4886752162787,32.6624959261244,-30.8852251757782));
#4985=CARTESIAN_POINT('Ctrl Pts',(38.2268033691015,32.8638498714893,-30.9990326816687));
#4986=CARTESIAN_POINT('Ctrl Pts',(38.9489115281138,33.0540136125178,-30.9999995656628));
#4987=CARTESIAN_POINT('Ctrl Pts',(38.9510358116382,33.0545733182269,-31.));
#4988=CARTESIAN_POINT('Ctrl Pts',(38.9531585845687,33.0551324333113,-31.));
#4989=CARTESIAN_POINT('Ctrl Pts',(37.0010948532239,32.9080412902073,-30.4501492013358));
#4990=CARTESIAN_POINT('Ctrl Pts',(37.5037950122614,32.983726121946,-30.7925603542765));
#4991=CARTESIAN_POINT('Ctrl Pts',(38.2373758837154,33.02342030437,-31.0009366814609));
#4992=CARTESIAN_POINT('Ctrl Pts',(38.9489742663052,33.0549448183938,-30.9999940783161));
#4993=CARTESIAN_POINT('Ctrl Pts',(38.9510670777747,33.0550389820796,-31.));
#4994=CARTESIAN_POINT('Ctrl Pts',(38.9531585845687,33.0551324333113,-31.));
#4995=CARTESIAN_POINT('Ctrl Pts',(37.0265855089498,33.4411080517279,-30.4501492013358));
#4996=CARTESIAN_POINT('Ctrl Pts',(37.5224618355654,33.3082086595091,-30.7925603542765));
#4997=CARTESIAN_POINT('Ctrl Pts',(38.2480391904497,33.1824111702652,-31.0009366814609));
#4998=CARTESIAN_POINT('Ctrl Pts',(38.9490368304408,33.0558772185362,-30.9999940783161));
#4999=CARTESIAN_POINT('Ctrl Pts',(38.9510983439112,33.0555046459323,-31.));
#5000=CARTESIAN_POINT('Ctrl Pts',(38.9531585845687,33.0551324333113,-31.));
#5001=CARTESIAN_POINT('Ctrl Pts',(36.9327857322816,33.8717641385281,-30.6399680847836));
#5002=CARTESIAN_POINT('Ctrl Pts',(37.5431331834004,33.6305446006253,-30.8852251757781));
#5003=CARTESIAN_POINT('Ctrl Pts',(38.2589507967731,33.3418471311562,-30.9990326816687));
#5004=CARTESIAN_POINT('Ctrl Pts',(38.9490988951811,33.0568087011807,-30.9999995656628));
#5005=CARTESIAN_POINT('Ctrl Pts',(38.9511296100477,33.055970309785,-31.));
#5006=CARTESIAN_POINT('Ctrl Pts',(38.9531585845687,33.0551324333113,-31.));
#5007=CARTESIAN_POINT('',(36.8666300528486,32.4883005599213,-30.6399680847836));
#5008=CARTESIAN_POINT('',(38.9531585845687,33.0551324333113,-31.));
#5009=CARTESIAN_POINT('Ctrl Pts',(36.8666300528486,32.4883005599213,-30.6399680847836));
#5010=CARTESIAN_POINT('Ctrl Pts',(37.4886752162787,32.6624959261244,-30.8852251757782));
#5011=CARTESIAN_POINT('Ctrl Pts',(38.2268033691015,32.8638498714893,-30.9990326816687));
#5012=CARTESIAN_POINT('Ctrl Pts',(38.9489115281138,33.0540136125178,-30.9999995656628));
#5013=CARTESIAN_POINT('Ctrl Pts',(38.9510358116382,33.0545733182269,-31.));
#5014=CARTESIAN_POINT('Ctrl Pts',(38.9531585845687,33.0551324333113,-31.));
#5015=CARTESIAN_POINT('',(36.9327857322816,33.8717641385281,-30.6399680847836));
#5016=CARTESIAN_POINT('Ctrl Pts',(38.9531585845687,33.0551324333113,-31.));
#5017=CARTESIAN_POINT('Ctrl Pts',(38.9511296100477,33.055970309785,-31.));
#5018=CARTESIAN_POINT('Ctrl Pts',(38.9490988951811,33.0568087011807,-30.9999995656628));
#5019=CARTESIAN_POINT('Ctrl Pts',(38.2589507967731,33.3418471311562,-30.9990326816687));
#5020=CARTESIAN_POINT('Ctrl Pts',(37.5431331834004,33.6305446006253,-30.8852251757781));
#5021=CARTESIAN_POINT('Ctrl Pts',(36.9327857322816,33.8717641385281,-30.6399680847836));
#5022=CARTESIAN_POINT('Origin',(36.2142799520204,33.2128087459512,-31.7799361695672));
#5023=CARTESIAN_POINT('Ctrl Pts',(36.9327857322816,33.8717641385281,-30.6399680847836));
#5024=CARTESIAN_POINT('Ctrl Pts',(36.4712489904596,33.8983797740743,-30.3644530906147));
#5025=CARTESIAN_POINT('Ctrl Pts',(35.452034558732,33.7306212178975,-29.6310226802204));
#5026=CARTESIAN_POINT('Ctrl Pts',(34.6196727135552,33.2319934656431,-28.8228510580424));
#5027=CARTESIAN_POINT('Ctrl Pts',(34.2170409569234,32.8699553016511,-28.3600319152096));
#5028=CARTESIAN_POINT('Ctrl Pts',(36.9863856046634,33.6256749460709,-30.5315001513849));
#5029=CARTESIAN_POINT('Ctrl Pts',(36.5630037159611,33.628266230715,-30.2645701943202));
#5030=CARTESIAN_POINT('Ctrl Pts',(35.628429149512,33.4177444272754,-29.5568414892395));
#5031=CARTESIAN_POINT('Ctrl Pts',(34.8785775370544,32.8994478978954,-28.7875719302028));
#5032=CARTESIAN_POINT('Ctrl Pts',(34.5258969989554,32.5362005128727,-28.352779433893));
#5033=CARTESIAN_POINT('Ctrl Pts',(37.0153459402332,33.1363213736393,-30.4446152752966));
#5034=CARTESIAN_POINT('Ctrl Pts',(36.646130696029,33.0852808957068,-30.2130638996859));
#5035=CARTESIAN_POINT('Ctrl Pts',(35.8275000340276,32.7680599423819,-29.6042915627621));
#5036=CARTESIAN_POINT('Ctrl Pts',(35.1793006378548,32.1756153590037,-28.9717679690235));
#5037=CARTESIAN_POINT('Ctrl Pts',(34.8788194992307,31.7842971665703,-28.6345489916948));
#5038=CARTESIAN_POINT('Ctrl Pts',(36.924257824438,32.6681894443296,-30.5586171347345));
#5039=CARTESIAN_POINT('Ctrl Pts',(36.5735567371906,32.5791893158861,-30.3911723853006));
#5040=CARTESIAN_POINT('Ctrl Pts',(35.7611131888331,32.2040091991471,-29.9508732332793));
#5041=CARTESIAN_POINT('Ctrl Pts',(35.0453019785496,31.6092531496746,-29.4904026880966));
#5042=CARTESIAN_POINT('Ctrl Pts',(34.6823633980899,31.2281402694467,-29.2407180361609));
#5043=CARTESIAN_POINT('Ctrl Pts',(36.8666300528486,32.4883005599213,-30.6399680847836));
#5044=CARTESIAN_POINT('Ctrl Pts',(36.5172359356786,32.3904574453572,-30.5022105876988));
#5045=CARTESIAN_POINT('Ctrl Pts',(35.6884379157567,32.0115780508807,-30.135495382502));
#5046=CARTESIAN_POINT('Ctrl Pts',(34.9200400373859,31.4421452767055,-29.731409571413));
#5047=CARTESIAN_POINT('Ctrl Pts',(34.5176622734999,31.0798427107663,-29.4999999999966));
#5048=CARTESIAN_POINT('',(34.2170409569234,32.8699553016511,-28.3600319152096));
#5049=CARTESIAN_POINT('',(34.5176622735,31.0798427107663,-29.4999999999983));
#5050=CARTESIAN_POINT('Origin',(33.5139663639617,32.1945599489824,-29.4999999999932));
#5051=CARTESIAN_POINT('Ctrl Pts',(34.5176622734999,31.0798427107663,-29.4999999999966));
#5052=CARTESIAN_POINT('Ctrl Pts',(34.9200400373859,31.4421452767055,-29.731409571413));
#5053=CARTESIAN_POINT('Ctrl Pts',(35.6884379157567,32.0115780508807,-30.135495382502));
#5054=CARTESIAN_POINT('Ctrl Pts',(36.5172359356786,32.3904574453572,-30.5022105876988));
#5055=CARTESIAN_POINT('Ctrl Pts',(36.8666300528486,32.4883005599213,-30.6399680847836));
#5056=CARTESIAN_POINT('Ctrl Pts',(36.9327857322816,33.8717641385281,-30.6399680847836));
#5057=CARTESIAN_POINT('Ctrl Pts',(36.4712489904596,33.8983797740743,-30.3644530906147));
#5058=CARTESIAN_POINT('Ctrl Pts',(35.452034558732,33.7306212178975,-29.6310226802204));
#5059=CARTESIAN_POINT('Ctrl Pts',(34.6196727135552,33.2319934656431,-28.8228510580424));
#5060=CARTESIAN_POINT('Ctrl Pts',(34.2170409569234,32.8699553016511,-28.3600319152096));
#5061=CARTESIAN_POINT('Ctrl Pts',(27.8385234623797,25.0659191128069,-21.8185440677252));
#5062=CARTESIAN_POINT('Ctrl Pts',(30.0650486447067,27.0706913917052,-24.3788001587809));
#5063=CARTESIAN_POINT('Ctrl Pts',(32.2914001043014,29.0753072499527,-26.9393298006316));
#5064=CARTESIAN_POINT('Ctrl Pts',(34.5176622734999,31.0798427107663,-29.4999999999932));
#5065=CARTESIAN_POINT('Ctrl Pts',(28.0587829133423,25.2642416132485,-21.4717019418601));
#5066=CARTESIAN_POINT('Ctrl Pts',(30.2850137446516,27.268783819404,-24.0324387892688));
#5067=CARTESIAN_POINT('Ctrl Pts',(32.5111951478083,29.2731890379583,-26.59331014737));
#5068=CARTESIAN_POINT('Ctrl Pts',(34.7372637729525,31.2775727890073,-29.1542907148793));
#5069=CARTESIAN_POINT('Ctrl Pts',(28.179001212307,25.8970975976116,-20.8716052525582));
#5070=CARTESIAN_POINT('Ctrl Pts',(30.4055387746515,27.9004230359497,-23.4331046626604));
#5071=CARTESIAN_POINT('Ctrl Pts',(32.6318761014274,29.903929377008,-25.9945952640564));
#5072=CARTESIAN_POINT('Ctrl Pts',(34.858138506791,31.9075197912206,-28.5560684401371));
#5073=CARTESIAN_POINT('Ctrl Pts',(27.7658312543735,26.611122232838,-20.6718113799767));
#5074=CARTESIAN_POINT('Ctrl Pts',(29.9939017893234,28.6136580591074,-23.2326217182795));
#5075=CARTESIAN_POINT('Ctrl Pts',(32.2214269272992,30.6165670102822,-25.7935639590276));
#5076=CARTESIAN_POINT('Ctrl Pts',(34.4486829884469,32.6196392100673,-28.3545925542219));
#5077=CARTESIAN_POINT('Ctrl Pts',(27.532654952262,26.861451807878,-20.6785759829416));
#5078=CARTESIAN_POINT('Ctrl Pts',(29.7613570099296,28.863992816551,-23.2388320739973));
#5079=CARTESIAN_POINT('Ctrl Pts',(31.989373505195,30.8668827150471,-25.799361715848));
#5080=CARTESIAN_POINT('Ctrl Pts',(34.2170409569235,32.8699553016511,-28.3600319152096));
#5081=CARTESIAN_POINT('',(27.532654952262,26.861451807878,-20.6785759829416));
#5082=CARTESIAN_POINT('Ctrl Pts',(34.2170409569235,32.8699553016511,-28.3600319152096));
#5083=CARTESIAN_POINT('Ctrl Pts',(31.989373505195,30.8668827150471,-25.799361715848));
#5084=CARTESIAN_POINT('Ctrl Pts',(29.7613570099296,28.863992816551,-23.2388320739973));
#5085=CARTESIAN_POINT('Ctrl Pts',(27.532654952262,26.861451807878,-20.6785759829416));
#5086=CARTESIAN_POINT('',(27.8385234623582,25.0659191127876,-21.81854406773));
#5087=CARTESIAN_POINT('Origin',(26.8348275528414,26.180636351023,-21.8185440677252));
#5088=CARTESIAN_POINT('Ctrl Pts',(27.8385234623797,25.0659191128069,-21.8185440677252));
#5089=CARTESIAN_POINT('Ctrl Pts',(30.0650486447067,27.0706913917052,-24.3788001587809));
#5090=CARTESIAN_POINT('Ctrl Pts',(32.2914001043014,29.0753072499527,-26.9393298006316));
#5091=CARTESIAN_POINT('Ctrl Pts',(34.5176622734999,31.0798427107663,-29.4999999999932));
#5092=CARTESIAN_POINT('Ctrl Pts',(27.5326549522201,26.8614518078403,-20.6785759828934));
#5093=CARTESIAN_POINT('Ctrl Pts',(27.0488118746493,26.426707468076,-20.1227537355005));
#5094=CARTESIAN_POINT('Ctrl Pts',(26.409732395511,25.5208012978992,-19.1889080057393));
#5095=CARTESIAN_POINT('Ctrl Pts',(26.1680538620356,24.092553831323,-18.1987250642342));
#5096=CARTESIAN_POINT('Ctrl Pts',(26.3955163285719,23.0307629308352,-17.7383625682851));
#5097=CARTESIAN_POINT('Ctrl Pts',(26.690436355072,22.516719522704,-17.6451574374784));
#5098=CARTESIAN_POINT('Ctrl Pts',(26.8777235110311,22.2908940178588,-17.6451574374784));
#5099=CARTESIAN_POINT('Ctrl Pts',(27.8435566883686,26.5276790411192,-20.6695565122729));
#5100=CARTESIAN_POINT('Ctrl Pts',(27.3616350249632,26.1496976484675,-20.1508426377779));
#5101=CARTESIAN_POINT('Ctrl Pts',(26.7041873791612,25.3362289662114,-19.2618767015337));
#5102=CARTESIAN_POINT('Ctrl Pts',(26.402237360193,24.0270568660726,-18.3101369595753));
#5103=CARTESIAN_POINT('Ctrl Pts',(26.5693666537774,23.055477820023,-17.8654991346773));
#5104=CARTESIAN_POINT('Ctrl Pts',(26.8268886700739,22.5898704239639,-17.7749176941192));
#5105=CARTESIAN_POINT('Ctrl Pts',(26.994406799383,22.387664669333,-17.7748000858084));
#5106=CARTESIAN_POINT('Ctrl Pts',(28.2001561892715,25.7732360479088,-20.9501958719583));
#5107=CARTESIAN_POINT('Ctrl Pts',(27.7615933291158,25.523765720404,-20.4359200948598));
#5108=CARTESIAN_POINT('Ctrl Pts',(27.1195002705048,24.9177096277867,-19.5492819439829));
#5109=CARTESIAN_POINT('Ctrl Pts',(26.7562109114217,23.8601423992492,-18.5937367019345));
#5110=CARTESIAN_POINT('Ctrl Pts',(26.8358074032604,23.0652178993768,-18.1467635064246));
#5111=CARTESIAN_POINT('Ctrl Pts',(27.0304288989349,22.6881949792742,-18.0556633645234));
#5112=CARTESIAN_POINT('Ctrl Pts',(27.1631951487725,22.5276483701902,-18.0552399296708));
#5113=CARTESIAN_POINT('Ctrl Pts',(28.0037180505567,25.2146609880964,-21.5584124732786));
#5114=CARTESIAN_POINT('Ctrl Pts',(27.6759584717291,24.9848079676366,-20.980524000027));
#5115=CARTESIAN_POINT('Ctrl Pts',(27.2006132079479,24.4737637116365,-20.0063137495593));
#5116=CARTESIAN_POINT('Ctrl Pts',(26.9311318658368,23.633262717752,-18.9721119215981));
#5117=CARTESIAN_POINT('Ctrl Pts',(26.9946454178978,23.0129732093285,-18.4902633736395));
#5118=CARTESIAN_POINT('Ctrl Pts',(27.1447662184351,22.721290786488,-18.391753580099));
#5119=CARTESIAN_POINT('Ctrl Pts',(27.2472511574494,22.5973597644686,-18.3909628553679));
#5120=CARTESIAN_POINT('Ctrl Pts',(27.8385234623338,25.0659191127656,-21.8185440676779));
#5121=CARTESIAN_POINT('Ctrl Pts',(27.5567795479988,24.8122357528434,-21.2174663639885));
#5122=CARTESIAN_POINT('Ctrl Pts',(27.168279233435,24.3005657200549,-20.2085154135666));
#5123=CARTESIAN_POINT('Ctrl Pts',(26.9681598574199,23.5309814863607,-19.1395620996484));
#5124=CARTESIAN_POINT('Ctrl Pts',(27.0399654793834,22.9799335250775,-18.641501879692));
#5125=CARTESIAN_POINT('Ctrl Pts',(27.175269452627,22.7229250921093,-18.5394676980863));
#5126=CARTESIAN_POINT('Ctrl Pts',(27.2661818990497,22.6130598721997,-18.5385270413039));
#5127=CARTESIAN_POINT('',(26.2831919531856,23.6143656540193,-18.0000000010959));
#5128=CARTESIAN_POINT('',(27.2661818990497,22.6130598721997,-18.5385270413039));
#5129=CARTESIAN_POINT('Ctrl Pts',(27.2661818990497,22.6130598721997,-18.5385270413039));
#5130=CARTESIAN_POINT('Ctrl Pts',(27.2649784377834,22.6140988419137,-18.5369484929594));
#5131=CARTESIAN_POINT('Ctrl Pts',(27.2637732788264,22.6151405031074,-18.5353730376547));
#5132=CARTESIAN_POINT('Ctrl Pts',(27.1974710493114,22.6725151177941,-18.4489911752123));
#5133=CARTESIAN_POINT('Ctrl Pts',(27.1282643815659,22.7359795521981,-18.3743472286997));
#5134=CARTESIAN_POINT('Ctrl Pts',(26.9795878718242,22.8783066366521,-18.2426799668002));
#5135=CARTESIAN_POINT('Ctrl Pts',(26.9008513380322,22.9566186895584,-18.1870852365393));
#5136=CARTESIAN_POINT('Ctrl Pts',(26.6454820715882,23.2176919651124,-18.0455375012999));
#5137=CARTESIAN_POINT('Ctrl Pts',(26.4628374716544,23.4144171253228,-18.));
#5138=CARTESIAN_POINT('Ctrl Pts',(26.2831919540457,23.6143656521032,-18.));
#5139=CARTESIAN_POINT('Ctrl Pts',(27.2661818990497,22.6130598721997,-18.5385270413039));
#5140=CARTESIAN_POINT('Ctrl Pts',(27.175269452627,22.7229250921093,-18.5394676980863));
#5141=CARTESIAN_POINT('Ctrl Pts',(27.0399654793834,22.9799335250775,-18.641501879692));
#5142=CARTESIAN_POINT('Ctrl Pts',(26.9681598574199,23.5309814863607,-19.1395620996484));
#5143=CARTESIAN_POINT('Ctrl Pts',(27.168279233435,24.3005657200549,-20.2085154135666));
#5144=CARTESIAN_POINT('Ctrl Pts',(27.5567795479988,24.8122357528434,-21.2174663639885));
#5145=CARTESIAN_POINT('Ctrl Pts',(27.8385234623338,25.0659191127656,-21.8185440676779));
#5146=CARTESIAN_POINT('Ctrl Pts',(27.5326549522201,26.8614518078403,-20.6785759828934));
#5147=CARTESIAN_POINT('Ctrl Pts',(27.0488118746493,26.426707468076,-20.1227537355005));
#5148=CARTESIAN_POINT('Ctrl Pts',(26.409732395511,25.5208012978992,-19.1889080057393));
#5149=CARTESIAN_POINT('Ctrl Pts',(26.1977519177536,24.2680604112062,-18.3204011922086));
#5150=CARTESIAN_POINT('Ctrl Pts',(26.2724001215197,23.6826710411548,-18.0322138022776));
#5151=CARTESIAN_POINT('Ctrl Pts',(26.2835359038022,23.6143175527848,-18.0002224942095));
#5152=CARTESIAN_POINT('Origin',(-1.69318704635666E-30,-8.88178419700125E-15,
-24.5));
#5153=CARTESIAN_POINT('',(33.8717641385272,36.9327857322839,-30.6399680847855));
#5154=CARTESIAN_POINT('Origin',(4.44089209850063E-15,-1.55431223447522E-14,
-30.6399680847836));
#5155=CARTESIAN_POINT('',(32.8699553016489,34.217040956921,-28.3600319152068));
#5156=CARTESIAN_POINT('Ctrl Pts',(32.8699553016489,34.217040956921,-28.3600319152068));
#5157=CARTESIAN_POINT('Ctrl Pts',(33.2319971162174,34.61967677345,-28.8228557248308));
#5158=CARTESIAN_POINT('Ctrl Pts',(33.7306632027436,35.4521680616466,-29.6311303352464));
#5159=CARTESIAN_POINT('Ctrl Pts',(33.8983800424507,36.4712443366025,-30.3644503124885));
#5160=CARTESIAN_POINT('Ctrl Pts',(33.8717641385279,36.9327857322848,-30.6399680847855));
#5161=CARTESIAN_POINT('',(26.861451807844,27.5326549522242,-20.6785759828982));
#5162=CARTESIAN_POINT('Ctrl Pts',(26.8614518078421,27.5326549522221,-20.6785759828957));
#5163=CARTESIAN_POINT('Ctrl Pts',(28.8639928165263,29.7613570099021,-23.2388320739657));
#5164=CARTESIAN_POINT('Ctrl Pts',(30.8668827150336,31.98937350518,-25.7993617158308));
#5165=CARTESIAN_POINT('Ctrl Pts',(32.8699553016489,34.217040956921,-28.3600319152068));
#5166=CARTESIAN_POINT('',(23.6143656578579,26.2831919514623,-18.0000000032915));
#5167=CARTESIAN_POINT('Ctrl Pts',(23.6143175569169,26.283535903129,-18.0002224961435));
#5168=CARTESIAN_POINT('Ctrl Pts',(23.6826710438945,26.2724001211703,-18.0322138036263));
#5169=CARTESIAN_POINT('Ctrl Pts',(24.2680604124681,26.1977519179668,-18.3204011930832));
#5170=CARTESIAN_POINT('Ctrl Pts',(25.5208012979027,26.4097323955123,-19.1889080057421));
#5171=CARTESIAN_POINT('Ctrl Pts',(26.4267074680799,27.0488118746522,-20.1227537355045));
#5172=CARTESIAN_POINT('Ctrl Pts',(26.861451807844,27.5326549522242,-20.6785759828982));
#5173=CARTESIAN_POINT('Origin',(0.,0.,-18.));
#5174=CARTESIAN_POINT('Origin',(-1.69318704635666E-30,-8.88178419700125E-15,
-29.5));
#5175=CARTESIAN_POINT('',(33.0551324333113,38.9531585845687,-31.));
#5176=CARTESIAN_POINT('Origin',(-1.69318704635666E-30,-8.88178419700125E-15,
-31.));
#5177=CARTESIAN_POINT('Ctrl Pts',(33.8717641385269,36.9327857322847,-30.6399680847848));
#5178=CARTESIAN_POINT('Ctrl Pts',(33.6305445559732,37.5431332963818,-30.8852252211771));
#5179=CARTESIAN_POINT('Ctrl Pts',(33.3418760752191,38.2589198273778,-30.9989021176646));
#5180=CARTESIAN_POINT('Ctrl Pts',(33.0568085372813,38.9490992118334,-30.9999998313778));
#5181=CARTESIAN_POINT('Ctrl Pts',(33.0559702558667,38.9511297406051,-31.));
#5182=CARTESIAN_POINT('Ctrl Pts',(33.0551324333113,38.9531585845687,-31.));
#5183=CARTESIAN_POINT('Ctrl Pts',(22.2908940178588,26.8777235110311,-17.6451574374784));
#5184=CARTESIAN_POINT('Ctrl Pts',(22.5167195227043,26.6904363550719,-17.6451574374784));
#5185=CARTESIAN_POINT('Ctrl Pts',(23.0307629308362,26.3955163285714,-17.7383625682853));
#5186=CARTESIAN_POINT('Ctrl Pts',(24.0925538313252,26.1680538620355,-18.1987250642354));
#5187=CARTESIAN_POINT('Ctrl Pts',(25.5208012979027,26.4097323955123,-19.1889080057421));
#5188=CARTESIAN_POINT('Ctrl Pts',(26.4267074680799,27.0488118746522,-20.1227537355045));
#5189=CARTESIAN_POINT('Ctrl Pts',(26.861451807844,27.5326549522242,-20.6785759828982));
#5190=CARTESIAN_POINT('Ctrl Pts',(22.387664669333,26.994406799383,-17.7748000858084));
#5191=CARTESIAN_POINT('Ctrl Pts',(22.5898704239641,26.8268886700737,-17.7749176941192));
#5192=CARTESIAN_POINT('Ctrl Pts',(23.055477820024,26.569366653777,-17.8654991346775));
#5193=CARTESIAN_POINT('Ctrl Pts',(24.0270568660745,26.402237360193,-18.3101369595765));
#5194=CARTESIAN_POINT('Ctrl Pts',(25.3362289662146,26.7041873791625,-19.2618767015365));
#5195=CARTESIAN_POINT('Ctrl Pts',(26.1496976484709,27.3616350249662,-20.1508426377817));
#5196=CARTESIAN_POINT('Ctrl Pts',(26.5276790411224,27.8435566883727,-20.6695565122773));
#5197=CARTESIAN_POINT('Ctrl Pts',(22.5276483701903,27.1631951487725,-18.0552399296708));
#5198=CARTESIAN_POINT('Ctrl Pts',(22.6881949792743,27.0304288989348,-18.0556633645235));
#5199=CARTESIAN_POINT('Ctrl Pts',(23.0652178993776,26.8358074032601,-18.1467635064249));
#5200=CARTESIAN_POINT('Ctrl Pts',(23.8601423992508,26.7562109114219,-18.5937367019357));
#5201=CARTESIAN_POINT('Ctrl Pts',(24.9177096277893,27.1195002705063,-19.5492819439856));
#5202=CARTESIAN_POINT('Ctrl Pts',(25.5237657204064,27.7615933291186,-20.4359200948636));
#5203=CARTESIAN_POINT('Ctrl Pts',(25.7732360479109,28.2001561892752,-20.9501958719627));
#5204=CARTESIAN_POINT('Ctrl Pts',(22.5973597644686,27.2472511574494,-18.3909628553679));
#5205=CARTESIAN_POINT('Ctrl Pts',(22.7212907864881,27.144766218435,-18.391753580099));
#5206=CARTESIAN_POINT('Ctrl Pts',(23.0129732093292,26.9946454178975,-18.4902633736398));
#5207=CARTESIAN_POINT('Ctrl Pts',(23.6332627177532,26.9311318658369,-18.9721119215993));
#5208=CARTESIAN_POINT('Ctrl Pts',(24.4737637116386,27.2006132079489,-20.0063137495622));
#5209=CARTESIAN_POINT('Ctrl Pts',(24.9848079676387,27.6759584717312,-20.9805240000312));
#5210=CARTESIAN_POINT('Ctrl Pts',(25.2146609880983,28.0037180505595,-21.5584124732835));
#5211=CARTESIAN_POINT('Ctrl Pts',(22.6130598721997,27.2661818990497,-18.5385270413039));
#5212=CARTESIAN_POINT('Ctrl Pts',(22.7229250921094,27.1752694526269,-18.5394676980864));
#5213=CARTESIAN_POINT('Ctrl Pts',(22.9799335250781,27.0399654793832,-18.6415018796923));
#5214=CARTESIAN_POINT('Ctrl Pts',(23.5309814863617,26.96815985742,-19.1395620996497));
#5215=CARTESIAN_POINT('Ctrl Pts',(24.3005657200568,27.1682792334358,-20.2085154135697));
#5216=CARTESIAN_POINT('Ctrl Pts',(24.8122357528455,27.5567795480004,-21.2174663639929));
#5217=CARTESIAN_POINT('Ctrl Pts',(25.0659191127678,27.8385234623362,-21.818544067683));
#5218=CARTESIAN_POINT('',(22.6130598721997,27.2661818990497,-18.5385270413039));
#5219=CARTESIAN_POINT('Ctrl Pts',(23.6143656521032,26.2831919540457,-18.));
#5220=CARTESIAN_POINT('Ctrl Pts',(23.5542965942052,26.3371615289764,-18.));
#5221=CARTESIAN_POINT('Ctrl Pts',(23.4945036666337,26.3914300953255,-18.0041088203006));
#5222=CARTESIAN_POINT('Ctrl Pts',(23.2658422906145,26.6012908979339,-18.0365690466729));
#5223=CARTESIAN_POINT('Ctrl Pts',(23.1016861581124,26.7568446765812,-18.0958162209277));
#5224=CARTESIAN_POINT('Ctrl Pts',(22.8141668190735,27.0437665096043,-18.2858073048221));
#5225=CARTESIAN_POINT('Ctrl Pts',(22.7040577150503,27.1610203553134,-18.4015013870176));
#5226=CARTESIAN_POINT('Ctrl Pts',(22.6151405032158,27.2637732787015,-18.5353730374933));
#5227=CARTESIAN_POINT('Ctrl Pts',(22.6140988418163,27.2649784378963,-18.5369484931075));
#5228=CARTESIAN_POINT('Ctrl Pts',(22.6130598721997,27.2661818990497,-18.5385270413039));
#5229=CARTESIAN_POINT('',(25.0659191127652,27.8385234623333,-21.8185440676837));
#5230=CARTESIAN_POINT('Origin',(26.180636350989,26.8348275528036,-21.8185440676817));
#5231=CARTESIAN_POINT('Ctrl Pts',(25.0659191127678,27.8385234623362,-21.818544067683));
#5232=CARTESIAN_POINT('Ctrl Pts',(24.8122357528455,27.5567795480004,-21.2174663639929));
#5233=CARTESIAN_POINT('Ctrl Pts',(24.3005657200568,27.1682792334358,-20.2085154135697));
#5234=CARTESIAN_POINT('Ctrl Pts',(23.5309814863617,26.96815985742,-19.1395620996497));
#5235=CARTESIAN_POINT('Ctrl Pts',(22.9799335250781,27.0399654793832,-18.6415018796923));
#5236=CARTESIAN_POINT('Ctrl Pts',(22.7229250921094,27.1752694526269,-18.5394676980864));
#5237=CARTESIAN_POINT('Ctrl Pts',(22.6130598721997,27.2661818990497,-18.5385270413039));
#5238=CARTESIAN_POINT('Ctrl Pts',(26.8614518078421,27.5326549522221,-20.6785759828957));
#5239=CARTESIAN_POINT('Ctrl Pts',(28.8639928165263,29.7613570099021,-23.2388320739657));
#5240=CARTESIAN_POINT('Ctrl Pts',(30.8668827150336,31.98937350518,-25.7993617158308));
#5241=CARTESIAN_POINT('Ctrl Pts',(32.8699553016489,34.217040956921,-28.3600319152068));
#5242=CARTESIAN_POINT('Ctrl Pts',(26.5276790411221,27.8435566883707,-20.6695565122759));
#5243=CARTESIAN_POINT('Ctrl Pts',(28.5302132474144,30.0713975826139,-23.2305685060082));
#5244=CARTESIAN_POINT('Ctrl Pts',(30.533128342009,32.2987904408308,-25.7916205129932));
#5245=CARTESIAN_POINT('Ctrl Pts',(32.5362005128705,34.5258969989522,-28.3527794338898));
#5246=CARTESIAN_POINT('Ctrl Pts',(25.7732452554553,28.2000994253283,-20.9502380268586));
#5247=CARTESIAN_POINT('Ctrl Pts',(27.7768348640666,30.4264673127915,-23.5116680125301));
#5248=CARTESIAN_POINT('Ctrl Pts',(29.780532709405,32.6526789271932,-26.0731114403825));
#5249=CARTESIAN_POINT('Ctrl Pts',(31.7842950764187,34.8788321638168,-28.6345396172231));
#5250=CARTESIAN_POINT('Ctrl Pts',(25.2146609881022,28.0037180505617,-21.5584124732804));
#5251=CARTESIAN_POINT('Ctrl Pts',(27.2192592119025,30.2300372747686,-24.1190171851389));
#5252=CARTESIAN_POINT('Ctrl Pts',(29.2237195791983,32.4562368179977,-26.6798227335956));
#5253=CARTESIAN_POINT('Ctrl Pts',(31.2281402694448,34.6823633980868,-29.2407180361549));
#5254=CARTESIAN_POINT('Ctrl Pts',(25.065919112771,27.8385234623397,-21.8185440676793));
#5255=CARTESIAN_POINT('Ctrl Pts',(27.0706913916805,30.0650486446792,-24.3788001587493));
#5256=CARTESIAN_POINT('Ctrl Pts',(29.0753072499392,32.2914001042864,-26.9393298006144));
#5257=CARTESIAN_POINT('Ctrl Pts',(31.0798427107641,34.5176622734974,-29.4999999999904));
#5258=CARTESIAN_POINT('',(31.0798427107641,34.5176622734975,-29.4999999999952));
#5259=CARTESIAN_POINT('Origin',(32.1945599489802,33.5139663639592,-29.4999999999904));
#5260=CARTESIAN_POINT('Ctrl Pts',(31.0798427107641,34.5176622734974,-29.4999999999904));
#5261=CARTESIAN_POINT('Ctrl Pts',(29.0753072499392,32.2914001042864,-26.9393298006144));
#5262=CARTESIAN_POINT('Ctrl Pts',(27.0706913916805,30.0650486446792,-24.3788001587493));
#5263=CARTESIAN_POINT('Ctrl Pts',(25.065919112771,27.8385234623397,-21.8185440676793));
#5264=CARTESIAN_POINT('Ctrl Pts',(32.8699553016489,34.217040956921,-28.3600319152068));
#5265=CARTESIAN_POINT('Ctrl Pts',(33.2319971162174,34.61967677345,-28.8228557248308));
#5266=CARTESIAN_POINT('Ctrl Pts',(33.7306632027436,35.4521680616466,-29.6311303352464));
#5267=CARTESIAN_POINT('Ctrl Pts',(33.8983800424507,36.4712443366025,-30.3644503124885));
#5268=CARTESIAN_POINT('Ctrl Pts',(33.8717641385279,36.9327857322848,-30.6399680847855));
#5269=CARTESIAN_POINT('Ctrl Pts',(32.5362005128705,34.5258969989532,-28.3527794338903));
#5270=CARTESIAN_POINT('Ctrl Pts',(32.8994515606627,34.8785810932714,-28.7875763143874));
#5271=CARTESIAN_POINT('Ctrl Pts',(33.4177911432815,35.6285505913039,-29.5569450046344));
#5272=CARTESIAN_POINT('Ctrl Pts',(33.6282662568443,36.5629994468347,-30.2645675027605));
#5273=CARTESIAN_POINT('Ctrl Pts',(33.6256749460709,36.9863856046663,-30.5315001513867));
#5274=CARTESIAN_POINT('Ctrl Pts',(31.7842971665679,34.8788194992288,-28.6345489916927));
#5275=CARTESIAN_POINT('Ctrl Pts',(32.17561930482,35.1793036677247,-28.9717713693358));
#5276=CARTESIAN_POINT('Ctrl Pts',(32.7681199769431,35.8276061837312,-29.6043787475795));
#5277=CARTESIAN_POINT('Ctrl Pts',(33.0852803810459,36.6461269730866,-30.2130615648625));
#5278=CARTESIAN_POINT('Ctrl Pts',(33.1363213736397,37.0153459402358,-30.4446152752982));
#5279=CARTESIAN_POINT('Ctrl Pts',(31.2281402694444,34.6823633980877,-29.2407180361593));
#5280=CARTESIAN_POINT('Ctrl Pts',(31.6092569925867,35.0453056382027,-29.4904052057657));
#5281=CARTESIAN_POINT('Ctrl Pts',(32.204074396086,35.7612224613875,-29.9509364466571));
#5282=CARTESIAN_POINT('Ctrl Pts',(32.579188418463,36.5735532009341,-30.3911706968898));
#5283=CARTESIAN_POINT('Ctrl Pts',(32.6681894443302,36.9242578244405,-30.5586171347357));
#5284=CARTESIAN_POINT('Ctrl Pts',(31.0798427107641,34.5176622734975,-29.4999999999952));
#5285=CARTESIAN_POINT('Ctrl Pts',(31.4421489299457,34.9200440947199,-29.7314119048073));
#5286=CARTESIAN_POINT('Ctrl Pts',(32.0116420673276,35.6885515422198,-30.135549210015));
#5287=CARTESIAN_POINT('Ctrl Pts',(32.3904564587668,36.517232412601,-30.5022091986364));
#5288=CARTESIAN_POINT('Ctrl Pts',(32.488300559922,36.866630052851,-30.6399680847845));
#5289=CARTESIAN_POINT('',(32.488300559922,36.866630052851,-30.6399680847845));
#5290=CARTESIAN_POINT('Origin',(33.212808745951,36.2142799520236,-31.7799361695691));
#5291=CARTESIAN_POINT('Ctrl Pts',(32.488300559922,36.866630052851,-30.6399680847845));
#5292=CARTESIAN_POINT('Ctrl Pts',(32.3904564587668,36.517232412601,-30.5022091986364));
#5293=CARTESIAN_POINT('Ctrl Pts',(32.0116420673276,35.6885515422198,-30.135549210015));
#5294=CARTESIAN_POINT('Ctrl Pts',(31.4421489299457,34.9200440947199,-29.7314119048073));
#5295=CARTESIAN_POINT('Ctrl Pts',(31.0798427107641,34.5176622734975,-29.4999999999952));
#5296=CARTESIAN_POINT('Ctrl Pts',(33.0551324333113,38.9531585845687,-31.));
#5297=CARTESIAN_POINT('Ctrl Pts',(33.054573354202,38.9510359482332,-31.));
#5298=CARTESIAN_POINT('Ctrl Pts',(33.0540136822836,38.9489119094868,-30.9999998313778));
#5299=CARTESIAN_POINT('Ctrl Pts',(32.8638498660326,38.2267465482344,-30.998902117664));
#5300=CARTESIAN_POINT('Ctrl Pts',(32.6624959583696,37.4886753314254,-30.8852252211771));
#5301=CARTESIAN_POINT('Ctrl Pts',(32.4883005599222,36.8666300528518,-30.6399680847848));
#5302=CARTESIAN_POINT('Ctrl Pts',(33.0551324333113,38.9531585845687,-31.));
#5303=CARTESIAN_POINT('Ctrl Pts',(33.0550378969945,38.9510702409604,-31.0001495352795));
#5304=CARTESIAN_POINT('Ctrl Pts',(33.0549456806898,38.9489714074904,-30.9998576700526));
#5305=CARTESIAN_POINT('Ctrl Pts',(33.0236716697221,38.2376876231985,-31.0031379164264));
#5306=CARTESIAN_POINT('Ctrl Pts',(32.9828017022854,37.5064136415697,-30.794746716569));
#5307=CARTESIAN_POINT('Ctrl Pts',(32.9080412902077,37.0010948532265,-30.4501492013375));
#5308=CARTESIAN_POINT('Ctrl Pts',(33.0551324333113,38.9531585845687,-31.));
#5309=CARTESIAN_POINT('Ctrl Pts',(33.0555146536585,38.9510945409663,-31.0001495352795));
#5310=CARTESIAN_POINT('Ctrl Pts',(33.0558680523236,38.9490403528392,-30.9998576700526));
#5311=CARTESIAN_POINT('Ctrl Pts',(33.182362876495,38.2481961830733,-31.003137916427));
#5312=CARTESIAN_POINT('Ctrl Pts',(33.3091608199677,37.5249130626164,-30.794746716569));
#5313=CARTESIAN_POINT('Ctrl Pts',(33.4411080517273,37.0265855089523,-30.4501492013375));
#5314=CARTESIAN_POINT('Ctrl Pts',(33.0551324333113,38.9531585845687,-31.));
#5315=CARTESIAN_POINT('Ctrl Pts',(33.0559702558667,38.9511297406051,-31.));
#5316=CARTESIAN_POINT('Ctrl Pts',(33.0568085372813,38.9490992118334,-30.9999998313778));
#5317=CARTESIAN_POINT('Ctrl Pts',(33.3418760752191,38.2589198273778,-30.9989021176646));
#5318=CARTESIAN_POINT('Ctrl Pts',(33.6305445559732,37.5431332963818,-30.8852252211771));
#5319=CARTESIAN_POINT('Ctrl Pts',(33.8717641385269,36.9327857322847,-30.6399680847848));
#5320=CARTESIAN_POINT('Ctrl Pts',(33.0551324333113,38.9531585845687,-31.));
#5321=CARTESIAN_POINT('Ctrl Pts',(33.054573354202,38.9510359482332,-31.));
#5322=CARTESIAN_POINT('Ctrl Pts',(33.0540136822836,38.9489119094868,-30.9999998313778));
#5323=CARTESIAN_POINT('Ctrl Pts',(32.8638498660326,38.2267465482344,-30.998902117664));
#5324=CARTESIAN_POINT('Ctrl Pts',(32.6624959583696,37.4886753314254,-30.8852252211771));
#5325=CARTESIAN_POINT('Ctrl Pts',(32.4883005599222,36.8666300528518,-30.6399680847848));
#5326=CARTESIAN_POINT('Ctrl Pts',(-26.8777235110311,22.2908940178588,-17.6451574374784));
#5327=CARTESIAN_POINT('Ctrl Pts',(-26.6904363550717,22.5167195227044,-17.6451574374784));
#5328=CARTESIAN_POINT('Ctrl Pts',(-26.3955163285714,23.0307629308362,-17.7383625682853));
#5329=CARTESIAN_POINT('Ctrl Pts',(-26.1680538620354,24.0925538313253,-18.1987250642354));
#5330=CARTESIAN_POINT('Ctrl Pts',(-26.4097323955123,25.5208012979027,-19.1889080057421));
#5331=CARTESIAN_POINT('Ctrl Pts',(-27.0488118746522,26.4267074680799,-20.1227537355045));
#5332=CARTESIAN_POINT('Ctrl Pts',(-27.5326549522242,26.861451807844,-20.6785759828982));
#5333=CARTESIAN_POINT('Ctrl Pts',(-26.994406799383,22.387664669333,-17.7748000858084));
#5334=CARTESIAN_POINT('Ctrl Pts',(-26.8268886700736,22.5898704239642,-17.7749176941192));
#5335=CARTESIAN_POINT('Ctrl Pts',(-26.569366653777,23.0554778200239,-17.8654991346775));
#5336=CARTESIAN_POINT('Ctrl Pts',(-26.402237360193,24.0270568660746,-18.3101369595765));
#5337=CARTESIAN_POINT('Ctrl Pts',(-26.7041873791625,25.3362289662146,-19.2618767015365));
#5338=CARTESIAN_POINT('Ctrl Pts',(-27.3616350249662,26.1496976484709,-20.1508426377817));
#5339=CARTESIAN_POINT('Ctrl Pts',(-27.8435566883727,26.5276790411224,-20.6695565122773));
#5340=CARTESIAN_POINT('Ctrl Pts',(-27.1631951487725,22.5276483701902,-18.0552399296708));
#5341=CARTESIAN_POINT('Ctrl Pts',(-27.0304288989347,22.6881949792745,-18.0556633645235));
#5342=CARTESIAN_POINT('Ctrl Pts',(-26.8358074032602,23.0652178993775,-18.1467635064249));
#5343=CARTESIAN_POINT('Ctrl Pts',(-26.7562109114218,23.8601423992509,-18.5937367019356));
#5344=CARTESIAN_POINT('Ctrl Pts',(-27.1195002705063,24.9177096277893,-19.5492819439857));
#5345=CARTESIAN_POINT('Ctrl Pts',(-27.7615933291186,25.5237657204064,-20.4359200948636));
#5346=CARTESIAN_POINT('Ctrl Pts',(-28.2001561892752,25.7732360479109,-20.9501958719627));
#5347=CARTESIAN_POINT('Ctrl Pts',(-27.2472511574494,22.5973597644686,-18.3909628553679));
#5348=CARTESIAN_POINT('Ctrl Pts',(-27.1447662184349,22.7212907864882,-18.391753580099));
#5349=CARTESIAN_POINT('Ctrl Pts',(-26.9946454178975,23.0129732093291,-18.4902633736398));
#5350=CARTESIAN_POINT('Ctrl Pts',(-26.9311318658369,23.6332627177532,-18.9721119215993));
#5351=CARTESIAN_POINT('Ctrl Pts',(-27.200613207949,24.4737637116386,-20.0063137495623));
#5352=CARTESIAN_POINT('Ctrl Pts',(-27.6759584717312,24.9848079676387,-20.9805240000312));
#5353=CARTESIAN_POINT('Ctrl Pts',(-28.0037180505595,25.2146609880983,-21.5584124732835));
#5354=CARTESIAN_POINT('Ctrl Pts',(-27.2661818990497,22.6130598721997,-18.5385270413039));
#5355=CARTESIAN_POINT('Ctrl Pts',(-27.1752694526268,22.7229250921095,-18.5394676980864));
#5356=CARTESIAN_POINT('Ctrl Pts',(-27.0399654793832,22.979933525078,-18.6415018796923));
#5357=CARTESIAN_POINT('Ctrl Pts',(-26.9681598574199,23.5309814863617,-19.1395620996496));
#5358=CARTESIAN_POINT('Ctrl Pts',(-27.1682792334359,24.3005657200568,-20.2085154135697));
#5359=CARTESIAN_POINT('Ctrl Pts',(-27.5567795480004,24.8122357528455,-21.2174663639929));
#5360=CARTESIAN_POINT('Ctrl Pts',(-27.8385234623362,25.0659191127678,-21.818544067683));
#5361=CARTESIAN_POINT('',(-27.2661818990497,22.6130598721997,-18.5385270413039));
#5362=CARTESIAN_POINT('',(-26.2831919514623,23.6143656578579,-18.0000000032915));
#5363=CARTESIAN_POINT('Ctrl Pts',(-26.2831919540457,23.6143656521032,-18.));
#5364=CARTESIAN_POINT('Ctrl Pts',(-26.3371615289765,23.5542965942051,-18.));
#5365=CARTESIAN_POINT('Ctrl Pts',(-26.3914300953256,23.4945036666337,-18.0041088203006));
#5366=CARTESIAN_POINT('Ctrl Pts',(-26.6012908979339,23.2658422906145,-18.0365690466729));
#5367=CARTESIAN_POINT('Ctrl Pts',(-26.7568446765812,23.1016861581124,-18.0958162209277));
#5368=CARTESIAN_POINT('Ctrl Pts',(-27.0437666084915,22.8141667199803,-18.2858073703023));
#5369=CARTESIAN_POINT('Ctrl Pts',(-27.1610204452657,22.7040576371989,-18.4015015041692));
#5370=CARTESIAN_POINT('Ctrl Pts',(-27.2637732785152,22.6151405033775,-18.5353730372527));
#5371=CARTESIAN_POINT('Ctrl Pts',(-27.2649784380807,22.6140988416571,-18.5369484933494));
#5372=CARTESIAN_POINT('Ctrl Pts',(-27.2661818990497,22.6130598721997,-18.5385270413039));
#5373=CARTESIAN_POINT('',(-27.5326549522242,26.861451807844,-20.6785759828982));
#5374=CARTESIAN_POINT('Ctrl Pts',(-26.283535903129,23.6143175569168,-18.0002224961434));
#5375=CARTESIAN_POINT('Ctrl Pts',(-26.2724001211703,23.6826710438945,-18.0322138036263));
#5376=CARTESIAN_POINT('Ctrl Pts',(-26.1977519179667,24.2680604124682,-18.3204011930832));
#5377=CARTESIAN_POINT('Ctrl Pts',(-26.4097323955123,25.5208012979027,-19.1889080057421));
#5378=CARTESIAN_POINT('Ctrl Pts',(-27.0488118746522,26.4267074680799,-20.1227537355045));
#5379=CARTESIAN_POINT('Ctrl Pts',(-27.5326549522242,26.861451807844,-20.6785759828982));
#5380=CARTESIAN_POINT('',(-27.8385234623333,25.0659191127652,-21.8185440676837));
#5381=CARTESIAN_POINT('Origin',(-26.8348275528036,26.180636350989,-21.8185440676817));
#5382=CARTESIAN_POINT('Ctrl Pts',(-27.8385234623362,25.0659191127678,-21.818544067683));
#5383=CARTESIAN_POINT('Ctrl Pts',(-27.5567795480004,24.8122357528455,-21.2174663639929));
#5384=CARTESIAN_POINT('Ctrl Pts',(-27.1682792334359,24.3005657200568,-20.2085154135697));
#5385=CARTESIAN_POINT('Ctrl Pts',(-26.9681598574199,23.5309814863617,-19.1395620996496));
#5386=CARTESIAN_POINT('Ctrl Pts',(-27.0399654793832,22.979933525078,-18.6415018796923));
#5387=CARTESIAN_POINT('Ctrl Pts',(-27.1752694526268,22.7229250921095,-18.5394676980864));
#5388=CARTESIAN_POINT('Ctrl Pts',(-27.2661818990497,22.6130598721997,-18.5385270413039));
#5389=CARTESIAN_POINT('Ctrl Pts',(-27.5326549522221,26.8614518078421,-20.6785759828957));
#5390=CARTESIAN_POINT('Ctrl Pts',(-29.7613570099022,28.8639928165263,-23.2388320739658));
#5391=CARTESIAN_POINT('Ctrl Pts',(-31.98937350518,30.8668827150336,-25.7993617158308));
#5392=CARTESIAN_POINT('Ctrl Pts',(-34.217040956921,32.8699553016489,-28.3600319152068));
#5393=CARTESIAN_POINT('Ctrl Pts',(-27.8435566883707,26.5276790411221,-20.6695565122759));
#5394=CARTESIAN_POINT('Ctrl Pts',(-30.0713975826139,28.5302132474144,-23.2305685060082));
#5395=CARTESIAN_POINT('Ctrl Pts',(-32.2987904408308,30.533128342009,-25.7916205129932));
#5396=CARTESIAN_POINT('Ctrl Pts',(-34.5258969989522,32.5362005128705,-28.3527794338897));
#5397=CARTESIAN_POINT('Ctrl Pts',(-28.2000994253283,25.7732452554553,-20.9502380268586));
#5398=CARTESIAN_POINT('Ctrl Pts',(-30.4264673127916,27.7768348640666,-23.5116680125301));
#5399=CARTESIAN_POINT('Ctrl Pts',(-32.6526789271932,29.780532709405,-26.0731114403825));
#5400=CARTESIAN_POINT('Ctrl Pts',(-34.8788321638168,31.7842950764187,-28.6345396172231));
#5401=CARTESIAN_POINT('Ctrl Pts',(-28.0037180505617,25.2146609881022,-21.5584124732804));
#5402=CARTESIAN_POINT('Ctrl Pts',(-30.2300372747686,27.2192592119025,-24.1190171851389));
#5403=CARTESIAN_POINT('Ctrl Pts',(-32.4562368179978,29.2237195791983,-26.6798227335956));
#5404=CARTESIAN_POINT('Ctrl Pts',(-34.6823633980869,31.2281402694448,-29.2407180361549));
#5405=CARTESIAN_POINT('Ctrl Pts',(-27.8385234623397,25.065919112771,-21.8185440676793));
#5406=CARTESIAN_POINT('Ctrl Pts',(-30.0650486446792,27.0706913916805,-24.3788001587493));
#5407=CARTESIAN_POINT('Ctrl Pts',(-32.2914001042864,29.0753072499392,-26.9393298006144));
#5408=CARTESIAN_POINT('Ctrl Pts',(-34.5176622734975,31.0798427107641,-29.4999999999904));
#5409=CARTESIAN_POINT('',(-34.217040956921,32.8699553016489,-28.3600319152068));
#5410=CARTESIAN_POINT('',(-34.5176622734975,31.0798427107641,-29.4999999999952));
#5411=CARTESIAN_POINT('Origin',(-33.5139663639592,32.1945599489802,-29.4999999999904));
#5412=CARTESIAN_POINT('Ctrl Pts',(-34.5176622734975,31.0798427107641,-29.4999999999904));
#5413=CARTESIAN_POINT('Ctrl Pts',(-32.2914001042864,29.0753072499392,-26.9393298006144));
#5414=CARTESIAN_POINT('Ctrl Pts',(-30.0650486446792,27.0706913916805,-24.3788001587493));
#5415=CARTESIAN_POINT('Ctrl Pts',(-27.8385234623397,25.065919112771,-21.8185440676793));
#5416=CARTESIAN_POINT('Ctrl Pts',(-27.5326549522221,26.8614518078421,-20.6785759828957));
#5417=CARTESIAN_POINT('Ctrl Pts',(-29.7613570099022,28.8639928165263,-23.2388320739658));
#5418=CARTESIAN_POINT('Ctrl Pts',(-31.98937350518,30.8668827150336,-25.7993617158308));
#5419=CARTESIAN_POINT('Ctrl Pts',(-34.217040956921,32.8699553016489,-28.3600319152068));
#5420=CARTESIAN_POINT('Ctrl Pts',(-34.217040956921,32.8699553016489,-28.3600319152068));
#5421=CARTESIAN_POINT('Ctrl Pts',(-34.5190178193178,33.1414866625752,-28.7071497724248));
#5422=CARTESIAN_POINT('Ctrl Pts',(-35.3188660797889,33.669426059692,-29.5131900744533));
#5423=CARTESIAN_POINT('Ctrl Pts',(-36.3173972047085,33.907252010425,-30.2726110550562));
#5424=CARTESIAN_POINT('Ctrl Pts',(-36.9327857322848,33.8717641385279,-30.6399680847855));
#5425=CARTESIAN_POINT('Ctrl Pts',(-34.5258969989533,32.5362005128705,-28.3527794338904));
#5426=CARTESIAN_POINT('Ctrl Pts',(-34.7904100696919,32.8086387987146,-28.6788770942632));
#5427=CARTESIAN_POINT('Ctrl Pts',(-35.5059816012409,33.352252064058,-29.4441028166289));
#5428=CARTESIAN_POINT('Ctrl Pts',(-36.4218707275573,33.6291300271022,-30.1755899532184));
#5429=CARTESIAN_POINT('Ctrl Pts',(-36.9863856046664,33.6256749460709,-30.5315001513867));
#5430=CARTESIAN_POINT('Ctrl Pts',(-34.8788194992289,31.7842971665679,-28.6345489916928));
#5431=CARTESIAN_POINT('Ctrl Pts',(-35.1041826256007,32.077788770257,-28.887465774925));
#5432=CARTESIAN_POINT('Ctrl Pts',(-35.7209126034626,32.6900595189275,-29.5073671049875));
#5433=CARTESIAN_POINT('Ctrl Pts',(-36.5230539840364,33.0682667168481,-30.135876994717));
#5434=CARTESIAN_POINT('Ctrl Pts',(-37.0153459402358,33.1363213736397,-30.4446152752982));
#5435=CARTESIAN_POINT('Ctrl Pts',(-34.6823633980877,31.2281402694444,-29.2407180361593));
#5436=CARTESIAN_POINT('Ctrl Pts',(-34.9545700781739,31.5139778118011,-29.4279834133641));
#5437=CARTESIAN_POINT('Ctrl Pts',(-35.6487056643574,32.1236994626052,-29.8809432999401));
#5438=CARTESIAN_POINT('Ctrl Pts',(-36.4566516597648,32.5495214098406,-30.3353552176074));
#5439=CARTESIAN_POINT('Ctrl Pts',(-36.9242578244405,32.6681894443303,-30.5586171347357));
#5440=CARTESIAN_POINT('Ctrl Pts',(-34.5176622734975,31.0798427107641,-29.4999999999952));
#5441=CARTESIAN_POINT('Ctrl Pts',(-34.8194486394143,31.3515723751503,-29.6735589286042));
#5442=CARTESIAN_POINT('Ctrl Pts',(-35.5702266344969,31.9338365910902,-30.0765790796184));
#5443=CARTESIAN_POINT('Ctrl Pts',(-36.4007665325169,32.3578417583818,-30.4562895699199));
#5444=CARTESIAN_POINT('Ctrl Pts',(-36.8666300528511,32.488300559922,-30.6399680847845));
#5445=CARTESIAN_POINT('',(-36.932785732284,33.8717641385271,-30.6399680847855));
#5446=CARTESIAN_POINT('',(-36.8666300528511,32.488300559922,-30.6399680847845));
#5447=CARTESIAN_POINT('Origin',(-36.2142799520236,33.212808745951,-31.7799361695691));
#5448=CARTESIAN_POINT('Ctrl Pts',(-36.8666300528511,32.488300559922,-30.6399680847845));
#5449=CARTESIAN_POINT('Ctrl Pts',(-36.4007665325169,32.3578417583818,-30.4562895699199));
#5450=CARTESIAN_POINT('Ctrl Pts',(-35.5702266344969,31.9338365910902,-30.0765790796184));
#5451=CARTESIAN_POINT('Ctrl Pts',(-34.8194486394143,31.3515723751503,-29.6735589286042));
#5452=CARTESIAN_POINT('Ctrl Pts',(-34.5176622734975,31.0798427107641,-29.4999999999952));
#5453=CARTESIAN_POINT('Ctrl Pts',(-34.217040956921,32.8699553016489,-28.3600319152068));
#5454=CARTESIAN_POINT('Ctrl Pts',(-34.5190178193178,33.1414866625752,-28.7071497724248));
#5455=CARTESIAN_POINT('Ctrl Pts',(-35.3188660797889,33.669426059692,-29.5131900744533));
#5456=CARTESIAN_POINT('Ctrl Pts',(-36.3173972047085,33.907252010425,-30.2726110550562));
#5457=CARTESIAN_POINT('Ctrl Pts',(-36.9327857322848,33.8717641385279,-30.6399680847855));
#5458=CARTESIAN_POINT('Ctrl Pts',(-38.9531585845688,33.0551324333113,-31.));
#5459=CARTESIAN_POINT('Ctrl Pts',(-38.9510358662648,33.0545733326174,-31.));
#5460=CARTESIAN_POINT('Ctrl Pts',(-38.9489117455087,33.0540136390858,-30.9999998313334));
#5461=CARTESIAN_POINT('Ctrl Pts',(-38.2267463750397,32.8638498188939,-30.9989020904569));
#5462=CARTESIAN_POINT('Ctrl Pts',(-37.4886752623302,32.6624959390205,-30.8852251939345));
#5463=CARTESIAN_POINT('Ctrl Pts',(-36.8666300528518,32.4883005599222,-30.6399680847848));
#5464=CARTESIAN_POINT('Ctrl Pts',(-38.9531585845688,33.0551324333113,-31.));
#5465=CARTESIAN_POINT('Ctrl Pts',(-38.9510701602712,33.0550378936847,-31.0001495353766));
#5466=CARTESIAN_POINT('Ctrl Pts',(-38.9489712458502,33.0549456731703,-30.9998576697047));
#5467=CARTESIAN_POINT('Ctrl Pts',(-38.2376874523819,33.0236716647447,-31.0031378682088));
#5468=CARTESIAN_POINT('Ctrl Pts',(-37.5064135866016,32.9828016953207,-30.7947466753247));
#5469=CARTESIAN_POINT('Ctrl Pts',(-37.0010948532265,32.9080412902077,-30.4501492013375));
#5470=CARTESIAN_POINT('Ctrl Pts',(-38.9531585845688,33.0551324333113,-31.));
#5471=CARTESIAN_POINT('Ctrl Pts',(-38.9510944614466,33.0555146677529,-31.0001495353766));
#5472=CARTESIAN_POINT('Ctrl Pts',(-38.949040193649,33.0558680813487,-30.9998576697047));
#5473=CARTESIAN_POINT('Ctrl Pts',(-38.2481960137959,33.1823629018585,-31.0031378682083));
#5474=CARTESIAN_POINT('Ctrl Pts',(-37.5249130084428,33.3091608330824,-30.7947466753248));
#5475=CARTESIAN_POINT('Ctrl Pts',(-37.0265855089523,33.4411080517273,-30.4501492013375));
#5476=CARTESIAN_POINT('Ctrl Pts',(-38.9531585845688,33.0551324333113,-31.));
#5477=CARTESIAN_POINT('Ctrl Pts',(-38.9511296622625,33.0559702882264,-31.));
#5478=CARTESIAN_POINT('Ctrl Pts',(-38.9490990550827,33.0568086020043,-30.9999998313334));
#5479=CARTESIAN_POINT('Ctrl Pts',(-38.2589196597023,33.3418761429588,-30.9989020904563));
#5480=CARTESIAN_POINT('Ctrl Pts',(-37.5431332285861,33.6305445827673,-30.8852251939346));
#5481=CARTESIAN_POINT('Ctrl Pts',(-36.9327857322847,33.8717641385269,-30.6399680847848));
#5482=CARTESIAN_POINT('',(-38.9531585845687,33.0551324333113,-31.));
#5483=CARTESIAN_POINT('Ctrl Pts',(-36.9327857322847,33.8717641385269,-30.6399680847848));
#5484=CARTESIAN_POINT('Ctrl Pts',(-37.5431332285861,33.6305445827673,-30.8852251939346));
#5485=CARTESIAN_POINT('Ctrl Pts',(-38.2589196597023,33.3418761429588,-30.9989020904563));
#5486=CARTESIAN_POINT('Ctrl Pts',(-38.9490990550827,33.0568086020043,-30.9999998313334));
#5487=CARTESIAN_POINT('Ctrl Pts',(-38.9511296622625,33.0559702882264,-31.));
#5488=CARTESIAN_POINT('Ctrl Pts',(-38.9531585845688,33.0551324333113,-31.));
#5489=CARTESIAN_POINT('Ctrl Pts',(-38.9531585845688,33.0551324333113,-31.));
#5490=CARTESIAN_POINT('Ctrl Pts',(-38.9510358662648,33.0545733326174,-31.));
#5491=CARTESIAN_POINT('Ctrl Pts',(-38.9489117455087,33.0540136390858,-30.9999998313334));
#5492=CARTESIAN_POINT('Ctrl Pts',(-38.2267463750397,32.8638498188939,-30.9989020904569));
#5493=CARTESIAN_POINT('Ctrl Pts',(-37.4886752623302,32.6624959390205,-30.8852251939345));
#5494=CARTESIAN_POINT('Ctrl Pts',(-36.8666300528518,32.4883005599222,-30.6399680847848));
#5495=CARTESIAN_POINT('Origin',(8.88178419700125E-15,-6.16297582203915E-32,
-29.5));
#5496=CARTESIAN_POINT('',(-33.8717641385281,36.9327857322816,-30.6399680847836));
#5497=CARTESIAN_POINT('Origin',(8.88178419700125E-15,2.22044604925031E-15,
-30.6399680847836));
#5498=CARTESIAN_POINT('',(-33.0551324333112,38.9531585845687,-31.));
#5499=CARTESIAN_POINT('Ctrl Pts',(-33.0551324333113,38.9531585845687,-31.));
#5500=CARTESIAN_POINT('Ctrl Pts',(-33.055970255867,38.9511297406053,-31.));
#5501=CARTESIAN_POINT('Ctrl Pts',(-33.0568085933247,38.9490991563977,-30.9999995657522));
#5502=CARTESIAN_POINT('Ctrl Pts',(-33.3418470175173,38.2589510780252,-30.9990327277572));
#5503=CARTESIAN_POINT('Ctrl Pts',(-33.6305445559742,37.5431332963799,-30.885225221177));
#5504=CARTESIAN_POINT('Ctrl Pts',(-33.8717641385281,36.9327857322816,-30.6399680847836));
#5505=CARTESIAN_POINT('Origin',(8.88178419700125E-15,-6.16297582203915E-32,
-31.));
#5506=CARTESIAN_POINT('Origin',(8.88178419700125E-15,-6.16297582203915E-32,
-24.5));
#5507=CARTESIAN_POINT('',(-23.6143656540193,26.2831919531856,-18.0000000010959));
#5508=CARTESIAN_POINT('Origin',(0.,0.,-18.));
#5509=CARTESIAN_POINT('',(-26.861451807878,27.532654952262,-20.6785759829416));
#5510=CARTESIAN_POINT('Ctrl Pts',(-26.8614518078403,27.5326549522201,-20.6785759828934));
#5511=CARTESIAN_POINT('Ctrl Pts',(-26.426707468076,27.0488118746492,-20.1227537355004));
#5512=CARTESIAN_POINT('Ctrl Pts',(-25.5208012978992,26.409732395511,-19.1889080057393));
#5513=CARTESIAN_POINT('Ctrl Pts',(-24.2680604112062,26.1977519177536,-18.3204011922086));
#5514=CARTESIAN_POINT('Ctrl Pts',(-23.6826710411548,26.2724001215197,-18.0322138022776));
#5515=CARTESIAN_POINT('Ctrl Pts',(-23.6143175527848,26.2835359038022,-18.0002224942095));
#5516=CARTESIAN_POINT('',(-32.8699553016511,34.2170409569235,-28.3600319152097));
#5517=CARTESIAN_POINT('Ctrl Pts',(-32.8699553016511,34.2170409569235,-28.3600319152097));
#5518=CARTESIAN_POINT('Ctrl Pts',(-30.8668827150471,31.989373505195,-25.799361715848));
#5519=CARTESIAN_POINT('Ctrl Pts',(-28.863992816551,29.7613570099296,-23.2388320739973));
#5520=CARTESIAN_POINT('Ctrl Pts',(-26.861451807878,27.532654952262,-20.6785759829417));
#5521=CARTESIAN_POINT('Ctrl Pts',(-33.8717641385281,36.9327857322816,-30.6399680847836));
#5522=CARTESIAN_POINT('Ctrl Pts',(-33.8983797740743,36.4712489904596,-30.3644530906147));
#5523=CARTESIAN_POINT('Ctrl Pts',(-33.7306212178976,35.452034558732,-29.6310226802205));
#5524=CARTESIAN_POINT('Ctrl Pts',(-33.2319934656431,34.6196727135552,-28.8228510580425));
#5525=CARTESIAN_POINT('Ctrl Pts',(-32.8699553016511,34.2170409569235,-28.3600319152097));
#5526=CARTESIAN_POINT('Ctrl Pts',(-32.4883005599213,36.8666300528486,-30.6399680847836));
#5527=CARTESIAN_POINT('Ctrl Pts',(-32.6624959583689,37.4886753314229,-30.8852252211767));
#5528=CARTESIAN_POINT('Ctrl Pts',(-32.8638499505351,38.22680365959,-30.9990327277579));
#5529=CARTESIAN_POINT('Ctrl Pts',(-33.0540136845074,38.9489118013803,-30.9999995657522));
#5530=CARTESIAN_POINT('Ctrl Pts',(-33.0545733542023,38.9510359482333,-31.));
#5531=CARTESIAN_POINT('Ctrl Pts',(-33.0551324333113,38.9531585845687,-31.));
#5532=CARTESIAN_POINT('Ctrl Pts',(-32.9080412902074,37.0010948532239,-30.4501492013358));
#5533=CARTESIAN_POINT('Ctrl Pts',(-32.9837261359557,37.5037951053144,-30.792560417659));
#5534=CARTESIAN_POINT('Ctrl Pts',(-33.0234203194604,38.2373761707673,-31.0009367584073));
#5535=CARTESIAN_POINT('Ctrl Pts',(-33.0549448304658,38.9489745355384,-30.9999940787955));
#5536=CARTESIAN_POINT('Ctrl Pts',(-33.0550389880905,38.9510672123573,-31.));
#5537=CARTESIAN_POINT('Ctrl Pts',(-33.0551324333113,38.9531585845687,-31.));
#5538=CARTESIAN_POINT('Ctrl Pts',(-33.4411080517279,37.0265855089498,-30.4501492013358));
#5539=CARTESIAN_POINT('Ctrl Pts',(-33.3082086349086,37.5224619273555,-30.7925604176591));
#5540=CARTESIAN_POINT('Ctrl Pts',(-33.1824111207205,38.2480394743703,-31.0009367584073));
#5541=CARTESIAN_POINT('Ctrl Pts',(-33.0558771706151,38.9490370956504,-30.9999940787955));
#5542=CARTESIAN_POINT('Ctrl Pts',(-33.0555046219788,38.9510984764813,-31.));
#5543=CARTESIAN_POINT('Ctrl Pts',(-33.0551324333113,38.9531585845687,-31.));
#5544=CARTESIAN_POINT('Ctrl Pts',(-33.8717641385281,36.9327857322816,-30.6399680847836));
#5545=CARTESIAN_POINT('Ctrl Pts',(-33.6305445559742,37.5431332963799,-30.885225221177));
#5546=CARTESIAN_POINT('Ctrl Pts',(-33.3418470175173,38.2589510780252,-30.9990327277572));
#5547=CARTESIAN_POINT('Ctrl Pts',(-33.0568085933247,38.9490991563977,-30.9999995657522));
#5548=CARTESIAN_POINT('Ctrl Pts',(-33.055970255867,38.9511297406053,-31.));
#5549=CARTESIAN_POINT('Ctrl Pts',(-33.0551324333113,38.9531585845687,-31.));
#5550=CARTESIAN_POINT('',(-32.4883005599213,36.8666300528486,-30.6399680847836));
#5551=CARTESIAN_POINT('Ctrl Pts',(-32.4883005599213,36.8666300528486,-30.6399680847836));
#5552=CARTESIAN_POINT('Ctrl Pts',(-32.6624959583689,37.4886753314229,-30.8852252211767));
#5553=CARTESIAN_POINT('Ctrl Pts',(-32.8638499505351,38.22680365959,-30.9990327277579));
#5554=CARTESIAN_POINT('Ctrl Pts',(-33.0540136845074,38.9489118013803,-30.9999995657522));
#5555=CARTESIAN_POINT('Ctrl Pts',(-33.0545733542023,38.9510359482333,-31.));
#5556=CARTESIAN_POINT('Ctrl Pts',(-33.0551324333113,38.9531585845687,-31.));
#5557=CARTESIAN_POINT('Origin',(-33.2128087459512,36.2142799520204,-31.7799361695672));
#5558=CARTESIAN_POINT('Ctrl Pts',(-33.8717641385281,36.9327857322816,-30.6399680847836));
#5559=CARTESIAN_POINT('Ctrl Pts',(-33.8983797740743,36.4712489904596,-30.3644530906147));
#5560=CARTESIAN_POINT('Ctrl Pts',(-33.7306212178976,35.452034558732,-29.6310226802205));
#5561=CARTESIAN_POINT('Ctrl Pts',(-33.2319934656431,34.6196727135552,-28.8228510580425));
#5562=CARTESIAN_POINT('Ctrl Pts',(-32.8699553016511,34.2170409569235,-28.3600319152097));
#5563=CARTESIAN_POINT('Ctrl Pts',(-33.6256749460709,36.9863856046634,-30.5315001513849));
#5564=CARTESIAN_POINT('Ctrl Pts',(-33.6282662307149,36.5630037159612,-30.2645701943203));
#5565=CARTESIAN_POINT('Ctrl Pts',(-33.4177444272754,35.628429149512,-29.5568414892395));
#5566=CARTESIAN_POINT('Ctrl Pts',(-32.8994478978954,34.8785775370544,-28.7875719302028));
#5567=CARTESIAN_POINT('Ctrl Pts',(-32.5362005128728,34.5258969989554,-28.3527794338931));
#5568=CARTESIAN_POINT('Ctrl Pts',(-33.1363213736393,37.0153459402332,-30.4446152752966));
#5569=CARTESIAN_POINT('Ctrl Pts',(-33.0852808957068,36.6461306960291,-30.2130638996859));
#5570=CARTESIAN_POINT('Ctrl Pts',(-32.7680599423819,35.8275000340276,-29.6042915627621));
#5571=CARTESIAN_POINT('Ctrl Pts',(-32.1756153590037,35.1793006378548,-28.9717679690235));
#5572=CARTESIAN_POINT('Ctrl Pts',(-31.7842971665703,34.8788194992307,-28.6345489916949));
#5573=CARTESIAN_POINT('Ctrl Pts',(-32.6681894443296,36.924257824438,-30.5586171347345));
#5574=CARTESIAN_POINT('Ctrl Pts',(-32.5791893158861,36.5735567371908,-30.3911723853007));
#5575=CARTESIAN_POINT('Ctrl Pts',(-32.2040091991471,35.7611131888331,-29.9508732332793));
#5576=CARTESIAN_POINT('Ctrl Pts',(-31.6092531496746,35.0453019785496,-29.4904026880966));
#5577=CARTESIAN_POINT('Ctrl Pts',(-31.2281402694468,34.6823633980899,-29.2407180361609));
#5578=CARTESIAN_POINT('Ctrl Pts',(-32.4883005599213,36.8666300528486,-30.6399680847836));
#5579=CARTESIAN_POINT('Ctrl Pts',(-32.3904574453572,36.5172359356789,-30.502210587699));
#5580=CARTESIAN_POINT('Ctrl Pts',(-32.0115780508807,35.6884379157567,-30.135495382502));
#5581=CARTESIAN_POINT('Ctrl Pts',(-31.4421452767055,34.9200400373859,-29.731409571413));
#5582=CARTESIAN_POINT('Ctrl Pts',(-31.0798427107663,34.5176622735,-29.4999999999966));
#5583=CARTESIAN_POINT('',(-31.0798427107663,34.5176622735,-29.4999999999983));
#5584=CARTESIAN_POINT('Origin',(-32.1945599489824,33.5139663639617,-29.4999999999932));
#5585=CARTESIAN_POINT('Ctrl Pts',(-31.0798427107663,34.5176622735,-29.4999999999966));
#5586=CARTESIAN_POINT('Ctrl Pts',(-31.4421452767055,34.9200400373859,-29.731409571413));
#5587=CARTESIAN_POINT('Ctrl Pts',(-32.0115780508807,35.6884379157567,-30.135495382502));
#5588=CARTESIAN_POINT('Ctrl Pts',(-32.3904574453572,36.5172359356789,-30.502210587699));
#5589=CARTESIAN_POINT('Ctrl Pts',(-32.4883005599213,36.8666300528486,-30.6399680847836));
#5590=CARTESIAN_POINT('Ctrl Pts',(-25.065919112807,27.8385234623797,-21.8185440677252));
#5591=CARTESIAN_POINT('Ctrl Pts',(-27.0706913917052,30.0650486447067,-24.3788001587809));
#5592=CARTESIAN_POINT('Ctrl Pts',(-29.0753072499527,32.2914001043014,-26.9393298006316));
#5593=CARTESIAN_POINT('Ctrl Pts',(-31.0798427107663,34.5176622735,-29.4999999999932));
#5594=CARTESIAN_POINT('Ctrl Pts',(-25.2642416132485,28.0587829133423,-21.4717019418601));
#5595=CARTESIAN_POINT('Ctrl Pts',(-27.268783819404,30.2850137446517,-24.0324387892688));
#5596=CARTESIAN_POINT('Ctrl Pts',(-29.2731890379583,32.5111951478084,-26.59331014737));
#5597=CARTESIAN_POINT('Ctrl Pts',(-31.2775727890073,34.7372637729525,-29.1542907148793));
#5598=CARTESIAN_POINT('Ctrl Pts',(-25.8970975976116,28.179001212307,-20.8716052525582));
#5599=CARTESIAN_POINT('Ctrl Pts',(-27.9004230359497,30.4055387746515,-23.4331046626604));
#5600=CARTESIAN_POINT('Ctrl Pts',(-29.903929377008,32.6318761014274,-25.9945952640564));
#5601=CARTESIAN_POINT('Ctrl Pts',(-31.9075197912207,34.858138506791,-28.5560684401372));
#5602=CARTESIAN_POINT('Ctrl Pts',(-26.611122232838,27.7658312543735,-20.6718113799768));
#5603=CARTESIAN_POINT('Ctrl Pts',(-28.6136580591074,29.9939017893234,-23.2326217182795));
#5604=CARTESIAN_POINT('Ctrl Pts',(-30.6165670102822,32.2214269272992,-25.7935639590276));
#5605=CARTESIAN_POINT('Ctrl Pts',(-32.6196392100674,34.4486829884469,-28.3545925542219));
#5606=CARTESIAN_POINT('Ctrl Pts',(-26.861451807878,27.532654952262,-20.6785759829417));
#5607=CARTESIAN_POINT('Ctrl Pts',(-28.863992816551,29.7613570099296,-23.2388320739973));
#5608=CARTESIAN_POINT('Ctrl Pts',(-30.8668827150471,31.989373505195,-25.799361715848));
#5609=CARTESIAN_POINT('Ctrl Pts',(-32.8699553016511,34.2170409569235,-28.3600319152097));
#5610=CARTESIAN_POINT('',(-25.0659191127876,27.8385234623582,-21.81854406773));
#5611=CARTESIAN_POINT('Origin',(-26.180636351023,26.8348275528414,-21.8185440677252));
#5612=CARTESIAN_POINT('Ctrl Pts',(-25.065919112807,27.8385234623797,-21.8185440677252));
#5613=CARTESIAN_POINT('Ctrl Pts',(-27.0706913917052,30.0650486447067,-24.3788001587809));
#5614=CARTESIAN_POINT('Ctrl Pts',(-29.0753072499527,32.2914001043014,-26.9393298006316));
#5615=CARTESIAN_POINT('Ctrl Pts',(-31.0798427107663,34.5176622735,-29.4999999999932));
#5616=CARTESIAN_POINT('Ctrl Pts',(-26.8614518078403,27.5326549522201,-20.6785759828934));
#5617=CARTESIAN_POINT('Ctrl Pts',(-26.426707468076,27.0488118746492,-20.1227537355004));
#5618=CARTESIAN_POINT('Ctrl Pts',(-25.5208012978992,26.409732395511,-19.1889080057393));
#5619=CARTESIAN_POINT('Ctrl Pts',(-24.092553831323,26.1680538620356,-18.1987250642342));
#5620=CARTESIAN_POINT('Ctrl Pts',(-23.0307629308352,26.3955163285718,-17.7383625682851));
#5621=CARTESIAN_POINT('Ctrl Pts',(-22.516719522704,26.690436355072,-17.6451574374784));
#5622=CARTESIAN_POINT('Ctrl Pts',(-22.2908940178588,26.8777235110311,-17.6451574374784));
#5623=CARTESIAN_POINT('Ctrl Pts',(-26.5276790411192,27.8435566883686,-20.6695565122728));
#5624=CARTESIAN_POINT('Ctrl Pts',(-26.1496976484674,27.3616350249632,-20.1508426377779));
#5625=CARTESIAN_POINT('Ctrl Pts',(-25.3362289662114,26.7041873791612,-19.2618767015338));
#5626=CARTESIAN_POINT('Ctrl Pts',(-24.0270568660726,26.402237360193,-18.3101369595753));
#5627=CARTESIAN_POINT('Ctrl Pts',(-23.055477820023,26.5693666537774,-17.8654991346773));
#5628=CARTESIAN_POINT('Ctrl Pts',(-22.5898704239639,26.8268886700739,-17.7749176941192));
#5629=CARTESIAN_POINT('Ctrl Pts',(-22.387664669333,26.994406799383,-17.7748000858084));
#5630=CARTESIAN_POINT('Ctrl Pts',(-25.7732360479088,28.2001561892715,-20.9501958719583));
#5631=CARTESIAN_POINT('Ctrl Pts',(-25.5237657204039,27.7615933291157,-20.4359200948597));
#5632=CARTESIAN_POINT('Ctrl Pts',(-24.9177096277867,27.1195002705048,-19.5492819439829));
#5633=CARTESIAN_POINT('Ctrl Pts',(-23.8601423992492,26.7562109114217,-18.5937367019345));
#5634=CARTESIAN_POINT('Ctrl Pts',(-23.0652178993768,26.8358074032604,-18.1467635064246));
#5635=CARTESIAN_POINT('Ctrl Pts',(-22.6881949792742,27.0304288989349,-18.0556633645234));
#5636=CARTESIAN_POINT('Ctrl Pts',(-22.5276483701902,27.1631951487725,-18.0552399296708));
#5637=CARTESIAN_POINT('Ctrl Pts',(-25.2146609880964,28.0037180505567,-21.5584124732785));
#5638=CARTESIAN_POINT('Ctrl Pts',(-24.9848079676365,27.675958471729,-20.9805240000269));
#5639=CARTESIAN_POINT('Ctrl Pts',(-24.4737637116366,27.2006132079479,-20.0063137495593));
#5640=CARTESIAN_POINT('Ctrl Pts',(-23.633262717752,26.9311318658368,-18.9721119215981));
#5641=CARTESIAN_POINT('Ctrl Pts',(-23.0129732093285,26.9946454178977,-18.4902633736395));
#5642=CARTESIAN_POINT('Ctrl Pts',(-22.721290786488,27.1447662184351,-18.391753580099));
#5643=CARTESIAN_POINT('Ctrl Pts',(-22.5973597644686,27.2472511574494,-18.3909628553679));
#5644=CARTESIAN_POINT('Ctrl Pts',(-25.0659191127656,27.8385234623338,-21.8185440676779));
#5645=CARTESIAN_POINT('Ctrl Pts',(-24.8122357528433,27.5567795479987,-21.2174663639884));
#5646=CARTESIAN_POINT('Ctrl Pts',(-24.3005657200549,27.168279233435,-20.2085154135666));
#5647=CARTESIAN_POINT('Ctrl Pts',(-23.5309814863607,26.9681598574199,-19.1395620996484));
#5648=CARTESIAN_POINT('Ctrl Pts',(-22.9799335250775,27.0399654793834,-18.641501879692));
#5649=CARTESIAN_POINT('Ctrl Pts',(-22.7229250921093,27.175269452627,-18.5394676980863));
#5650=CARTESIAN_POINT('Ctrl Pts',(-22.6130598721997,27.2661818990497,-18.5385270413039));
#5651=CARTESIAN_POINT('',(-22.6130598721997,27.2661818990497,-18.5385270413039));
#5652=CARTESIAN_POINT('Ctrl Pts',(-22.6130598721997,27.2661818990497,-18.5385270413039));
#5653=CARTESIAN_POINT('Ctrl Pts',(-22.6140988416696,27.2649784380662,-18.5369484933303));
#5654=CARTESIAN_POINT('Ctrl Pts',(-22.6151405033554,27.2637732785408,-18.5353730372858));
#5655=CARTESIAN_POINT('Ctrl Pts',(-22.6725151146162,27.1974710529714,-18.4489911799395));
#5656=CARTESIAN_POINT('Ctrl Pts',(-22.7359795482729,27.1282643856662,-18.3743472323309));
#5657=CARTESIAN_POINT('Ctrl Pts',(-22.8783066366522,26.9795878718241,-18.2426799668002));
#5658=CARTESIAN_POINT('Ctrl Pts',(-22.9566186895585,26.9008513380321,-18.1870852365392));
#5659=CARTESIAN_POINT('Ctrl Pts',(-23.2176919651124,26.6454820715882,-18.0455375012999));
#5660=CARTESIAN_POINT('Ctrl Pts',(-23.4144171253228,26.4628374716543,-18.));
#5661=CARTESIAN_POINT('Ctrl Pts',(-23.6143656521032,26.2831919540457,-18.));
#5662=CARTESIAN_POINT('Ctrl Pts',(-22.6130598721997,27.2661818990497,-18.5385270413039));
#5663=CARTESIAN_POINT('Ctrl Pts',(-22.7229250921093,27.175269452627,-18.5394676980863));
#5664=CARTESIAN_POINT('Ctrl Pts',(-22.9799335250775,27.0399654793834,-18.641501879692));
#5665=CARTESIAN_POINT('Ctrl Pts',(-23.5309814863607,26.9681598574199,-19.1395620996484));
#5666=CARTESIAN_POINT('Ctrl Pts',(-24.3005657200549,27.168279233435,-20.2085154135666));
#5667=CARTESIAN_POINT('Ctrl Pts',(-24.8122357528433,27.5567795479987,-21.2174663639884));
#5668=CARTESIAN_POINT('Ctrl Pts',(-25.0659191127656,27.8385234623338,-21.8185440676779));
#5669=CARTESIAN_POINT('Ctrl Pts',(-22.6130598721997,-27.2661818990497,-18.5385270413039));
#5670=CARTESIAN_POINT('Ctrl Pts',(-23.0137553113558,-27.7126593113196,-22.1352802755854));
#5671=CARTESIAN_POINT('Ctrl Pts',(-23.4144722765388,-28.159089633672,-25.7320374276645));
#5672=CARTESIAN_POINT('Ctrl Pts',(-23.8152078245955,-28.6054790548965,-29.328797974638));
#5673=CARTESIAN_POINT('Ctrl Pts',(-22.9493789770832,-26.9866327887797,-18.535642001662));
#5674=CARTESIAN_POINT('Ctrl Pts',(-23.3500335615382,-27.4327679347464,-22.1324422818937));
#5675=CARTESIAN_POINT('Ctrl Pts',(-23.7507243348428,-27.8788919873404,-25.7292404261901));
#5676=CARTESIAN_POINT('Ctrl Pts',(-24.1514219426073,-28.3249700477419,-29.3260438486123));
#5677=CARTESIAN_POINT('Ctrl Pts',(-23.7567739730887,-26.7731350825057,-18.4719905657117));
#5678=CARTESIAN_POINT('Ctrl Pts',(-24.1577429076335,-27.2188014298544,-22.0688156071619));
#5679=CARTESIAN_POINT('Ctrl Pts',(-24.5587163566389,-27.664454281482,-25.6656421508411));
#5680=CARTESIAN_POINT('Ctrl Pts',(-24.9596992822353,-28.1101052538903,-29.2624681701981));
#5681=CARTESIAN_POINT('Ctrl Pts',(-24.4558172447766,-27.1609366924245,-18.3458956866859));
#5682=CARTESIAN_POINT('Ctrl Pts',(-24.8571753819405,-27.6066866723127,-21.9426703083822));
#5683=CARTESIAN_POINT('Ctrl Pts',(-25.2585152257074,-28.0524262132266,-25.5394483620477));
#5684=CARTESIAN_POINT('Ctrl Pts',(-25.6598522118441,-28.4981529951416,-29.1362284096755));
#5685=CARTESIAN_POINT('Ctrl Pts',(-24.6723045168549,-27.4013701660959,-18.2919285603459));
#5686=CARTESIAN_POINT('Ctrl Pts',(-25.0737525720974,-27.8472234003021,-21.8886817946274));
#5687=CARTESIAN_POINT('Ctrl Pts',(-25.4751849111815,-28.293059179946,-25.4854389467065));
#5688=CARTESIAN_POINT('Ctrl Pts',(-25.8766036307088,-28.7388798335397,-29.0821994936799));
#5689=CARTESIAN_POINT('',(-25.8766036307088,-28.7388798335397,-29.0821994936799));
#5690=CARTESIAN_POINT('Ctrl Pts',(-25.0659191176402,-27.8385234677475,-21.8185440664668));
#5691=CARTESIAN_POINT('Ctrl Pts',(-25.336153886791,-28.1386495843084,-24.2397608974554));
#5692=CARTESIAN_POINT('Ctrl Pts',(-25.6063818446258,-28.4387681361364,-26.6609794263633));
#5693=CARTESIAN_POINT('Ctrl Pts',(-25.8766036307088,-28.7388798335397,-29.0821994936799));
#5694=CARTESIAN_POINT('',(-23.8152078245955,-28.6054790548965,-29.3287979746243));
#5695=CARTESIAN_POINT('Origin',(-24.7618863924927,-29.742575743078,-29.0821994936799));
#5696=CARTESIAN_POINT('Ctrl Pts',(-23.8152078245955,-28.6054790548965,-29.328797974638));
#5697=CARTESIAN_POINT('Ctrl Pts',(-23.4144722765388,-28.159089633672,-25.7320374276645));
#5698=CARTESIAN_POINT('Ctrl Pts',(-23.0137553113558,-27.7126593113196,-22.1352802755854));
#5699=CARTESIAN_POINT('Ctrl Pts',(-22.6130598721997,-27.2661818990497,-18.5385270413039));
#5700=CARTESIAN_POINT('Ctrl Pts',(-26.2068618444793,-29.1056687388784,-29.5));
#5701=CARTESIAN_POINT('Ctrl Pts',(-26.1396534582959,-29.0310262640816,-29.5));
#5702=CARTESIAN_POINT('Ctrl Pts',(-25.9826720784916,-28.8566807790758,-29.427404342783));
#5703=CARTESIAN_POINT('Ctrl Pts',(-25.8913463963917,-28.7552533336103,-29.2142964671689));
#5704=CARTESIAN_POINT('Ctrl Pts',(-25.8766036307074,-28.7388798335382,-29.0821994936681));
#5705=CARTESIAN_POINT('Ctrl Pts',(-26.2068618444793,-29.1056687388784,-29.9487989505128));
#5706=CARTESIAN_POINT('Ctrl Pts',(-26.0790785749704,-28.9638882949582,-29.9465550919315));
#5707=CARTESIAN_POINT('Ctrl Pts',(-25.7835795919999,-28.6357868470699,-29.8040006446938));
#5708=CARTESIAN_POINT('Ctrl Pts',(-25.6149982024282,-28.4483087055273,-29.4026495613723));
#5709=CARTESIAN_POINT('Ctrl Pts',(-25.5876017388893,-28.4179107156757,-29.1542380483423));
#5710=CARTESIAN_POINT('Ctrl Pts',(-25.9270730227295,-29.3575917255314,-30.7258794732615));
#5711=CARTESIAN_POINT('Ctrl Pts',(-25.6983532752424,-29.0977029434139,-30.7200648970004));
#5712=CARTESIAN_POINT('Ctrl Pts',(-25.1702423371405,-28.497547730291,-30.4561184928446));
#5713=CARTESIAN_POINT('Ctrl Pts',(-24.8696709672363,-28.1558994504461,-29.7276251184756));
#5714=CARTESIAN_POINT('Ctrl Pts',(-24.8211415147193,-28.100719466742,-29.2790953708941));
#5715=CARTESIAN_POINT('Ctrl Pts',(-25.3422865695782,-29.8841358129993,-31.));
#5716=CARTESIAN_POINT('Ctrl Pts',(-25.0809536127795,-29.5790952551663,-30.9973913746727));
#5717=CARTESIAN_POINT('Ctrl Pts',(-24.4736947436134,-28.8699763950754,-30.7012185873317));
#5718=CARTESIAN_POINT('Ctrl Pts',(-24.1239248333149,-28.4612060074629,-29.852168314311));
#5719=CARTESIAN_POINT('Ctrl Pts',(-24.0673684131079,-28.3950972995349,-29.3267323801525));
#5720=CARTESIAN_POINT('Ctrl Pts',(-25.0921446062633,-30.1093646484167,-31.));
#5721=CARTESIAN_POINT('Ctrl Pts',(-24.832170003721,-29.8034120010013,-31.));
#5722=CARTESIAN_POINT('Ctrl Pts',(-24.2251243289747,-29.0886354995476,-30.7096173711321));
#5723=CARTESIAN_POINT('Ctrl Pts',(-23.8721849427913,-28.6726330939405,-29.8571858686758));
#5724=CARTESIAN_POINT('Ctrl Pts',(-23.8152078245991,-28.6054790549009,-29.3287979746722));
#5725=CARTESIAN_POINT('',(-26.2068618444793,-29.1056687388784,-29.5));
#5726=CARTESIAN_POINT('Ctrl Pts',(-25.8766036307074,-28.7388798335382,-29.0821994936681));
#5727=CARTESIAN_POINT('Ctrl Pts',(-25.8913463963917,-28.7552533336103,-29.2142964671689));
#5728=CARTESIAN_POINT('Ctrl Pts',(-25.9826720784916,-28.8566807790758,-29.427404342783));
#5729=CARTESIAN_POINT('Ctrl Pts',(-26.1396534582959,-29.0310262640816,-29.5));
#5730=CARTESIAN_POINT('Ctrl Pts',(-26.2068618444793,-29.1056687388784,-29.5));
#5731=CARTESIAN_POINT('',(-25.0921446062632,-30.1093646484167,-31.));
#5732=CARTESIAN_POINT('Origin',(-25.0921446062632,-30.1093646484167,-29.5));
#5733=CARTESIAN_POINT('Ctrl Pts',(-25.0921446062633,-30.1093646484167,-31.));
#5734=CARTESIAN_POINT('Ctrl Pts',(-24.832170003721,-29.8034120010013,-31.));
#5735=CARTESIAN_POINT('Ctrl Pts',(-24.2251243289747,-29.0886354995476,-30.7096173711321));
#5736=CARTESIAN_POINT('Ctrl Pts',(-23.8721849427913,-28.6726330939405,-29.8571858686758));
#5737=CARTESIAN_POINT('Ctrl Pts',(-23.8152078245991,-28.6054790549009,-29.3287979746722));
#5738=CARTESIAN_POINT('Origin',(-5.414042927823,-8.25461865625961,-29.5));
#5739=CARTESIAN_POINT('',(-5.414042927823,-8.25461865625961,-31.));
#5740=CARTESIAN_POINT('',(-6.52876016603908,-7.25092274672132,-29.5));
#5741=CARTESIAN_POINT('Origin',(-7.29206118714003,-4.54735228975863,-29.5));
#5742=CARTESIAN_POINT('',(-29.1056687388784,-26.2068618444793,-29.5));
#5743=CARTESIAN_POINT('',(-6.28836527760175,-5.66206952797471,-29.5));
#5744=CARTESIAN_POINT('',(-30.1093646484166,-25.0921446062632,-31.));
#5745=CARTESIAN_POINT('Origin',(-30.1093646484166,-25.0921446062632,-29.5));
#5746=CARTESIAN_POINT('',(-7.29206118714003,-4.54735228975863,-31.));
#5747=CARTESIAN_POINT('Ctrl Pts',(-28.7388798335363,-25.8766036307057,-29.0821994936527));
#5748=CARTESIAN_POINT('Ctrl Pts',(-28.7511599586212,-25.8876607049966,-29.1812722240455));
#5749=CARTESIAN_POINT('Ctrl Pts',(-28.8331954376375,-25.9615257820789,-29.400675527906));
#5750=CARTESIAN_POINT('Ctrl Pts',(-29.0061454388815,-26.1172506626602,-29.5));
#5751=CARTESIAN_POINT('Ctrl Pts',(-29.1056687388784,-26.2068618444793,-29.5));
#5752=CARTESIAN_POINT('Ctrl Pts',(-28.4179107156722,-25.5876017388861,-29.1542380483134));
#5753=CARTESIAN_POINT('Ctrl Pts',(-28.440709208118,-25.6081490865918,-29.3405466835884));
#5754=CARTESIAN_POINT('Ctrl Pts',(-28.5924584749246,-25.7447071401012,-29.7534786575656));
#5755=CARTESIAN_POINT('Ctrl Pts',(-28.9166281464759,-26.036484151342,-29.9458071390629));
#5756=CARTESIAN_POINT('Ctrl Pts',(-29.1056687388784,-26.2068618444793,-29.9487989505128));
#5757=CARTESIAN_POINT('Ctrl Pts',(-28.1007194667356,-24.8211415147136,-29.2790953708419));
#5758=CARTESIAN_POINT('Ctrl Pts',(-28.1421044546173,-24.8575386041926,-29.6154926824352));
#5759=CARTESIAN_POINT('Ctrl Pts',(-28.4181959431875,-25.100402923695,-30.3631568279463));
#5760=CARTESIAN_POINT('Ctrl Pts',(-29.0110733484418,-25.6221133585924,-30.7181267048924));
#5761=CARTESIAN_POINT('Ctrl Pts',(-29.3575917255313,-25.9270730227294,-30.7258794732615));
#5762=CARTESIAN_POINT('Ctrl Pts',(-28.3950972995272,-24.0673684131013,-29.3267323800914));
#5763=CARTESIAN_POINT('Ctrl Pts',(-28.4446788305974,-24.1097857283628,-29.7208093317731));
#5764=CARTESIAN_POINT('Ctrl Pts',(-28.775372381383,-24.3927175172317,-30.5942878927955));
#5765=CARTESIAN_POINT('Ctrl Pts',(-29.477415068127,-24.9938426262419,-30.9965218328875));
#5766=CARTESIAN_POINT('Ctrl Pts',(-29.8841358129992,-25.3422865695782,-31.));
#5767=CARTESIAN_POINT('Ctrl Pts',(-28.6054790548931,-23.8152078245925,-29.3287979746107));
#5768=CARTESIAN_POINT('Ctrl Pts',(-28.6558445842989,-23.8579406633436,-29.7250888961822));
#5769=CARTESIAN_POINT('Ctrl Pts',(-28.9923155587859,-24.1433960138146,-30.6027021116241));
#5770=CARTESIAN_POINT('Ctrl Pts',(-29.701427784098,-24.7455118019403,-31.));
#5771=CARTESIAN_POINT('Ctrl Pts',(-30.1093646484166,-25.0921446062632,-31.));
#5772=CARTESIAN_POINT('',(-28.7388798335363,-25.8766036307057,-29.0821994936527));
#5773=CARTESIAN_POINT('Ctrl Pts',(-29.1056687388784,-26.2068618444793,-29.5));
#5774=CARTESIAN_POINT('Ctrl Pts',(-29.0061454388815,-26.1172506626602,-29.5));
#5775=CARTESIAN_POINT('Ctrl Pts',(-28.8331954376375,-25.9615257820789,-29.400675527906));
#5776=CARTESIAN_POINT('Ctrl Pts',(-28.7511599586212,-25.8876607049966,-29.1812722240455));
#5777=CARTESIAN_POINT('Ctrl Pts',(-28.7388798335363,-25.8766036307057,-29.0821994936527));
#5778=CARTESIAN_POINT('',(-28.6054790548931,-23.8152078245925,-29.3287979746107));
#5779=CARTESIAN_POINT('Origin',(-29.7425757430746,-24.7618863924896,-29.0821994936527));
#5780=CARTESIAN_POINT('Ctrl Pts',(-28.6054790548931,-23.8152078245925,-29.3287979746107));
#5781=CARTESIAN_POINT('Ctrl Pts',(-28.6558445842989,-23.8579406633436,-29.7250888961822));
#5782=CARTESIAN_POINT('Ctrl Pts',(-28.9923155587859,-24.1433960138146,-30.6027021116241));
#5783=CARTESIAN_POINT('Ctrl Pts',(-29.701427784098,-24.7455118019403,-31.));
#5784=CARTESIAN_POINT('Ctrl Pts',(-30.1093646484166,-25.0921446062632,-31.));
#5785=CARTESIAN_POINT('Ctrl Pts',(-28.6054790548931,-23.8152078245925,-29.3287979746107));
#5786=CARTESIAN_POINT('Ctrl Pts',(-28.1590896336697,-23.4144722765368,-25.7320374276464));
#5787=CARTESIAN_POINT('Ctrl Pts',(-27.7126593113185,-23.0137553113548,-22.1352802755763));
#5788=CARTESIAN_POINT('Ctrl Pts',(-27.2661818990497,-22.6130598721997,-18.5385270413039));
#5789=CARTESIAN_POINT('Ctrl Pts',(-28.3249700477386,-24.1514219426043,-29.326043848585));
#5790=CARTESIAN_POINT('Ctrl Pts',(-27.8788919873381,-23.7507243348408,-25.7292404261719));
#5791=CARTESIAN_POINT('Ctrl Pts',(-27.4327679347453,-23.3500335615372,-22.1324422818846));
#5792=CARTESIAN_POINT('Ctrl Pts',(-26.9866327887797,-22.9493789770832,-18.535642001662));
#5793=CARTESIAN_POINT('Ctrl Pts',(-28.1101052538869,-24.9596992822322,-29.2624681701708));
#5794=CARTESIAN_POINT('Ctrl Pts',(-27.6644542814797,-24.5587163566369,-25.6656421508229));
#5795=CARTESIAN_POINT('Ctrl Pts',(-27.2188014298533,-24.1577429076325,-22.0688156071529));
#5796=CARTESIAN_POINT('Ctrl Pts',(-26.7731350825057,-23.7567739730887,-18.4719905657117));
#5797=CARTESIAN_POINT('Ctrl Pts',(-28.4981529951382,-25.659852211841,-29.1362284096482));
#5798=CARTESIAN_POINT('Ctrl Pts',(-28.0524262132243,-25.2585152257054,-25.5394483620296));
#5799=CARTESIAN_POINT('Ctrl Pts',(-27.6066866723116,-24.8571753819395,-21.9426703083732));
#5800=CARTESIAN_POINT('Ctrl Pts',(-27.1609366924245,-24.4558172447766,-18.3458956866859));
#5801=CARTESIAN_POINT('Ctrl Pts',(-28.7388798335363,-25.8766036307057,-29.0821994936527));
#5802=CARTESIAN_POINT('Ctrl Pts',(-28.2930591799438,-25.4751849111795,-25.4854389466883));
#5803=CARTESIAN_POINT('Ctrl Pts',(-27.847223400301,-25.0737525720964,-21.8886817946183));
#5804=CARTESIAN_POINT('Ctrl Pts',(-27.4013701660959,-24.6723045168549,-18.2919285603459));
#5805=CARTESIAN_POINT('Ctrl Pts',(-27.2661818990497,-22.6130598721997,-18.5385270413039));
#5806=CARTESIAN_POINT('Ctrl Pts',(-27.7126593113185,-23.0137553113548,-22.1352802755763));
#5807=CARTESIAN_POINT('Ctrl Pts',(-28.1590896336697,-23.4144722765368,-25.7320374276464));
#5808=CARTESIAN_POINT('Ctrl Pts',(-28.6054790548931,-23.8152078245925,-29.3287979746107));
#5809=CARTESIAN_POINT('Ctrl Pts',(-28.7388798335363,-25.8766036307057,-29.0821994936527));
#5810=CARTESIAN_POINT('Ctrl Pts',(-28.4387681361363,-25.6063818446257,-26.660979426362));
#5811=CARTESIAN_POINT('Ctrl Pts',(-28.1386495843114,-25.3361538867938,-24.23976089748));
#5812=CARTESIAN_POINT('Ctrl Pts',(-27.8385234677538,-25.0659191176458,-21.8185440665173));
#5813=CARTESIAN_POINT('Origin',(-31.9059786623874,-28.7282722248942,-24.5));
#5814=CARTESIAN_POINT('Origin',(-28.7282722248942,-31.9059786623874,-24.5));
#5815=CARTESIAN_POINT('Ctrl Pts',(27.2661818990497,-22.6130598721997,-18.5385270413039));
#5816=CARTESIAN_POINT('Ctrl Pts',(27.7126593113196,-23.0137553113558,-22.1352802755854));
#5817=CARTESIAN_POINT('Ctrl Pts',(28.159089633672,-23.4144722765388,-25.7320374276646));
#5818=CARTESIAN_POINT('Ctrl Pts',(28.6054790548965,-23.8152078245955,-29.328797974638));
#5819=CARTESIAN_POINT('Ctrl Pts',(26.9866327887797,-22.9493789770832,-18.535642001662));
#5820=CARTESIAN_POINT('Ctrl Pts',(27.4327679347464,-23.3500335615382,-22.1324422818937));
#5821=CARTESIAN_POINT('Ctrl Pts',(27.8788919873404,-23.7507243348428,-25.7292404261901));
#5822=CARTESIAN_POINT('Ctrl Pts',(28.3249700477419,-24.1514219426073,-29.3260438486123));
#5823=CARTESIAN_POINT('Ctrl Pts',(26.7731350825057,-23.7567739730887,-18.4719905657117));
#5824=CARTESIAN_POINT('Ctrl Pts',(27.2188014298544,-24.1577429076335,-22.0688156071619));
#5825=CARTESIAN_POINT('Ctrl Pts',(27.664454281482,-24.5587163566389,-25.6656421508411));
#5826=CARTESIAN_POINT('Ctrl Pts',(28.1101052538903,-24.9596992822353,-29.2624681701981));
#5827=CARTESIAN_POINT('Ctrl Pts',(27.1609366924245,-24.4558172447766,-18.3458956866859));
#5828=CARTESIAN_POINT('Ctrl Pts',(27.6066866723127,-24.8571753819405,-21.9426703083822));
#5829=CARTESIAN_POINT('Ctrl Pts',(28.0524262132266,-25.2585152257074,-25.5394483620478));
#5830=CARTESIAN_POINT('Ctrl Pts',(28.4981529951416,-25.6598522118441,-29.1362284096755));
#5831=CARTESIAN_POINT('Ctrl Pts',(27.4013701660959,-24.6723045168549,-18.2919285603459));
#5832=CARTESIAN_POINT('Ctrl Pts',(27.8472234003021,-25.0737525720974,-21.8886817946274));
#5833=CARTESIAN_POINT('Ctrl Pts',(28.293059179946,-25.4751849111815,-25.4854389467065));
#5834=CARTESIAN_POINT('Ctrl Pts',(28.7388798335397,-25.8766036307088,-29.0821994936799));
#5835=CARTESIAN_POINT('',(28.7388798335397,-25.8766036307088,-29.0821994936799));
#5836=CARTESIAN_POINT('Ctrl Pts',(27.8385234677475,-25.0659191176402,-21.8185440664668));
#5837=CARTESIAN_POINT('Ctrl Pts',(28.1386495843084,-25.336153886791,-24.2397608974554));
#5838=CARTESIAN_POINT('Ctrl Pts',(28.4387681361364,-25.6063818446258,-26.6609794263633));
#5839=CARTESIAN_POINT('Ctrl Pts',(28.7388798335397,-25.8766036307088,-29.0821994936799));
#5840=CARTESIAN_POINT('',(28.6054790548965,-23.8152078245955,-29.3287979746243));
#5841=CARTESIAN_POINT('Origin',(29.742575743078,-24.7618863924927,-29.0821994936799));
#5842=CARTESIAN_POINT('Ctrl Pts',(28.6054790548965,-23.8152078245955,-29.328797974638));
#5843=CARTESIAN_POINT('Ctrl Pts',(28.159089633672,-23.4144722765388,-25.7320374276646));
#5844=CARTESIAN_POINT('Ctrl Pts',(27.7126593113196,-23.0137553113558,-22.1352802755854));
#5845=CARTESIAN_POINT('Ctrl Pts',(27.2661818990497,-22.6130598721997,-18.5385270413039));
#5846=CARTESIAN_POINT('Ctrl Pts',(29.1056687388784,-26.2068618444793,-29.5));
#5847=CARTESIAN_POINT('Ctrl Pts',(29.0310262640816,-26.1396534582959,-29.5));
#5848=CARTESIAN_POINT('Ctrl Pts',(28.8566807790757,-25.9826720784915,-29.427404342783));
#5849=CARTESIAN_POINT('Ctrl Pts',(28.7552533336103,-25.8913463963917,-29.2142964671689));
#5850=CARTESIAN_POINT('Ctrl Pts',(28.7388798335382,-25.8766036307074,-29.082199493668));
#5851=CARTESIAN_POINT('Ctrl Pts',(29.1056687388784,-26.2068618444793,-29.9487989505128));
#5852=CARTESIAN_POINT('Ctrl Pts',(28.9638882949582,-26.0790785749703,-29.9465550919315));
#5853=CARTESIAN_POINT('Ctrl Pts',(28.6357868470697,-25.7835795919997,-29.8040006446937));
#5854=CARTESIAN_POINT('Ctrl Pts',(28.4483087055273,-25.6149982024282,-29.4026495613723));
#5855=CARTESIAN_POINT('Ctrl Pts',(28.4179107156757,-25.5876017388893,-29.1542380483423));
#5856=CARTESIAN_POINT('Ctrl Pts',(29.3575917255314,-25.9270730227295,-30.7258794732615));
#5857=CARTESIAN_POINT('Ctrl Pts',(29.0977029434138,-25.6983532752424,-30.7200648970004));
#5858=CARTESIAN_POINT('Ctrl Pts',(28.4975477302907,-25.1702423371402,-30.4561184928444));
#5859=CARTESIAN_POINT('Ctrl Pts',(28.1558994504461,-24.8696709672363,-29.7276251184755));
#5860=CARTESIAN_POINT('Ctrl Pts',(28.100719466742,-24.8211415147193,-29.279095370894));
#5861=CARTESIAN_POINT('Ctrl Pts',(29.8841358129993,-25.3422865695782,-31.));
#5862=CARTESIAN_POINT('Ctrl Pts',(29.5790952551662,-25.0809536127795,-30.9973913746727));
#5863=CARTESIAN_POINT('Ctrl Pts',(28.869976395075,-24.473694743613,-30.7012185873315));
#5864=CARTESIAN_POINT('Ctrl Pts',(28.4612060074629,-24.1239248333148,-29.852168314311));
#5865=CARTESIAN_POINT('Ctrl Pts',(28.3950972995349,-24.0673684131079,-29.3267323801525));
#5866=CARTESIAN_POINT('Ctrl Pts',(30.1093646484167,-25.0921446062633,-31.));
#5867=CARTESIAN_POINT('Ctrl Pts',(29.8034120010013,-24.8321700037209,-31.));
#5868=CARTESIAN_POINT('Ctrl Pts',(29.0886354995472,-24.2251243289743,-30.7096173711319));
#5869=CARTESIAN_POINT('Ctrl Pts',(28.6726330939404,-23.8721849427913,-29.8571858686758));
#5870=CARTESIAN_POINT('Ctrl Pts',(28.6054790549009,-23.8152078245991,-29.3287979746722));
#5871=CARTESIAN_POINT('',(29.1056687388784,-26.2068618444793,-29.5));
#5872=CARTESIAN_POINT('Ctrl Pts',(28.7388798335382,-25.8766036307074,-29.082199493668));
#5873=CARTESIAN_POINT('Ctrl Pts',(28.7552533336103,-25.8913463963917,-29.2142964671689));
#5874=CARTESIAN_POINT('Ctrl Pts',(28.8566807790757,-25.9826720784915,-29.427404342783));
#5875=CARTESIAN_POINT('Ctrl Pts',(29.0310262640816,-26.1396534582959,-29.5));
#5876=CARTESIAN_POINT('Ctrl Pts',(29.1056687388784,-26.2068618444793,-29.5));
#5877=CARTESIAN_POINT('',(30.1093646484167,-25.0921446062632,-31.));
#5878=CARTESIAN_POINT('Origin',(30.1093646484167,-25.0921446062632,-29.5));
#5879=CARTESIAN_POINT('Ctrl Pts',(30.1093646484167,-25.0921446062633,-31.));
#5880=CARTESIAN_POINT('Ctrl Pts',(29.8034120010013,-24.8321700037209,-31.));
#5881=CARTESIAN_POINT('Ctrl Pts',(29.0886354995472,-24.2251243289743,-30.7096173711319));
#5882=CARTESIAN_POINT('Ctrl Pts',(28.6726330939404,-23.8721849427913,-29.8571858686758));
#5883=CARTESIAN_POINT('Ctrl Pts',(28.6054790549009,-23.8152078245991,-29.3287979746722));
#5884=CARTESIAN_POINT('Origin',(26.621309294324,-21.9514854587034,-29.5));
#5885=CARTESIAN_POINT('',(26.621309294324,-21.9514854587034,-31.));
#5886=CARTESIAN_POINT('',(25.6176133847857,-23.0662026969195,-29.5));
#5887=CARTESIAN_POINT('Origin',(21.0847948206391,-25.6587518252044,-29.5));
#5888=CARTESIAN_POINT('',(26.2068618444793,-29.1056687388784,-29.5));
#5889=CARTESIAN_POINT('',(22.1995120588551,-24.6550559156661,-29.5));
#5890=CARTESIAN_POINT('',(25.0921446062632,-30.1093646484166,-31.));
#5891=CARTESIAN_POINT('Origin',(25.0921446062632,-30.1093646484166,-29.5));
#5892=CARTESIAN_POINT('',(21.0847948206391,-25.6587518252044,-31.));
#5893=CARTESIAN_POINT('Ctrl Pts',(25.8766036307057,-28.7388798335363,-29.0821994936527));
#5894=CARTESIAN_POINT('Ctrl Pts',(25.8876607049966,-28.7511599586212,-29.1812722240455));
#5895=CARTESIAN_POINT('Ctrl Pts',(25.9615257820788,-28.8331954376375,-29.4006755279055));
#5896=CARTESIAN_POINT('Ctrl Pts',(26.1172506626602,-29.0061454388815,-29.5));
#5897=CARTESIAN_POINT('Ctrl Pts',(26.2068618444793,-29.1056687388784,-29.5));
#5898=CARTESIAN_POINT('Ctrl Pts',(25.5876017388861,-28.4179107156721,-29.1542380483134));
#5899=CARTESIAN_POINT('Ctrl Pts',(25.6081490865918,-28.440709208118,-29.3405466835884));
#5900=CARTESIAN_POINT('Ctrl Pts',(25.744707140101,-28.5924584749244,-29.7534786575645));
#5901=CARTESIAN_POINT('Ctrl Pts',(26.036484151342,-28.9166281464759,-29.9458071390629));
#5902=CARTESIAN_POINT('Ctrl Pts',(26.2068618444793,-29.1056687388784,-29.9487989505128));
#5903=CARTESIAN_POINT('Ctrl Pts',(24.8211415147136,-28.1007194667356,-29.2790953708419));
#5904=CARTESIAN_POINT('Ctrl Pts',(24.8575386041925,-28.1421044546173,-29.6154926824351));
#5905=CARTESIAN_POINT('Ctrl Pts',(25.1004029236947,-28.4181959431873,-30.3631568279445));
#5906=CARTESIAN_POINT('Ctrl Pts',(25.6221133585924,-29.0110733484418,-30.7181267048924));
#5907=CARTESIAN_POINT('Ctrl Pts',(25.9270730227294,-29.3575917255313,-30.7258794732615));
#5908=CARTESIAN_POINT('Ctrl Pts',(24.0673684131013,-28.3950972995272,-29.3267323800914));
#5909=CARTESIAN_POINT('Ctrl Pts',(24.1097857283628,-28.4446788305974,-29.720809331773));
#5910=CARTESIAN_POINT('Ctrl Pts',(24.3927175172314,-28.7753723813826,-30.5942878927933));
#5911=CARTESIAN_POINT('Ctrl Pts',(24.9938426262418,-29.4774150681269,-30.9965218328875));
#5912=CARTESIAN_POINT('Ctrl Pts',(25.3422865695782,-29.8841358129992,-31.));
#5913=CARTESIAN_POINT('Ctrl Pts',(23.8152078245925,-28.6054790548931,-29.3287979746107));
#5914=CARTESIAN_POINT('Ctrl Pts',(23.8579406633436,-28.6558445842989,-29.7250888961822));
#5915=CARTESIAN_POINT('Ctrl Pts',(24.1433960138144,-28.9923155587856,-30.6027021116219));
#5916=CARTESIAN_POINT('Ctrl Pts',(24.7455118019403,-29.701427784098,-31.));
#5917=CARTESIAN_POINT('Ctrl Pts',(25.0921446062632,-30.1093646484166,-31.));
#5918=CARTESIAN_POINT('',(25.8766036307057,-28.7388798335363,-29.0821994936527));
#5919=CARTESIAN_POINT('Ctrl Pts',(26.2068618444793,-29.1056687388784,-29.5));
#5920=CARTESIAN_POINT('Ctrl Pts',(26.1172506626602,-29.0061454388815,-29.5));
#5921=CARTESIAN_POINT('Ctrl Pts',(25.9615257820788,-28.8331954376375,-29.4006755279055));
#5922=CARTESIAN_POINT('Ctrl Pts',(25.8876607049966,-28.7511599586212,-29.1812722240455));
#5923=CARTESIAN_POINT('Ctrl Pts',(25.8766036307057,-28.7388798335363,-29.0821994936527));
#5924=CARTESIAN_POINT('',(23.8152078245925,-28.6054790548931,-29.3287979746107));
#5925=CARTESIAN_POINT('Origin',(24.7618863924896,-29.7425757430746,-29.0821994936527));
#5926=CARTESIAN_POINT('Ctrl Pts',(23.8152078245925,-28.6054790548931,-29.3287979746107));
#5927=CARTESIAN_POINT('Ctrl Pts',(23.8579406633436,-28.6558445842989,-29.7250888961822));
#5928=CARTESIAN_POINT('Ctrl Pts',(24.1433960138144,-28.9923155587856,-30.6027021116219));
#5929=CARTESIAN_POINT('Ctrl Pts',(24.7455118019403,-29.701427784098,-31.));
#5930=CARTESIAN_POINT('Ctrl Pts',(25.0921446062632,-30.1093646484166,-31.));
#5931=CARTESIAN_POINT('Ctrl Pts',(23.8152078245925,-28.6054790548931,-29.3287979746107));
#5932=CARTESIAN_POINT('Ctrl Pts',(23.4144722765368,-28.1590896336697,-25.7320374276464));
#5933=CARTESIAN_POINT('Ctrl Pts',(23.0137553113548,-27.7126593113185,-22.1352802755763));
#5934=CARTESIAN_POINT('Ctrl Pts',(22.6130598721997,-27.2661818990497,-18.5385270413039));
#5935=CARTESIAN_POINT('Ctrl Pts',(24.1514219426043,-28.3249700477386,-29.326043848585));
#5936=CARTESIAN_POINT('Ctrl Pts',(23.7507243348408,-27.8788919873381,-25.7292404261719));
#5937=CARTESIAN_POINT('Ctrl Pts',(23.3500335615372,-27.4327679347453,-22.1324422818846));
#5938=CARTESIAN_POINT('Ctrl Pts',(22.9493789770832,-26.9866327887797,-18.535642001662));
#5939=CARTESIAN_POINT('Ctrl Pts',(24.9596992822322,-28.1101052538869,-29.2624681701708));
#5940=CARTESIAN_POINT('Ctrl Pts',(24.5587163566369,-27.6644542814797,-25.665642150823));
#5941=CARTESIAN_POINT('Ctrl Pts',(24.1577429076325,-27.2188014298533,-22.0688156071528));
#5942=CARTESIAN_POINT('Ctrl Pts',(23.7567739730887,-26.7731350825058,-18.4719905657117));
#5943=CARTESIAN_POINT('Ctrl Pts',(25.659852211841,-28.4981529951382,-29.1362284096482));
#5944=CARTESIAN_POINT('Ctrl Pts',(25.2585152257054,-28.0524262132243,-25.5394483620296));
#5945=CARTESIAN_POINT('Ctrl Pts',(24.8571753819395,-27.6066866723116,-21.9426703083732));
#5946=CARTESIAN_POINT('Ctrl Pts',(24.4558172447766,-27.1609366924245,-18.3458956866859));
#5947=CARTESIAN_POINT('Ctrl Pts',(25.8766036307057,-28.7388798335363,-29.0821994936527));
#5948=CARTESIAN_POINT('Ctrl Pts',(25.4751849111795,-28.2930591799438,-25.4854389466883));
#5949=CARTESIAN_POINT('Ctrl Pts',(25.0737525720964,-27.847223400301,-21.8886817946183));
#5950=CARTESIAN_POINT('Ctrl Pts',(24.6723045168549,-27.4013701660959,-18.2919285603459));
#5951=CARTESIAN_POINT('Ctrl Pts',(22.6130598721997,-27.2661818990497,-18.5385270413039));
#5952=CARTESIAN_POINT('Ctrl Pts',(23.0137553113548,-27.7126593113185,-22.1352802755763));
#5953=CARTESIAN_POINT('Ctrl Pts',(23.4144722765368,-28.1590896336697,-25.7320374276464));
#5954=CARTESIAN_POINT('Ctrl Pts',(23.8152078245925,-28.6054790548931,-29.3287979746107));
#5955=CARTESIAN_POINT('Ctrl Pts',(25.8766036307057,-28.7388798335363,-29.0821994936527));
#5956=CARTESIAN_POINT('Ctrl Pts',(25.6063818446257,-28.4387681361363,-26.660979426362));
#5957=CARTESIAN_POINT('Ctrl Pts',(25.3361538867937,-28.1386495843114,-24.23976089748));
#5958=CARTESIAN_POINT('Ctrl Pts',(25.0659191176458,-27.8385234677538,-21.8185440665173));
#5959=CARTESIAN_POINT('Origin',(28.7282722248942,-31.9059786623874,-24.5));
#5960=CARTESIAN_POINT('Origin',(31.9059786623874,-28.7282722248942,-24.5));
#5961=CARTESIAN_POINT('Ctrl Pts',(22.6130598721997,27.2661818990497,-18.5385270413039));
#5962=CARTESIAN_POINT('Ctrl Pts',(23.0137553113558,27.7126593113196,-22.1352802755854));
#5963=CARTESIAN_POINT('Ctrl Pts',(23.4144722765388,28.159089633672,-25.7320374276646));
#5964=CARTESIAN_POINT('Ctrl Pts',(23.8152078245955,28.6054790548965,-29.328797974638));
#5965=CARTESIAN_POINT('Ctrl Pts',(22.9493789770832,26.9866327887797,-18.535642001662));
#5966=CARTESIAN_POINT('Ctrl Pts',(23.3500335615382,27.4327679347464,-22.1324422818937));
#5967=CARTESIAN_POINT('Ctrl Pts',(23.7507243348428,27.8788919873404,-25.7292404261901));
#5968=CARTESIAN_POINT('Ctrl Pts',(24.1514219426073,28.3249700477419,-29.3260438486123));
#5969=CARTESIAN_POINT('Ctrl Pts',(23.7567739730887,26.7731350825057,-18.4719905657117));
#5970=CARTESIAN_POINT('Ctrl Pts',(24.1577429076335,27.2188014298544,-22.0688156071619));
#5971=CARTESIAN_POINT('Ctrl Pts',(24.5587163566389,27.664454281482,-25.6656421508411));
#5972=CARTESIAN_POINT('Ctrl Pts',(24.9596992822353,28.1101052538903,-29.2624681701981));
#5973=CARTESIAN_POINT('Ctrl Pts',(24.4558172447766,27.1609366924245,-18.3458956866859));
#5974=CARTESIAN_POINT('Ctrl Pts',(24.8571753819405,27.6066866723127,-21.9426703083822));
#5975=CARTESIAN_POINT('Ctrl Pts',(25.2585152257074,28.0524262132266,-25.5394483620478));
#5976=CARTESIAN_POINT('Ctrl Pts',(25.6598522118441,28.4981529951416,-29.1362284096755));
#5977=CARTESIAN_POINT('Ctrl Pts',(24.6723045168549,27.4013701660959,-18.2919285603459));
#5978=CARTESIAN_POINT('Ctrl Pts',(25.0737525720974,27.8472234003021,-21.8886817946274));
#5979=CARTESIAN_POINT('Ctrl Pts',(25.4751849111815,28.293059179946,-25.4854389467065));
#5980=CARTESIAN_POINT('Ctrl Pts',(25.8766036307088,28.7388798335397,-29.0821994936799));
#5981=CARTESIAN_POINT('',(25.8766036307088,28.7388798335397,-29.0821994936799));
#5982=CARTESIAN_POINT('Ctrl Pts',(25.0659191176402,27.8385234677475,-21.8185440664668));
#5983=CARTESIAN_POINT('Ctrl Pts',(25.336153886791,28.1386495843084,-24.2397608974554));
#5984=CARTESIAN_POINT('Ctrl Pts',(25.6063818446258,28.4387681361364,-26.6609794263633));
#5985=CARTESIAN_POINT('Ctrl Pts',(25.8766036307088,28.7388798335397,-29.0821994936799));
#5986=CARTESIAN_POINT('',(23.8152078245955,28.6054790548965,-29.3287979746243));
#5987=CARTESIAN_POINT('Origin',(24.7618863924927,29.742575743078,-29.0821994936799));
#5988=CARTESIAN_POINT('Ctrl Pts',(23.8152078245955,28.6054790548965,-29.328797974638));
#5989=CARTESIAN_POINT('Ctrl Pts',(23.4144722765388,28.159089633672,-25.7320374276646));
#5990=CARTESIAN_POINT('Ctrl Pts',(23.0137553113558,27.7126593113196,-22.1352802755854));
#5991=CARTESIAN_POINT('Ctrl Pts',(22.6130598721997,27.2661818990497,-18.5385270413039));
#5992=CARTESIAN_POINT('Ctrl Pts',(26.2068618444793,29.1056687388784,-29.5));
#5993=CARTESIAN_POINT('Ctrl Pts',(26.1172506629015,29.0061454391494,-29.5));
#5994=CARTESIAN_POINT('Ctrl Pts',(25.9615332719359,28.8332037559665,-29.4006857738801));
#5995=CARTESIAN_POINT('Ctrl Pts',(25.8876607049706,28.7511599585923,-29.1812722237937));
#5996=CARTESIAN_POINT('Ctrl Pts',(25.8766036307075,28.7388798335382,-29.0821994936681));
#5997=CARTESIAN_POINT('Ctrl Pts',(26.2068618444793,29.1056687388784,-29.9487989505128));
#5998=CARTESIAN_POINT('Ctrl Pts',(26.0364841518007,28.9166281469849,-29.945807139071));
#5999=CARTESIAN_POINT('Ctrl Pts',(25.7447211398199,28.5924740084972,-29.7534981712235));
#6000=CARTESIAN_POINT('Ctrl Pts',(25.6081490865435,28.4407092080644,-29.3405466831148));
#6001=CARTESIAN_POINT('Ctrl Pts',(25.5876017388893,28.4179107156757,-29.1542380483423));
#6002=CARTESIAN_POINT('Ctrl Pts',(25.9270730227295,29.3575917255314,-30.7258794732615));
#6003=CARTESIAN_POINT('Ctrl Pts',(25.6221133594134,29.0110733493747,-30.7181267049133));
#6004=CARTESIAN_POINT('Ctrl Pts',(25.1004277904961,28.4182242127477,-30.3631922560417));
#6005=CARTESIAN_POINT('Ctrl Pts',(24.8575386041071,28.1421044545201,-29.6154926815802));
#6006=CARTESIAN_POINT('Ctrl Pts',(24.8211415147193,28.100719466742,-29.2790953708941));
#6007=CARTESIAN_POINT('Ctrl Pts',(25.3422865695783,29.8841358129993,-31.));
#6008=CARTESIAN_POINT('Ctrl Pts',(24.9938426271799,29.4774150692219,-30.9965218328969));
#6009=CARTESIAN_POINT('Ctrl Pts',(24.3927463498386,28.7754060712181,-30.5943289362812));
#6010=CARTESIAN_POINT('Ctrl Pts',(24.1097857282631,28.4446788304809,-29.7208093307715));
#6011=CARTESIAN_POINT('Ctrl Pts',(24.0673684131079,28.3950972995349,-29.3267323801526));
#6012=CARTESIAN_POINT('Ctrl Pts',(25.0921446062633,30.1093646484167,-31.));
#6013=CARTESIAN_POINT('Ctrl Pts',(24.7455118028735,29.7014277851962,-31.));
#6014=CARTESIAN_POINT('Ctrl Pts',(24.1434249670413,28.9923496700243,-30.6027430955206));
#6015=CARTESIAN_POINT('Ctrl Pts',(23.8579406632433,28.6558445841806,-29.725088895175));
#6016=CARTESIAN_POINT('Ctrl Pts',(23.8152078245991,28.6054790549009,-29.3287979746722));
#6017=CARTESIAN_POINT('',(26.2068618444793,29.1056687388784,-29.5));
#6018=CARTESIAN_POINT('Ctrl Pts',(25.8766036307075,28.7388798335382,-29.0821994936681));
#6019=CARTESIAN_POINT('Ctrl Pts',(25.8876607049706,28.7511599585923,-29.1812722237937));
#6020=CARTESIAN_POINT('Ctrl Pts',(25.9615332719359,28.8332037559665,-29.4006857738801));
#6021=CARTESIAN_POINT('Ctrl Pts',(26.1172506629015,29.0061454391494,-29.5));
#6022=CARTESIAN_POINT('Ctrl Pts',(26.2068618444793,29.1056687388784,-29.5));
#6023=CARTESIAN_POINT('',(25.0921446062632,30.1093646484167,-31.));
#6024=CARTESIAN_POINT('Origin',(25.0921446062632,30.1093646484167,-29.5));
#6025=CARTESIAN_POINT('Ctrl Pts',(25.0921446062633,30.1093646484167,-31.));
#6026=CARTESIAN_POINT('Ctrl Pts',(24.7455118028735,29.7014277851962,-31.));
#6027=CARTESIAN_POINT('Ctrl Pts',(24.1434249670413,28.9923496700243,-30.6027430955206));
#6028=CARTESIAN_POINT('Ctrl Pts',(23.8579406632433,28.6558445841806,-29.725088895175));
#6029=CARTESIAN_POINT('Ctrl Pts',(23.8152078245991,28.6054790549009,-29.3287979746722));
#6030=CARTESIAN_POINT('Origin',(21.0847948206391,25.6587518252044,-29.5));
#6031=CARTESIAN_POINT('',(21.0847948206391,25.6587518252044,-31.));
#6032=CARTESIAN_POINT('',(22.1995120588551,24.6550559156661,-29.5));
#6033=CARTESIAN_POINT('Origin',(26.621309294324,21.9514854587034,-29.5));
#6034=CARTESIAN_POINT('',(29.1056687388784,26.2068618444793,-29.5));
#6035=CARTESIAN_POINT('',(25.6176133847857,23.0662026969195,-29.5));
#6036=CARTESIAN_POINT('',(30.1093646484166,25.0921446062632,-31.));
#6037=CARTESIAN_POINT('Origin',(30.1093646484166,25.0921446062632,-29.5));
#6038=CARTESIAN_POINT('',(26.621309294324,21.9514854587034,-31.));
#6039=CARTESIAN_POINT('Ctrl Pts',(28.7388798335363,25.8766036307057,-29.0821994936527));
#6040=CARTESIAN_POINT('Ctrl Pts',(28.7511599586212,25.8876607049966,-29.1812722240456));
#6041=CARTESIAN_POINT('Ctrl Pts',(28.8331954376376,25.9615257820789,-29.4006755279063));
#6042=CARTESIAN_POINT('Ctrl Pts',(29.0061454388815,26.1172506626602,-29.5));
#6043=CARTESIAN_POINT('Ctrl Pts',(29.1056687388784,26.2068618444793,-29.5));
#6044=CARTESIAN_POINT('Ctrl Pts',(28.4179107156722,25.5876017388861,-29.1542380483134));
#6045=CARTESIAN_POINT('Ctrl Pts',(28.440709208118,25.6081490865918,-29.3405466835884));
#6046=CARTESIAN_POINT('Ctrl Pts',(28.5924584749247,25.7447071401013,-29.7534786575661));
#6047=CARTESIAN_POINT('Ctrl Pts',(28.9166281464759,26.036484151342,-29.945807139063));
#6048=CARTESIAN_POINT('Ctrl Pts',(29.1056687388784,26.2068618444793,-29.9487989505128));
#6049=CARTESIAN_POINT('Ctrl Pts',(28.1007194667356,24.8211415147136,-29.2790953708419));
#6050=CARTESIAN_POINT('Ctrl Pts',(28.1421044546174,24.8575386041926,-29.6154926824352));
#6051=CARTESIAN_POINT('Ctrl Pts',(28.4181959431878,25.1004029236951,-30.3631568279473));
#6052=CARTESIAN_POINT('Ctrl Pts',(29.0110733484418,25.6221133585924,-30.7181267048924));
#6053=CARTESIAN_POINT('Ctrl Pts',(29.3575917255313,25.9270730227294,-30.7258794732615));
#6054=CARTESIAN_POINT('Ctrl Pts',(28.3950972995272,24.0673684131013,-29.3267323800914));
#6055=CARTESIAN_POINT('Ctrl Pts',(28.4446788305974,24.1097857283628,-29.7208093317731));
#6056=CARTESIAN_POINT('Ctrl Pts',(28.7753723813832,24.3927175172319,-30.5942878927966));
#6057=CARTESIAN_POINT('Ctrl Pts',(29.4774150681269,24.9938426262418,-30.9965218328875));
#6058=CARTESIAN_POINT('Ctrl Pts',(29.8841358129993,25.3422865695782,-31.));
#6059=CARTESIAN_POINT('Ctrl Pts',(28.6054790548931,23.8152078245925,-29.3287979746107));
#6060=CARTESIAN_POINT('Ctrl Pts',(28.6558445842989,23.8579406633436,-29.7250888961822));
#6061=CARTESIAN_POINT('Ctrl Pts',(28.9923155587862,24.1433960138148,-30.6027021116253));
#6062=CARTESIAN_POINT('Ctrl Pts',(29.701427784098,24.7455118019403,-31.));
#6063=CARTESIAN_POINT('Ctrl Pts',(30.1093646484167,25.0921446062632,-31.));
#6064=CARTESIAN_POINT('',(28.7388798335363,25.8766036307057,-29.0821994936527));
#6065=CARTESIAN_POINT('Ctrl Pts',(29.1056687388784,26.2068618444793,-29.5));
#6066=CARTESIAN_POINT('Ctrl Pts',(29.0061454388815,26.1172506626602,-29.5));
#6067=CARTESIAN_POINT('Ctrl Pts',(28.8331954376376,25.9615257820789,-29.4006755279063));
#6068=CARTESIAN_POINT('Ctrl Pts',(28.7511599586212,25.8876607049966,-29.1812722240456));
#6069=CARTESIAN_POINT('Ctrl Pts',(28.7388798335363,25.8766036307057,-29.0821994936527));
#6070=CARTESIAN_POINT('',(28.6054790548931,23.8152078245925,-29.3287979746107));
#6071=CARTESIAN_POINT('Origin',(29.7425757430746,24.7618863924896,-29.0821994936527));
#6072=CARTESIAN_POINT('Ctrl Pts',(28.6054790548931,23.8152078245925,-29.3287979746107));
#6073=CARTESIAN_POINT('Ctrl Pts',(28.6558445842989,23.8579406633436,-29.7250888961822));
#6074=CARTESIAN_POINT('Ctrl Pts',(28.9923155587862,24.1433960138148,-30.6027021116253));
#6075=CARTESIAN_POINT('Ctrl Pts',(29.701427784098,24.7455118019403,-31.));
#6076=CARTESIAN_POINT('Ctrl Pts',(30.1093646484167,25.0921446062632,-31.));
#6077=CARTESIAN_POINT('Ctrl Pts',(28.6054790548931,23.8152078245925,-29.3287979746107));
#6078=CARTESIAN_POINT('Ctrl Pts',(28.1590896336697,23.4144722765368,-25.7320374276464));
#6079=CARTESIAN_POINT('Ctrl Pts',(27.7126593113185,23.0137553113548,-22.1352802755763));
#6080=CARTESIAN_POINT('Ctrl Pts',(27.2661818990497,22.6130598721997,-18.5385270413039));
#6081=CARTESIAN_POINT('Ctrl Pts',(28.3249700477386,24.1514219426042,-29.326043848585));
#6082=CARTESIAN_POINT('Ctrl Pts',(27.8788919873381,23.7507243348408,-25.7292404261719));
#6083=CARTESIAN_POINT('Ctrl Pts',(27.4327679347453,23.3500335615372,-22.1324422818846));
#6084=CARTESIAN_POINT('Ctrl Pts',(26.9866327887797,22.9493789770832,-18.535642001662));
#6085=CARTESIAN_POINT('Ctrl Pts',(28.110105253887,24.9596992822322,-29.2624681701708));
#6086=CARTESIAN_POINT('Ctrl Pts',(27.6644542814798,24.5587163566369,-25.665642150823));
#6087=CARTESIAN_POINT('Ctrl Pts',(27.2188014298533,24.1577429076325,-22.0688156071529));
#6088=CARTESIAN_POINT('Ctrl Pts',(26.7731350825058,23.7567739730887,-18.4719905657117));
#6089=CARTESIAN_POINT('Ctrl Pts',(28.4981529951382,25.659852211841,-29.1362284096482));
#6090=CARTESIAN_POINT('Ctrl Pts',(28.0524262132243,25.2585152257053,-25.5394483620296));
#6091=CARTESIAN_POINT('Ctrl Pts',(27.6066866723116,24.8571753819395,-21.9426703083732));
#6092=CARTESIAN_POINT('Ctrl Pts',(27.1609366924245,24.4558172447766,-18.3458956866859));
#6093=CARTESIAN_POINT('Ctrl Pts',(28.7388798335363,25.8766036307057,-29.0821994936527));
#6094=CARTESIAN_POINT('Ctrl Pts',(28.2930591799438,25.4751849111795,-25.4854389466883));
#6095=CARTESIAN_POINT('Ctrl Pts',(27.847223400301,25.0737525720964,-21.8886817946183));
#6096=CARTESIAN_POINT('Ctrl Pts',(27.4013701660959,24.6723045168549,-18.2919285603459));
#6097=CARTESIAN_POINT('Ctrl Pts',(27.2661818990497,22.6130598721997,-18.5385270413039));
#6098=CARTESIAN_POINT('Ctrl Pts',(27.7126593113185,23.0137553113548,-22.1352802755763));
#6099=CARTESIAN_POINT('Ctrl Pts',(28.1590896336697,23.4144722765368,-25.7320374276464));
#6100=CARTESIAN_POINT('Ctrl Pts',(28.6054790548931,23.8152078245925,-29.3287979746107));
#6101=CARTESIAN_POINT('Ctrl Pts',(28.7388798335363,25.8766036307057,-29.0821994936527));
#6102=CARTESIAN_POINT('Ctrl Pts',(28.4387681361363,25.6063818446256,-26.660979426362));
#6103=CARTESIAN_POINT('Ctrl Pts',(28.1386495843114,25.3361538867937,-24.23976089748));
#6104=CARTESIAN_POINT('Ctrl Pts',(27.8385234677538,25.0659191176458,-21.8185440665173));
#6105=CARTESIAN_POINT('Origin',(31.9059786623874,28.7282722248942,-24.5));
#6106=CARTESIAN_POINT('Origin',(28.7282722248942,31.9059786623874,-24.5));
#6107=CARTESIAN_POINT('Origin',(-5.41404292782298,8.25461865625961,-29.5));
#6108=CARTESIAN_POINT('',(-26.2068618444793,29.1056687388784,-29.5));
#6109=CARTESIAN_POINT('',(-6.52876016603907,7.25092274672132,-29.5));
#6110=CARTESIAN_POINT('',(-25.0921446062632,30.1093646484166,-31.));
#6111=CARTESIAN_POINT('Origin',(-25.0921446062632,30.1093646484166,-29.5));
#6112=CARTESIAN_POINT('',(-5.41404292782298,8.25461865625961,-31.));
#6113=CARTESIAN_POINT('Ctrl Pts',(-25.8766036307057,28.7388798335363,-29.0821994936527));
#6114=CARTESIAN_POINT('Ctrl Pts',(-25.8876607049966,28.7511599586212,-29.1812722240455));
#6115=CARTESIAN_POINT('Ctrl Pts',(-25.9615257820789,28.8331954376376,-29.4006755279062));
#6116=CARTESIAN_POINT('Ctrl Pts',(-26.1172506626602,29.0061454388815,-29.5));
#6117=CARTESIAN_POINT('Ctrl Pts',(-26.2068618444793,29.1056687388784,-29.5));
#6118=CARTESIAN_POINT('Ctrl Pts',(-25.5876017388861,28.4179107156722,-29.1542380483134));
#6119=CARTESIAN_POINT('Ctrl Pts',(-25.6081490865918,28.440709208118,-29.3405466835884));
#6120=CARTESIAN_POINT('Ctrl Pts',(-25.7447071401012,28.5924584749246,-29.7534786575659));
#6121=CARTESIAN_POINT('Ctrl Pts',(-26.036484151342,28.9166281464759,-29.9458071390629));
#6122=CARTESIAN_POINT('Ctrl Pts',(-26.2068618444793,29.1056687388784,-29.9487989505128));
#6123=CARTESIAN_POINT('Ctrl Pts',(-24.8211415147136,28.1007194667356,-29.2790953708419));
#6124=CARTESIAN_POINT('Ctrl Pts',(-24.8575386041926,28.1421044546173,-29.6154926824351));
#6125=CARTESIAN_POINT('Ctrl Pts',(-25.100402923695,28.4181959431876,-30.3631568279469));
#6126=CARTESIAN_POINT('Ctrl Pts',(-25.6221133585924,29.0110733484418,-30.7181267048924));
#6127=CARTESIAN_POINT('Ctrl Pts',(-25.9270730227294,29.3575917255313,-30.7258794732615));
#6128=CARTESIAN_POINT('Ctrl Pts',(-24.0673684131013,28.3950972995272,-29.3267323800914));
#6129=CARTESIAN_POINT('Ctrl Pts',(-24.1097857283628,28.4446788305974,-29.720809331773));
#6130=CARTESIAN_POINT('Ctrl Pts',(-24.3927175172318,28.775372381383,-30.5942878927962));
#6131=CARTESIAN_POINT('Ctrl Pts',(-24.9938426262419,29.477415068127,-30.9965218328875));
#6132=CARTESIAN_POINT('Ctrl Pts',(-25.3422865695782,29.8841358129992,-31.));
#6133=CARTESIAN_POINT('Ctrl Pts',(-23.8152078245925,28.6054790548931,-29.3287979746107));
#6134=CARTESIAN_POINT('Ctrl Pts',(-23.8579406633436,28.6558445842989,-29.7250888961822));
#6135=CARTESIAN_POINT('Ctrl Pts',(-24.1433960138147,28.992315558786,-30.6027021116248));
#6136=CARTESIAN_POINT('Ctrl Pts',(-24.7455118019403,29.701427784098,-31.));
#6137=CARTESIAN_POINT('Ctrl Pts',(-25.0921446062632,30.1093646484166,-31.));
#6138=CARTESIAN_POINT('',(-25.8766036307057,28.7388798335363,-29.0821994936527));
#6139=CARTESIAN_POINT('Ctrl Pts',(-26.2068618444793,29.1056687388784,-29.5));
#6140=CARTESIAN_POINT('Ctrl Pts',(-26.1172506626602,29.0061454388815,-29.5));
#6141=CARTESIAN_POINT('Ctrl Pts',(-25.9615257820789,28.8331954376376,-29.4006755279062));
#6142=CARTESIAN_POINT('Ctrl Pts',(-25.8876607049966,28.7511599586212,-29.1812722240455));
#6143=CARTESIAN_POINT('Ctrl Pts',(-25.8766036307057,28.7388798335363,-29.0821994936527));
#6144=CARTESIAN_POINT('',(-23.8152078245925,28.6054790548931,-29.3287979746107));
#6145=CARTESIAN_POINT('Origin',(-24.7618863924896,29.7425757430746,-29.0821994936527));
#6146=CARTESIAN_POINT('Ctrl Pts',(-23.8152078245925,28.6054790548931,-29.3287979746107));
#6147=CARTESIAN_POINT('Ctrl Pts',(-23.8579406633436,28.6558445842989,-29.7250888961822));
#6148=CARTESIAN_POINT('Ctrl Pts',(-24.1433960138147,28.992315558786,-30.6027021116248));
#6149=CARTESIAN_POINT('Ctrl Pts',(-24.7455118019403,29.701427784098,-31.));
#6150=CARTESIAN_POINT('Ctrl Pts',(-25.0921446062632,30.1093646484166,-31.));
#6151=CARTESIAN_POINT('Ctrl Pts',(-23.8152078245925,28.6054790548931,-29.3287979746107));
#6152=CARTESIAN_POINT('Ctrl Pts',(-23.4144722765368,28.1590896336697,-25.7320374276464));
#6153=CARTESIAN_POINT('Ctrl Pts',(-23.0137553113548,27.7126593113185,-22.1352802755763));
#6154=CARTESIAN_POINT('Ctrl Pts',(-22.6130598721997,27.2661818990497,-18.5385270413039));
#6155=CARTESIAN_POINT('Ctrl Pts',(-24.1514219426043,28.3249700477386,-29.326043848585));
#6156=CARTESIAN_POINT('Ctrl Pts',(-23.7507243348408,27.8788919873381,-25.7292404261719));
#6157=CARTESIAN_POINT('Ctrl Pts',(-23.3500335615372,27.4327679347453,-22.1324422818846));
#6158=CARTESIAN_POINT('Ctrl Pts',(-22.9493789770832,26.9866327887797,-18.535642001662));
#6159=CARTESIAN_POINT('Ctrl Pts',(-24.9596992822322,28.1101052538869,-29.2624681701708));
#6160=CARTESIAN_POINT('Ctrl Pts',(-24.5587163566369,27.6644542814797,-25.665642150823));
#6161=CARTESIAN_POINT('Ctrl Pts',(-24.1577429076325,27.2188014298533,-22.0688156071529));
#6162=CARTESIAN_POINT('Ctrl Pts',(-23.7567739730887,26.7731350825057,-18.4719905657117));
#6163=CARTESIAN_POINT('Ctrl Pts',(-25.659852211841,28.4981529951382,-29.1362284096482));
#6164=CARTESIAN_POINT('Ctrl Pts',(-25.2585152257054,28.0524262132243,-25.5394483620296));
#6165=CARTESIAN_POINT('Ctrl Pts',(-24.8571753819395,27.6066866723116,-21.9426703083732));
#6166=CARTESIAN_POINT('Ctrl Pts',(-24.4558172447766,27.1609366924245,-18.3458956866859));
#6167=CARTESIAN_POINT('Ctrl Pts',(-25.8766036307057,28.7388798335363,-29.0821994936527));
#6168=CARTESIAN_POINT('Ctrl Pts',(-25.4751849111795,28.2930591799438,-25.4854389466883));
#6169=CARTESIAN_POINT('Ctrl Pts',(-25.0737525720964,27.847223400301,-21.8886817946183));
#6170=CARTESIAN_POINT('Ctrl Pts',(-24.6723045168549,27.4013701660959,-18.2919285603459));
#6171=CARTESIAN_POINT('Ctrl Pts',(-22.6130598721997,27.2661818990497,-18.5385270413039));
#6172=CARTESIAN_POINT('Ctrl Pts',(-23.0137553113548,27.7126593113185,-22.1352802755763));
#6173=CARTESIAN_POINT('Ctrl Pts',(-23.4144722765368,28.1590896336697,-25.7320374276464));
#6174=CARTESIAN_POINT('Ctrl Pts',(-23.8152078245925,28.6054790548931,-29.3287979746107));
#6175=CARTESIAN_POINT('Ctrl Pts',(-25.8766036307057,28.7388798335363,-29.0821994936527));
#6176=CARTESIAN_POINT('Ctrl Pts',(-25.6063818446257,28.4387681361363,-26.660979426362));
#6177=CARTESIAN_POINT('Ctrl Pts',(-25.3361538867938,28.1386495843114,-24.23976089748));
#6178=CARTESIAN_POINT('Ctrl Pts',(-25.0659191176458,27.8385234677538,-21.8185440665173));
#6179=CARTESIAN_POINT('Ctrl Pts',(-27.2661818990497,22.6130598721997,-18.5385270413039));
#6180=CARTESIAN_POINT('Ctrl Pts',(-27.7126593113196,23.0137553113558,-22.1352802755854));
#6181=CARTESIAN_POINT('Ctrl Pts',(-28.159089633672,23.4144722765388,-25.7320374276646));
#6182=CARTESIAN_POINT('Ctrl Pts',(-28.6054790548965,23.8152078245955,-29.328797974638));
#6183=CARTESIAN_POINT('Ctrl Pts',(-26.9866327887797,22.9493789770832,-18.535642001662));
#6184=CARTESIAN_POINT('Ctrl Pts',(-27.4327679347464,23.3500335615382,-22.1324422818937));
#6185=CARTESIAN_POINT('Ctrl Pts',(-27.8788919873404,23.7507243348428,-25.7292404261901));
#6186=CARTESIAN_POINT('Ctrl Pts',(-28.3249700477419,24.1514219426073,-29.3260438486123));
#6187=CARTESIAN_POINT('Ctrl Pts',(-26.7731350825057,23.7567739730886,-18.4719905657117));
#6188=CARTESIAN_POINT('Ctrl Pts',(-27.2188014298544,24.1577429076335,-22.0688156071619));
#6189=CARTESIAN_POINT('Ctrl Pts',(-27.664454281482,24.5587163566389,-25.6656421508411));
#6190=CARTESIAN_POINT('Ctrl Pts',(-28.1101052538903,24.9596992822353,-29.2624681701981));
#6191=CARTESIAN_POINT('Ctrl Pts',(-27.1609366924245,24.4558172447766,-18.3458956866859));
#6192=CARTESIAN_POINT('Ctrl Pts',(-27.6066866723127,24.8571753819405,-21.9426703083822));
#6193=CARTESIAN_POINT('Ctrl Pts',(-28.0524262132266,25.2585152257074,-25.5394483620478));
#6194=CARTESIAN_POINT('Ctrl Pts',(-28.4981529951416,25.6598522118441,-29.1362284096755));
#6195=CARTESIAN_POINT('Ctrl Pts',(-27.4013701660959,24.6723045168549,-18.2919285603459));
#6196=CARTESIAN_POINT('Ctrl Pts',(-27.8472234003021,25.0737525720974,-21.8886817946274));
#6197=CARTESIAN_POINT('Ctrl Pts',(-28.293059179946,25.4751849111815,-25.4854389467065));
#6198=CARTESIAN_POINT('Ctrl Pts',(-28.7388798335397,25.8766036307088,-29.0821994936799));
#6199=CARTESIAN_POINT('',(-28.7388798335397,25.8766036307088,-29.0821994936799));
#6200=CARTESIAN_POINT('Ctrl Pts',(-27.8385234677475,25.0659191176402,-21.8185440664668));
#6201=CARTESIAN_POINT('Ctrl Pts',(-28.1386495843084,25.336153886791,-24.2397608974554));
#6202=CARTESIAN_POINT('Ctrl Pts',(-28.4387681361364,25.6063818446258,-26.6609794263633));
#6203=CARTESIAN_POINT('Ctrl Pts',(-28.7388798335397,25.8766036307088,-29.0821994936799));
#6204=CARTESIAN_POINT('',(-28.6054790548965,23.8152078245955,-29.3287979746243));
#6205=CARTESIAN_POINT('Origin',(-29.742575743078,24.7618863924927,-29.0821994936799));
#6206=CARTESIAN_POINT('Ctrl Pts',(-28.6054790548965,23.8152078245955,-29.328797974638));
#6207=CARTESIAN_POINT('Ctrl Pts',(-28.159089633672,23.4144722765388,-25.7320374276646));
#6208=CARTESIAN_POINT('Ctrl Pts',(-27.7126593113196,23.0137553113558,-22.1352802755854));
#6209=CARTESIAN_POINT('Ctrl Pts',(-27.2661818990497,22.6130598721997,-18.5385270413039));
#6210=CARTESIAN_POINT('Ctrl Pts',(-29.1056687388784,26.2068618444793,-29.5));
#6211=CARTESIAN_POINT('Ctrl Pts',(-29.0310262640816,26.1396534582959,-29.5));
#6212=CARTESIAN_POINT('Ctrl Pts',(-28.8566807790761,25.9826720784919,-29.4274043427831));
#6213=CARTESIAN_POINT('Ctrl Pts',(-28.7552533336103,25.8913463963917,-29.2142964671689));
#6214=CARTESIAN_POINT('Ctrl Pts',(-28.7388798335382,25.8766036307075,-29.0821994936681));
#6215=CARTESIAN_POINT('Ctrl Pts',(-29.1056687388784,26.2068618444793,-29.9487989505128));
#6216=CARTESIAN_POINT('Ctrl Pts',(-28.9638882949582,26.0790785749704,-29.9465550919315));
#6217=CARTESIAN_POINT('Ctrl Pts',(-28.6357868470703,25.7835795920003,-29.8040006446939));
#6218=CARTESIAN_POINT('Ctrl Pts',(-28.4483087055273,25.6149982024282,-29.4026495613722));
#6219=CARTESIAN_POINT('Ctrl Pts',(-28.4179107156757,25.5876017388893,-29.1542380483423));
#6220=CARTESIAN_POINT('Ctrl Pts',(-29.3575917255314,25.9270730227295,-30.7258794732615));
#6221=CARTESIAN_POINT('Ctrl Pts',(-29.0977029434138,25.6983532752424,-30.7200648970004));
#6222=CARTESIAN_POINT('Ctrl Pts',(-28.4975477302918,25.1702423371412,-30.4561184928447));
#6223=CARTESIAN_POINT('Ctrl Pts',(-28.1558994504461,24.8696709672363,-29.7276251184754));
#6224=CARTESIAN_POINT('Ctrl Pts',(-28.100719466742,24.8211415147193,-29.2790953708941));
#6225=CARTESIAN_POINT('Ctrl Pts',(-29.8841358129993,25.3422865695782,-31.));
#6226=CARTESIAN_POINT('Ctrl Pts',(-29.5790952551662,25.0809536127795,-30.9973913746727));
#6227=CARTESIAN_POINT('Ctrl Pts',(-28.8699763950764,24.4736947436142,-30.7012185873318));
#6228=CARTESIAN_POINT('Ctrl Pts',(-28.4612060074629,24.1239248333148,-29.8521683143108));
#6229=CARTESIAN_POINT('Ctrl Pts',(-28.3950972995349,24.0673684131079,-29.3267323801526));
#6230=CARTESIAN_POINT('Ctrl Pts',(-30.1093646484167,25.0921446062633,-31.));
#6231=CARTESIAN_POINT('Ctrl Pts',(-29.8034120010013,24.8321700037209,-31.));
#6232=CARTESIAN_POINT('Ctrl Pts',(-29.0886354995485,24.2251243289755,-30.7096173711322));
#6233=CARTESIAN_POINT('Ctrl Pts',(-28.6726330939404,23.8721849427913,-29.8571858686756));
#6234=CARTESIAN_POINT('Ctrl Pts',(-28.6054790549009,23.8152078245991,-29.3287979746722));
#6235=CARTESIAN_POINT('',(-29.1056687388784,26.2068618444793,-29.5));
#6236=CARTESIAN_POINT('Ctrl Pts',(-28.7388798335382,25.8766036307075,-29.0821994936681));
#6237=CARTESIAN_POINT('Ctrl Pts',(-28.7552533336103,25.8913463963917,-29.2142964671689));
#6238=CARTESIAN_POINT('Ctrl Pts',(-28.8566807790761,25.9826720784919,-29.4274043427831));
#6239=CARTESIAN_POINT('Ctrl Pts',(-29.0310262640816,26.1396534582959,-29.5));
#6240=CARTESIAN_POINT('Ctrl Pts',(-29.1056687388784,26.2068618444793,-29.5));
#6241=CARTESIAN_POINT('',(-30.1093646484167,25.0921446062632,-31.));
#6242=CARTESIAN_POINT('Origin',(-30.1093646484167,25.0921446062632,-29.5));
#6243=CARTESIAN_POINT('Ctrl Pts',(-30.1093646484167,25.0921446062633,-31.));
#6244=CARTESIAN_POINT('Ctrl Pts',(-29.8034120010013,24.8321700037209,-31.));
#6245=CARTESIAN_POINT('Ctrl Pts',(-29.0886354995485,24.2251243289755,-30.7096173711322));
#6246=CARTESIAN_POINT('Ctrl Pts',(-28.6726330939404,23.8721849427913,-29.8571858686756));
#6247=CARTESIAN_POINT('Ctrl Pts',(-28.6054790549009,23.8152078245991,-29.3287979746722));
#6248=CARTESIAN_POINT('Origin',(-7.29206118714003,4.54735228975863,-29.5));
#6249=CARTESIAN_POINT('',(-7.29206118714003,4.54735228975863,-31.));
#6250=CARTESIAN_POINT('',(-6.28836527760174,5.66206952797472,-29.5));
#6251=CARTESIAN_POINT('Origin',(-28.7282722248942,31.9059786623874,-24.5));
#6252=CARTESIAN_POINT('Origin',(-31.9059786623874,28.7282722248942,-24.5));
#6253=CARTESIAN_POINT('Origin',(0.,0.,-29.));
#6254=CARTESIAN_POINT('Origin',(0.,-1.85325541291261E-15,-29.3287979746107));
#6255=CARTESIAN_POINT('Origin',(0.,0.,-31.));
#6256=CARTESIAN_POINT('Origin',(35.,0.,-31.));
#6257=CARTESIAN_POINT('',(-53.,-6.49062803548097E-15,-31.));
#6258=CARTESIAN_POINT('Origin',(0.,0.,-31.));
#6259=CARTESIAN_POINT('Origin',(0.,0.,-31.));
#6260=CARTESIAN_POINT('Origin',(0.,0.,-31.));
#6261=CARTESIAN_POINT('Origin',(0.,0.,-31.));
#6262=CARTESIAN_POINT('',(2.,-49.,-31.));
#6263=CARTESIAN_POINT('Origin',(0.,-49.,-31.));
#6264=CARTESIAN_POINT('',(49.,2.,-31.));
#6265=CARTESIAN_POINT('Origin',(49.,-3.00038465791102E-15,-31.));
#6266=CARTESIAN_POINT('',(-1.99999999999999,49.,-31.));
#6267=CARTESIAN_POINT('Origin',(6.00076931582203E-15,49.,-31.));
#6268=CARTESIAN_POINT('',(-49.,-1.99999999999999,-31.));
#6269=CARTESIAN_POINT('Origin',(-49.,9.00115397373305E-15,-31.));
#6270=CARTESIAN_POINT('Origin',(0.,0.,-29.));
#6271=CARTESIAN_POINT('Origin',(-1.13957873998764E-15,0.,-29.3287979746107));
#6272=CARTESIAN_POINT('Origin',(0.,0.,-29.));
#6273=CARTESIAN_POINT('',(-4.5583149599511E-15,-37.2214663291063,-29.328797974638));
#6274=CARTESIAN_POINT('Origin',(7.13676672924969E-16,0.,-29.3287979746107));
#6275=CARTESIAN_POINT('Origin',(7.13676672924969E-16,0.,-29.3287979746107));
#6276=CARTESIAN_POINT('Origin',(0.,0.,-29.));
#6277=CARTESIAN_POINT('Origin',(0.,-1.85325541291261E-15,-29.3287979746107));
#6278=CARTESIAN_POINT('Origin',(0.,0.,-33.));
#6279=CARTESIAN_POINT('',(-55.,-6.73555739531044E-15,-33.));
#6280=CARTESIAN_POINT('Origin',(-53.,-6.49062803548097E-15,-33.));
#6281=CARTESIAN_POINT('Origin',(0.,0.,-33.));
#6282=CARTESIAN_POINT('Origin',(0.,0.,-34.5));
#6283=CARTESIAN_POINT('',(-55.,-6.73555739531044E-15,-38.));
#6284=CARTESIAN_POINT('',(-55.,-6.73555739531044E-15,-34.5));
#6285=CARTESIAN_POINT('Origin',(0.,0.,-38.));
#6286=CARTESIAN_POINT('Origin',(0.,0.,-16.));
#6287=CARTESIAN_POINT('',(-3.98343462475448E-15,-32.5272121523357,-1.16327291401429));
#6288=CARTESIAN_POINT('',(-4.28626379701574E-15,-35.,-16.));
#6289=CARTESIAN_POINT('',(32.5272121523357,-3.98343462475448E-15,-1.16327291401429));
#6290=CARTESIAN_POINT('Origin',(-9.95858656188621E-16,0.,-1.16327291401429));
#6291=CARTESIAN_POINT('Origin',(-9.95858656188621E-16,0.,-1.16327291401429));
#6292=CARTESIAN_POINT('Origin',(-49.,9.00115397373305E-15,-38.));
#6293=CARTESIAN_POINT('',(-49.,-1.99999999999999,-38.));
#6294=CARTESIAN_POINT('Origin',(-49.,9.00115397373305E-15,-38.));
#6295=CARTESIAN_POINT('',(-49.,-1.99999999999999,-38.));
#6296=CARTESIAN_POINT('Origin',(6.00076931582203E-15,49.,-38.));
#6297=CARTESIAN_POINT('',(-1.99999999999999,49.,-38.));
#6298=CARTESIAN_POINT('Origin',(6.00076931582203E-15,49.,-38.));
#6299=CARTESIAN_POINT('',(-1.99999999999999,49.,-38.));
#6300=CARTESIAN_POINT('Origin',(49.,-3.00038465791102E-15,-38.));
#6301=CARTESIAN_POINT('',(49.,2.,-38.));
#6302=CARTESIAN_POINT('Origin',(49.,-3.00038465791102E-15,-38.));
#6303=CARTESIAN_POINT('',(49.,2.,-38.));
#6304=CARTESIAN_POINT('Origin',(0.,-49.,-38.));
#6305=CARTESIAN_POINT('',(2.,-49.,-38.));
#6306=CARTESIAN_POINT('Origin',(0.,-49.,-38.));
#6307=CARTESIAN_POINT('',(2.,-49.,-38.));
#6308=CARTESIAN_POINT('Origin',(30.5,-30.5,2.));
#6309=CARTESIAN_POINT('',(30.5,-32.5,2.));
#6310=CARTESIAN_POINT('',(32.5,-30.5,2.));
#6311=CARTESIAN_POINT('Origin',(30.5,-30.5,2.));
#6312=CARTESIAN_POINT('',(30.5,-30.5,0.));
#6313=CARTESIAN_POINT('Origin',(30.5,-30.5,2.));
#6314=CARTESIAN_POINT('Origin',(30.5,-30.5,2.));
#6315=CARTESIAN_POINT('Origin',(-16.25,-30.5,2.));
#6316=CARTESIAN_POINT('',(12.5996031683541,-32.5,2.));
#6317=CARTESIAN_POINT('',(12.5996031683541,-30.5,0.));
#6318=CARTESIAN_POINT('Origin',(12.5996031683541,-30.5,2.));
#6319=CARTESIAN_POINT('',(-16.25,-30.5,0.));
#6320=CARTESIAN_POINT('',(-16.25,-32.5,2.));
#6321=CARTESIAN_POINT('Origin',(30.5,-16.25,2.));
#6322=CARTESIAN_POINT('',(30.5,-12.5996031683541,0.));
#6323=CARTESIAN_POINT('',(32.5,-12.5996031683541,2.));
#6324=CARTESIAN_POINT('Origin',(30.5,-12.5996031683541,2.));
#6325=CARTESIAN_POINT('',(32.5,-16.25,2.));
#6326=CARTESIAN_POINT('',(30.5,-16.25,0.));
#6327=CARTESIAN_POINT('Origin',(30.5,-30.5,0.));
#6328=CARTESIAN_POINT('',(32.5,-30.5,6.5));
#6329=CARTESIAN_POINT('',(30.5,-32.5,6.5));
#6330=CARTESIAN_POINT('Origin',(30.5,-30.5,6.5));
#6331=CARTESIAN_POINT('',(30.5,-32.5,0.));
#6332=CARTESIAN_POINT('',(32.5,-30.5,0.));
#6333=CARTESIAN_POINT('Ctrl Pts',(32.5,4.37074720813998E-15,-5.6985978226396E-16));
#6334=CARTESIAN_POINT('Ctrl Pts',(32.5,0.00878638368508432,-0.000608742562341391));
#6335=CARTESIAN_POINT('Ctrl Pts',(32.4999975529897,0.0175716749331586,-0.0012185525665563));
#6336=CARTESIAN_POINT('Ctrl Pts',(32.499194800325,1.13767031020208,-0.0786102831709221));
#6337=CARTESIAN_POINT('Ctrl Pts',(32.4384032340583,2.61695067837319,-0.183420331044726));
#6338=CARTESIAN_POINT('Ctrl Pts',(32.2542116673196,4.49649071992519,-0.233439512203893));
#6339=CARTESIAN_POINT('Ctrl Pts',(32.1565169599928,5.26098070024942,-0.225385060884418));
#6340=CARTESIAN_POINT('Ctrl Pts',(32.1,5.65232758256197,-0.208385437170164));
#6341=CARTESIAN_POINT('Ctrl Pts',(32.5,4.37074720813998E-15,-5.6985978226396E-16));
#6342=CARTESIAN_POINT('Ctrl Pts',(32.5000005782308,0.00868457312696965,
3.24692938863839E-5));
#6343=CARTESIAN_POINT('Ctrl Pts',(32.4999988608626,0.0173738903965649,6.8377783150408E-5));
#6344=CARTESIAN_POINT('Ctrl Pts',(32.4997085702413,1.12461891702631,0.00449745471926935));
#6345=CARTESIAN_POINT('Ctrl Pts',(32.4800698511825,2.58750428095332,0.00828047310150397));
#6346=CARTESIAN_POINT('Ctrl Pts',(32.4149895509574,4.43940111876549,0.0590263705685161));
#6347=CARTESIAN_POINT('Ctrl Pts',(32.3789827807221,5.18955333659275,0.0970222357119978));
#6348=CARTESIAN_POINT('Ctrl Pts',(32.3574004435173,5.57175096080183,0.125222197534314));
#6349=CARTESIAN_POINT('Ctrl Pts',(32.5,4.37074720813998E-15,-5.6985978226396E-16));
#6350=CARTESIAN_POINT('Ctrl Pts',(32.5,0.00859085217407802,0.000676394717285183));
#6351=CARTESIAN_POINT('Ctrl Pts',(32.5,0.0171685211888867,0.00135254445218334));
#6352=CARTESIAN_POINT('Ctrl Pts',(32.5000000000003,1.11187486014092,0.0877502755535428));
#6353=CARTESIAN_POINT('Ctrl Pts',(32.5,2.55880403926928,0.199979244211396));
#6354=CARTESIAN_POINT('Ctrl Pts',(32.5,4.37500739481004,0.390115984932634));
#6355=CARTESIAN_POINT('Ctrl Pts',(32.5,5.10449645536576,0.484730312939124));
#6356=CARTESIAN_POINT('Ctrl Pts',(32.5,5.47131240549115,0.541063270768583));
#6357=CARTESIAN_POINT('Ctrl Pts',(32.5,4.37074720813998E-15,-5.6985978226396E-16));
#6358=CARTESIAN_POINT('Ctrl Pts',(32.5,0.00848665956613533,0.00131929692325987));
#6359=CARTESIAN_POINT('Ctrl Pts',(32.5,0.0169732822618082,0.00263766760647013));
#6360=CARTESIAN_POINT('Ctrl Pts',(32.5000000000003,1.09867561613622,0.170964192292153));
#6361=CARTESIAN_POINT('Ctrl Pts',(32.5,2.52978427503105,0.391531759051795));
#6362=CARTESIAN_POINT('Ctrl Pts',(32.5,4.31056368883545,0.721482923908821));
#6363=CARTESIAN_POINT('Ctrl Pts',(32.5,5.01867787624384,0.873074695577901));
#6364=CARTESIAN_POINT('Ctrl Pts',(32.5,5.37059162829097,0.958072814149178));
#6365=CARTESIAN_POINT('',(32.1,5.65232758256197,-0.208385437170164));
#6366=CARTESIAN_POINT('',(32.5,5.37059162829097,0.958072814149178));
#6367=CARTESIAN_POINT('Origin',(30.5,5.37059162829097,0.958072814149178));
#6368=CARTESIAN_POINT('',(32.5,0.,0.));
#6369=CARTESIAN_POINT('Ctrl Pts',(32.5,5.37059162829097,0.958072814149178));
#6370=CARTESIAN_POINT('Ctrl Pts',(32.5,5.01867787624384,0.873074695577901));
#6371=CARTESIAN_POINT('Ctrl Pts',(32.5,4.31056368883545,0.721482923908821));
#6372=CARTESIAN_POINT('Ctrl Pts',(32.5,2.52978427503105,0.391531759051795));
#6373=CARTESIAN_POINT('Ctrl Pts',(32.5000000000003,1.09867561613622,0.170964192292153));
#6374=CARTESIAN_POINT('Ctrl Pts',(32.5,0.0169732822618082,0.00263766760647013));
#6375=CARTESIAN_POINT('Ctrl Pts',(32.5,0.00848665956613533,0.00131929692325987));
#6376=CARTESIAN_POINT('Ctrl Pts',(32.5,4.37074720813998E-15,-5.6985978226396E-16));
#6377=CARTESIAN_POINT('Ctrl Pts',(32.5,4.37074720813998E-15,-5.6985978226396E-16));
#6378=CARTESIAN_POINT('Ctrl Pts',(32.5,0.00878638368508432,-0.000608742562341391));
#6379=CARTESIAN_POINT('Ctrl Pts',(32.4999975529897,0.0175716749331586,-0.0012185525665563));
#6380=CARTESIAN_POINT('Ctrl Pts',(32.499194800325,1.13767031020208,-0.0786102831709221));
#6381=CARTESIAN_POINT('Ctrl Pts',(32.4384032340583,2.61695067837319,-0.183420331044726));
#6382=CARTESIAN_POINT('Ctrl Pts',(32.2542116673196,4.49649071992519,-0.233439512203893));
#6383=CARTESIAN_POINT('Ctrl Pts',(32.1565169599928,5.26098070024942,-0.225385060884418));
#6384=CARTESIAN_POINT('Ctrl Pts',(32.1,5.65232758256197,-0.208385437170164));
#6385=CARTESIAN_POINT('Ctrl Pts',(32.1,-5.65232758256198,-0.208385437170164));
#6386=CARTESIAN_POINT('Ctrl Pts',(32.2130339199856,-4.86963381793718,-0.242384684598661));
#6387=CARTESIAN_POINT('Ctrl Pts',(32.3388346961323,-3.74135545315529,-0.221847674116532));
#6388=CARTESIAN_POINT('Ctrl Pts',(32.4689066711645,-1.87663893256052,-0.131344802836669));
#6389=CARTESIAN_POINT('Ctrl Pts',(32.4995290508607,-0.767019264717103,-0.0532000333166123));
#6390=CARTESIAN_POINT('Ctrl Pts',(32.4999969989471,-0.0175733926543804,
-0.00121706627845937));
#6391=CARTESIAN_POINT('Ctrl Pts',(32.5,-0.00878638368576153,-0.000608742562388581));
#6392=CARTESIAN_POINT('Ctrl Pts',(32.5,-4.43705382675177E-15,-3.11822670448598E-17));
#6393=CARTESIAN_POINT('Ctrl Pts',(32.3574004435173,-5.57175096080184,0.125222197534314));
#6394=CARTESIAN_POINT('Ctrl Pts',(32.3998964251276,-4.80751918154351,0.0692184131532943));
#6395=CARTESIAN_POINT('Ctrl Pts',(32.444816878503,-3.69607714130571,0.0340238816346704));
#6396=CARTESIAN_POINT('Ctrl Pts',(32.489415969688,-1.85559625407619,0.00633404213830311));
#6397=CARTESIAN_POINT('Ctrl Pts',(32.4997751822365,-0.758308928214615,0.00294389739203436));
#6398=CARTESIAN_POINT('Ctrl Pts',(32.4999995362872,-0.0173734830537606,
6.80189625175344E-5));
#6399=CARTESIAN_POINT('Ctrl Pts',(32.5,-0.00868647564507022,3.39372688016117E-5));
#6400=CARTESIAN_POINT('Ctrl Pts',(32.5,-4.43705382675177E-15,-3.11822670448598E-17));
#6401=CARTESIAN_POINT('Ctrl Pts',(32.5,-5.47131240549116,0.541063270768583));
#6402=CARTESIAN_POINT('Ctrl Pts',(32.4994393462533,-4.73714039619317,0.428543456879882));
#6403=CARTESIAN_POINT('Ctrl Pts',(32.499627306633,-3.64756035928376,0.308911312448478));
#6404=CARTESIAN_POINT('Ctrl Pts',(32.4995711776581,-1.83496661075278,0.143766506917979));
#6405=CARTESIAN_POINT('Ctrl Pts',(32.49992976355,-0.749623998334253,0.0590513306211565));
#6406=CARTESIAN_POINT('Ctrl Pts',(32.5000005542171,-0.0171733756993743,
0.00135339644488593));
#6407=CARTESIAN_POINT('Ctrl Pts',(32.5,-0.00858656760437888,0.000676617099991804));
#6408=CARTESIAN_POINT('Ctrl Pts',(32.5,-4.43705382675177E-15,-3.11822670448598E-17));
#6409=CARTESIAN_POINT('Ctrl Pts',(32.5,-5.37059162829098,0.958072814149178));
#6410=CARTESIAN_POINT('Ctrl Pts',(32.5,-4.66676412419698,0.788076577006686));
#6411=CARTESIAN_POINT('Ctrl Pts',(32.5,-3.59905026955458,0.583795480099688));
#6412=CARTESIAN_POINT('Ctrl Pts',(32.5,-1.81437010728892,0.281093729150502));
#6413=CARTESIAN_POINT('Ctrl Pts',(32.4999999999999,-0.74094271355971,0.115146165403155));
#6414=CARTESIAN_POINT('Ctrl Pts',(32.5,-0.0169732397339309,0.00263887303872451));
#6415=CARTESIAN_POINT('Ctrl Pts',(32.5,-0.00848665956368756,0.001319296931182));
#6416=CARTESIAN_POINT('Ctrl Pts',(32.5,-4.43705382675177E-15,-3.11822670448598E-17));
#6417=CARTESIAN_POINT('',(32.1,-5.65232758256198,-0.208385437170164));
#6418=CARTESIAN_POINT('Ctrl Pts',(32.1,-5.65232758256198,-0.208385437170164));
#6419=CARTESIAN_POINT('Ctrl Pts',(32.2130339199856,-4.86963381793718,-0.242384684598661));
#6420=CARTESIAN_POINT('Ctrl Pts',(32.3388346961323,-3.74135545315529,-0.221847674116532));
#6421=CARTESIAN_POINT('Ctrl Pts',(32.4689066711645,-1.87663893256052,-0.131344802836669));
#6422=CARTESIAN_POINT('Ctrl Pts',(32.4995290508607,-0.767019264717103,-0.0532000333166123));
#6423=CARTESIAN_POINT('Ctrl Pts',(32.4999969989471,-0.0175733926543804,
-0.00121706627845937));
#6424=CARTESIAN_POINT('Ctrl Pts',(32.5,-0.00878638368576153,-0.000608742562388581));
#6425=CARTESIAN_POINT('Ctrl Pts',(32.5,-4.43705382675177E-15,-3.11822670448598E-17));
#6426=CARTESIAN_POINT('',(32.5,-5.37059162829098,0.958072814149178));
#6427=CARTESIAN_POINT('Ctrl Pts',(32.5,-4.43705382675177E-15,-3.11822670448598E-17));
#6428=CARTESIAN_POINT('Ctrl Pts',(32.5,-0.00848665956368756,0.001319296931182));
#6429=CARTESIAN_POINT('Ctrl Pts',(32.5,-0.0169732397339309,0.00263887303872451));
#6430=CARTESIAN_POINT('Ctrl Pts',(32.4999999999999,-0.74094271355971,0.115146165403155));
#6431=CARTESIAN_POINT('Ctrl Pts',(32.5,-1.81437010728892,0.281093729150502));
#6432=CARTESIAN_POINT('Ctrl Pts',(32.5,-3.59905026955458,0.583795480099688));
#6433=CARTESIAN_POINT('Ctrl Pts',(32.5,-4.66676412419698,0.788076577006686));
#6434=CARTESIAN_POINT('Ctrl Pts',(32.5,-5.37059162829098,0.958072814149178));
#6435=CARTESIAN_POINT('Origin',(30.5,-5.37059162829098,0.958072814149178));
#6436=CARTESIAN_POINT('Origin',(30.5,30.5,2.));
#6437=CARTESIAN_POINT('',(32.5,30.5,2.));
#6438=CARTESIAN_POINT('',(30.5,32.5,2.));
#6439=CARTESIAN_POINT('Origin',(30.5,30.5,2.));
#6440=CARTESIAN_POINT('',(30.5,30.5,0.));
#6441=CARTESIAN_POINT('Origin',(30.5,30.5,2.));
#6442=CARTESIAN_POINT('Origin',(30.5,30.5,2.));
#6443=CARTESIAN_POINT('Origin',(30.5,-16.25,2.));
#6444=CARTESIAN_POINT('',(32.5,12.5996031683541,2.));
#6445=CARTESIAN_POINT('',(30.5,12.5996031683541,0.));
#6446=CARTESIAN_POINT('Origin',(30.5,12.5996031683541,2.));
#6447=CARTESIAN_POINT('',(30.5,-16.25,0.));
#6448=CARTESIAN_POINT('',(32.5,-16.25,2.));
#6449=CARTESIAN_POINT('Origin',(16.25,30.5,2.));
#6450=CARTESIAN_POINT('',(12.5996031683541,30.5,0.));
#6451=CARTESIAN_POINT('',(12.5996031683541,32.5,2.));
#6452=CARTESIAN_POINT('Origin',(12.5996031683541,30.5,2.));
#6453=CARTESIAN_POINT('',(16.25,32.5,2.));
#6454=CARTESIAN_POINT('',(16.25,30.5,0.));
#6455=CARTESIAN_POINT('Origin',(30.5,30.5,0.));
#6456=CARTESIAN_POINT('',(30.5,32.5,6.5));
#6457=CARTESIAN_POINT('',(32.5,30.5,6.5));
#6458=CARTESIAN_POINT('Origin',(30.5,30.5,6.5));
#6459=CARTESIAN_POINT('',(32.5,30.5,0.));
#6460=CARTESIAN_POINT('',(30.5,32.5,0.));
#6461=CARTESIAN_POINT('Ctrl Pts',(0.,32.5,0.));
#6462=CARTESIAN_POINT('Ctrl Pts',(-0.00878638285160901,32.5,-0.000608742509422243));
#6463=CARTESIAN_POINT('Ctrl Pts',(-0.0175716732465017,32.4999975529902,
-0.00121855244882652));
#6464=CARTESIAN_POINT('Ctrl Pts',(-1.13767030845206,32.4991948003952,-0.0786102832368829));
#6465=CARTESIAN_POINT('Ctrl Pts',(-2.61695067698673,32.4384032341667,-0.183420330963181));
#6466=CARTESIAN_POINT('Ctrl Pts',(-4.49649071945298,32.2542116673833,-0.233439512240126));
#6467=CARTESIAN_POINT('Ctrl Pts',(-5.26098070007114,32.1565169600186,-0.225385060892164));
#6468=CARTESIAN_POINT('Ctrl Pts',(-5.65232758256204,32.1,-0.208385437170161));
#6469=CARTESIAN_POINT('Ctrl Pts',(6.98586186322813E-17,32.5,4.49380497722847E-16));
#6470=CARTESIAN_POINT('Ctrl Pts',(-0.00868457230128156,32.5000005782308,
3.24692916528221E-5));
#6471=CARTESIAN_POINT('Ctrl Pts',(-0.0173738887292681,32.4999988608628,
6.83777788176646E-5));
#6472=CARTESIAN_POINT('Ctrl Pts',(-1.12461891529918,32.4997085702643,0.00449745450434531));
#6473=CARTESIAN_POINT('Ctrl Pts',(-2.5875042795846,32.4800698512196,0.00828047310002647));
#6474=CARTESIAN_POINT('Ctrl Pts',(-4.43940111830233,32.4149895509806,0.059026370509986));
#6475=CARTESIAN_POINT('Ctrl Pts',(-5.18955333641855,32.378982780732,0.0970222356992098));
#6476=CARTESIAN_POINT('Ctrl Pts',(-5.57175096080189,32.3574004435173,0.125222197534319));
#6477=CARTESIAN_POINT('Ctrl Pts',(1.39717237264562E-16,32.5,8.98760995445694E-16));
#6478=CARTESIAN_POINT('Ctrl Pts',(-0.00859085135540624,32.5,0.000676394659949639));
#6479=CARTESIAN_POINT('Ctrl Pts',(-0.0171685195411071,32.5,0.00135254432955087));
#6480=CARTESIAN_POINT('Ctrl Pts',(-1.11187485838705,32.4999999999996,0.0877502752574701));
#6481=CARTESIAN_POINT('Ctrl Pts',(-2.55880403792624,32.5,0.199979244104354));
#6482=CARTESIAN_POINT('Ctrl Pts',(-4.37500739435121,32.4999999999999,0.390115984847395));
#6483=CARTESIAN_POINT('Ctrl Pts',(-5.10449645519883,32.5,0.484730312913364));
#6484=CARTESIAN_POINT('Ctrl Pts',(-5.47131240549121,32.5,0.541063270768594));
#6485=CARTESIAN_POINT('Ctrl Pts',(2.09575855896844E-16,32.5,1.34814149316854E-15));
#6486=CARTESIAN_POINT('Ctrl Pts',(-0.00848665875530958,32.5,0.00131929681073017));
#6487=CARTESIAN_POINT('Ctrl Pts',(-0.0169732806333003,32.5,0.00263766736183775));
#6488=CARTESIAN_POINT('Ctrl Pts',(-1.09867561440522,32.4999999999996,0.170964191846971));
#6489=CARTESIAN_POINT('Ctrl Pts',(-2.52978427370844,32.5,0.391531758844443));
#6490=CARTESIAN_POINT('Ctrl Pts',(-4.31056368838964,32.4999999999999,0.721482923784556));
#6491=CARTESIAN_POINT('Ctrl Pts',(-5.01867787608352,32.5,0.873074695539179));
#6492=CARTESIAN_POINT('Ctrl Pts',(-5.37059162829103,32.5,0.958072814149195));
#6493=CARTESIAN_POINT('',(-5.65232758256204,32.1,-0.208385437170161));
#6494=CARTESIAN_POINT('',(-5.37059162829103,32.5,0.958072814149194));
#6495=CARTESIAN_POINT('Origin',(-5.37059162829103,30.5,0.958072814149194));
#6496=CARTESIAN_POINT('',(0.,32.5,0.));
#6497=CARTESIAN_POINT('Ctrl Pts',(-5.37059162829103,32.5,0.958072814149195));
#6498=CARTESIAN_POINT('Ctrl Pts',(-5.01867787608352,32.5,0.873074695539179));
#6499=CARTESIAN_POINT('Ctrl Pts',(-4.31056368838964,32.4999999999999,0.721482923784556));
#6500=CARTESIAN_POINT('Ctrl Pts',(-2.52978427370844,32.5,0.391531758844443));
#6501=CARTESIAN_POINT('Ctrl Pts',(-1.09867561440522,32.4999999999996,0.170964191846971));
#6502=CARTESIAN_POINT('Ctrl Pts',(-0.0169732806333003,32.5,0.00263766736183775));
#6503=CARTESIAN_POINT('Ctrl Pts',(-0.00848665875530958,32.5,0.00131929681073017));
#6504=CARTESIAN_POINT('Ctrl Pts',(2.09575855896844E-16,32.5,1.34814149316854E-15));
#6505=CARTESIAN_POINT('Ctrl Pts',(0.,32.5,0.));
#6506=CARTESIAN_POINT('Ctrl Pts',(-0.00878638285160901,32.5,-0.000608742509422243));
#6507=CARTESIAN_POINT('Ctrl Pts',(-0.0175716732465017,32.4999975529902,
-0.00121855244882652));
#6508=CARTESIAN_POINT('Ctrl Pts',(-1.13767030845206,32.4991948003952,-0.0786102832368829));
#6509=CARTESIAN_POINT('Ctrl Pts',(-2.61695067698673,32.4384032341667,-0.183420330963181));
#6510=CARTESIAN_POINT('Ctrl Pts',(-4.49649071945298,32.2542116673833,-0.233439512240126));
#6511=CARTESIAN_POINT('Ctrl Pts',(-5.26098070007114,32.1565169600186,-0.225385060892164));
#6512=CARTESIAN_POINT('Ctrl Pts',(-5.65232758256204,32.1,-0.208385437170161));
#6513=CARTESIAN_POINT('Ctrl Pts',(5.652327582562,32.1,-0.208385437170164));
#6514=CARTESIAN_POINT('Ctrl Pts',(4.86963381759131,32.2130339200355,-0.242384684613685));
#6515=CARTESIAN_POINT('Ctrl Pts',(3.74135545235734,32.3388346962203,-0.221847674119887));
#6516=CARTESIAN_POINT('Ctrl Pts',(1.87663893093809,32.4689066712513,-0.131344802753559));
#6517=CARTESIAN_POINT('Ctrl Pts',(0.767019262684617,32.4995290509066,-0.05320003323727));
#6518=CARTESIAN_POINT('Ctrl Pts',(0.0175733910208431,32.4999969989477,-0.0012170661661406));
#6519=CARTESIAN_POINT('Ctrl Pts',(0.00878638287788396,32.5,-0.000608742511243241));
#6520=CARTESIAN_POINT('Ctrl Pts',(-1.65766547393791E-17,32.5,-1.34669379866424E-16));
#6521=CARTESIAN_POINT('Ctrl Pts',(5.57175096080186,32.3574004435173,0.125222197534315));
#6522=CARTESIAN_POINT('Ctrl Pts',(4.8075191812058,32.3998964251464,0.0692184131285468));
#6523=CARTESIAN_POINT('Ctrl Pts',(3.69607714051914,32.4448168785339,0.0340238816045116));
#6524=CARTESIAN_POINT('Ctrl Pts',(1.85559625247321,32.4894159697172,0.00633404211870153));
#6525=CARTESIAN_POINT('Ctrl Pts',(0.75830892620363,32.4997751822518,0.00294389736399523));
#6526=CARTESIAN_POINT('Ctrl Pts',(0.0173734814386648,32.4999995362873,6.801895421453E-5));
#6527=CARTESIAN_POINT('Ctrl Pts',(0.0086864748469705,32.5,3.3937260318419E-5));
#6528=CARTESIAN_POINT('Ctrl Pts',(-1.65766547393791E-17,32.5,-1.34669379866424E-16));
#6529=CARTESIAN_POINT('Ctrl Pts',(5.47131240549118,32.5,0.541063270768586));
#6530=CARTESIAN_POINT('Ctrl Pts',(4.73714039586874,32.4994393462531,0.428543456830161));
#6531=CARTESIAN_POINT('Ctrl Pts',(3.6475603585121,32.4996273066329,0.30891131237306));
#6532=CARTESIAN_POINT('Ctrl Pts',(1.83496660917086,32.499571177658,0.143766506787159));
#6533=CARTESIAN_POINT('Ctrl Pts',(0.749623996344779,32.4999297635499,0.0590513304856363));
#6534=CARTESIAN_POINT('Ctrl Pts',(0.0171733741027372,32.500000554217,0.00135339631593518));
#6535=CARTESIAN_POINT('Ctrl Pts',(0.00858656681605705,32.5,0.000676617031880078));
#6536=CARTESIAN_POINT('Ctrl Pts',(-1.65766547393791E-17,32.5,-1.34669379866424E-16));
#6537=CARTESIAN_POINT('Ctrl Pts',(5.370591628291,32.5,0.958072814149183));
#6538=CARTESIAN_POINT('Ctrl Pts',(4.66676412388596,32.5,0.788076576931566));
#6539=CARTESIAN_POINT('Ctrl Pts',(3.59905026879784,32.4999999999999,0.583795479978861));
#6540=CARTESIAN_POINT('Ctrl Pts',(1.81437010572806,32.4999999999999,0.281093728908458));
#6541=CARTESIAN_POINT('Ctrl Pts',(0.740942711591747,32.4999999999997,0.115146165160166));
#6542=CARTESIAN_POINT('Ctrl Pts',(0.016973238155755,32.5,0.00263887278911717));
#6543=CARTESIAN_POINT('Ctrl Pts',(0.00848665878514359,32.5,0.00131929680344174));
#6544=CARTESIAN_POINT('Ctrl Pts',(-1.65766547393791E-17,32.5,-1.34669379866424E-16));
#6545=CARTESIAN_POINT('',(5.652327582562,32.1,-0.208385437170163));
#6546=CARTESIAN_POINT('Ctrl Pts',(5.652327582562,32.1,-0.208385437170164));
#6547=CARTESIAN_POINT('Ctrl Pts',(4.86963381759131,32.2130339200355,-0.242384684613685));
#6548=CARTESIAN_POINT('Ctrl Pts',(3.74135545235734,32.3388346962203,-0.221847674119887));
#6549=CARTESIAN_POINT('Ctrl Pts',(1.87663893093809,32.4689066712513,-0.131344802753559));
#6550=CARTESIAN_POINT('Ctrl Pts',(0.767019262684617,32.4995290509066,-0.05320003323727));
#6551=CARTESIAN_POINT('Ctrl Pts',(0.0175733910208431,32.4999969989477,-0.0012170661661406));
#6552=CARTESIAN_POINT('Ctrl Pts',(0.00878638287788396,32.5,-0.000608742511243241));
#6553=CARTESIAN_POINT('Ctrl Pts',(-1.65766547393791E-17,32.5,-1.34669379866424E-16));
#6554=CARTESIAN_POINT('',(5.370591628291,32.5,0.958072814149183));
#6555=CARTESIAN_POINT('Ctrl Pts',(-1.65766547393791E-17,32.5,-1.34669379866424E-16));
#6556=CARTESIAN_POINT('Ctrl Pts',(0.00848665878514359,32.5,0.00131929680344174));
#6557=CARTESIAN_POINT('Ctrl Pts',(0.016973238155755,32.5,0.00263887278911717));
#6558=CARTESIAN_POINT('Ctrl Pts',(0.740942711591747,32.4999999999997,0.115146165160166));
#6559=CARTESIAN_POINT('Ctrl Pts',(1.81437010572806,32.4999999999999,0.281093728908458));
#6560=CARTESIAN_POINT('Ctrl Pts',(3.59905026879784,32.4999999999999,0.583795479978861));
#6561=CARTESIAN_POINT('Ctrl Pts',(4.66676412388596,32.5,0.788076576931566));
#6562=CARTESIAN_POINT('Ctrl Pts',(5.370591628291,32.5,0.958072814149183));
#6563=CARTESIAN_POINT('Origin',(5.370591628291,30.5,0.958072814149183));
#6564=CARTESIAN_POINT('Origin',(-30.5,30.5,2.));
#6565=CARTESIAN_POINT('',(-30.5,32.5,2.));
#6566=CARTESIAN_POINT('',(-32.5,30.5,2.));
#6567=CARTESIAN_POINT('Origin',(-30.5,30.5,2.));
#6568=CARTESIAN_POINT('',(-30.5,30.5,0.));
#6569=CARTESIAN_POINT('Origin',(-30.5,30.5,2.));
#6570=CARTESIAN_POINT('Origin',(-30.5,30.5,2.));
#6571=CARTESIAN_POINT('Origin',(16.25,30.5,2.));
#6572=CARTESIAN_POINT('',(-12.5996031683542,32.5,2.));
#6573=CARTESIAN_POINT('',(-12.5996031683542,30.5,0.));
#6574=CARTESIAN_POINT('Origin',(-12.5996031683542,30.5,2.));
#6575=CARTESIAN_POINT('',(16.25,30.5,0.));
#6576=CARTESIAN_POINT('',(16.25,32.5,2.));
#6577=CARTESIAN_POINT('Origin',(-30.5,16.25,2.));
#6578=CARTESIAN_POINT('',(-30.5,12.5996031683542,0.));
#6579=CARTESIAN_POINT('',(-32.5,12.5996031683542,2.));
#6580=CARTESIAN_POINT('Origin',(-30.5,12.5996031683542,2.));
#6581=CARTESIAN_POINT('',(-32.5,16.25,2.));
#6582=CARTESIAN_POINT('',(-30.5,16.25,0.));
#6583=CARTESIAN_POINT('Origin',(-30.5,30.5,0.));
#6584=CARTESIAN_POINT('',(-32.5,30.5,6.5));
#6585=CARTESIAN_POINT('',(-30.5,32.5,6.5));
#6586=CARTESIAN_POINT('Origin',(-30.5,30.5,6.5));
#6587=CARTESIAN_POINT('',(-30.5,32.5,0.));
#6588=CARTESIAN_POINT('',(-32.5,30.5,0.));
#6589=CARTESIAN_POINT('Ctrl Pts',(-5.65232758256204,32.1,-0.208385437170161));
#6590=CARTESIAN_POINT('Ctrl Pts',(-6.87034892438684,31.9272992945399,-0.151084392533854));
#6591=CARTESIAN_POINT('Ctrl Pts',(-9.26267739388881,31.4751064297784,-0.0498839178983911));
#6592=CARTESIAN_POINT('Ctrl Pts',(-11.5216032986889,30.8445008752484,-3.45296779045871E-16));
#6593=CARTESIAN_POINT('Ctrl Pts',(-12.5996031683542,30.5,-2.77555756156289E-16));
#6594=CARTESIAN_POINT('Ctrl Pts',(-5.6062837986991,32.2470859677242,-0.0177525030533151));
#6595=CARTESIAN_POINT('Ctrl Pts',(-6.82263497083595,32.1356506390821,0.0623859544291273));
#6596=CARTESIAN_POINT('Ctrl Pts',(-9.22710930374099,31.8371796157083,0.174341589122591));
#6597=CARTESIAN_POINT('Ctrl Pts',(-11.5220660929684,31.3769384763291,0.106280150468491));
#6598=CARTESIAN_POINT('Ctrl Pts',(-12.5996031683542,31.0983986006838,-2.77555756156289E-16));
#6599=CARTESIAN_POINT('Ctrl Pts',(-5.51448786919,32.440560972232,0.362305909052721));
#6600=CARTESIAN_POINT('Ctrl Pts',(-6.72151367290621,32.4137850318245,0.512822535047022));
#6601=CARTESIAN_POINT('Ctrl Pts',(-9.12814184187832,32.3415671568707,0.736138755522925));
#6602=CARTESIAN_POINT('Ctrl Pts',(-11.485752643064,32.218570555754,0.665719582919558));
#6603=CARTESIAN_POINT('Ctrl Pts',(-12.5996031683542,32.1346834704563,0.50177756849211));
#6604=CARTESIAN_POINT('Ctrl Pts',(-5.41375767566254,32.5,0.779354438414651));
#6605=CARTESIAN_POINT('Ctrl Pts',(-6.60620357807596,32.5000200376594,1.02508461307322));
#6606=CARTESIAN_POINT('Ctrl Pts',(-8.99932062270523,32.4995584672669,1.44617436040388));
#6607=CARTESIAN_POINT('Ctrl Pts',(-11.411145100207,32.4991273036368,1.59988923019263));
#6608=CARTESIAN_POINT('Ctrl Pts',(-12.5996031683542,32.5,1.55120104948717));
#6609=CARTESIAN_POINT('Ctrl Pts',(-5.37059162829103,32.5,0.958072814149194));
#6610=CARTESIAN_POINT('Ctrl Pts',(-6.55679586158091,32.5,1.24457803733076));
#6611=CARTESIAN_POINT('Ctrl Pts',(-8.94414129221298,32.5,1.75058041050804));
#6612=CARTESIAN_POINT('Ctrl Pts',(-11.3792893865813,32.5,2.));
#6613=CARTESIAN_POINT('Ctrl Pts',(-12.5996031683542,32.5,2.));
#6614=CARTESIAN_POINT('Ctrl Pts',(-12.5996031683542,32.5,2.));
#6615=CARTESIAN_POINT('Ctrl Pts',(-11.3792893865813,32.5,2.));
#6616=CARTESIAN_POINT('Ctrl Pts',(-8.94414129221298,32.5,1.75058041050804));
#6617=CARTESIAN_POINT('Ctrl Pts',(-6.55679586158091,32.5,1.24457803733076));
#6618=CARTESIAN_POINT('Ctrl Pts',(-5.37059162829103,32.5,0.958072814149194));
#6619=CARTESIAN_POINT('Ctrl Pts',(-5.65232758256204,32.1,-0.208385437170161));
#6620=CARTESIAN_POINT('Ctrl Pts',(-6.87034892438684,31.9272992945399,-0.151084392533854));
#6621=CARTESIAN_POINT('Ctrl Pts',(-9.26267739388881,31.4751064297784,-0.0498839178983911));
#6622=CARTESIAN_POINT('Ctrl Pts',(-11.5216032986889,30.8445008752484,-3.45296779045871E-16));
#6623=CARTESIAN_POINT('Ctrl Pts',(-12.5996031683542,30.5,-2.77555756156289E-16));
#6624=CARTESIAN_POINT('Ctrl Pts',(-32.1,5.65232758256204,-0.208385437170161));
#6625=CARTESIAN_POINT('Ctrl Pts',(-32.2130339200371,4.86963381758026,-0.242384684614166));
#6626=CARTESIAN_POINT('Ctrl Pts',(-32.3388346962232,3.74135545235557,-0.221847674140979));
#6627=CARTESIAN_POINT('Ctrl Pts',(-32.4689066712542,1.876638930899,-0.131344802762698));
#6628=CARTESIAN_POINT('Ctrl Pts',(-32.4995290509084,0.767019262687941,-0.0532000332957675));
#6629=CARTESIAN_POINT('Ctrl Pts',(-32.4999969989477,0.0175733909670482,
-0.00121706616130421));
#6630=CARTESIAN_POINT('Ctrl Pts',(-32.5,0.00878638285168266,-0.000608742509428228));
#6631=CARTESIAN_POINT('Ctrl Pts',(-32.5,0.,0.));
#6632=CARTESIAN_POINT('Ctrl Pts',(-32.3574004435173,5.57175096080189,0.125222197534319));
#6633=CARTESIAN_POINT('Ctrl Pts',(-32.399896425147,4.80751918119501,0.069218413127756));
#6634=CARTESIAN_POINT('Ctrl Pts',(-32.4448168785348,3.6960771405153,0.0340238815733146));
#6635=CARTESIAN_POINT('Ctrl Pts',(-32.4894159697182,1.85559625243341,0.00633404210139456));
#6636=CARTESIAN_POINT('Ctrl Pts',(-32.4997751822521,0.75830892620056,0.00294389727482893));
#6637=CARTESIAN_POINT('Ctrl Pts',(-32.4999995362874,0.0173734813857204,
6.80189574071793E-5));
#6638=CARTESIAN_POINT('Ctrl Pts',(-32.5,0.00868647481957842,3.39372639702615E-5));
#6639=CARTESIAN_POINT('Ctrl Pts',(-32.5,0.,0.));
#6640=CARTESIAN_POINT('Ctrl Pts',(-32.5,5.47131240549121,0.541063270768593));
#6641=CARTESIAN_POINT('Ctrl Pts',(-32.4994393462531,4.73714039585838,0.428543456828573));
#6642=CARTESIAN_POINT('Ctrl Pts',(-32.4996273066328,3.6475603585063,0.308911312331169));
#6643=CARTESIAN_POINT('Ctrl Pts',(-32.499571177658,1.83496660913039,0.143766506761409));
#6644=CARTESIAN_POINT('Ctrl Pts',(-32.4999297635496,0.749623996335318,0.0590513303657985));
#6645=CARTESIAN_POINT('Ctrl Pts',(-32.500000554217,0.0171733740506439,0.00135339631748327));
#6646=CARTESIAN_POINT('Ctrl Pts',(-32.5,0.00858656678747417,0.00067661703736875));
#6647=CARTESIAN_POINT('Ctrl Pts',(-32.5,0.,0.));
#6648=CARTESIAN_POINT('Ctrl Pts',(-32.5,5.37059162829103,0.958072814149193));
#6649=CARTESIAN_POINT('Ctrl Pts',(-32.5,4.66676412387603,0.788076576929168));
#6650=CARTESIAN_POINT('Ctrl Pts',(-32.5,3.59905026879009,0.583795479926271));
#6651=CARTESIAN_POINT('Ctrl Pts',(-32.5,1.81437010568694,0.281093728874265));
#6652=CARTESIAN_POINT('Ctrl Pts',(-32.5,0.740942711575892,0.115146165009657));
#6653=CARTESIAN_POINT('Ctrl Pts',(-32.5,0.016973238104513,0.00263887278902043));
#6654=CARTESIAN_POINT('Ctrl Pts',(-32.5,0.00848665875536993,0.00131929681076724));
#6655=CARTESIAN_POINT('Ctrl Pts',(-32.5,0.,0.));
#6656=CARTESIAN_POINT('',(-32.1,5.65232758256204,-0.208385437170161));
#6657=CARTESIAN_POINT('',(-32.5,0.,0.));
#6658=CARTESIAN_POINT('Ctrl Pts',(-32.1,5.65232758256204,-0.208385437170161));
#6659=CARTESIAN_POINT('Ctrl Pts',(-32.2130339200371,4.86963381758026,-0.242384684614166));
#6660=CARTESIAN_POINT('Ctrl Pts',(-32.3388346962232,3.74135545235557,-0.221847674140979));
#6661=CARTESIAN_POINT('Ctrl Pts',(-32.4689066712542,1.876638930899,-0.131344802762698));
#6662=CARTESIAN_POINT('Ctrl Pts',(-32.4995290509084,0.767019262687941,-0.0532000332957675));
#6663=CARTESIAN_POINT('Ctrl Pts',(-32.4999969989477,0.0175733909670482,
-0.00121706616130421));
#6664=CARTESIAN_POINT('Ctrl Pts',(-32.5,0.00878638285168266,-0.000608742509428228));
#6665=CARTESIAN_POINT('Ctrl Pts',(-32.5,0.,0.));
#6666=CARTESIAN_POINT('',(-32.5,5.37059162829103,0.958072814149193));
#6667=CARTESIAN_POINT('Ctrl Pts',(-32.5,0.,0.));
#6668=CARTESIAN_POINT('Ctrl Pts',(-32.5,0.00848665875536993,0.00131929681076724));
#6669=CARTESIAN_POINT('Ctrl Pts',(-32.5,0.016973238104513,0.00263887278902043));
#6670=CARTESIAN_POINT('Ctrl Pts',(-32.5,0.740942711575892,0.115146165009657));
#6671=CARTESIAN_POINT('Ctrl Pts',(-32.5,1.81437010568694,0.281093728874265));
#6672=CARTESIAN_POINT('Ctrl Pts',(-32.5,3.59905026879009,0.583795479926271));
#6673=CARTESIAN_POINT('Ctrl Pts',(-32.5,4.66676412387603,0.788076576929168));
#6674=CARTESIAN_POINT('Ctrl Pts',(-32.5,5.37059162829103,0.958072814149193));
#6675=CARTESIAN_POINT('Origin',(-30.5,5.37059162829103,0.958072814149193));
#6676=CARTESIAN_POINT('Ctrl Pts',(-32.5,0.,0.));
#6677=CARTESIAN_POINT('Ctrl Pts',(-32.5,-0.00878638287777583,-0.000608742511235057));
#6678=CARTESIAN_POINT('Ctrl Pts',(-32.4999975529902,-0.0175716733001809,
-0.00121855245362693));
#6679=CARTESIAN_POINT('Ctrl Pts',(-32.4991948003932,-1.13767030841424,-0.0786102831521315));
#6680=CARTESIAN_POINT('Ctrl Pts',(-32.4384032341634,-2.61695067703902,-0.183420330974018));
#6681=CARTESIAN_POINT('Ctrl Pts',(-32.2542116673814,-4.49649071945162,-0.233439512224715));
#6682=CARTESIAN_POINT('Ctrl Pts',(-32.1565169600178,-5.26098070007662,-0.225385060891925));
#6683=CARTESIAN_POINT('Ctrl Pts',(-32.1,-5.652327582562,-0.208385437170163));
#6684=CARTESIAN_POINT('Ctrl Pts',(-32.5,0.,0.));
#6685=CARTESIAN_POINT('Ctrl Pts',(-32.5000005782308,-0.00868457232860223,
3.24692877323609E-5));
#6686=CARTESIAN_POINT('Ctrl Pts',(-32.4999988608627,-0.0173738887821139,
6.83777762527615E-5));
#6687=CARTESIAN_POINT('Ctrl Pts',(-32.4997085702638,-1.12461891526079,0.00449745459469573));
#6688=CARTESIAN_POINT('Ctrl Pts',(-32.4800698512184,-2.58750427963628,0.0082804730913192));
#6689=CARTESIAN_POINT('Ctrl Pts',(-32.4149895509799,-4.43940111830071,0.0590263705262689));
#6690=CARTESIAN_POINT('Ctrl Pts',(-32.3789827807317,-5.1895533364239,0.097022235699499));
#6691=CARTESIAN_POINT('Ctrl Pts',(-32.3574004435173,-5.57175096080185,0.125222197534317));
#6692=CARTESIAN_POINT('Ctrl Pts',(-32.5,0.,0.));
#6693=CARTESIAN_POINT('Ctrl Pts',(-32.5,-0.00859085138400934,0.000676394654687301));
#6694=CARTESIAN_POINT('Ctrl Pts',(-32.5,-0.0171685195930769,0.00135254432747272));
#6695=CARTESIAN_POINT('Ctrl Pts',(-32.5,-1.11187485837844,0.0877502754609699));
#6696=CARTESIAN_POINT('Ctrl Pts',(-32.5,-2.5588040379742,0.199979244087179));
#6697=CARTESIAN_POINT('Ctrl Pts',(-32.5,-4.37500739435445,0.390115984883452));
#6698=CARTESIAN_POINT('Ctrl Pts',(-32.5,-5.10449645520399,0.484730312914263));
#6699=CARTESIAN_POINT('Ctrl Pts',(-32.5,-5.47131240549118,0.541063270768588));
#6700=CARTESIAN_POINT('Ctrl Pts',(-32.5,0.,0.));
#6701=CARTESIAN_POINT('Ctrl Pts',(-32.5,-0.00848665878506469,0.00131929680336149));
#6702=CARTESIAN_POINT('Ctrl Pts',(-32.5,-0.0169732806844395,0.00263766736199315));
#6703=CARTESIAN_POINT('Ctrl Pts',(-32.5,-1.09867561439603,0.170964192056076));
#6704=CARTESIAN_POINT('Ctrl Pts',(-32.5,-2.5297842737557,0.391531758829933));
#6705=CARTESIAN_POINT('Ctrl Pts',(-32.5,-4.3105636883925,0.721482923822002));
#6706=CARTESIAN_POINT('Ctrl Pts',(-32.5,-5.01867787608846,0.873074695540373));
#6707=CARTESIAN_POINT('Ctrl Pts',(-32.5,-5.370591628291,0.958072814149186));
#6708=CARTESIAN_POINT('',(-32.1,-5.652327582562,-0.208385437170163));
#6709=CARTESIAN_POINT('',(-32.5,-5.370591628291,0.958072814149186));
#6710=CARTESIAN_POINT('Origin',(-30.5,-5.370591628291,0.958072814149186));
#6711=CARTESIAN_POINT('Ctrl Pts',(-32.5,-5.370591628291,0.958072814149186));
#6712=CARTESIAN_POINT('Ctrl Pts',(-32.5,-5.01867787608846,0.873074695540373));
#6713=CARTESIAN_POINT('Ctrl Pts',(-32.5,-4.3105636883925,0.721482923822002));
#6714=CARTESIAN_POINT('Ctrl Pts',(-32.5,-2.5297842737557,0.391531758829933));
#6715=CARTESIAN_POINT('Ctrl Pts',(-32.5,-1.09867561439603,0.170964192056076));
#6716=CARTESIAN_POINT('Ctrl Pts',(-32.5,-0.0169732806844395,0.00263766736199315));
#6717=CARTESIAN_POINT('Ctrl Pts',(-32.5,-0.00848665878506469,0.00131929680336149));
#6718=CARTESIAN_POINT('Ctrl Pts',(-32.5,0.,0.));
#6719=CARTESIAN_POINT('Ctrl Pts',(-32.5,0.,0.));
#6720=CARTESIAN_POINT('Ctrl Pts',(-32.5,-0.00878638287777583,-0.000608742511235057));
#6721=CARTESIAN_POINT('Ctrl Pts',(-32.4999975529902,-0.0175716733001809,
-0.00121855245362693));
#6722=CARTESIAN_POINT('Ctrl Pts',(-32.4991948003932,-1.13767030841424,-0.0786102831521315));
#6723=CARTESIAN_POINT('Ctrl Pts',(-32.4384032341634,-2.61695067703902,-0.183420330974018));
#6724=CARTESIAN_POINT('Ctrl Pts',(-32.2542116673814,-4.49649071945162,-0.233439512224715));
#6725=CARTESIAN_POINT('Ctrl Pts',(-32.1565169600178,-5.26098070007662,-0.225385060891925));
#6726=CARTESIAN_POINT('Ctrl Pts',(-32.1,-5.652327582562,-0.208385437170163));
#6727=CARTESIAN_POINT('Ctrl Pts',(-30.5,12.5996031683542,-2.77555756156289E-16));
#6728=CARTESIAN_POINT('Ctrl Pts',(-30.8445008752484,11.5216032986889,1.2720201424429E-15));
#6729=CARTESIAN_POINT('Ctrl Pts',(-31.4751064297784,9.2626773938888,-0.0498839178983919));
#6730=CARTESIAN_POINT('Ctrl Pts',(-31.9272992945399,6.87034892438684,-0.151084392533854));
#6731=CARTESIAN_POINT('Ctrl Pts',(-32.1,5.65232758256204,-0.208385437170161));
#6732=CARTESIAN_POINT('Ctrl Pts',(-31.0983986006838,12.5996031683542,-2.77555756156289E-16));
#6733=CARTESIAN_POINT('Ctrl Pts',(-31.3769384763291,11.5220660929684,0.106280150468491));
#6734=CARTESIAN_POINT('Ctrl Pts',(-31.8371796157083,9.22710930374099,0.174341589122591));
#6735=CARTESIAN_POINT('Ctrl Pts',(-32.1356506390821,6.82263497083594,0.0623859544291242));
#6736=CARTESIAN_POINT('Ctrl Pts',(-32.2470859677242,5.6062837986991,-0.0177525030533151));
#6737=CARTESIAN_POINT('Ctrl Pts',(-32.1346834704563,12.5996031683542,0.501777568492109));
#6738=CARTESIAN_POINT('Ctrl Pts',(-32.218570555754,11.485752643064,0.66571958291956));
#6739=CARTESIAN_POINT('Ctrl Pts',(-32.3415671568708,9.12814184187832,0.736138755522927));
#6740=CARTESIAN_POINT('Ctrl Pts',(-32.4137850318245,6.72151367290617,0.512822535047014));
#6741=CARTESIAN_POINT('Ctrl Pts',(-32.440560972232,5.51448786919,0.362305909052721));
#6742=CARTESIAN_POINT('Ctrl Pts',(-32.5,12.5996031683542,1.55120104948717));
#6743=CARTESIAN_POINT('Ctrl Pts',(-32.4991273036368,11.411145100207,1.59988923019264));
#6744=CARTESIAN_POINT('Ctrl Pts',(-32.4995584672669,8.99932062270524,1.44617436040388));
#6745=CARTESIAN_POINT('Ctrl Pts',(-32.5000200376594,6.60620357807591,1.02508461307321));
#6746=CARTESIAN_POINT('Ctrl Pts',(-32.5,5.41375767566254,0.779354438414651));
#6747=CARTESIAN_POINT('Ctrl Pts',(-32.5,12.5996031683542,2.));
#6748=CARTESIAN_POINT('Ctrl Pts',(-32.5,11.3792893865813,2.00000000000001));
#6749=CARTESIAN_POINT('Ctrl Pts',(-32.5,8.94414129221299,1.75058041050804));
#6750=CARTESIAN_POINT('Ctrl Pts',(-32.5,6.55679586158085,1.24457803733075));
#6751=CARTESIAN_POINT('Ctrl Pts',(-32.5,5.37059162829103,0.958072814149194));
#6752=CARTESIAN_POINT('Ctrl Pts',(-32.5,5.37059162829103,0.958072814149194));
#6753=CARTESIAN_POINT('Ctrl Pts',(-32.5,6.55679586158085,1.24457803733075));
#6754=CARTESIAN_POINT('Ctrl Pts',(-32.5,8.94414129221299,1.75058041050804));
#6755=CARTESIAN_POINT('Ctrl Pts',(-32.5,11.3792893865813,2.00000000000001));
#6756=CARTESIAN_POINT('Ctrl Pts',(-32.5,12.5996031683542,2.));
#6757=CARTESIAN_POINT('Ctrl Pts',(-30.5,12.5996031683542,-2.77555756156289E-16));
#6758=CARTESIAN_POINT('Ctrl Pts',(-30.8445008752484,11.5216032986889,1.2720201424429E-15));
#6759=CARTESIAN_POINT('Ctrl Pts',(-31.4751064297784,9.2626773938888,-0.0498839178983919));
#6760=CARTESIAN_POINT('Ctrl Pts',(-31.9272992945399,6.87034892438684,-0.151084392533854));
#6761=CARTESIAN_POINT('Ctrl Pts',(-32.1,5.65232758256204,-0.208385437170161));
#6762=CARTESIAN_POINT('Ctrl Pts',(12.5996031683541,30.5,0.));
#6763=CARTESIAN_POINT('Ctrl Pts',(11.5216032986888,30.8445008752484,1.27014417917966E-17));
#6764=CARTESIAN_POINT('Ctrl Pts',(9.26267739388879,31.4751064297784,-0.0498839178983913));
#6765=CARTESIAN_POINT('Ctrl Pts',(6.87034892438681,31.9272992945399,-0.151084392533855));
#6766=CARTESIAN_POINT('Ctrl Pts',(5.65232758256201,32.1,-0.208385437170161));
#6767=CARTESIAN_POINT('Ctrl Pts',(12.5996031683541,31.0983986006838,0.));
#6768=CARTESIAN_POINT('Ctrl Pts',(11.5220660929684,31.3769384763291,0.106280150468491));
#6769=CARTESIAN_POINT('Ctrl Pts',(9.22710930374098,31.8371796157083,0.174341589122593));
#6770=CARTESIAN_POINT('Ctrl Pts',(6.82263497083587,32.1356506390821,0.0623859544291116));
#6771=CARTESIAN_POINT('Ctrl Pts',(5.60628379869907,32.2470859677242,-0.0177525030533155));
#6772=CARTESIAN_POINT('Ctrl Pts',(12.5996031683541,32.1346834704563,0.50177756849211));
#6773=CARTESIAN_POINT('Ctrl Pts',(11.4857526430639,32.218570555754,0.665719582919558));
#6774=CARTESIAN_POINT('Ctrl Pts',(9.12814184187832,32.3415671568707,0.736138755522932));
#6775=CARTESIAN_POINT('Ctrl Pts',(6.72151367290602,32.4137850318245,0.512822535046981));
#6776=CARTESIAN_POINT('Ctrl Pts',(5.51448786918997,32.440560972232,0.36230590905272));
#6777=CARTESIAN_POINT('Ctrl Pts',(12.5996031683541,32.5,1.55120104948717));
#6778=CARTESIAN_POINT('Ctrl Pts',(11.4111451002069,32.4991273036368,1.59988923019263));
#6779=CARTESIAN_POINT('Ctrl Pts',(8.99932062270526,32.4995584672669,1.44617436040389));
#6780=CARTESIAN_POINT('Ctrl Pts',(6.60620357807569,32.5000200376594,1.02508461307316));
#6781=CARTESIAN_POINT('Ctrl Pts',(5.41375767566251,32.5,0.77935443841465));
#6782=CARTESIAN_POINT('Ctrl Pts',(12.5996031683541,32.5,2.));
#6783=CARTESIAN_POINT('Ctrl Pts',(11.3792893865813,32.5,2.));
#6784=CARTESIAN_POINT('Ctrl Pts',(8.94414129221301,32.5,1.75058041050805));
#6785=CARTESIAN_POINT('Ctrl Pts',(6.55679586158061,32.5,1.24457803733069));
#6786=CARTESIAN_POINT('Ctrl Pts',(5.37059162829101,32.5,0.958072814149193));
#6787=CARTESIAN_POINT('Ctrl Pts',(5.37059162829101,32.5,0.958072814149193));
#6788=CARTESIAN_POINT('Ctrl Pts',(6.55679586158061,32.5,1.24457803733069));
#6789=CARTESIAN_POINT('Ctrl Pts',(8.94414129221301,32.5,1.75058041050805));
#6790=CARTESIAN_POINT('Ctrl Pts',(11.3792893865813,32.5,2.));
#6791=CARTESIAN_POINT('Ctrl Pts',(12.5996031683541,32.5,2.));
#6792=CARTESIAN_POINT('Ctrl Pts',(12.5996031683541,30.5,0.));
#6793=CARTESIAN_POINT('Ctrl Pts',(11.5216032986888,30.8445008752484,1.27014417917966E-17));
#6794=CARTESIAN_POINT('Ctrl Pts',(9.26267739388879,31.4751064297784,-0.0498839178983913));
#6795=CARTESIAN_POINT('Ctrl Pts',(6.87034892438681,31.9272992945399,-0.151084392533855));
#6796=CARTESIAN_POINT('Ctrl Pts',(5.65232758256201,32.1,-0.208385437170161));
#6797=CARTESIAN_POINT('Origin',(-30.5,-30.5,2.));
#6798=CARTESIAN_POINT('',(-30.5,-30.5,0.));
#6799=CARTESIAN_POINT('',(-32.5,-30.5,2.));
#6800=CARTESIAN_POINT('Origin',(-30.5,-30.5,2.));
#6801=CARTESIAN_POINT('',(-30.5,-32.5,2.));
#6802=CARTESIAN_POINT('Origin',(-30.5,-30.5,2.));
#6803=CARTESIAN_POINT('Origin',(-30.5,-30.5,2.));
#6804=CARTESIAN_POINT('Origin',(-16.25,-30.5,2.));
#6805=CARTESIAN_POINT('',(-12.5996031683541,-30.5,0.));
#6806=CARTESIAN_POINT('',(-12.5996031683541,-32.5,2.));
#6807=CARTESIAN_POINT('Origin',(-12.5996031683541,-30.5,2.));
#6808=CARTESIAN_POINT('',(-16.25,-32.5,2.));
#6809=CARTESIAN_POINT('',(-16.25,-30.5,0.));
#6810=CARTESIAN_POINT('Origin',(-30.5,-30.5,0.));
#6811=CARTESIAN_POINT('',(-30.5,-32.5,6.5));
#6812=CARTESIAN_POINT('',(-32.5,-30.5,6.5));
#6813=CARTESIAN_POINT('Origin',(-30.5,-30.5,6.5));
#6814=CARTESIAN_POINT('',(-32.5,-30.5,0.));
#6815=CARTESIAN_POINT('',(-30.5,-32.5,0.));
#6816=CARTESIAN_POINT('Origin',(-30.5,16.25,2.));
#6817=CARTESIAN_POINT('',(-32.5,-12.5996031683541,2.));
#6818=CARTESIAN_POINT('',(-30.5,-12.5996031683541,0.));
#6819=CARTESIAN_POINT('Origin',(-30.5,-12.5996031683541,2.));
#6820=CARTESIAN_POINT('',(-30.5,16.25,0.));
#6821=CARTESIAN_POINT('',(-32.5,16.25,2.));
#6822=CARTESIAN_POINT('Ctrl Pts',(-32.1,-5.652327582562,-0.208385437170161));
#6823=CARTESIAN_POINT('Ctrl Pts',(-31.9272992945399,-6.87034892438681,-0.151084392533856));
#6824=CARTESIAN_POINT('Ctrl Pts',(-31.4751064297784,-9.26267739388878,-0.0498839178983917));
#6825=CARTESIAN_POINT('Ctrl Pts',(-30.8445008752485,-11.5216032986888,-1.27014417917966E-17));
#6826=CARTESIAN_POINT('Ctrl Pts',(-30.5,-12.5996031683541,0.));
#6827=CARTESIAN_POINT('Ctrl Pts',(-32.2470859677242,-5.60628379869906,-0.0177525030533154));
#6828=CARTESIAN_POINT('Ctrl Pts',(-32.1356506390821,-6.82263497083591,0.0623859544291224));
#6829=CARTESIAN_POINT('Ctrl Pts',(-31.8371796157083,-9.22710930374098,0.174341589122591));
#6830=CARTESIAN_POINT('Ctrl Pts',(-31.3769384763291,-11.5220660929684,0.106280150468492));
#6831=CARTESIAN_POINT('Ctrl Pts',(-31.0983986006838,-12.5996031683541,0.));
#6832=CARTESIAN_POINT('Ctrl Pts',(-32.440560972232,-5.51448786918997,0.36230590905272));
#6833=CARTESIAN_POINT('Ctrl Pts',(-32.4137850318245,-6.72151367290614,0.512822535047009));
#6834=CARTESIAN_POINT('Ctrl Pts',(-32.3415671568707,-9.12814184187831,0.736138755522927));
#6835=CARTESIAN_POINT('Ctrl Pts',(-32.218570555754,-11.4857526430639,0.66571958291956));
#6836=CARTESIAN_POINT('Ctrl Pts',(-32.1346834704563,-12.5996031683541,0.501777568492111));
#6837=CARTESIAN_POINT('Ctrl Pts',(-32.5,-5.41375767566251,0.77935443841465));
#6838=CARTESIAN_POINT('Ctrl Pts',(-32.5000200376594,-6.60620357807587,1.0250846130732));
#6839=CARTESIAN_POINT('Ctrl Pts',(-32.4995584672669,-8.99932062270523,1.44617436040388));
#6840=CARTESIAN_POINT('Ctrl Pts',(-32.4991273036368,-11.4111451002069,1.59988923019263));
#6841=CARTESIAN_POINT('Ctrl Pts',(-32.5,-12.5996031683541,1.55120104948717));
#6842=CARTESIAN_POINT('Ctrl Pts',(-32.5,-5.370591628291,0.958072814149193));
#6843=CARTESIAN_POINT('Ctrl Pts',(-32.5,-6.55679586158082,1.24457803733074));
#6844=CARTESIAN_POINT('Ctrl Pts',(-32.5,-8.94414129221297,1.75058041050804));
#6845=CARTESIAN_POINT('Ctrl Pts',(-32.5,-11.3792893865813,2.));
#6846=CARTESIAN_POINT('Ctrl Pts',(-32.5,-12.5996031683541,2.));
#6847=CARTESIAN_POINT('Ctrl Pts',(-32.5,-12.5996031683541,2.));
#6848=CARTESIAN_POINT('Ctrl Pts',(-32.5,-11.3792893865813,2.));
#6849=CARTESIAN_POINT('Ctrl Pts',(-32.5,-8.94414129221297,1.75058041050804));
#6850=CARTESIAN_POINT('Ctrl Pts',(-32.5,-6.55679586158082,1.24457803733074));
#6851=CARTESIAN_POINT('Ctrl Pts',(-32.5,-5.370591628291,0.958072814149193));
#6852=CARTESIAN_POINT('Ctrl Pts',(-32.1,-5.652327582562,-0.208385437170161));
#6853=CARTESIAN_POINT('Ctrl Pts',(-31.9272992945399,-6.87034892438681,-0.151084392533856));
#6854=CARTESIAN_POINT('Ctrl Pts',(-31.4751064297784,-9.26267739388878,-0.0498839178983917));
#6855=CARTESIAN_POINT('Ctrl Pts',(-30.8445008752485,-11.5216032986888,-1.27014417917966E-17));
#6856=CARTESIAN_POINT('Ctrl Pts',(-30.5,-12.5996031683541,0.));
#6857=CARTESIAN_POINT('Ctrl Pts',(32.1,5.65232758256197,-0.208385437170162));
#6858=CARTESIAN_POINT('Ctrl Pts',(31.9272992945399,6.87034892438678,-0.151084392533857));
#6859=CARTESIAN_POINT('Ctrl Pts',(31.4751064297784,9.26267739388876,-0.0498839178983926));
#6860=CARTESIAN_POINT('Ctrl Pts',(30.8445008752485,11.5216032986888,-3.02958639739882E-16));
#6861=CARTESIAN_POINT('Ctrl Pts',(30.5,12.5996031683541,-2.77555756156289E-16));
#6862=CARTESIAN_POINT('Ctrl Pts',(32.2470859677242,5.60628379869903,-0.0177525030533162));
#6863=CARTESIAN_POINT('Ctrl Pts',(32.1356506390821,6.82263497083584,0.0623859544291085));
#6864=CARTESIAN_POINT('Ctrl Pts',(31.8371796157083,9.22710930374097,0.174341589122593));
#6865=CARTESIAN_POINT('Ctrl Pts',(31.3769384763291,11.5220660929683,0.106280150468492));
#6866=CARTESIAN_POINT('Ctrl Pts',(31.0983986006838,12.5996031683541,-2.77555756156289E-16));
#6867=CARTESIAN_POINT('Ctrl Pts',(32.440560972232,5.51448786918994,0.362305909052719));
#6868=CARTESIAN_POINT('Ctrl Pts',(32.4137850318245,6.72151367290597,0.512822535046975));
#6869=CARTESIAN_POINT('Ctrl Pts',(32.3415671568707,9.1281418418783,0.736138755522934));
#6870=CARTESIAN_POINT('Ctrl Pts',(32.218570555754,11.4857526430639,0.665719582919559));
#6871=CARTESIAN_POINT('Ctrl Pts',(32.1346834704563,12.5996031683541,0.50177756849211));
#6872=CARTESIAN_POINT('Ctrl Pts',(32.5,5.41375767566248,0.779354438414649));
#6873=CARTESIAN_POINT('Ctrl Pts',(32.5000200376594,6.60620357807564,1.02508461307315));
#6874=CARTESIAN_POINT('Ctrl Pts',(32.4995584672669,8.99932062270524,1.44617436040389));
#6875=CARTESIAN_POINT('Ctrl Pts',(32.4991273036368,11.4111451002069,1.59988923019263));
#6876=CARTESIAN_POINT('Ctrl Pts',(32.5,12.5996031683541,1.55120104948717));
#6877=CARTESIAN_POINT('Ctrl Pts',(32.5,5.37059162829097,0.958072814149192));
#6878=CARTESIAN_POINT('Ctrl Pts',(32.5,6.55679586158055,1.24457803733068));
#6879=CARTESIAN_POINT('Ctrl Pts',(32.5,8.944141292213,1.75058041050805));
#6880=CARTESIAN_POINT('Ctrl Pts',(32.5,11.3792893865812,2.));
#6881=CARTESIAN_POINT('Ctrl Pts',(32.5,12.5996031683541,2.));
#6882=CARTESIAN_POINT('Ctrl Pts',(32.5,12.5996031683541,2.));
#6883=CARTESIAN_POINT('Ctrl Pts',(32.5,11.3792893865812,2.));
#6884=CARTESIAN_POINT('Ctrl Pts',(32.5,8.944141292213,1.75058041050805));
#6885=CARTESIAN_POINT('Ctrl Pts',(32.5,6.55679586158055,1.24457803733068));
#6886=CARTESIAN_POINT('Ctrl Pts',(32.5,5.37059162829097,0.958072814149192));
#6887=CARTESIAN_POINT('Ctrl Pts',(32.1,5.65232758256197,-0.208385437170162));
#6888=CARTESIAN_POINT('Ctrl Pts',(31.9272992945399,6.87034892438678,-0.151084392533857));
#6889=CARTESIAN_POINT('Ctrl Pts',(31.4751064297784,9.26267739388876,-0.0498839178983926));
#6890=CARTESIAN_POINT('Ctrl Pts',(30.8445008752485,11.5216032986888,-3.02958639739882E-16));
#6891=CARTESIAN_POINT('Ctrl Pts',(30.5,12.5996031683541,-2.77555756156289E-16));
#6892=CARTESIAN_POINT('Ctrl Pts',(-5.65232758256196,-32.1,-0.208385437170165));
#6893=CARTESIAN_POINT('Ctrl Pts',(-4.86963381793689,-32.2130339199856,-0.242384684598673));
#6894=CARTESIAN_POINT('Ctrl Pts',(-3.74135545314394,-32.3388346961323,-0.221847674111012));
#6895=CARTESIAN_POINT('Ctrl Pts',(-1.87663893255361,-32.4689066711645,-0.131344802833577));
#6896=CARTESIAN_POINT('Ctrl Pts',(-0.767019264684845,-32.4995290508606,
-0.0532000333004639));
#6897=CARTESIAN_POINT('Ctrl Pts',(-0.0175733926539148,-32.4999969989471,
-0.00121706627897473));
#6898=CARTESIAN_POINT('Ctrl Pts',(-0.008786383685126,-32.5,-0.000608742562347081));
#6899=CARTESIAN_POINT('Ctrl Pts',(4.44743518200695E-15,-32.5,-5.31562616044414E-17));
#6900=CARTESIAN_POINT('Ctrl Pts',(-5.57175096080182,-32.3574004435173,0.125222197534312));
#6901=CARTESIAN_POINT('Ctrl Pts',(-4.80751918154323,-32.3998964251276,0.0692184131532742));
#6902=CARTESIAN_POINT('Ctrl Pts',(-3.69607714129504,-32.4448168785029,0.0340238816422143));
#6903=CARTESIAN_POINT('Ctrl Pts',(-1.85559625406964,-32.4894159696879,0.00633404214221458));
#6904=CARTESIAN_POINT('Ctrl Pts',(-0.758308928184348,-32.4997751822361,
0.00294389741427932));
#6905=CARTESIAN_POINT('Ctrl Pts',(-0.0173734830531574,-32.4999995362872,
6.80189604937027E-5));
#6906=CARTESIAN_POINT('Ctrl Pts',(-0.00868647564547307,-32.5,3.3937266197651E-5));
#6907=CARTESIAN_POINT('Ctrl Pts',(4.44743518200695E-15,-32.5,-5.31562616044414E-17));
#6908=CARTESIAN_POINT('Ctrl Pts',(-5.47131240549115,-32.5,0.54106327076858));
#6909=CARTESIAN_POINT('Ctrl Pts',(-4.7371403961929,-32.4994393462533,0.428543456879842));
#6910=CARTESIAN_POINT('Ctrl Pts',(-3.64756035927379,-32.499627306633,0.30891131245803));
#6911=CARTESIAN_POINT('Ctrl Pts',(-1.83496661074659,-32.499571177658,0.143766506922705));
#6912=CARTESIAN_POINT('Ctrl Pts',(-0.749623998305978,-32.4999297635499,
0.0590513306494979));
#6913=CARTESIAN_POINT('Ctrl Pts',(-0.0171733756986336,-32.5000005542171,
0.00135339644135359));
#6914=CARTESIAN_POINT('Ctrl Pts',(-0.00858656760582019,-32.5,0.000676617094742382));
#6915=CARTESIAN_POINT('Ctrl Pts',(4.44743518200695E-15,-32.5,-5.31562616044414E-17));
#6916=CARTESIAN_POINT('Ctrl Pts',(-5.37059162829097,-32.5,0.958072814149174));
#6917=CARTESIAN_POINT('Ctrl Pts',(-4.66676412419672,-32.5,0.788076577006625));
#6918=CARTESIAN_POINT('Ctrl Pts',(-3.5990502695453,-32.5000000000001,0.583795480111249));
#6919=CARTESIAN_POINT('Ctrl Pts',(-1.8143701072831,-32.5,0.281093729156042));
#6920=CARTESIAN_POINT('Ctrl Pts',(-0.740942713533427,-32.5000000000002,
0.115146165437593));
#6921=CARTESIAN_POINT('Ctrl Pts',(-0.0169732397330527,-32.5,0.00263887303368365));
#6922=CARTESIAN_POINT('Ctrl Pts',(-0.00848665956616726,-32.5,0.00131929692328711));
#6923=CARTESIAN_POINT('Ctrl Pts',(4.44743518200695E-15,-32.5,-5.31562616044414E-17));
#6924=CARTESIAN_POINT('',(-5.65232758256196,-32.1,-0.208385437170165));
#6925=CARTESIAN_POINT('',(4.44089209850063E-15,-32.5,0.));
#6926=CARTESIAN_POINT('Ctrl Pts',(-5.65232758256196,-32.1,-0.208385437170165));
#6927=CARTESIAN_POINT('Ctrl Pts',(-4.86963381793689,-32.2130339199856,-0.242384684598673));
#6928=CARTESIAN_POINT('Ctrl Pts',(-3.74135545314394,-32.3388346961323,-0.221847674111012));
#6929=CARTESIAN_POINT('Ctrl Pts',(-1.87663893255361,-32.4689066711645,-0.131344802833577));
#6930=CARTESIAN_POINT('Ctrl Pts',(-0.767019264684845,-32.4995290508606,
-0.0532000333004639));
#6931=CARTESIAN_POINT('Ctrl Pts',(-0.0175733926539148,-32.4999969989471,
-0.00121706627897473));
#6932=CARTESIAN_POINT('Ctrl Pts',(-0.008786383685126,-32.5,-0.000608742562347081));
#6933=CARTESIAN_POINT('Ctrl Pts',(4.44743518200695E-15,-32.5,-5.31562616044414E-17));
#6934=CARTESIAN_POINT('',(-5.37059162829097,-32.5,0.958072814149174));
#6935=CARTESIAN_POINT('Ctrl Pts',(4.44743518200695E-15,-32.5,-5.31562616044414E-17));
#6936=CARTESIAN_POINT('Ctrl Pts',(-0.00848665956616726,-32.5,0.00131929692328711));
#6937=CARTESIAN_POINT('Ctrl Pts',(-0.0169732397330527,-32.5,0.00263887303368365));
#6938=CARTESIAN_POINT('Ctrl Pts',(-0.740942713533427,-32.5000000000002,
0.115146165437593));
#6939=CARTESIAN_POINT('Ctrl Pts',(-1.8143701072831,-32.5,0.281093729156042));
#6940=CARTESIAN_POINT('Ctrl Pts',(-3.5990502695453,-32.5000000000001,0.583795480111249));
#6941=CARTESIAN_POINT('Ctrl Pts',(-4.66676412419672,-32.5,0.788076577006625));
#6942=CARTESIAN_POINT('Ctrl Pts',(-5.37059162829097,-32.5,0.958072814149174));
#6943=CARTESIAN_POINT('Origin',(-5.37059162829097,-30.5,0.958072814149174));
#6944=CARTESIAN_POINT('Ctrl Pts',(4.44089209850063E-15,-32.5,0.));
#6945=CARTESIAN_POINT('Ctrl Pts',(0.00878638368541975,-32.5,-0.000608742562363657));
#6946=CARTESIAN_POINT('Ctrl Pts',(0.0175716749337386,-32.4999975529897,
-0.00121855256659817));
#6947=CARTESIAN_POINT('Ctrl Pts',(1.1376703101992,-32.4991948003244,-0.0786102831535538));
#6948=CARTESIAN_POINT('Ctrl Pts',(2.61695067837406,-32.4384032340583,-0.183420331046435));
#6949=CARTESIAN_POINT('Ctrl Pts',(4.49649071992477,-32.2542116673195,-0.233439512200878));
#6950=CARTESIAN_POINT('Ctrl Pts',(5.26098070024949,-32.1565169599928,-0.225385060884416));
#6951=CARTESIAN_POINT('Ctrl Pts',(5.65232758256196,-32.1,-0.208385437170164));
#6952=CARTESIAN_POINT('Ctrl Pts',(4.40596278978978E-15,-32.5,2.2469024696163E-16));
#6953=CARTESIAN_POINT('Ctrl Pts',(0.00868457312713665,-32.5000005782308,
3.24692947472257E-5));
#6954=CARTESIAN_POINT('Ctrl Pts',(0.0173738903971093,-32.4999988608626,
6.83777832547718E-5));
#6955=CARTESIAN_POINT('Ctrl Pts',(1.12461891702344,-32.4997085702406,0.00449745473662234));
#6956=CARTESIAN_POINT('Ctrl Pts',(2.58750428095417,-32.4800698511825,0.0082804730998667));
#6957=CARTESIAN_POINT('Ctrl Pts',(4.43940111876506,-32.4149895509573,0.0590263705715239));
#6958=CARTESIAN_POINT('Ctrl Pts',(5.18955333659281,-32.3789827807221,0.097022235712013));
#6959=CARTESIAN_POINT('Ctrl Pts',(5.57175096080182,-32.3574004435173,0.125222197534315));
#6960=CARTESIAN_POINT('Ctrl Pts',(4.37103348107893E-15,-32.5,4.4938049392326E-16));
#6961=CARTESIAN_POINT('Ctrl Pts',(0.00859085217389513,-32.5,0.000676394718156113));
#6962=CARTESIAN_POINT('Ctrl Pts',(0.0171685211895407,-32.5,0.00135254445296967));
#6963=CARTESIAN_POINT('Ctrl Pts',(1.11187486014286,-32.4999999999993,0.0877502755834266));
#6964=CARTESIAN_POINT('Ctrl Pts',(2.5588040392697,-32.5000000000001,0.199979244208772));
#6965=CARTESIAN_POINT('Ctrl Pts',(4.37500739481044,-32.4999999999999,0.39011598493784));
#6966=CARTESIAN_POINT('Ctrl Pts',(5.10449645536582,-32.5,0.484730312939128));
#6967=CARTESIAN_POINT('Ctrl Pts',(5.47131240549114,-32.5,0.541063270768585));
#6968=CARTESIAN_POINT('Ctrl Pts',(4.33610417236809E-15,-32.5,6.74070740884891E-16));
#6969=CARTESIAN_POINT('Ctrl Pts',(0.00848665956578399,-32.5,0.00131929692501396));
#6970=CARTESIAN_POINT('Ctrl Pts',(0.0169732822624268,-32.5,0.00263766760740264));
#6971=CARTESIAN_POINT('Ctrl Pts',(1.09867561613817,-32.4999999999993,0.170964192322022));
#6972=CARTESIAN_POINT('Ctrl Pts',(2.52978427503147,-32.5000000000001,0.391531759049251));
#6973=CARTESIAN_POINT('Ctrl Pts',(4.31056368883585,-32.4999999999999,0.721482923914028));
#6974=CARTESIAN_POINT('Ctrl Pts',(5.0186778762439,-32.5,0.87307469557792));
#6975=CARTESIAN_POINT('Ctrl Pts',(5.37059162829096,-32.5,0.958072814149181));
#6976=CARTESIAN_POINT('',(5.65232758256196,-32.1,-0.208385437170164));
#6977=CARTESIAN_POINT('',(5.37059162829096,-32.5,0.95807281414918));
#6978=CARTESIAN_POINT('Origin',(5.37059162829096,-30.5,0.95807281414918));
#6979=CARTESIAN_POINT('Ctrl Pts',(5.37059162829096,-32.5,0.958072814149181));
#6980=CARTESIAN_POINT('Ctrl Pts',(5.0186778762439,-32.5,0.87307469557792));
#6981=CARTESIAN_POINT('Ctrl Pts',(4.31056368883585,-32.4999999999999,0.721482923914028));
#6982=CARTESIAN_POINT('Ctrl Pts',(2.52978427503147,-32.5000000000001,0.391531759049251));
#6983=CARTESIAN_POINT('Ctrl Pts',(1.09867561613817,-32.4999999999993,0.170964192322022));
#6984=CARTESIAN_POINT('Ctrl Pts',(0.0169732822624268,-32.5,0.00263766760740264));
#6985=CARTESIAN_POINT('Ctrl Pts',(0.00848665956578399,-32.5,0.00131929692501396));
#6986=CARTESIAN_POINT('Ctrl Pts',(4.33610417236809E-15,-32.5,6.74070740884891E-16));
#6987=CARTESIAN_POINT('Ctrl Pts',(4.44089209850063E-15,-32.5,0.));
#6988=CARTESIAN_POINT('Ctrl Pts',(0.00878638368541975,-32.5,-0.000608742562363657));
#6989=CARTESIAN_POINT('Ctrl Pts',(0.0175716749337386,-32.4999975529897,
-0.00121855256659817));
#6990=CARTESIAN_POINT('Ctrl Pts',(1.1376703101992,-32.4991948003244,-0.0786102831535538));
#6991=CARTESIAN_POINT('Ctrl Pts',(2.61695067837406,-32.4384032340583,-0.183420331046435));
#6992=CARTESIAN_POINT('Ctrl Pts',(4.49649071992477,-32.2542116673195,-0.233439512200878));
#6993=CARTESIAN_POINT('Ctrl Pts',(5.26098070024949,-32.1565169599928,-0.225385060884416));
#6994=CARTESIAN_POINT('Ctrl Pts',(5.65232758256196,-32.1,-0.208385437170164));
#6995=CARTESIAN_POINT('Ctrl Pts',(-12.5996031683541,-30.5,2.77555756156289E-16));
#6996=CARTESIAN_POINT('Ctrl Pts',(-11.5216032986888,-30.8445008752485,-5.81908471755279E-16));
#6997=CARTESIAN_POINT('Ctrl Pts',(-9.26267739388873,-31.4751064297784,-0.0498839178983938));
#6998=CARTESIAN_POINT('Ctrl Pts',(-6.87034892438677,-31.9272992945399,-0.151084392533857));
#6999=CARTESIAN_POINT('Ctrl Pts',(-5.65232758256197,-32.1,-0.208385437170163));
#7000=CARTESIAN_POINT('Ctrl Pts',(-12.5996031683541,-31.0983986006838,5.59240299121703E-15));
#7001=CARTESIAN_POINT('Ctrl Pts',(-11.5220660929683,-31.3769384763291,0.106280150468494));
#7002=CARTESIAN_POINT('Ctrl Pts',(-9.22710930374092,-31.8371796157083,0.17434158912259));
#7003=CARTESIAN_POINT('Ctrl Pts',(-6.82263497083585,-32.1356506390821,0.0623859544291145));
#7004=CARTESIAN_POINT('Ctrl Pts',(-5.60628379869903,-32.2470859677242,-0.0177525030533174));
#7005=CARTESIAN_POINT('Ctrl Pts',(-12.5996031683541,-32.1346834704563,0.501777568492119));
#7006=CARTESIAN_POINT('Ctrl Pts',(-11.4857526430639,-32.218570555754,0.665719582919563));
#7007=CARTESIAN_POINT('Ctrl Pts',(-9.12814184187826,-32.3415671568707,0.736138755522925));
#7008=CARTESIAN_POINT('Ctrl Pts',(-6.72151367290603,-32.4137850318245,0.512822535046992));
#7009=CARTESIAN_POINT('Ctrl Pts',(-5.51448786918993,-32.440560972232,0.362305909052718));
#7010=CARTESIAN_POINT('Ctrl Pts',(-12.5996031683541,-32.5,1.55120104948718));
#7011=CARTESIAN_POINT('Ctrl Pts',(-11.4111451002069,-32.4991273036368,1.59988923019263));
#7012=CARTESIAN_POINT('Ctrl Pts',(-8.99932062270518,-32.4995584672669,1.44617436040388));
#7013=CARTESIAN_POINT('Ctrl Pts',(-6.60620357807573,-32.5000200376594,1.02508461307318));
#7014=CARTESIAN_POINT('Ctrl Pts',(-5.41375767566247,-32.5,0.779354438414647));
#7015=CARTESIAN_POINT('Ctrl Pts',(-12.5996031683541,-32.5,2.));
#7016=CARTESIAN_POINT('Ctrl Pts',(-11.3792893865812,-32.5,2.));
#7017=CARTESIAN_POINT('Ctrl Pts',(-8.94414129221294,-32.5,1.75058041050804));
#7018=CARTESIAN_POINT('Ctrl Pts',(-6.55679586158066,-32.5,1.24457803733071));
#7019=CARTESIAN_POINT('Ctrl Pts',(-5.37059162829096,-32.5,0.958072814149189));
#7020=CARTESIAN_POINT('Ctrl Pts',(-5.37059162829096,-32.5,0.958072814149189));
#7021=CARTESIAN_POINT('Ctrl Pts',(-6.55679586158066,-32.5,1.24457803733071));
#7022=CARTESIAN_POINT('Ctrl Pts',(-8.94414129221294,-32.5,1.75058041050804));
#7023=CARTESIAN_POINT('Ctrl Pts',(-11.3792893865812,-32.5,2.));
#7024=CARTESIAN_POINT('Ctrl Pts',(-12.5996031683541,-32.5,2.));
#7025=CARTESIAN_POINT('Ctrl Pts',(-12.5996031683541,-30.5,2.77555756156289E-16));
#7026=CARTESIAN_POINT('Ctrl Pts',(-11.5216032986888,-30.8445008752485,-5.81908471755279E-16));
#7027=CARTESIAN_POINT('Ctrl Pts',(-9.26267739388873,-31.4751064297784,-0.0498839178983938));
#7028=CARTESIAN_POINT('Ctrl Pts',(-6.87034892438677,-31.9272992945399,-0.151084392533857));
#7029=CARTESIAN_POINT('Ctrl Pts',(-5.65232758256197,-32.1,-0.208385437170163));
#7030=CARTESIAN_POINT('Ctrl Pts',(30.5,-12.5996031683541,0.));
#7031=CARTESIAN_POINT('Ctrl Pts',(30.8445008752485,-11.5216032986888,1.61731692148877E-15));
#7032=CARTESIAN_POINT('Ctrl Pts',(31.4751064297784,-9.26267739388877,-0.0498839178983926));
#7033=CARTESIAN_POINT('Ctrl Pts',(31.9272992945399,-6.87034892438679,-0.151084392533856));
#7034=CARTESIAN_POINT('Ctrl Pts',(32.1,-5.65232758256198,-0.208385437170163));
#7035=CARTESIAN_POINT('Ctrl Pts',(31.0983986006838,-12.5996031683541,0.));
#7036=CARTESIAN_POINT('Ctrl Pts',(31.3769384763291,-11.5220660929684,0.106280150468493));
#7037=CARTESIAN_POINT('Ctrl Pts',(31.8371796157083,-9.22710930374097,0.174341589122592));
#7038=CARTESIAN_POINT('Ctrl Pts',(32.1356506390821,-6.82263497083585,0.0623859544291132));
#7039=CARTESIAN_POINT('Ctrl Pts',(32.2470859677242,-5.60628379869904,-0.0177525030533168));
#7040=CARTESIAN_POINT('Ctrl Pts',(32.1346834704563,-12.5996031683541,0.501777568492111));
#7041=CARTESIAN_POINT('Ctrl Pts',(32.218570555754,-11.4857526430639,0.665719582919561));
#7042=CARTESIAN_POINT('Ctrl Pts',(32.3415671568707,-9.12814184187831,0.736138755522932));
#7043=CARTESIAN_POINT('Ctrl Pts',(32.4137850318245,-6.72151367290602,0.512822535046986));
#7044=CARTESIAN_POINT('Ctrl Pts',(32.440560972232,-5.51448786918995,0.362305909052719));
#7045=CARTESIAN_POINT('Ctrl Pts',(32.5,-12.5996031683541,1.55120104948717));
#7046=CARTESIAN_POINT('Ctrl Pts',(32.4991273036368,-11.4111451002069,1.59988923019264));
#7047=CARTESIAN_POINT('Ctrl Pts',(32.4995584672669,-8.99932062270524,1.44617436040389));
#7048=CARTESIAN_POINT('Ctrl Pts',(32.5000200376594,-6.60620357807569,1.02508461307317));
#7049=CARTESIAN_POINT('Ctrl Pts',(32.5,-5.41375767566248,0.779354438414649));
#7050=CARTESIAN_POINT('Ctrl Pts',(32.5,-12.5996031683541,2.));
#7051=CARTESIAN_POINT('Ctrl Pts',(32.5,-11.3792893865813,2.00000000000001));
#7052=CARTESIAN_POINT('Ctrl Pts',(32.5,-8.944141292213,1.75058041050805));
#7053=CARTESIAN_POINT('Ctrl Pts',(32.5,-6.55679586158061,1.2445780373307));
#7054=CARTESIAN_POINT('Ctrl Pts',(32.5,-5.37059162829098,0.958072814149192));
#7055=CARTESIAN_POINT('Ctrl Pts',(32.5,-5.37059162829098,0.958072814149192));
#7056=CARTESIAN_POINT('Ctrl Pts',(32.5,-6.55679586158061,1.2445780373307));
#7057=CARTESIAN_POINT('Ctrl Pts',(32.5,-8.944141292213,1.75058041050805));
#7058=CARTESIAN_POINT('Ctrl Pts',(32.5,-11.3792893865813,2.00000000000001));
#7059=CARTESIAN_POINT('Ctrl Pts',(32.5,-12.5996031683541,2.));
#7060=CARTESIAN_POINT('Ctrl Pts',(30.5,-12.5996031683541,0.));
#7061=CARTESIAN_POINT('Ctrl Pts',(30.8445008752485,-11.5216032986888,1.61731692148877E-15));
#7062=CARTESIAN_POINT('Ctrl Pts',(31.4751064297784,-9.26267739388877,-0.0498839178983926));
#7063=CARTESIAN_POINT('Ctrl Pts',(31.9272992945399,-6.87034892438679,-0.151084392533856));
#7064=CARTESIAN_POINT('Ctrl Pts',(32.1,-5.65232758256198,-0.208385437170163));
#7065=CARTESIAN_POINT('Ctrl Pts',(5.65232758256196,-32.1,-0.208385437170162));
#7066=CARTESIAN_POINT('Ctrl Pts',(6.87034892438678,-31.9272992945399,-0.151084392533856));
#7067=CARTESIAN_POINT('Ctrl Pts',(9.26267739388875,-31.4751064297784,-0.049883917898393));
#7068=CARTESIAN_POINT('Ctrl Pts',(11.5216032986888,-30.8445008752485,-1.69352557223956E-17));
#7069=CARTESIAN_POINT('Ctrl Pts',(12.5996031683541,-30.5,0.));
#7070=CARTESIAN_POINT('Ctrl Pts',(5.60628379869902,-32.2470859677242,-0.0177525030533164));
#7071=CARTESIAN_POINT('Ctrl Pts',(6.82263497083587,-32.1356506390821,0.0623859544291195));
#7072=CARTESIAN_POINT('Ctrl Pts',(9.22710930374095,-31.8371796157083,0.174341589122591));
#7073=CARTESIAN_POINT('Ctrl Pts',(11.5220660929684,-31.3769384763291,0.106280150468491));
#7074=CARTESIAN_POINT('Ctrl Pts',(12.5996031683541,-31.0983986006838,0.));
#7075=CARTESIAN_POINT('Ctrl Pts',(5.51448786918993,-32.440560972232,0.362305909052719));
#7076=CARTESIAN_POINT('Ctrl Pts',(6.72151367290607,-32.4137850318245,0.512822535047003));
#7077=CARTESIAN_POINT('Ctrl Pts',(9.12814184187829,-32.3415671568707,0.736138755522928));
#7078=CARTESIAN_POINT('Ctrl Pts',(11.4857526430639,-32.218570555754,0.66571958291956));
#7079=CARTESIAN_POINT('Ctrl Pts',(12.5996031683541,-32.1346834704563,0.501777568492111));
#7080=CARTESIAN_POINT('Ctrl Pts',(5.41375767566247,-32.5,0.779354438414648));
#7081=CARTESIAN_POINT('Ctrl Pts',(6.60620357807579,-32.5000200376594,1.02508461307319));
#7082=CARTESIAN_POINT('Ctrl Pts',(8.99932062270521,-32.4995584672669,1.44617436040388));
#7083=CARTESIAN_POINT('Ctrl Pts',(11.4111451002069,-32.4991273036368,1.59988923019263));
#7084=CARTESIAN_POINT('Ctrl Pts',(12.5996031683541,-32.5,1.55120104948718));
#7085=CARTESIAN_POINT('Ctrl Pts',(5.37059162829096,-32.5,0.958072814149191));
#7086=CARTESIAN_POINT('Ctrl Pts',(6.55679586158073,-32.5,1.24457803733073));
#7087=CARTESIAN_POINT('Ctrl Pts',(8.94414129221296,-32.5,1.75058041050804));
#7088=CARTESIAN_POINT('Ctrl Pts',(11.3792893865812,-32.5,2.));
#7089=CARTESIAN_POINT('Ctrl Pts',(12.5996031683541,-32.5,2.));
#7090=CARTESIAN_POINT('Ctrl Pts',(12.5996031683541,-32.5,2.));
#7091=CARTESIAN_POINT('Ctrl Pts',(11.3792893865812,-32.5,2.));
#7092=CARTESIAN_POINT('Ctrl Pts',(8.94414129221296,-32.5,1.75058041050804));
#7093=CARTESIAN_POINT('Ctrl Pts',(6.55679586158073,-32.5,1.24457803733073));
#7094=CARTESIAN_POINT('Ctrl Pts',(5.37059162829096,-32.5,0.958072814149191));
#7095=CARTESIAN_POINT('Ctrl Pts',(5.65232758256196,-32.1,-0.208385437170162));
#7096=CARTESIAN_POINT('Ctrl Pts',(6.87034892438678,-31.9272992945399,-0.151084392533856));
#7097=CARTESIAN_POINT('Ctrl Pts',(9.26267739388875,-31.4751064297784,-0.049883917898393));
#7098=CARTESIAN_POINT('Ctrl Pts',(11.5216032986888,-30.8445008752485,-1.69352557223956E-17));
#7099=CARTESIAN_POINT('Ctrl Pts',(12.5996031683541,-30.5,0.));
#7100=CARTESIAN_POINT('Origin',(2.22044604925031E-15,-4.44089209850063E-15,
0.));
#7101=CARTESIAN_POINT('Origin',(0.,0.,0.));
#7102=CARTESIAN_POINT('',(25.,26.85,0.));
#7103=CARTESIAN_POINT('Origin',(25.,25.,0.));
#7104=CARTESIAN_POINT('Origin',(32.5,32.5,0.));
#7105=CARTESIAN_POINT('',(32.5,32.5,6.5));
#7106=CARTESIAN_POINT('Origin',(0.,0.,-0.5));
#7107=CARTESIAN_POINT('',(32.0075757575758,5.63605306247625,-0.5));
#7108=CARTESIAN_POINT('Origin',(32.5,5.72276157112973,-0.5));
#7109=CARTESIAN_POINT('',(5.63605306247628,32.0075757575758,-0.5));
#7110=CARTESIAN_POINT('Origin',(0.,0.,-0.5));
#7111=CARTESIAN_POINT('Origin',(5.72276157112976,32.5,-0.5));
#7112=CARTESIAN_POINT('Ctrl Pts',(32.5,4.37074720813998E-15,-5.6985978226396E-16));
#7113=CARTESIAN_POINT('Ctrl Pts',(32.5,0.00846926731210537,-0.000586771949588019));
#7114=CARTESIAN_POINT('Ctrl Pts',(32.4999895831614,0.0169448612033254,-0.00119071378716203));
#7115=CARTESIAN_POINT('Ctrl Pts',(32.5012708045851,1.90955692367199,-0.126992566405755));
#7116=CARTESIAN_POINT('Ctrl Pts',(32.3524915535488,3.81081340616229,-0.291314811835193));
#7117=CARTESIAN_POINT('Ctrl Pts',(32.1215219688293,5.65611727782815,-0.180136094422262));
#7118=CARTESIAN_POINT('Ctrl Pts',(32.5,4.35223334461658E-15,-7.20267120304748E-16));
#7119=CARTESIAN_POINT('Ctrl Pts',(32.4999478457635,0.00845373952068816,
-0.000700291381530172));
#7120=CARTESIAN_POINT('Ctrl Pts',(32.5000387907306,0.0169033893540686,-0.00153969215976785));
#7121=CARTESIAN_POINT('Ctrl Pts',(32.499823169165,1.90532542450286,-0.161034273146733));
#7122=CARTESIAN_POINT('Ctrl Pts',(32.3345565332257,3.80209612540489,-0.3630192140725));
#7123=CARTESIAN_POINT('Ctrl Pts',(32.0486327954287,5.64328258981313,-0.269056129033348));
#7124=CARTESIAN_POINT('Ctrl Pts',(32.5,4.33371948109318E-15,-8.70674458345537E-16));
#7125=CARTESIAN_POINT('Ctrl Pts',(32.5000159229758,0.00838164147357274,
-0.000874326622492511));
#7126=CARTESIAN_POINT('Ctrl Pts',(32.4999814335224,0.0169105513068164,-0.00183142538733827));
#7127=CARTESIAN_POINT('Ctrl Pts',(32.4989433435661,1.90146120529671,-0.196341557244689));
#7128=CARTESIAN_POINT('Ctrl Pts',(32.3332128559567,3.78818777193697,-0.431769074731253));
#7129=CARTESIAN_POINT('Ctrl Pts',(32.0075757575758,5.63605306247624,-0.384309320294611));
#7130=CARTESIAN_POINT('Ctrl Pts',(32.5,4.31520561756978E-15,-1.02108179638633E-15));
#7131=CARTESIAN_POINT('Ctrl Pts',(32.5,0.00841207737100685,-0.00105138522668532));
#7132=CARTESIAN_POINT('Ctrl Pts',(32.4999965739317,0.0168254875670143,-0.00212007510893189));
#7133=CARTESIAN_POINT('Ctrl Pts',(32.4985857265212,1.89823014433617,-0.231816236278321));
#7134=CARTESIAN_POINT('Ctrl Pts',(32.334909415084,3.77710022357334,-0.499999999999994));
#7135=CARTESIAN_POINT('Ctrl Pts',(32.0075757575758,5.63605306247624,-0.5));
#7136=CARTESIAN_POINT('Ctrl Pts',(32.5,4.31520561756978E-15,-1.02108179638633E-15));
#7137=CARTESIAN_POINT('Ctrl Pts',(32.5,0.00841207737100685,-0.00105138522668532));
#7138=CARTESIAN_POINT('Ctrl Pts',(32.4999965739317,0.0168254875670143,-0.00212007510893189));
#7139=CARTESIAN_POINT('Ctrl Pts',(32.4985857265212,1.89823014433617,-0.231816236278321));
#7140=CARTESIAN_POINT('Ctrl Pts',(32.334909415084,3.77710022357334,-0.499999999999994));
#7141=CARTESIAN_POINT('Ctrl Pts',(32.0075757575758,5.63605306247624,-0.5));
#7142=CARTESIAN_POINT('Ctrl Pts',(32.1215219688307,-5.65611727782843,-0.180136094420446));
#7143=CARTESIAN_POINT('Ctrl Pts',(32.3524915535492,-3.81081340616248,-0.291314811833698));
#7144=CARTESIAN_POINT('Ctrl Pts',(32.5003764216628,-1.91029523801307,-0.128968984450293));
#7145=CARTESIAN_POINT('Ctrl Pts',(32.4999924080413,-0.0169425204122575,
-0.001184470983483));
#7146=CARTESIAN_POINT('Ctrl Pts',(32.5,-0.00846926731206139,-0.000586771949585214));
#7147=CARTESIAN_POINT('Ctrl Pts',(32.5,-4.43705382675177E-15,-3.11822670448598E-17));
#7148=CARTESIAN_POINT('Ctrl Pts',(32.0486327954293,-5.64328258981325,-0.269056129031788));
#7149=CARTESIAN_POINT('Ctrl Pts',(32.3368370476796,-3.80204767037973,-0.364862841968991));
#7150=CARTESIAN_POINT('Ctrl Pts',(32.4996014620853,-1.90603082332465,-0.163455218181781));
#7151=CARTESIAN_POINT('Ctrl Pts',(32.4999938346095,-0.0169042738525902,
-0.00149569435665719));
#7152=CARTESIAN_POINT('Ctrl Pts',(32.5,-0.0084502039983616,-0.000741643041952129));
#7153=CARTESIAN_POINT('Ctrl Pts',(32.5,-4.43604076309226E-15,-3.94124351078152E-17));
#7154=CARTESIAN_POINT('Ctrl Pts',(32.0075757575758,-5.63605306247625,-0.384309320293824));
#7155=CARTESIAN_POINT('Ctrl Pts',(32.3331177263975,-3.79035738008806,-0.432730691180176));
#7156=CARTESIAN_POINT('Ctrl Pts',(32.4987499969836,-1.90211717081425,-0.198603219620276));
#7157=CARTESIAN_POINT('Ctrl Pts',(32.4999960267057,-0.0168649193443609,
-0.00180482877909746));
#7158=CARTESIAN_POINT('Ctrl Pts',(32.5,-0.00843114068466183,-0.000896514134319046));
#7159=CARTESIAN_POINT('Ctrl Pts',(32.5,-4.43502769943274E-15,-4.76426031707706E-17));
#7160=CARTESIAN_POINT('Ctrl Pts',(32.0075757575758,-5.63605306247625,-0.5));
#7161=CARTESIAN_POINT('Ctrl Pts',(32.334909415084,-3.77710022357335,-0.499999999999994));
#7162=CARTESIAN_POINT('Ctrl Pts',(32.4985652448347,-1.89838408995951,-0.233810878427021));
#7163=CARTESIAN_POINT('Ctrl Pts',(32.4999966394777,-0.0168249945143542,
-0.00211377382309904));
#7164=CARTESIAN_POINT('Ctrl Pts',(32.5,-0.00841207737096205,-0.00105138522668596));
#7165=CARTESIAN_POINT('Ctrl Pts',(32.5,-4.43401463577323E-15,-5.5872771233726E-17));
#7166=CARTESIAN_POINT('',(32.0075757575758,-5.63605306247625,-0.5));
#7167=CARTESIAN_POINT('Origin',(32.5,-5.72276157112973,-0.5));
#7168=CARTESIAN_POINT('Ctrl Pts',(32.0075757575758,-5.63605306247625,-0.5));
#7169=CARTESIAN_POINT('Ctrl Pts',(32.334909415084,-3.77710022357335,-0.499999999999994));
#7170=CARTESIAN_POINT('Ctrl Pts',(32.4985652448347,-1.89838408995951,-0.233810878427021));
#7171=CARTESIAN_POINT('Ctrl Pts',(32.4999966394777,-0.0168249945143542,
-0.00211377382309904));
#7172=CARTESIAN_POINT('Ctrl Pts',(32.5,-0.00841207737096205,-0.00105138522668596));
#7173=CARTESIAN_POINT('Ctrl Pts',(32.5,-4.43401463577323E-15,-5.5872771233726E-17));
#7174=CARTESIAN_POINT('Origin',(-32.5,32.5,0.));
#7175=CARTESIAN_POINT('',(-32.5,32.5,6.5));
#7176=CARTESIAN_POINT('Origin',(2.22044604925031E-15,-4.44089209850063E-15,
0.));
#7177=CARTESIAN_POINT('Origin',(0.,0.,0.));
#7178=CARTESIAN_POINT('',(26.85,-25.,0.));
#7179=CARTESIAN_POINT('Origin',(25.,-25.,0.));
#7180=CARTESIAN_POINT('Origin',(-32.5,-32.5,0.));
#7181=CARTESIAN_POINT('',(-32.5,-32.5,6.5));
#7182=CARTESIAN_POINT('Origin',(0.,0.,-0.5));
#7183=CARTESIAN_POINT('',(5.63605306247623,-32.0075757575758,-0.5));
#7184=CARTESIAN_POINT('Origin',(5.72276157112971,-32.5,-0.5));
#7185=CARTESIAN_POINT('Origin',(0.,0.,-0.5));
#7186=CARTESIAN_POINT('Ctrl Pts',(4.44089209850063E-15,-32.5,0.));
#7187=CARTESIAN_POINT('Ctrl Pts',(0.00846926731206277,-32.5,-0.000586771949584109));
#7188=CARTESIAN_POINT('Ctrl Pts',(0.0169448612023452,-32.4999895831613,
-0.00119071378708752));
#7189=CARTESIAN_POINT('Ctrl Pts',(1.90955692371667,-32.5012708045854,-0.126992566407667));
#7190=CARTESIAN_POINT('Ctrl Pts',(3.81081340616249,-32.3524915535493,-0.291314811832978));
#7191=CARTESIAN_POINT('Ctrl Pts',(5.65611727782854,-32.1215219688315,-0.180136094419567));
#7192=CARTESIAN_POINT('Ctrl Pts',(4.44089209850063E-15,-32.5,0.));
#7193=CARTESIAN_POINT('Ctrl Pts',(0.00845373952064468,-32.4999478457635,
-0.000700291381526981));
#7194=CARTESIAN_POINT('Ctrl Pts',(0.0169033893530885,-32.5000387907306,
-0.00153969215969793));
#7195=CARTESIAN_POINT('Ctrl Pts',(1.90532542454748,-32.4998231691653,-0.161034273148964));
#7196=CARTESIAN_POINT('Ctrl Pts',(3.80209612540503,-32.3345565332258,-0.363019214071067));
#7197=CARTESIAN_POINT('Ctrl Pts',(5.64328258981328,-32.0486327954296,-0.269056129031033));
#7198=CARTESIAN_POINT('Ctrl Pts',(4.44089209850063E-15,-32.5,0.));
#7199=CARTESIAN_POINT('Ctrl Pts',(0.00838164147352892,-32.5000159229758,
-0.000874326622491558));
#7200=CARTESIAN_POINT('Ctrl Pts',(0.0169105513058424,-32.4999814335224,
-0.00183142538721868));
#7201=CARTESIAN_POINT('Ctrl Pts',(1.901461205341,-32.498943343566,-0.196341557249616));
#7202=CARTESIAN_POINT('Ctrl Pts',(3.78818777193701,-32.3332128559567,-0.431769074730569));
#7203=CARTESIAN_POINT('Ctrl Pts',(5.63605306247623,-32.0075757575758,-0.384309320293443));
#7204=CARTESIAN_POINT('Ctrl Pts',(4.44089209850063E-15,-32.5,0.));
#7205=CARTESIAN_POINT('Ctrl Pts',(0.00841207737096316,-32.5,-0.00105138522668672));
#7206=CARTESIAN_POINT('Ctrl Pts',(0.0168254875660395,-32.4999965739317,
-0.00212007510881534));
#7207=CARTESIAN_POINT('Ctrl Pts',(1.89823014438042,-32.4985857265211,-0.231816236283605));
#7208=CARTESIAN_POINT('Ctrl Pts',(3.77710022357327,-32.334909415084,-0.5));
#7209=CARTESIAN_POINT('Ctrl Pts',(5.63605306247623,-32.0075757575758,-0.5));
#7210=CARTESIAN_POINT('Ctrl Pts',(4.44089209850063E-15,-32.5,0.));
#7211=CARTESIAN_POINT('Ctrl Pts',(0.00841207737096316,-32.5,-0.00105138522668672));
#7212=CARTESIAN_POINT('Ctrl Pts',(0.0168254875660395,-32.4999965739317,
-0.00212007510881534));
#7213=CARTESIAN_POINT('Ctrl Pts',(1.89823014438042,-32.4985857265211,-0.231816236283605));
#7214=CARTESIAN_POINT('Ctrl Pts',(3.77710022357327,-32.334909415084,-0.5));
#7215=CARTESIAN_POINT('Ctrl Pts',(5.63605306247623,-32.0075757575758,-0.5));
#7216=CARTESIAN_POINT('Ctrl Pts',(-5.6561172778282,-32.1215219688295,-0.18013609442195));
#7217=CARTESIAN_POINT('Ctrl Pts',(-3.81081340616231,-32.3524915535489,-0.291314811834939));
#7218=CARTESIAN_POINT('Ctrl Pts',(-1.91029523799877,-32.5003764216631,-0.128968984438158));
#7219=CARTESIAN_POINT('Ctrl Pts',(-0.0169425204108734,-32.4999924080413,
-0.00118447098343093));
#7220=CARTESIAN_POINT('Ctrl Pts',(-0.00846926731205271,-32.5,-0.000586771949587076));
#7221=CARTESIAN_POINT('Ctrl Pts',(4.44743518200695E-15,-32.5,-5.31562616044414E-17));
#7222=CARTESIAN_POINT('Ctrl Pts',(-5.64328258981315,-32.0486327954288,-0.26905612903308));
#7223=CARTESIAN_POINT('Ctrl Pts',(-3.80204767037959,-32.3368370476796,-0.36486284196976));
#7224=CARTESIAN_POINT('Ctrl Pts',(-1.90603082331041,-32.4996014620862,-0.163455218166102));
#7225=CARTESIAN_POINT('Ctrl Pts',(-0.0169042738512093,-32.4999938346095,
-0.00149569435658822));
#7226=CARTESIAN_POINT('Ctrl Pts',(-0.00845020399835308,-32.5,-0.000741643041952918));
#7227=CARTESIAN_POINT('Ctrl Pts',(4.44916214678564E-15,-32.5,-6.71861897674315E-17));
#7228=CARTESIAN_POINT('Ctrl Pts',(-5.63605306247623,-32.0075757575758,-0.384309320294476));
#7229=CARTESIAN_POINT('Ctrl Pts',(-3.79035738008797,-32.3331177263975,-0.432730691180556));
#7230=CARTESIAN_POINT('Ctrl Pts',(-1.90211717080006,-32.4987499969843,-0.198603219601044));
#7231=CARTESIAN_POINT('Ctrl Pts',(-0.0168649193429833,-32.4999960267057,
-0.0018048287790116));
#7232=CARTESIAN_POINT('Ctrl Pts',(-0.00843114068465347,-32.5,-0.000896514134318761));
#7233=CARTESIAN_POINT('Ctrl Pts',(4.45088911156434E-15,-32.5,-8.12161179304216E-17));
#7234=CARTESIAN_POINT('Ctrl Pts',(-5.63605306247623,-32.0075757575758,-0.5));
#7235=CARTESIAN_POINT('Ctrl Pts',(-3.77710022357333,-32.3349094150839,-0.5));
#7236=CARTESIAN_POINT('Ctrl Pts',(-1.89838408994538,-32.4985652448357,-0.233810878404233));
#7237=CARTESIAN_POINT('Ctrl Pts',(-0.0168249945129799,-32.4999966394777,
-0.00211377382299631));
#7238=CARTESIAN_POINT('Ctrl Pts',(-0.00841207737095385,-32.5,-0.0010513852266846));
#7239=CARTESIAN_POINT('Ctrl Pts',(4.45261607634304E-15,-32.5,-9.52460460934117E-17));
#7240=CARTESIAN_POINT('',(-5.63605306247623,-32.0075757575758,-0.5));
#7241=CARTESIAN_POINT('Origin',(-5.72276157112971,-32.5,-0.5));
#7242=CARTESIAN_POINT('Ctrl Pts',(-5.63605306247623,-32.0075757575758,-0.5));
#7243=CARTESIAN_POINT('Ctrl Pts',(-3.77710022357333,-32.3349094150839,-0.5));
#7244=CARTESIAN_POINT('Ctrl Pts',(-1.89838408994538,-32.4985652448357,-0.233810878404233));
#7245=CARTESIAN_POINT('Ctrl Pts',(-0.0168249945129799,-32.4999966394777,
-0.00211377382299631));
#7246=CARTESIAN_POINT('Ctrl Pts',(-0.00841207737095385,-32.5,-0.0010513852266846));
#7247=CARTESIAN_POINT('Ctrl Pts',(4.45261607634304E-15,-32.5,-9.52460460934117E-17));
#7248=CARTESIAN_POINT('Origin',(0.,0.,-0.5));
#7249=CARTESIAN_POINT('',(-32.0075757575758,-5.63605306247628,-0.5));
#7250=CARTESIAN_POINT('Origin',(-32.5,-5.72276157112976,-0.5));
#7251=CARTESIAN_POINT('Origin',(0.,0.,-0.5));
#7252=CARTESIAN_POINT('Origin',(0.,0.,0.));
#7253=CARTESIAN_POINT('Ctrl Pts',(-32.5,0.,0.));
#7254=CARTESIAN_POINT('Ctrl Pts',(-32.5,-0.00846926731286752,-0.000586771954292645));
#7255=CARTESIAN_POINT('Ctrl Pts',(-32.4999895831615,-0.0169448612053988,
-0.00119071379881518));
#7256=CARTESIAN_POINT('Ctrl Pts',(-32.50127080454,-1.90955692352817,-0.126992567803744));
#7257=CARTESIAN_POINT('Ctrl Pts',(-32.3524915529078,-3.81081340581124,-0.291314814743373));
#7258=CARTESIAN_POINT('Ctrl Pts',(-32.1215219659362,-5.65611727731876,-0.180136097951639));
#7259=CARTESIAN_POINT('Ctrl Pts',(-32.5,0.,0.));
#7260=CARTESIAN_POINT('Ctrl Pts',(-32.4999478457636,-0.00845373952246409,
-0.000700291385677852));
#7261=CARTESIAN_POINT('Ctrl Pts',(-32.5000387907306,-0.0169033893560068,
-0.00153969216537242));
#7262=CARTESIAN_POINT('Ctrl Pts',(-32.4998231691286,-1.90532542443029,-0.161034274125324));
#7263=CARTESIAN_POINT('Ctrl Pts',(-32.3345565331477,-3.80209612513324,-0.363019215957452));
#7264=CARTESIAN_POINT('Ctrl Pts',(-32.0486327943042,-5.64328258961517,-0.269056132065972));
#7265=CARTESIAN_POINT('Ctrl Pts',(-32.5,0.,0.));
#7266=CARTESIAN_POINT('Ctrl Pts',(-32.5000159229756,-0.00838164147569126,
-0.000874326622658375));
#7267=CARTESIAN_POINT('Ctrl Pts',(-32.4999814335226,-0.01691055130927,-0.00183142538998873));
#7268=CARTESIAN_POINT('Ctrl Pts',(-32.4989433435604,-1.90146120527814,-0.196341557784699));
#7269=CARTESIAN_POINT('Ctrl Pts',(-32.3332128559788,-3.78818777179194,-0.431769075634027));
#7270=CARTESIAN_POINT('Ctrl Pts',(-32.0075757575758,-5.63605306247628,-0.38430932182526));
#7271=CARTESIAN_POINT('Ctrl Pts',(-32.5,0.,0.));
#7272=CARTESIAN_POINT('Ctrl Pts',(-32.5,-0.00841207737281914,-0.00105138522410071));
#7273=CARTESIAN_POINT('Ctrl Pts',(-32.4999965739317,-0.016825487570584,
-0.00212007510761631));
#7274=CARTESIAN_POINT('Ctrl Pts',(-32.4985857265202,-1.89823014436034,-0.231816236349243));
#7275=CARTESIAN_POINT('Ctrl Pts',(-32.3349094150837,-3.77710022357501,-0.499999999999999));
#7276=CARTESIAN_POINT('Ctrl Pts',(-32.0075757575758,-5.63605306247628,-0.5));
#7277=CARTESIAN_POINT('Ctrl Pts',(-32.5,0.,0.));
#7278=CARTESIAN_POINT('Ctrl Pts',(-32.5,-0.00841207737281914,-0.00105138522410071));
#7279=CARTESIAN_POINT('Ctrl Pts',(-32.4999965739317,-0.016825487570584,
-0.00212007510761631));
#7280=CARTESIAN_POINT('Ctrl Pts',(-32.4985857265202,-1.89823014436034,-0.231816236349243));
#7281=CARTESIAN_POINT('Ctrl Pts',(-32.3349094150837,-3.77710022357501,-0.499999999999999));
#7282=CARTESIAN_POINT('Ctrl Pts',(-32.0075757575758,-5.63605306247628,-0.5));
#7283=CARTESIAN_POINT('Ctrl Pts',(5.6561172773189,32.1215219659369,-0.18013609795072));
#7284=CARTESIAN_POINT('Ctrl Pts',(3.81081340581136,32.352491552908,-0.291314814742611));
#7285=CARTESIAN_POINT('Ctrl Pts',(1.91029523781673,32.5003764216318,-0.128968985850803));
#7286=CARTESIAN_POINT('Ctrl Pts',(0.0169425204135562,32.4999924080414,-0.00118447099506696));
#7287=CARTESIAN_POINT('Ctrl Pts',(0.00846926731284317,32.5,-0.00058677195429163));
#7288=CARTESIAN_POINT('Ctrl Pts',(-1.65766547393791E-17,32.5,-1.34669379866424E-16));
#7289=CARTESIAN_POINT('Ctrl Pts',(5.64328258961522,32.0486327943045,-0.269056132065182));
#7290=CARTESIAN_POINT('Ctrl Pts',(3.8020476700738,32.3368370475775,-0.364862843767175));
#7291=CARTESIAN_POINT('Ctrl Pts',(1.90603082319314,32.4996014620598,-0.163455219149521));
#7292=CARTESIAN_POINT('Ctrl Pts',(0.0169042738543623,32.4999938346096,-0.00149569436386989));
#7293=CARTESIAN_POINT('Ctrl Pts',(0.00845020399949355,32.5,-0.000741643044228342));
#7294=CARTESIAN_POINT('Ctrl Pts',(-2.09518546244715E-17,32.5,-1.70213671798701E-16));
#7295=CARTESIAN_POINT('Ctrl Pts',(5.63605306247627,32.0075757575758,-0.384309321824862));
#7296=CARTESIAN_POINT('Ctrl Pts',(3.79035737990951,32.3331177264013,-0.432730692059706));
#7297=CARTESIAN_POINT('Ctrl Pts',(1.90211717073793,32.498749996981,-0.198603220133998));
#7298=CARTESIAN_POINT('Ctrl Pts',(0.0168649193466366,32.4999960267057,-0.00180482878200561));
#7299=CARTESIAN_POINT('Ctrl Pts',(0.00843114068614394,32.5,-0.000896514134165054));
#7300=CARTESIAN_POINT('Ctrl Pts',(-2.5327054509564E-17,32.5,-2.05757963730977E-16));
#7301=CARTESIAN_POINT('Ctrl Pts',(5.63605306247627,32.0075757575758,-0.5));
#7302=CARTESIAN_POINT('Ctrl Pts',(3.77710022357504,32.3349094150837,-0.499999999999994));
#7303=CARTESIAN_POINT('Ctrl Pts',(1.89838408993254,32.498565244835,-0.23381087848284));
#7304=CARTESIAN_POINT('Ctrl Pts',(0.016824994517152,32.4999966394777,-0.00211377382171494));
#7305=CARTESIAN_POINT('Ctrl Pts',(0.00841207737279432,32.5,-0.00105138522410177));
#7306=CARTESIAN_POINT('Ctrl Pts',(-2.97022543946564E-17,32.5,-2.41302255663254E-16));
#7307=CARTESIAN_POINT('Ctrl Pts',(5.63605306247627,32.0075757575758,-0.5));
#7308=CARTESIAN_POINT('Ctrl Pts',(3.77710022357504,32.3349094150837,-0.499999999999994));
#7309=CARTESIAN_POINT('Ctrl Pts',(1.89838408993254,32.498565244835,-0.23381087848284));
#7310=CARTESIAN_POINT('Ctrl Pts',(0.016824994517152,32.4999966394777,-0.00211377382171494));
#7311=CARTESIAN_POINT('Ctrl Pts',(0.00841207737279432,32.5,-0.00105138522410177));
#7312=CARTESIAN_POINT('Ctrl Pts',(-2.97022543946564E-17,32.5,-2.41302255663254E-16));
#7313=CARTESIAN_POINT('Origin',(0.,0.,-0.5));
#7314=CARTESIAN_POINT('',(-5.63605306247631,32.0075757575758,-0.5));
#7315=CARTESIAN_POINT('Origin',(-5.72276157112979,32.5,-0.5));
#7316=CARTESIAN_POINT('',(-32.0075757575758,5.63605306247631,-0.5));
#7317=CARTESIAN_POINT('Origin',(0.,0.,-0.5));
#7318=CARTESIAN_POINT('Origin',(-32.5,5.72276157112979,-0.5));
#7319=CARTESIAN_POINT('Origin',(0.,0.,0.));
#7320=CARTESIAN_POINT('Ctrl Pts',(0.,32.5,0.));
#7321=CARTESIAN_POINT('Ctrl Pts',(-0.00846926731284799,32.5,-0.000586771954291377));
#7322=CARTESIAN_POINT('Ctrl Pts',(-0.0169448612052212,32.4999895831615,
-0.00119071379880064));
#7323=CARTESIAN_POINT('Ctrl Pts',(-1.90955692351308,32.50127080454,-0.126992567802282));
#7324=CARTESIAN_POINT('Ctrl Pts',(-3.81081340581138,32.352491552908,-0.291314814742532));
#7325=CARTESIAN_POINT('Ctrl Pts',(-5.65611727731894,32.121521965937,-0.180136097950616));
#7326=CARTESIAN_POINT('Ctrl Pts',(0.,32.5,0.));
#7327=CARTESIAN_POINT('Ctrl Pts',(-0.0084537395224442,32.4999478457636,
-0.0007002913856769));
#7328=CARTESIAN_POINT('Ctrl Pts',(-0.0169033893558293,32.5000387907306,
-0.00153969216535957));
#7329=CARTESIAN_POINT('Ctrl Pts',(-1.90532542441518,32.4998231691285,-0.161034274123983));
#7330=CARTESIAN_POINT('Ctrl Pts',(-3.80209612513335,32.3345565331477,-0.363019215956907));
#7331=CARTESIAN_POINT('Ctrl Pts',(-5.64328258961526,32.0486327943046,-0.269056132065092));
#7332=CARTESIAN_POINT('Ctrl Pts',(0.,32.5,0.));
#7333=CARTESIAN_POINT('Ctrl Pts',(-0.00838164147567126,32.5000159229756,
-0.000874326622658317));
#7334=CARTESIAN_POINT('Ctrl Pts',(-0.0169105513090934,32.4999814335226,
-0.00183142538996804));
#7335=CARTESIAN_POINT('Ctrl Pts',(-1.90146120526312,32.4989433435603,-0.196341557782648));
#7336=CARTESIAN_POINT('Ctrl Pts',(-3.78818777179201,32.3332128559788,-0.431769075633766));
#7337=CARTESIAN_POINT('Ctrl Pts',(-5.63605306247631,32.0075757575758,-0.384309321824817));
#7338=CARTESIAN_POINT('Ctrl Pts',(0.,32.5,0.));
#7339=CARTESIAN_POINT('Ctrl Pts',(-0.00841207737279916,32.5,-0.00105138522410163));
#7340=CARTESIAN_POINT('Ctrl Pts',(-0.0168254875704071,32.4999965739317,
-0.00212007510759669));
#7341=CARTESIAN_POINT('Ctrl Pts',(-1.8982301443453,32.4985857265201,-0.231816236347327));
#7342=CARTESIAN_POINT('Ctrl Pts',(-3.77710022357505,32.3349094150837,-0.499999999999999));
#7343=CARTESIAN_POINT('Ctrl Pts',(-5.63605306247631,32.0075757575758,-0.5));
#7344=CARTESIAN_POINT('Ctrl Pts',(0.,32.5,0.));
#7345=CARTESIAN_POINT('Ctrl Pts',(-0.00841207737279916,32.5,-0.00105138522410163));
#7346=CARTESIAN_POINT('Ctrl Pts',(-0.0168254875704071,32.4999965739317,
-0.00212007510759669));
#7347=CARTESIAN_POINT('Ctrl Pts',(-1.8982301443453,32.4985857265201,-0.231816236347327));
#7348=CARTESIAN_POINT('Ctrl Pts',(-3.77710022357505,32.3349094150837,-0.499999999999999));
#7349=CARTESIAN_POINT('Ctrl Pts',(-5.63605306247631,32.0075757575758,-0.5));
#7350=CARTESIAN_POINT('Ctrl Pts',(-32.1215219659375,5.65611727731904,-0.180136097949942));
#7351=CARTESIAN_POINT('Ctrl Pts',(-32.3524915529081,3.81081340581148,-0.291314814741975));
#7352=CARTESIAN_POINT('Ctrl Pts',(-32.5003764216319,1.91029523780725,-0.128968985849799));
#7353=CARTESIAN_POINT('Ctrl Pts',(-32.4999924080414,0.0169425204143104,
-0.00118447099511675));
#7354=CARTESIAN_POINT('Ctrl Pts',(-32.5,0.00846926731282345,-0.000586771954290528));
#7355=CARTESIAN_POINT('Ctrl Pts',(-32.5,0.,0.));
#7356=CARTESIAN_POINT('Ctrl Pts',(-32.0486327943048,5.6432825896153,-0.269056132064513));
#7357=CARTESIAN_POINT('Ctrl Pts',(-32.3368370475775,3.80204767007391,-0.364862843766784));
#7358=CARTESIAN_POINT('Ctrl Pts',(-32.4996014620596,1.90603082318366,-0.163455219148429));
#7359=CARTESIAN_POINT('Ctrl Pts',(-32.4999938346096,0.0169042738551148,
-0.00149569436393446));
#7360=CARTESIAN_POINT('Ctrl Pts',(-32.5,0.00845020399947371,-0.000741643044227753));
#7361=CARTESIAN_POINT('Ctrl Pts',(-32.5,0.,0.));
#7362=CARTESIAN_POINT('Ctrl Pts',(-32.0075757575758,5.63605306247631,-0.384309321824524));
#7363=CARTESIAN_POINT('Ctrl Pts',(-32.3331177264013,3.79035737990958,-0.432730692059518));
#7364=CARTESIAN_POINT('Ctrl Pts',(-32.4987499969811,1.90211717072846,-0.198603220132822));
#7365=CARTESIAN_POINT('Ctrl Pts',(-32.4999960267057,0.0168649193473873,
-0.00180482878208493));
#7366=CARTESIAN_POINT('Ctrl Pts',(-32.5,0.00843114068612397,-0.000896514134164982));
#7367=CARTESIAN_POINT('Ctrl Pts',(-32.5,0.,0.));
#7368=CARTESIAN_POINT('Ctrl Pts',(-32.0075757575758,5.63605306247631,-0.5));
#7369=CARTESIAN_POINT('Ctrl Pts',(-32.3349094150837,3.77710022357508,-0.499999999999999));
#7370=CARTESIAN_POINT('Ctrl Pts',(-32.4985652448351,1.89838408992308,-0.23381087848158));
#7371=CARTESIAN_POINT('Ctrl Pts',(-32.4999966394777,0.0168249945179009,
-0.00211377382180902));
#7372=CARTESIAN_POINT('Ctrl Pts',(-32.5,0.00841207737277423,-0.00105138522410221));
#7373=CARTESIAN_POINT('Ctrl Pts',(-32.5,0.,0.));
#7374=CARTESIAN_POINT('Ctrl Pts',(-32.0075757575758,5.63605306247631,-0.5));
#7375=CARTESIAN_POINT('Ctrl Pts',(-32.3349094150837,3.77710022357508,-0.499999999999999));
#7376=CARTESIAN_POINT('Ctrl Pts',(-32.4985652448351,1.89838408992308,-0.23381087848158));
#7377=CARTESIAN_POINT('Ctrl Pts',(-32.4999966394777,0.0168249945179009,
-0.00211377382180902));
#7378=CARTESIAN_POINT('Ctrl Pts',(-32.5,0.00841207737277423,-0.00105138522410221));
#7379=CARTESIAN_POINT('Ctrl Pts',(-32.5,0.,0.));
#7380=CARTESIAN_POINT('Origin',(2.22044604925031E-15,-4.44089209850063E-15,
0.));
#7381=CARTESIAN_POINT('',(-26.85,25.,0.));
#7382=CARTESIAN_POINT('Origin',(-25.,25.,0.));
#7383=CARTESIAN_POINT('Origin',(0.,0.,-0.834474939403576));
#7384=CARTESIAN_POINT('',(32.5,-3.9801020972289E-15,-0.834474939403576));
#7385=CARTESIAN_POINT('Origin',(0.,0.,-0.834474939403576));
#7386=CARTESIAN_POINT('Origin',(34.5,-4.22503145705837E-15,-0.834474939403576));
#7387=CARTESIAN_POINT('Origin',(0.,0.,0.));
#7388=CARTESIAN_POINT('',(32.5,-3.9801020972289E-15,0.));
#7389=CARTESIAN_POINT('Origin',(0.,0.,-35.125));
#7390=CARTESIAN_POINT('',(-35.9126193543824,-4.39802743413417E-15,-34.9935649536655));
#7391=CARTESIAN_POINT('Origin',(-35.73,-4.37566301335349E-15,-35.125));
#7392=CARTESIAN_POINT('Origin',(0.,0.,-34.9935649536655));
#7393=CARTESIAN_POINT('Origin',(0.,0.,-35.9));
#7394=CARTESIAN_POINT('',(-37.2173806456176,-4.55781460803043E-15,-36.8064350463346));
#7395=CARTESIAN_POINT('',(-36.565,-4.4779210210823E-15,-35.9));
#7396=CARTESIAN_POINT('Origin',(0.,0.,-36.8064350463346));
#7397=CARTESIAN_POINT('Origin',(0.,0.,-36.675));
#7398=CARTESIAN_POINT('',(-37.4,-4.5801790288111E-15,-36.9));
#7399=CARTESIAN_POINT('Origin',(-37.4,-4.5801790288111E-15,-36.675));
#7400=CARTESIAN_POINT('Origin',(0.,0.,-36.9));
#7401=CARTESIAN_POINT('Origin',(38.7,0.,-36.9));
#7402=CARTESIAN_POINT('',(-38.7,-4.73938311270026E-15,-36.9));
#7403=CARTESIAN_POINT('Origin',(0.,0.,-36.9));
#7404=CARTESIAN_POINT('Origin',(0.,0.,-36.675));
#7405=CARTESIAN_POINT('',(-38.8286683465104,-4.75514044057082E-15,-36.8595791337239));
#7406=CARTESIAN_POINT('Origin',(-38.7,-4.73938311270026E-15,-36.675));
#7407=CARTESIAN_POINT('Origin',(0.,0.,-36.8595791337239));
#7408=CARTESIAN_POINT('Origin',(0.,0.,-36.775));
#7409=CARTESIAN_POINT('',(-39.0713316534896,-4.78485812478707E-15,-36.6904208662761));
#7410=CARTESIAN_POINT('Origin',(0.,0.,-36.6904208662761));
#7411=CARTESIAN_POINT('',(-38.95,-4.76999928267894E-15,-36.775));
#7412=CARTESIAN_POINT('Origin',(0.,0.,-36.875));
#7413=CARTESIAN_POINT('',(-39.2,-4.80061545265762E-15,-36.65));
#7414=CARTESIAN_POINT('Origin',(-39.2,-4.80061545265762E-15,-36.875));
#7415=CARTESIAN_POINT('Origin',(0.,0.,-36.65));
#7416=CARTESIAN_POINT('Origin',(41.,0.,-36.65));
#7417=CARTESIAN_POINT('Origin',(0.,0.,-38.));
#7418=CARTESIAN_POINT('',(-45.45,-5.56601970212472E-15,-38.));
#7419=CARTESIAN_POINT('Origin',(-43.2,-5.29047417231657E-15,-38.));
#7420=CARTESIAN_POINT('Origin',(0.,0.,-38.));
#7421=CARTESIAN_POINT('Origin',(55.,0.,-38.));
#7422=CARTESIAN_POINT('Origin',(0.,0.,-16.));
#7423=CARTESIAN_POINT('',(-3.9801020972289E-15,-32.5,-16.));
#7424=CARTESIAN_POINT('Origin',(2.22044604925031E-15,-4.44089209850063E-15,
0.));
#7425=CARTESIAN_POINT('',(-25.,-26.85,0.));
#7426=CARTESIAN_POINT('Origin',(-25.,-25.,0.));
#7427=CARTESIAN_POINT('Origin',(0.,4.44089209850063E-15,2.5));
#7428=CARTESIAN_POINT('',(-26.85,25.,2.5));
#7429=CARTESIAN_POINT('Origin',(-25.,25.,2.5));
#7430=CARTESIAN_POINT('Origin',(0.,4.44089209850063E-15,2.5));
#7431=CARTESIAN_POINT('',(30.,-30.,2.5));
#7432=CARTESIAN_POINT('',(26.85,-25.,2.5));
#7433=CARTESIAN_POINT('Origin',(25.,-25.,2.5));
#7434=CARTESIAN_POINT('Origin',(0.,4.44089209850063E-15,2.5));
#7435=CARTESIAN_POINT('',(-25.,-26.85,2.5));
#7436=CARTESIAN_POINT('Origin',(-25.,-25.,2.5));
#7437=CARTESIAN_POINT('Origin',(25.,25.,2.5));
#7438=CARTESIAN_POINT('',(25.,26.85,2.5));
#7439=CARTESIAN_POINT('Origin',(25.,-25.,2.5));
#7440=CARTESIAN_POINT('',(26.85,-25.,2.5));
#7441=CARTESIAN_POINT('Origin',(-25.,-25.,2.5));
#7442=CARTESIAN_POINT('',(-25.,-26.85,2.5));
#7443=CARTESIAN_POINT('Origin',(-25.,25.,2.5));
#7444=CARTESIAN_POINT('',(-26.85,25.,2.5));
#7445=CARTESIAN_POINT('Origin',(30.,30.,6.5));
#7446=CARTESIAN_POINT('',(30.,15.,6.5));
#7447=CARTESIAN_POINT('Origin',(32.5,-32.5,0.));
#7448=CARTESIAN_POINT('',(32.5,-32.5,6.5));
#7449=CARTESIAN_POINT('Origin',(0.,-4.44089209850063E-15,6.5));
#7450=UNCERTAINTY_MEASURE_WITH_UNIT(LENGTH_MEASURE(0.01),#7454,
'DISTANCE_ACCURACY_VALUE',
'Maximum model space distance between geometric entities at asserted c
onnectivities');
#7451=UNCERTAINTY_MEASURE_WITH_UNIT(LENGTH_MEASURE(0.01),#7454,
'DISTANCE_ACCURACY_VALUE',
'Maximum model space distance between geometric entities at asserted c
onnectivities');
#7452=(
GEOMETRIC_REPRESENTATION_CONTEXT(3)
GLOBAL_UNCERTAINTY_ASSIGNED_CONTEXT((#7450))
GLOBAL_UNIT_ASSIGNED_CONTEXT((#7454,#7456,#7457))
REPRESENTATION_CONTEXT('','3D')
);
#7453=(
GEOMETRIC_REPRESENTATION_CONTEXT(3)
GLOBAL_UNCERTAINTY_ASSIGNED_CONTEXT((#7451))
GLOBAL_UNIT_ASSIGNED_CONTEXT((#7454,#7456,#7457))
REPRESENTATION_CONTEXT('','3D')
);
#7454=(
LENGTH_UNIT()
NAMED_UNIT(*)
SI_UNIT(.MILLI.,.METRE.)
);
#7455=(
LENGTH_UNIT()
NAMED_UNIT(*)
SI_UNIT(.CENTI.,.METRE.)
);
#7456=(
NAMED_UNIT(*)
PLANE_ANGLE_UNIT()
SI_UNIT($,.RADIAN.)
);
#7457=(
NAMED_UNIT(*)
SI_UNIT($,.STERADIAN.)
SOLID_ANGLE_UNIT()
);
#7458=SHAPE_DEFINITION_REPRESENTATION(#7459,#7460);
#7459=PRODUCT_DEFINITION_SHAPE('',$,#7462);
#7460=SHAPE_REPRESENTATION('',(#2690),#7452);
#7461=PRODUCT_DEFINITION_CONTEXT('part definition',#7466,'design');
#7462=PRODUCT_DEFINITION('fan_adapter','fan_adapter',#7463,#7461);
#7463=PRODUCT_DEFINITION_FORMATION('',$,#7468);
#7464=PRODUCT_RELATED_PRODUCT_CATEGORY('fan_adapter','fan_adapter',(#7468));
#7465=APPLICATION_PROTOCOL_DEFINITION('international standard',
'automotive_design',2009,#7466);
#7466=APPLICATION_CONTEXT(
'Core Data for Automotive Mechanical Design Process');
#7467=PRODUCT_CONTEXT('part definition',#7466,'mechanical');
#7468=PRODUCT('fan_adapter','fan_adapter',$,(#7467));
#7469=PRESENTATION_STYLE_ASSIGNMENT((#7470));
#7470=SURFACE_STYLE_USAGE(.BOTH.,#7473);
#7471=SURFACE_STYLE_RENDERING_WITH_PROPERTIES($,#7477,(#7472));
#7472=SURFACE_STYLE_TRANSPARENT(0.);
#7473=SURFACE_SIDE_STYLE('',(#7474,#7471));
#7474=SURFACE_STYLE_FILL_AREA(#7475);
#7475=FILL_AREA_STYLE('',(#7476));
#7476=FILL_AREA_STYLE_COLOUR('',#7477);
#7477=COLOUR_RGB('',0.749019607843137,0.749019607843137,0.749019607843137);
ENDSEC;
END-ISO-10303-21;
