ISO-10303-21;
HEADER;
/* Generated by software containing ST-Developer
 * from STEP Tools, Inc. (www.steptools.com) 
 */

FILE_DESCRIPTION(
/* description */ (''),
/* implementation_level */ '2;1');

FILE_NAME(
/* name */ 
'HS1-bottom.stp',
/* time_stamp */ '2026-09-15T19:48:17+02:00',
/* author */ (''),
/* organization */ (''),
/* preprocessor_version */ 'ST-DEVELOPER v18.1',
/* originating_system */ 'Autodesk Inventor 2022',
/* authorisation */ '');

FILE_SCHEMA (('AUTOMOTIVE_DESIGN { 1 0 10303 214 3 1 1 }'));
ENDSEC;

DATA;
#10=MECHANICAL_DESIGN_GEOMETRIC_PRESENTATION_REPRESENTATION('',(#18,#19,
#20,#21,#22),#4038);
#11=CONSTRUCTIVE_GEOMETRY_REPRESENTATION_RELATIONSHIP('CGRR','None',#4045,
#12);
#12=CONSTRUCTIVE_GEOMETRY_REPRESENTATION('',(#13),#4037);
#13=GEOMETRIC_CURVE_SET('Sketch14',(#17,#16,#802,#803,#4034));
#14=SHAPE_REPRESENTATION_RELATIONSHIP('SRR','None',#4045,#15);
#15=ADVANCED_BREP_SHAPE_REPRESENTATION('',(#23),#4037);
#16=POLYLINE('',(#4030,#4031));
#17=TRIMMED_CURVE('',#801,(#4028,PARAMETER_VALUE(0.769526480405658)),(#4029,
PARAMETER_VALUE(2.37206617318413)),.T.,.PARAMETER.);
#18=STYLED_ITEM('',(#4054),#23);
#19=STYLED_ITEM('',(#4055),#17);
#20=STYLED_ITEM('',(#4055),#16);
#21=STYLED_ITEM('',(#4056),#802);
#22=STYLED_ITEM('',(#4056),#803);
#23=MANIFOLD_SOLID_BREP('Solid1',#1967);
#24=TOROIDAL_SURFACE('',#2100,35.73,0.225);
#25=TOROIDAL_SURFACE('',#2107,37.4,0.225);
#26=TOROIDAL_SURFACE('',#2112,38.7,0.225);
#27=TOROIDAL_SURFACE('',#2119,39.204,0.225);
#28=TOROIDAL_SURFACE('',#2127,43.2,2.25);
#29=TOROIDAL_SURFACE('',#2145,43.2,2.25);
#30=TOROIDAL_SURFACE('',#2152,39.2,0.225);
#31=TOROIDAL_SURFACE('',#2157,38.7,0.225);
#32=TOROIDAL_SURFACE('',#2162,37.4,0.225);
#33=TOROIDAL_SURFACE('',#2167,35.73,0.225);
#34=ELLIPSE('',#2043,2.79508497187474,1.24999999999999);
#35=ELLIPSE('',#2044,2.79508497187474,1.24999999999999);
#36=ELLIPSE('',#2047,2.79508497187473,1.24999999999999);
#37=ELLIPSE('',#2054,2.79508497187473,1.24999999999999);
#38=ELLIPSE('',#2055,2.79508497187474,1.24999999999999);
#39=ELLIPSE('',#2056,2.79508497187475,1.24999999999999);
#40=ELLIPSE('',#2058,2.79508497187472,1.24999999999999);
#41=ELLIPSE('',#2059,2.79508497187473,1.24999999999999);
#42=B_SPLINE_CURVE_WITH_KNOTS('',3,(#2896,#2897,#2898,#2899,#2900,#2901,
#2902,#2903,#2904,#2905,#2906,#2907),.UNSPECIFIED.,.F.,.F.,(4,2,2,2,2,4),
(0.,0.0489130869094391,0.0976745540746718,0.146328550221618,0.171526139134398,
0.196747012182931),.UNSPECIFIED.);
#43=B_SPLINE_CURVE_WITH_KNOTS('',3,(#2915,#2916,#2917,#2918,#2919,#2920,
#2921,#2922,#2923,#2924,#2925,#2926),.UNSPECIFIED.,.F.,.F.,(4,2,2,2,2,4),
(0.,0.0489130869094249,0.0976745540746597,0.146328550221606,0.171526139134369,
0.196747012182911),.UNSPECIFIED.);
#44=B_SPLINE_CURVE_WITH_KNOTS('',3,(#2930,#2931,#2932,#2933,#2934,#2935,
#2936,#2937,#2938,#2939,#2940,#2941),.UNSPECIFIED.,.F.,.F.,(4,2,2,2,2,4),
(0.,0.0489130869094421,0.0976745540746929,0.146328550221654,0.171526139134436,
0.19674701218297),.UNSPECIFIED.);
#45=B_SPLINE_CURVE_WITH_KNOTS('',3,(#2945,#2946,#2947,#2948,#2949,#2950,
#2951,#2952,#2953,#2954,#2955,#2956),.UNSPECIFIED.,.F.,.F.,(4,2,2,2,2,4),
(0.,0.0489130869094348,0.0976745540746818,0.146328550221636,0.171526139134399,
0.196747012182914),.UNSPECIFIED.);
#46=B_SPLINE_CURVE_WITH_KNOTS('',3,(#3150,#3151,#3152,#3153,#3154),
 .UNSPECIFIED.,.F.,.F.,(4,1,4),(-0.49999574299132,-0.285714285714286,-0.167496689898351),
 .UNSPECIFIED.);
#47=B_SPLINE_CURVE_WITH_KNOTS('',3,(#3156,#3157,#3158,#3159),
 .UNSPECIFIED.,.F.,.F.,(4,4),(-0.167483837466479,0.),.UNSPECIFIED.);
#48=B_SPLINE_CURVE_WITH_KNOTS('',3,(#3161,#3162,#3163,#3164,#3165),
 .UNSPECIFIED.,.F.,.F.,(4,1,4),(-1.,-0.857142857142857,-0.846562999570548),
 .UNSPECIFIED.);
#49=B_SPLINE_CURVE_WITH_KNOTS('',3,(#3167,#3168,#3169,#3170,#3171,#3172),
 .UNSPECIFIED.,.F.,.F.,(4,1,1,4),(-0.846562999570548,-0.571428571428571,
-0.285714285714286,-0.153413729146047),.UNSPECIFIED.);
#50=B_SPLINE_CURVE_WITH_KNOTS('',3,(#3174,#3175,#3176,#3177),
 .UNSPECIFIED.,.F.,.F.,(4,4),(-0.153413729146047,0.),.UNSPECIFIED.);
#51=B_SPLINE_CURVE_WITH_KNOTS('',3,(#3179,#3180,#3181,#3182,#3183),
 .UNSPECIFIED.,.F.,.F.,(4,1,4),(-1.,-0.857142857142857,-0.832498267172033),
 .UNSPECIFIED.);
#52=B_SPLINE_CURVE_WITH_KNOTS('',3,(#3185,#3186,#3187,#3188,#3189),
 .UNSPECIFIED.,.F.,.F.,(4,1,4),(-0.832498267172033,-0.571428571428571,-0.499984664686274),
 .UNSPECIFIED.);
#53=B_SPLINE_CURVE_WITH_KNOTS('',3,(#3194,#3195,#3196,#3197,#3198),
 .UNSPECIFIED.,.F.,.F.,(4,1,4),(-0.500004257009367,-0.285714285714286,-0.167496251882991),
 .UNSPECIFIED.);
#54=B_SPLINE_CURVE_WITH_KNOTS('',3,(#3200,#3201,#3202,#3203),
 .UNSPECIFIED.,.F.,.F.,(4,4),(-0.167479081359043,0.),.UNSPECIFIED.);
#55=B_SPLINE_CURVE_WITH_KNOTS('',3,(#3205,#3206,#3207,#3208,#3209),
 .UNSPECIFIED.,.F.,.F.,(4,1,4),(-1.,-0.857142857142857,-0.846564278332842),
 .UNSPECIFIED.);
#56=B_SPLINE_CURVE_WITH_KNOTS('',3,(#3211,#3212,#3213,#3214,#3215,#3216),
 .UNSPECIFIED.,.F.,.F.,(4,1,1,4),(-0.846564278332842,-0.571428571428571,
-0.285714285714286,-0.153412450905884),.UNSPECIFIED.);
#57=B_SPLINE_CURVE_WITH_KNOTS('',3,(#3218,#3219,#3220,#3221),
 .UNSPECIFIED.,.F.,.F.,(4,4),(-0.153412450905884,0.),.UNSPECIFIED.);
#58=B_SPLINE_CURVE_WITH_KNOTS('',3,(#3223,#3224,#3225,#3226,#3227),
 .UNSPECIFIED.,.F.,.F.,(4,1,4),(-1.,-0.857142857142857,-0.832499471243091),
 .UNSPECIFIED.);
#59=B_SPLINE_CURVE_WITH_KNOTS('',3,(#3228,#3229,#3230,#3231,#3232),
 .UNSPECIFIED.,.F.,.F.,(4,1,4),(-0.832499471243091,-0.571428571428571,-0.49997162550577),
 .UNSPECIFIED.);
#60=B_SPLINE_CURVE_WITH_KNOTS('',3,(#3305,#3306,#3307,#3308,#3309),
 .UNSPECIFIED.,.F.,.F.,(4,1,4),(0.499975882420777,0.571428571428571,0.832498646067566),
 .UNSPECIFIED.);
#61=B_SPLINE_CURVE_WITH_KNOTS('',3,(#3311,#3312,#3313,#3314,#3315),
 .UNSPECIFIED.,.F.,.F.,(4,1,4),(0.832498646067566,0.857142857142857,1.),
 .UNSPECIFIED.);
#62=B_SPLINE_CURVE_WITH_KNOTS('',3,(#3317,#3318,#3319,#3320),
 .UNSPECIFIED.,.F.,.F.,(4,4),(0.,0.153413729147419),.UNSPECIFIED.);
#63=B_SPLINE_CURVE_WITH_KNOTS('',3,(#3322,#3323,#3324,#3325,#3326,#3327),
 .UNSPECIFIED.,.F.,.F.,(4,1,1,4),(0.153413729147419,0.285714285714286,0.571428571428571,
0.846562999569174),.UNSPECIFIED.);
#64=B_SPLINE_CURVE_WITH_KNOTS('',3,(#3329,#3330,#3331,#3332,#3333),
 .UNSPECIFIED.,.F.,.F.,(4,1,4),(0.846562999569174,0.857142857142857,1.),
 .UNSPECIFIED.);
#65=B_SPLINE_CURVE_WITH_KNOTS('',3,(#3335,#3336,#3337,#3338),
 .UNSPECIFIED.,.F.,.F.,(4,4),(0.,0.167479906304749),.UNSPECIFIED.);
#66=B_SPLINE_CURVE_WITH_KNOTS('',3,(#3340,#3341,#3342,#3343,#3344,#3345),
 .UNSPECIFIED.,.F.,.F.,(4,1,1,4),(0.167479906304749,0.285714285714286,0.571428571428571,
0.832499092325522),.UNSPECIFIED.);
#67=B_SPLINE_CURVE_WITH_KNOTS('',3,(#3347,#3348,#3349,#3350,#3351),
 .UNSPECIFIED.,.F.,.F.,(4,1,4),(0.832499092325521,0.857142857142857,1.),
 .UNSPECIFIED.);
#68=B_SPLINE_CURVE_WITH_KNOTS('',3,(#3353,#3354,#3355,#3356),
 .UNSPECIFIED.,.F.,.F.,(4,4),(0.,0.153412450907256),.UNSPECIFIED.);
#69=B_SPLINE_CURVE_WITH_KNOTS('',3,(#3358,#3359,#3360,#3361,#3362,#3363),
 .UNSPECIFIED.,.F.,.F.,(4,1,1,4),(0.153412450907256,0.285714285714286,0.571428571428571,
0.846564278331469),.UNSPECIFIED.);
#70=B_SPLINE_CURVE_WITH_KNOTS('',3,(#3365,#3366,#3367,#3368,#3369),
 .UNSPECIFIED.,.F.,.F.,(4,1,4),(0.846564278331469,0.857142857142857,1.),
 .UNSPECIFIED.);
#71=B_SPLINE_CURVE_WITH_KNOTS('',3,(#3371,#3372,#3373,#3374),
 .UNSPECIFIED.,.F.,.F.,(4,4),(0.,0.167483399509959),.UNSPECIFIED.);
#72=B_SPLINE_CURVE_WITH_KNOTS('',3,(#3375,#3376,#3377,#3378,#3379),
 .UNSPECIFIED.,.F.,.F.,(4,1,4),(0.167496251887191,0.285714285714286,0.5),
 .UNSPECIFIED.);
#73=B_SPLINE_CURVE_WITH_KNOTS('',3,(#3594,#3595,#3596,#3597,#3598,#3599,
#3600),.UNSPECIFIED.,.F.,.F.,(4,1,1,1,4),(0.,0.285714285714286,0.571428571428571,
0.857142857142857,1.),.UNSPECIFIED.);
#74=B_SPLINE_CURVE_WITH_KNOTS('',3,(#3632,#3633,#3634,#3635,#3636,#3637,
#3638),.UNSPECIFIED.,.F.,.F.,(4,1,1,1,4),(0.,0.285714285714286,0.571428571428571,
0.857142857142857,1.),.UNSPECIFIED.);
#75=B_SPLINE_CURVE_WITH_KNOTS('',3,(#3669,#3670,#3671,#3672,#3673,#3674,
#3675),.UNSPECIFIED.,.F.,.F.,(4,1,1,1,4),(0.,0.285714285714286,0.571428571428571,
0.857142857142857,1.),.UNSPECIFIED.);
#76=B_SPLINE_CURVE_WITH_KNOTS('',3,(#3704,#3705,#3706,#3707,#3708,#3709,
#3710),.UNSPECIFIED.,.F.,.F.,(4,1,1,1,4),(0.,0.285714285714286,0.571428571428571,
0.857142857142857,1.),.UNSPECIFIED.);
#77=B_SPLINE_CURVE_WITH_KNOTS('',3,(#3888,#3889,#3890,#3891,#3892,#3893,
#3894),.UNSPECIFIED.,.F.,.F.,(4,1,1,1,4),(0.,0.285714285714286,0.571428571428571,
0.857142857142857,1.),.UNSPECIFIED.);
#78=B_SPLINE_CURVE_WITH_KNOTS('',3,(#3926,#3927,#3928,#3929,#3930,#3931,
#3932),.UNSPECIFIED.,.F.,.F.,(4,1,1,1,4),(0.,0.285714285714286,0.571428571428571,
0.857142857142857,1.),.UNSPECIFIED.);
#79=B_SPLINE_CURVE_WITH_KNOTS('',3,(#3963,#3964,#3965,#3966,#3967,#3968,
#3969),.UNSPECIFIED.,.F.,.F.,(4,1,1,1,4),(0.,0.285714285714286,0.571428571428571,
0.857142857142857,1.),.UNSPECIFIED.);
#80=B_SPLINE_CURVE_WITH_KNOTS('',3,(#3998,#3999,#4000,#4001,#4002,#4003,
#4004),.UNSPECIFIED.,.F.,.F.,(4,1,1,1,4),(0.,0.285714285714286,0.571428571428571,
0.857142857142857,1.),.UNSPECIFIED.);
#81=B_SPLINE_SURFACE_WITH_KNOTS('',3,3,((#2864,#2865,#2866,#2867,#2868,
#2869),(#2870,#2871,#2872,#2873,#2874,#2875),(#2876,#2877,#2878,#2879,#2880,
#2881),(#2882,#2883,#2884,#2885,#2886,#2887),(#2888,#2889,#2890,#2891,#2892,
#2893)),.UNSPECIFIED.,.F.,.F.,.F.,(4,1,4),(4,1,1,4),(0.,0.571428571428571,
1.),(-1.5707963267949,-0.914745332891648,-0.477378003622816,-0.0400106743539843),
 .UNSPECIFIED.);
#82=B_SPLINE_SURFACE_WITH_KNOTS('',3,3,((#2979,#2980,#2981,#2982,#2983,
#2984),(#2985,#2986,#2987,#2988,#2989,#2990),(#2991,#2992,#2993,#2994,#2995,
#2996),(#2997,#2998,#2999,#3000,#3001,#3002),(#3003,#3004,#3005,#3006,#3007,
#3008)),.UNSPECIFIED.,.F.,.F.,.F.,(4,1,4),(4,1,1,4),(0.,0.571428571428571,
1.),(-1.5707963267949,-0.91474533289165,-0.477378003622819,-0.0400106743539883),
 .UNSPECIFIED.);
#83=B_SPLINE_SURFACE_WITH_KNOTS('',3,3,((#3010,#3011,#3012,#3013,#3014,
#3015),(#3016,#3017,#3018,#3019,#3020,#3021),(#3022,#3023,#3024,#3025,#3026,
#3027),(#3028,#3029,#3030,#3031,#3032,#3033),(#3034,#3035,#3036,#3037,#3038,
#3039)),.UNSPECIFIED.,.F.,.F.,.F.,(4,1,4),(4,1,1,4),(0.,0.571428571428571,
1.),(-1.57079632679489,-0.914745332891647,-0.477378003622817,-0.0400106743539874),
 .UNSPECIFIED.);
#84=B_SPLINE_SURFACE_WITH_KNOTS('',3,3,((#3047,#3048,#3049,#3050,#3051,
#3052),(#3053,#3054,#3055,#3056,#3057,#3058),(#3059,#3060,#3061,#3062,#3063,
#3064),(#3065,#3066,#3067,#3068,#3069,#3070),(#3071,#3072,#3073,#3074,#3075,
#3076)),.UNSPECIFIED.,.F.,.F.,.F.,(4,1,4),(4,1,1,4),(0.,0.571428571428571,
1.),(-1.5707963267949,-0.914745332891648,-0.477378003622816,-0.0400106743539839),
 .UNSPECIFIED.);
#85=B_SPLINE_SURFACE_WITH_KNOTS('',3,3,((#3423,#3424,#3425,#3426),(#3427,
#3428,#3429,#3430),(#3431,#3432,#3433,#3434),(#3435,#3436,#3437,#3438),
(#3439,#3440,#3441,#3442),(#3443,#3444,#3445,#3446),(#3447,#3448,#3449,
#3450)),.UNSPECIFIED.,.F.,.F.,.F.,(4,1,1,1,4),(4,4),(0.,0.285714285714286,
0.571428571428571,0.857142857142857,1.),(0.,1.),.UNSPECIFIED.);
#86=B_SPLINE_SURFACE_WITH_KNOTS('',3,3,((#3460,#3461,#3462,#3463),(#3464,
#3465,#3466,#3467),(#3468,#3469,#3470,#3471),(#3472,#3473,#3474,#3475),
(#3476,#3477,#3478,#3479),(#3480,#3481,#3482,#3483),(#3484,#3485,#3486,
#3487)),.UNSPECIFIED.,.F.,.F.,.F.,(4,1,1,1,4),(4,4),(0.,0.285714285714286,
0.571428571428571,0.857142857142857,1.),(0.,1.),.UNSPECIFIED.);
#87=B_SPLINE_SURFACE_WITH_KNOTS('',3,3,((#3495,#3496,#3497,#3498),(#3499,
#3500,#3501,#3502),(#3503,#3504,#3505,#3506),(#3507,#3508,#3509,#3510),
(#3511,#3512,#3513,#3514),(#3515,#3516,#3517,#3518),(#3519,#3520,#3521,
#3522)),.UNSPECIFIED.,.F.,.F.,.F.,(4,1,1,1,4),(4,4),(0.,0.285714285714286,
0.571428571428571,0.857142857142857,1.),(0.,1.),.UNSPECIFIED.);
#88=B_SPLINE_SURFACE_WITH_KNOTS('',3,3,((#3530,#3531,#3532,#3533),(#3534,
#3535,#3536,#3537),(#3538,#3539,#3540,#3541),(#3542,#3543,#3544,#3545),
(#3546,#3547,#3548,#3549),(#3550,#3551,#3552,#3553),(#3554,#3555,#3556,
#3557)),.UNSPECIFIED.,.F.,.F.,.F.,(4,1,1,1,4),(4,4),(0.,0.285714285714286,
0.571428571428571,0.857142857142857,1.),(0.,1.),.UNSPECIFIED.);
#89=B_SPLINE_SURFACE_WITH_KNOTS('',3,3,((#3563,#3564,#3565,#3566),(#3567,
#3568,#3569,#3570),(#3571,#3572,#3573,#3574),(#3575,#3576,#3577,#3578),
(#3579,#3580,#3581,#3582),(#3583,#3584,#3585,#3586),(#3587,#3588,#3589,
#3590)),.UNSPECIFIED.,.F.,.F.,.F.,(4,1,1,1,4),(4,4),(0.,0.285714285714286,
0.571428571428571,0.857142857142857,1.),(0.,1.),.UNSPECIFIED.);
#90=B_SPLINE_SURFACE_WITH_KNOTS('',3,3,((#3602,#3603,#3604,#3605),(#3606,
#3607,#3608,#3609),(#3610,#3611,#3612,#3613),(#3614,#3615,#3616,#3617),
(#3618,#3619,#3620,#3621),(#3622,#3623,#3624,#3625),(#3626,#3627,#3628,
#3629)),.UNSPECIFIED.,.F.,.F.,.F.,(4,1,1,1,4),(4,4),(0.,0.285714285714286,
0.571428571428571,0.857142857142857,1.),(0.,1.),.UNSPECIFIED.);
#91=B_SPLINE_SURFACE_WITH_KNOTS('',3,3,((#3639,#3640,#3641,#3642),(#3643,
#3644,#3645,#3646),(#3647,#3648,#3649,#3650),(#3651,#3652,#3653,#3654),
(#3655,#3656,#3657,#3658),(#3659,#3660,#3661,#3662),(#3663,#3664,#3665,
#3666)),.UNSPECIFIED.,.F.,.F.,.F.,(4,1,1,1,4),(4,4),(0.,0.285714285714286,
0.571428571428571,0.857142857142857,1.),(0.,1.),.UNSPECIFIED.);
#92=B_SPLINE_SURFACE_WITH_KNOTS('',3,3,((#3676,#3677,#3678,#3679),(#3680,
#3681,#3682,#3683),(#3684,#3685,#3686,#3687),(#3688,#3689,#3690,#3691),
(#3692,#3693,#3694,#3695),(#3696,#3697,#3698,#3699),(#3700,#3701,#3702,
#3703)),.UNSPECIFIED.,.F.,.F.,.F.,(4,1,1,1,4),(4,4),(0.,0.285714285714286,
0.571428571428571,0.857142857142857,1.),(0.,1.),.UNSPECIFIED.);
#93=B_SPLINE_SURFACE_WITH_KNOTS('',3,3,((#3717,#3718,#3719,#3720),(#3721,
#3722,#3723,#3724),(#3725,#3726,#3727,#3728),(#3729,#3730,#3731,#3732),
(#3733,#3734,#3735,#3736),(#3737,#3738,#3739,#3740),(#3741,#3742,#3743,
#3744)),.UNSPECIFIED.,.F.,.F.,.F.,(4,1,1,1,4),(4,4),(0.,0.285714285714286,
0.571428571428571,0.857142857142857,1.),(0.,1.),.UNSPECIFIED.);
#94=B_SPLINE_SURFACE_WITH_KNOTS('',3,3,((#3754,#3755,#3756,#3757),(#3758,
#3759,#3760,#3761),(#3762,#3763,#3764,#3765),(#3766,#3767,#3768,#3769),
(#3770,#3771,#3772,#3773),(#3774,#3775,#3776,#3777),(#3778,#3779,#3780,
#3781)),.UNSPECIFIED.,.F.,.F.,.F.,(4,1,1,1,4),(4,4),(0.,0.285714285714286,
0.571428571428571,0.857142857142857,1.),(0.,1.),.UNSPECIFIED.);
#95=B_SPLINE_SURFACE_WITH_KNOTS('',3,3,((#3789,#3790,#3791,#3792),(#3793,
#3794,#3795,#3796),(#3797,#3798,#3799,#3800),(#3801,#3802,#3803,#3804),
(#3805,#3806,#3807,#3808),(#3809,#3810,#3811,#3812),(#3813,#3814,#3815,
#3816)),.UNSPECIFIED.,.F.,.F.,.F.,(4,1,1,1,4),(4,4),(0.,0.285714285714286,
0.571428571428571,0.857142857142857,1.),(0.,1.),.UNSPECIFIED.);
#96=B_SPLINE_SURFACE_WITH_KNOTS('',3,3,((#3824,#3825,#3826,#3827),(#3828,
#3829,#3830,#3831),(#3832,#3833,#3834,#3835),(#3836,#3837,#3838,#3839),
(#3840,#3841,#3842,#3843),(#3844,#3845,#3846,#3847),(#3848,#3849,#3850,
#3851)),.UNSPECIFIED.,.F.,.F.,.F.,(4,1,1,1,4),(4,4),(0.,0.285714285714286,
0.571428571428571,0.857142857142857,1.),(0.,1.),.UNSPECIFIED.);
#97=B_SPLINE_SURFACE_WITH_KNOTS('',3,3,((#3857,#3858,#3859,#3860),(#3861,
#3862,#3863,#3864),(#3865,#3866,#3867,#3868),(#3869,#3870,#3871,#3872),
(#3873,#3874,#3875,#3876),(#3877,#3878,#3879,#3880),(#3881,#3882,#3883,
#3884)),.UNSPECIFIED.,.F.,.F.,.F.,(4,1,1,1,4),(4,4),(0.,0.285714285714286,
0.571428571428571,0.857142857142857,1.),(0.,1.),.UNSPECIFIED.);
#98=B_SPLINE_SURFACE_WITH_KNOTS('',3,3,((#3896,#3897,#3898,#3899),(#3900,
#3901,#3902,#3903),(#3904,#3905,#3906,#3907),(#3908,#3909,#3910,#3911),
(#3912,#3913,#3914,#3915),(#3916,#3917,#3918,#3919),(#3920,#3921,#3922,
#3923)),.UNSPECIFIED.,.F.,.F.,.F.,(4,1,1,1,4),(4,4),(0.,0.285714285714286,
0.571428571428571,0.857142857142857,1.),(0.,1.),.UNSPECIFIED.);
#99=B_SPLINE_SURFACE_WITH_KNOTS('',3,3,((#3933,#3934,#3935,#3936),(#3937,
#3938,#3939,#3940),(#3941,#3942,#3943,#3944),(#3945,#3946,#3947,#3948),
(#3949,#3950,#3951,#3952),(#3953,#3954,#3955,#3956),(#3957,#3958,#3959,
#3960)),.UNSPECIFIED.,.F.,.F.,.F.,(4,1,1,1,4),(4,4),(0.,0.285714285714286,
0.571428571428571,0.857142857142857,1.),(0.,1.),.UNSPECIFIED.);
#100=B_SPLINE_SURFACE_WITH_KNOTS('',3,3,((#3970,#3971,#3972,#3973),(#3974,
#3975,#3976,#3977),(#3978,#3979,#3980,#3981),(#3982,#3983,#3984,#3985),
(#3986,#3987,#3988,#3989),(#3990,#3991,#3992,#3993),(#3994,#3995,#3996,
#3997)),.UNSPECIFIED.,.F.,.F.,.F.,(4,1,1,1,4),(4,4),(0.,0.285714285714286,
0.571428571428571,0.857142857142857,1.),(0.,1.),.UNSPECIFIED.);
#101=SPHERICAL_SURFACE('',#2033,1.25);
#102=SPHERICAL_SURFACE('',#2038,1.25);
#103=SPHERICAL_SURFACE('',#2048,1.25);
#104=SPHERICAL_SURFACE('',#2061,1.25);
#105=CONICAL_SURFACE('',#2018,1.53069497880595,0.559500028926454);
#106=CONICAL_SURFACE('',#2022,1.53069497880595,0.559500028926454);
#107=CONICAL_SURFACE('',#2026,1.53069497880595,0.559500028926454);
#108=CONICAL_SURFACE('',#2030,1.53069497880595,0.559500028926454);
#109=CONICAL_SURFACE('',#2104,36.565,0.623839506195126);
#110=CONICAL_SURFACE('',#2116,38.952,0.969630225104157);
#111=CONICAL_SURFACE('',#2155,38.95,0.9620257686479);
#112=CONICAL_SURFACE('',#2165,36.565,0.623839506195114);
#113=FACE_BOUND('',#293,.T.);
#114=FACE_BOUND('',#298,.T.);
#115=FACE_BOUND('',#302,.T.);
#116=FACE_BOUND('',#307,.T.);
#117=FACE_BOUND('',#321,.T.);
#118=FACE_BOUND('',#322,.T.);
#119=FACE_BOUND('',#323,.T.);
#120=FACE_BOUND('',#324,.T.);
#121=FACE_BOUND('',#325,.T.);
#122=FACE_BOUND('',#328,.T.);
#123=FACE_BOUND('',#341,.T.);
#124=FACE_BOUND('',#351,.T.);
#125=FACE_BOUND('',#352,.T.);
#126=FACE_BOUND('',#353,.T.);
#127=FACE_BOUND('',#354,.T.);
#128=FACE_BOUND('',#355,.T.);
#129=FACE_BOUND('',#359,.T.);
#130=FACE_BOUND('',#364,.T.);
#131=FACE_BOUND('',#369,.T.);
#132=FACE_BOUND('',#373,.T.);
#133=FACE_BOUND('',#374,.T.);
#134=FACE_BOUND('',#375,.T.);
#135=FACE_BOUND('',#376,.T.);
#136=FACE_BOUND('',#377,.T.);
#137=FACE_BOUND('',#379,.T.);
#138=FACE_BOUND('',#380,.T.);
#139=FACE_BOUND('',#381,.T.);
#140=FACE_BOUND('',#382,.T.);
#141=FACE_BOUND('',#383,.T.);
#142=FACE_BOUND('',#385,.T.);
#143=FACE_BOUND('',#389,.T.);
#144=FACE_BOUND('',#390,.T.);
#145=FACE_BOUND('',#391,.T.);
#146=FACE_BOUND('',#392,.T.);
#147=FACE_BOUND('',#393,.T.);
#148=FACE_BOUND('',#397,.T.);
#149=FACE_BOUND('',#402,.T.);
#150=FACE_BOUND('',#429,.T.);
#151=FACE_BOUND('',#431,.T.);
#152=PLANE('',#1993);
#153=PLANE('',#1994);
#154=PLANE('',#2001);
#155=PLANE('',#2008);
#156=PLANE('',#2009);
#157=PLANE('',#2016);
#158=PLANE('',#2017);
#159=PLANE('',#2021);
#160=PLANE('',#2025);
#161=PLANE('',#2029);
#162=PLANE('',#2042);
#163=PLANE('',#2045);
#164=PLANE('',#2063);
#165=PLANE('',#2088);
#166=PLANE('',#2098);
#167=PLANE('',#2110);
#168=PLANE('',#2122);
#169=PLANE('',#2130);
#170=PLANE('',#2131);
#171=PLANE('',#2137);
#172=PLANE('',#2143);
#173=PLANE('',#2150);
#174=PLANE('',#2160);
#175=PLANE('',#2169);
#176=PLANE('',#2170);
#177=PLANE('',#2171);
#178=PLANE('',#2172);
#179=PLANE('',#2173);
#180=PLANE('',#2174);
#181=PLANE('',#2175);
#182=PLANE('',#2176);
#183=PLANE('',#2177);
#184=PLANE('',#2178);
#185=FACE_OUTER_BOUND('',#290,.T.);
#186=FACE_OUTER_BOUND('',#291,.T.);
#187=FACE_OUTER_BOUND('',#292,.T.);
#188=FACE_OUTER_BOUND('',#294,.T.);
#189=FACE_OUTER_BOUND('',#295,.T.);
#190=FACE_OUTER_BOUND('',#296,.T.);
#191=FACE_OUTER_BOUND('',#297,.T.);
#192=FACE_OUTER_BOUND('',#299,.T.);
#193=FACE_OUTER_BOUND('',#300,.T.);
#194=FACE_OUTER_BOUND('',#301,.T.);
#195=FACE_OUTER_BOUND('',#303,.T.);
#196=FACE_OUTER_BOUND('',#304,.T.);
#197=FACE_OUTER_BOUND('',#305,.T.);
#198=FACE_OUTER_BOUND('',#306,.T.);
#199=FACE_OUTER_BOUND('',#308,.T.);
#200=FACE_OUTER_BOUND('',#309,.T.);
#201=FACE_OUTER_BOUND('',#310,.T.);
#202=FACE_OUTER_BOUND('',#311,.T.);
#203=FACE_OUTER_BOUND('',#312,.T.);
#204=FACE_OUTER_BOUND('',#313,.T.);
#205=FACE_OUTER_BOUND('',#314,.T.);
#206=FACE_OUTER_BOUND('',#315,.T.);
#207=FACE_OUTER_BOUND('',#316,.T.);
#208=FACE_OUTER_BOUND('',#317,.T.);
#209=FACE_OUTER_BOUND('',#318,.T.);
#210=FACE_OUTER_BOUND('',#319,.T.);
#211=FACE_OUTER_BOUND('',#320,.T.);
#212=FACE_OUTER_BOUND('',#326,.T.);
#213=FACE_OUTER_BOUND('',#327,.T.);
#214=FACE_OUTER_BOUND('',#329,.T.);
#215=FACE_OUTER_BOUND('',#330,.T.);
#216=FACE_OUTER_BOUND('',#331,.T.);
#217=FACE_OUTER_BOUND('',#332,.T.);
#218=FACE_OUTER_BOUND('',#333,.T.);
#219=FACE_OUTER_BOUND('',#334,.T.);
#220=FACE_OUTER_BOUND('',#335,.T.);
#221=FACE_OUTER_BOUND('',#336,.T.);
#222=FACE_OUTER_BOUND('',#337,.T.);
#223=FACE_OUTER_BOUND('',#338,.T.);
#224=FACE_OUTER_BOUND('',#339,.T.);
#225=FACE_OUTER_BOUND('',#340,.T.);
#226=FACE_OUTER_BOUND('',#342,.T.);
#227=FACE_OUTER_BOUND('',#343,.T.);
#228=FACE_OUTER_BOUND('',#344,.T.);
#229=FACE_OUTER_BOUND('',#345,.T.);
#230=FACE_OUTER_BOUND('',#346,.T.);
#231=FACE_OUTER_BOUND('',#347,.T.);
#232=FACE_OUTER_BOUND('',#348,.T.);
#233=FACE_OUTER_BOUND('',#349,.T.);
#234=FACE_OUTER_BOUND('',#350,.T.);
#235=FACE_OUTER_BOUND('',#356,.T.);
#236=FACE_OUTER_BOUND('',#357,.T.);
#237=FACE_OUTER_BOUND('',#358,.T.);
#238=FACE_OUTER_BOUND('',#360,.T.);
#239=FACE_OUTER_BOUND('',#361,.T.);
#240=FACE_OUTER_BOUND('',#362,.T.);
#241=FACE_OUTER_BOUND('',#363,.T.);
#242=FACE_OUTER_BOUND('',#365,.T.);
#243=FACE_OUTER_BOUND('',#366,.T.);
#244=FACE_OUTER_BOUND('',#367,.T.);
#245=FACE_OUTER_BOUND('',#368,.T.);
#246=FACE_OUTER_BOUND('',#370,.T.);
#247=FACE_OUTER_BOUND('',#371,.T.);
#248=FACE_OUTER_BOUND('',#372,.T.);
#249=FACE_OUTER_BOUND('',#378,.T.);
#250=FACE_OUTER_BOUND('',#384,.T.);
#251=FACE_OUTER_BOUND('',#386,.T.);
#252=FACE_OUTER_BOUND('',#387,.T.);
#253=FACE_OUTER_BOUND('',#388,.T.);
#254=FACE_OUTER_BOUND('',#394,.T.);
#255=FACE_OUTER_BOUND('',#395,.T.);
#256=FACE_OUTER_BOUND('',#396,.T.);
#257=FACE_OUTER_BOUND('',#398,.T.);
#258=FACE_OUTER_BOUND('',#399,.T.);
#259=FACE_OUTER_BOUND('',#400,.T.);
#260=FACE_OUTER_BOUND('',#401,.T.);
#261=FACE_OUTER_BOUND('',#403,.T.);
#262=FACE_OUTER_BOUND('',#404,.T.);
#263=FACE_OUTER_BOUND('',#405,.T.);
#264=FACE_OUTER_BOUND('',#406,.T.);
#265=FACE_OUTER_BOUND('',#407,.T.);
#266=FACE_OUTER_BOUND('',#408,.T.);
#267=FACE_OUTER_BOUND('',#409,.T.);
#268=FACE_OUTER_BOUND('',#410,.T.);
#269=FACE_OUTER_BOUND('',#411,.T.);
#270=FACE_OUTER_BOUND('',#412,.T.);
#271=FACE_OUTER_BOUND('',#413,.T.);
#272=FACE_OUTER_BOUND('',#414,.T.);
#273=FACE_OUTER_BOUND('',#415,.T.);
#274=FACE_OUTER_BOUND('',#416,.T.);
#275=FACE_OUTER_BOUND('',#417,.T.);
#276=FACE_OUTER_BOUND('',#418,.T.);
#277=FACE_OUTER_BOUND('',#419,.T.);
#278=FACE_OUTER_BOUND('',#420,.T.);
#279=FACE_OUTER_BOUND('',#421,.T.);
#280=FACE_OUTER_BOUND('',#422,.T.);
#281=FACE_OUTER_BOUND('',#423,.T.);
#282=FACE_OUTER_BOUND('',#424,.T.);
#283=FACE_OUTER_BOUND('',#425,.T.);
#284=FACE_OUTER_BOUND('',#426,.T.);
#285=FACE_OUTER_BOUND('',#427,.T.);
#286=FACE_OUTER_BOUND('',#428,.T.);
#287=FACE_OUTER_BOUND('',#430,.T.);
#288=FACE_OUTER_BOUND('',#432,.T.);
#289=FACE_OUTER_BOUND('',#433,.T.);
#290=EDGE_LOOP('',(#1272,#1273,#1274,#1275));
#291=EDGE_LOOP('',(#1276,#1277,#1278,#1279));
#292=EDGE_LOOP('',(#1280,#1281));
#293=EDGE_LOOP('',(#1282));
#294=EDGE_LOOP('',(#1283,#1284,#1285,#1286,#1287,#1288,#1289,#1290,#1291,
#1292,#1293,#1294));
#295=EDGE_LOOP('',(#1295,#1296,#1297,#1298));
#296=EDGE_LOOP('',(#1299,#1300,#1301,#1302));
#297=EDGE_LOOP('',(#1303,#1304));
#298=EDGE_LOOP('',(#1305));
#299=EDGE_LOOP('',(#1306,#1307,#1308,#1309));
#300=EDGE_LOOP('',(#1310,#1311,#1312,#1313));
#301=EDGE_LOOP('',(#1314,#1315));
#302=EDGE_LOOP('',(#1316));
#303=EDGE_LOOP('',(#1317,#1318,#1319,#1320,#1321,#1322,#1323,#1324,#1325,
#1326,#1327,#1328));
#304=EDGE_LOOP('',(#1329,#1330,#1331,#1332));
#305=EDGE_LOOP('',(#1333,#1334,#1335,#1336));
#306=EDGE_LOOP('',(#1337,#1338));
#307=EDGE_LOOP('',(#1339));
#308=EDGE_LOOP('',(#1340,#1341,#1342,#1343));
#309=EDGE_LOOP('',(#1344,#1345,#1346,#1347));
#310=EDGE_LOOP('',(#1348,#1349,#1350,#1351));
#311=EDGE_LOOP('',(#1352,#1353,#1354,#1355));
#312=EDGE_LOOP('',(#1356,#1357,#1358,#1359));
#313=EDGE_LOOP('',(#1360,#1361,#1362,#1363));
#314=EDGE_LOOP('',(#1364,#1365,#1366,#1367));
#315=EDGE_LOOP('',(#1368,#1369,#1370,#1371));
#316=EDGE_LOOP('',(#1372,#1373,#1374));
#317=EDGE_LOOP('',(#1375,#1376,#1377,#1378));
#318=EDGE_LOOP('',(#1379,#1380,#1381));
#319=EDGE_LOOP('',(#1382,#1383,#1384,#1385));
#320=EDGE_LOOP('',(#1386,#1387,#1388,#1389,#1390,#1391,#1392,#1393,#1394,
#1395,#1396,#1397));
#321=EDGE_LOOP('',(#1398));
#322=EDGE_LOOP('',(#1399));
#323=EDGE_LOOP('',(#1400));
#324=EDGE_LOOP('',(#1401));
#325=EDGE_LOOP('',(#1402,#1403,#1404,#1405,#1406,#1407,#1408,#1409));
#326=EDGE_LOOP('',(#1410,#1411,#1412));
#327=EDGE_LOOP('',(#1413,#1414,#1415,#1416,#1417,#1418,#1419,#1420));
#328=EDGE_LOOP('',(#1421,#1422,#1423,#1424));
#329=EDGE_LOOP('',(#1425,#1426,#1427,#1428));
#330=EDGE_LOOP('',(#1429,#1430,#1431));
#331=EDGE_LOOP('',(#1432,#1433,#1434,#1435));
#332=EDGE_LOOP('',(#1436,#1437,#1438,#1439));
#333=EDGE_LOOP('',(#1440,#1441,#1442));
#334=EDGE_LOOP('',(#1443,#1444,#1445));
#335=EDGE_LOOP('',(#1446,#1447,#1448,#1449));
#336=EDGE_LOOP('',(#1450,#1451,#1452));
#337=EDGE_LOOP('',(#1453,#1454,#1455,#1456));
#338=EDGE_LOOP('',(#1457,#1458,#1459));
#339=EDGE_LOOP('',(#1460,#1461,#1462,#1463));
#340=EDGE_LOOP('',(#1464,#1465,#1466,#1467));
#341=EDGE_LOOP('',(#1468,#1469,#1470,#1471));
#342=EDGE_LOOP('',(#1472,#1473,#1474,#1475));
#343=EDGE_LOOP('',(#1476,#1477,#1478,#1479));
#344=EDGE_LOOP('',(#1480,#1481,#1482,#1483));
#345=EDGE_LOOP('',(#1484,#1485,#1486,#1487));
#346=EDGE_LOOP('',(#1488,#1489,#1490,#1491));
#347=EDGE_LOOP('',(#1492,#1493,#1494,#1495));
#348=EDGE_LOOP('',(#1496,#1497,#1498,#1499));
#349=EDGE_LOOP('',(#1500,#1501,#1502,#1503));
#350=EDGE_LOOP('',(#1504));
#351=EDGE_LOOP('',(#1505));
#352=EDGE_LOOP('',(#1506));
#353=EDGE_LOOP('',(#1507));
#354=EDGE_LOOP('',(#1508));
#355=EDGE_LOOP('',(#1509,#1510,#1511,#1512));
#356=EDGE_LOOP('',(#1513,#1514,#1515,#1516));
#357=EDGE_LOOP('',(#1517,#1518,#1519,#1520,#1521,#1522,#1523,#1524,#1525,
#1526,#1527,#1528,#1529,#1530,#1531,#1532,#1533));
#358=EDGE_LOOP('',(#1534));
#359=EDGE_LOOP('',(#1535));
#360=EDGE_LOOP('',(#1536,#1537,#1538,#1539,#1540));
#361=EDGE_LOOP('',(#1541,#1542,#1543,#1544,#1545,#1546));
#362=EDGE_LOOP('',(#1547,#1548,#1549,#1550,#1551));
#363=EDGE_LOOP('',(#1552));
#364=EDGE_LOOP('',(#1553));
#365=EDGE_LOOP('',(#1554,#1555,#1556,#1557,#1558));
#366=EDGE_LOOP('',(#1559,#1560,#1561,#1562,#1563,#1564));
#367=EDGE_LOOP('',(#1565,#1566,#1567,#1568,#1569));
#368=EDGE_LOOP('',(#1570));
#369=EDGE_LOOP('',(#1571));
#370=EDGE_LOOP('',(#1572,#1573,#1574,#1575,#1576));
#371=EDGE_LOOP('',(#1577,#1578,#1579,#1580,#1581));
#372=EDGE_LOOP('',(#1582));
#373=EDGE_LOOP('',(#1583));
#374=EDGE_LOOP('',(#1584));
#375=EDGE_LOOP('',(#1585));
#376=EDGE_LOOP('',(#1586));
#377=EDGE_LOOP('',(#1587));
#378=EDGE_LOOP('',(#1588));
#379=EDGE_LOOP('',(#1589));
#380=EDGE_LOOP('',(#1590));
#381=EDGE_LOOP('',(#1591));
#382=EDGE_LOOP('',(#1592));
#383=EDGE_LOOP('',(#1593,#1594,#1595,#1596));
#384=EDGE_LOOP('',(#1597));
#385=EDGE_LOOP('',(#1598));
#386=EDGE_LOOP('',(#1599,#1600,#1601,#1602,#1603,#1604,#1605,#1606,#1607,
#1608,#1609,#1610,#1611,#1612,#1613,#1614));
#387=EDGE_LOOP('',(#1615,#1616,#1617,#1618));
#388=EDGE_LOOP('',(#1619));
#389=EDGE_LOOP('',(#1620));
#390=EDGE_LOOP('',(#1621));
#391=EDGE_LOOP('',(#1622));
#392=EDGE_LOOP('',(#1623));
#393=EDGE_LOOP('',(#1624));
#394=EDGE_LOOP('',(#1625,#1626,#1627,#1628));
#395=EDGE_LOOP('',(#1629,#1630,#1631,#1632));
#396=EDGE_LOOP('',(#1633));
#397=EDGE_LOOP('',(#1634));
#398=EDGE_LOOP('',(#1635,#1636,#1637,#1638));
#399=EDGE_LOOP('',(#1639,#1640,#1641,#1642));
#400=EDGE_LOOP('',(#1643,#1644,#1645,#1646));
#401=EDGE_LOOP('',(#1647));
#402=EDGE_LOOP('',(#1648));
#403=EDGE_LOOP('',(#1649,#1650,#1651,#1652));
#404=EDGE_LOOP('',(#1653,#1654,#1655,#1656));
#405=EDGE_LOOP('',(#1657,#1658,#1659,#1660));
#406=EDGE_LOOP('',(#1661,#1662,#1663,#1664,#1665,#1666,#1667,#1668));
#407=EDGE_LOOP('',(#1669,#1670,#1671,#1672,#1673,#1674,#1675,#1676));
#408=EDGE_LOOP('',(#1677,#1678,#1679,#1680,#1681,#1682,#1683,#1684));
#409=EDGE_LOOP('',(#1685,#1686,#1687,#1688,#1689,#1690,#1691,#1692,#1693));
#410=EDGE_LOOP('',(#1694,#1695,#1696,#1697));
#411=EDGE_LOOP('',(#1698,#1699,#1700,#1701));
#412=EDGE_LOOP('',(#1702,#1703,#1704,#1705));
#413=EDGE_LOOP('',(#1706,#1707,#1708,#1709));
#414=EDGE_LOOP('',(#1710,#1711,#1712,#1713,#1714,#1715));
#415=EDGE_LOOP('',(#1716,#1717,#1718,#1719,#1720,#1721,#1722,#1723));
#416=EDGE_LOOP('',(#1724,#1725,#1726,#1727,#1728,#1729,#1730,#1731,#1732));
#417=EDGE_LOOP('',(#1733,#1734,#1735,#1736,#1737,#1738,#1739,#1740));
#418=EDGE_LOOP('',(#1741,#1742,#1743,#1744,#1745,#1746,#1747,#1748,#1749));
#419=EDGE_LOOP('',(#1750,#1751,#1752,#1753));
#420=EDGE_LOOP('',(#1754,#1755,#1756,#1757));
#421=EDGE_LOOP('',(#1758,#1759,#1760,#1761));
#422=EDGE_LOOP('',(#1762,#1763,#1764,#1765));
#423=EDGE_LOOP('',(#1766,#1767,#1768,#1769,#1770,#1771));
#424=EDGE_LOOP('',(#1772,#1773,#1774,#1775));
#425=EDGE_LOOP('',(#1776,#1777,#1778,#1779,#1780,#1781,#1782,#1783,#1784,
#1785,#1786,#1787));
#426=EDGE_LOOP('',(#1788,#1789,#1790,#1791));
#427=EDGE_LOOP('',(#1792,#1793,#1794,#1795,#1796,#1797,#1798,#1799,#1800,
#1801,#1802,#1803));
#428=EDGE_LOOP('',(#1804,#1805,#1806,#1807));
#429=EDGE_LOOP('',(#1808,#1809,#1810,#1811));
#430=EDGE_LOOP('',(#1812,#1813,#1814,#1815));
#431=EDGE_LOOP('',(#1816,#1817,#1818,#1819));
#432=EDGE_LOOP('',(#1820,#1821,#1822,#1823,#1824,#1825,#1826,#1827));
#433=EDGE_LOOP('',(#1828,#1829,#1830,#1831));
#434=LINE('',#2713,#568);
#435=LINE('',#2720,#569);
#436=LINE('',#2723,#570);
#437=LINE('',#2725,#571);
#438=LINE('',#2728,#572);
#439=LINE('',#2730,#573);
#440=LINE('',#2732,#574);
#441=LINE('',#2734,#575);
#442=LINE('',#2736,#576);
#443=LINE('',#2738,#577);
#444=LINE('',#2740,#578);
#445=LINE('',#2742,#579);
#446=LINE('',#2743,#580);
#447=LINE('',#2748,#581);
#448=LINE('',#2758,#582);
#449=LINE('',#2765,#583);
#450=LINE('',#2768,#584);
#451=LINE('',#2770,#585);
#452=LINE('',#2773,#586);
#453=LINE('',#2775,#587);
#454=LINE('',#2777,#588);
#455=LINE('',#2779,#589);
#456=LINE('',#2781,#590);
#457=LINE('',#2783,#591);
#458=LINE('',#2785,#592);
#459=LINE('',#2787,#593);
#460=LINE('',#2788,#594);
#461=LINE('',#2793,#595);
#462=LINE('',#2802,#596);
#463=LINE('',#2804,#597);
#464=LINE('',#2806,#598);
#465=LINE('',#2807,#599);
#466=LINE('',#2812,#600);
#467=LINE('',#2817,#601);
#468=LINE('',#2818,#602);
#469=LINE('',#2819,#603);
#470=LINE('',#2824,#604);
#471=LINE('',#2829,#605);
#472=LINE('',#2830,#606);
#473=LINE('',#2831,#607);
#474=LINE('',#2836,#608);
#475=LINE('',#2841,#609);
#476=LINE('',#2842,#610);
#477=LINE('',#2843,#611);
#478=LINE('',#2854,#612);
#479=LINE('',#2860,#613);
#480=LINE('',#2862,#614);
#481=LINE('',#2863,#615);
#482=LINE('',#2913,#616);
#483=LINE('',#2928,#617);
#484=LINE('',#2943,#618);
#485=LINE('',#2957,#619);
#486=LINE('',#2960,#620);
#487=LINE('',#2962,#621);
#488=LINE('',#2964,#622);
#489=LINE('',#2965,#623);
#490=LINE('',#2968,#624);
#491=LINE('',#2975,#625);
#492=LINE('',#2978,#626);
#493=LINE('',#3045,#627);
#494=LINE('',#3079,#628);
#495=LINE('',#3082,#629);
#496=LINE('',#3088,#630);
#497=LINE('',#3094,#631);
#498=LINE('',#3100,#632);
#499=LINE('',#3106,#633);
#500=LINE('',#3112,#634);
#501=LINE('',#3118,#635);
#502=LINE('',#3124,#636);
#503=LINE('',#3130,#637);
#504=LINE('',#3145,#638);
#505=LINE('',#3191,#639);
#506=LINE('',#3244,#640);
#507=LINE('',#3266,#641);
#508=LINE('',#3276,#642);
#509=LINE('',#3303,#643);
#510=LINE('',#3383,#644);
#511=LINE('',#3393,#645);
#512=LINE('',#3405,#646);
#513=LINE('',#3419,#647);
#514=LINE('',#3452,#648);
#515=LINE('',#3454,#649);
#516=LINE('',#3456,#650);
#517=LINE('',#3458,#651);
#518=LINE('',#3459,#652);
#519=LINE('',#3489,#653);
#520=LINE('',#3491,#654);
#521=LINE('',#3493,#655);
#522=LINE('',#3494,#656);
#523=LINE('',#3524,#657);
#524=LINE('',#3526,#658);
#525=LINE('',#3528,#659);
#526=LINE('',#3529,#660);
#527=LINE('',#3559,#661);
#528=LINE('',#3561,#662);
#529=LINE('',#3562,#663);
#530=LINE('',#3592,#664);
#531=LINE('',#3601,#665);
#532=LINE('',#3631,#666);
#533=LINE('',#3668,#667);
#534=LINE('',#3714,#668);
#535=LINE('',#3715,#669);
#536=LINE('',#3716,#670);
#537=LINE('',#3747,#671);
#538=LINE('',#3748,#672);
#539=LINE('',#3750,#673);
#540=LINE('',#3752,#674);
#541=LINE('',#3753,#675);
#542=LINE('',#3783,#676);
#543=LINE('',#3785,#677);
#544=LINE('',#3787,#678);
#545=LINE('',#3788,#679);
#546=LINE('',#3818,#680);
#547=LINE('',#3820,#681);
#548=LINE('',#3822,#682);
#549=LINE('',#3823,#683);
#550=LINE('',#3853,#684);
#551=LINE('',#3855,#685);
#552=LINE('',#3856,#686);
#553=LINE('',#3886,#687);
#554=LINE('',#3895,#688);
#555=LINE('',#3925,#689);
#556=LINE('',#3962,#690);
#557=LINE('',#4008,#691);
#558=LINE('',#4009,#692);
#559=LINE('',#4010,#693);
#560=LINE('',#4012,#694);
#561=LINE('',#4013,#695);
#562=LINE('',#4015,#696);
#563=LINE('',#4016,#697);
#564=LINE('',#4018,#698);
#565=LINE('',#4020,#699);
#566=LINE('',#4022,#700);
#567=LINE('',#4024,#701);
#568=VECTOR('',#2188,2.);
#569=VECTOR('',#2195,10.);
#570=VECTOR('',#2198,10.);
#571=VECTOR('',#2201,10.);
#572=VECTOR('',#2204,10.);
#573=VECTOR('',#2205,10.);
#574=VECTOR('',#2206,10.);
#575=VECTOR('',#2207,10.);
#576=VECTOR('',#2208,10.);
#577=VECTOR('',#2209,10.);
#578=VECTOR('',#2210,10.);
#579=VECTOR('',#2211,10.);
#580=VECTOR('',#2212,10.);
#581=VECTOR('',#2217,2.);
#582=VECTOR('',#2232,2.);
#583=VECTOR('',#2239,10.);
#584=VECTOR('',#2242,10.);
#585=VECTOR('',#2245,10.);
#586=VECTOR('',#2248,10.);
#587=VECTOR('',#2249,10.);
#588=VECTOR('',#2250,10.);
#589=VECTOR('',#2251,10.);
#590=VECTOR('',#2252,10.);
#591=VECTOR('',#2253,10.);
#592=VECTOR('',#2254,10.);
#593=VECTOR('',#2255,10.);
#594=VECTOR('',#2256,10.);
#595=VECTOR('',#2261,2.);
#596=VECTOR('',#2274,10.);
#597=VECTOR('',#2275,10.);
#598=VECTOR('',#2276,10.);
#599=VECTOR('',#2277,10.);
#600=VECTOR('',#2282,10.);
#601=VECTOR('',#2287,10.);
#602=VECTOR('',#2288,10.);
#603=VECTOR('',#2289,10.);
#604=VECTOR('',#2294,10.);
#605=VECTOR('',#2299,10.);
#606=VECTOR('',#2300,10.);
#607=VECTOR('',#2301,10.);
#608=VECTOR('',#2306,10.);
#609=VECTOR('',#2311,10.);
#610=VECTOR('',#2312,10.);
#611=VECTOR('',#2313,10.);
#612=VECTOR('',#2330,1.25);
#613=VECTOR('',#2339,1.25);
#614=VECTOR('',#2342,10.);
#615=VECTOR('',#2343,10.);
#616=VECTOR('',#2350,10.);
#617=VECTOR('',#2351,10.);
#618=VECTOR('',#2352,10.);
#619=VECTOR('',#2353,10.);
#620=VECTOR('',#2354,10.);
#621=VECTOR('',#2355,10.);
#622=VECTOR('',#2356,10.);
#623=VECTOR('',#2357,10.);
#624=VECTOR('',#2360,1.25);
#625=VECTOR('',#2371,1.25);
#626=VECTOR('',#2376,1.25);
#627=VECTOR('',#2385,1.25);
#628=VECTOR('',#2392,1.25);
#629=VECTOR('',#2397,1.25);
#630=VECTOR('',#2404,2.);
#631=VECTOR('',#2411,2.);
#632=VECTOR('',#2418,2.);
#633=VECTOR('',#2425,2.);
#634=VECTOR('',#2432,2.);
#635=VECTOR('',#2439,2.);
#636=VECTOR('',#2446,2.);
#637=VECTOR('',#2453,2.);
#638=VECTOR('',#2470,55.);
#639=VECTOR('',#2475,35.);
#640=VECTOR('',#2492,36.565);
#641=VECTOR('',#2521,38.952);
#642=VECTOR('',#2534,41.);
#643=VECTOR('',#2567,35.);
#644=VECTOR('',#2572,55.);
#645=VECTOR('',#2585,41.);
#646=VECTOR('',#2602,38.95);
#647=VECTOR('',#2621,36.565);
#648=VECTOR('',#2628,25.7141944793315);
#649=VECTOR('',#2629,10.);
#650=VECTOR('',#2630,10.);
#651=VECTOR('',#2631,10.);
#652=VECTOR('',#2632,25.7141944793315);
#653=VECTOR('',#2633,10.);
#654=VECTOR('',#2634,10.);
#655=VECTOR('',#2635,10.);
#656=VECTOR('',#2636,25.7141944793315);
#657=VECTOR('',#2637,10.);
#658=VECTOR('',#2638,10.);
#659=VECTOR('',#2639,10.);
#660=VECTOR('',#2640,25.7141944793315);
#661=VECTOR('',#2641,10.);
#662=VECTOR('',#2642,10.);
#663=VECTOR('',#2643,10.);
#664=VECTOR('',#2644,25.9759424950892);
#665=VECTOR('',#2645,25.9759424950892);
#666=VECTOR('',#2646,25.9759424950892);
#667=VECTOR('',#2647,25.9759424950892);
#668=VECTOR('',#2650,10.);
#669=VECTOR('',#2651,10.);
#670=VECTOR('',#2652,10.);
#671=VECTOR('',#2653,10.);
#672=VECTOR('',#2654,25.7141944793315);
#673=VECTOR('',#2655,25.7141944793315);
#674=VECTOR('',#2656,10.);
#675=VECTOR('',#2657,10.);
#676=VECTOR('',#2658,10.);
#677=VECTOR('',#2659,25.7141944793315);
#678=VECTOR('',#2660,10.);
#679=VECTOR('',#2661,10.);
#680=VECTOR('',#2662,10.);
#681=VECTOR('',#2663,25.7141944793315);
#682=VECTOR('',#2664,10.);
#683=VECTOR('',#2665,10.);
#684=VECTOR('',#2666,10.);
#685=VECTOR('',#2667,10.);
#686=VECTOR('',#2668,10.);
#687=VECTOR('',#2669,25.9759424950892);
#688=VECTOR('',#2670,25.9759424950892);
#689=VECTOR('',#2671,25.9759424950892);
#690=VECTOR('',#2672,25.9759424950892);
#691=VECTOR('',#2675,10.);
#692=VECTOR('',#2676,10.);
#693=VECTOR('',#2677,10.);
#694=VECTOR('',#2680,10.);
#695=VECTOR('',#2681,10.);
#696=VECTOR('',#2684,10.);
#697=VECTOR('',#2685,10.);
#698=VECTOR('',#2688,10.);
#699=VECTOR('',#2691,10.);
#700=VECTOR('',#2694,10.);
#701=VECTOR('',#2697,10.);
#702=CIRCLE('',#1988,2.);
#703=CIRCLE('',#1989,2.);
#704=CIRCLE('',#1991,5.);
#705=CIRCLE('',#1992,5.);
#706=CIRCLE('',#1996,2.);
#707=CIRCLE('',#1997,2.);
#708=CIRCLE('',#1999,5.);
#709=CIRCLE('',#2000,5.);
#710=CIRCLE('',#2003,2.);
#711=CIRCLE('',#2004,2.);
#712=CIRCLE('',#2006,5.);
#713=CIRCLE('',#2007,5.);
#714=CIRCLE('',#2011,2.);
#715=CIRCLE('',#2012,2.);
#716=CIRCLE('',#2014,5.);
#717=CIRCLE('',#2015,5.);
#718=CIRCLE('',#2019,1.2489861171483);
#719=CIRCLE('',#2020,1.8124038404636);
#720=CIRCLE('',#2023,1.2489861171483);
#721=CIRCLE('',#2024,1.8124038404636);
#722=CIRCLE('',#2027,1.2489861171483);
#723=CIRCLE('',#2028,1.8124038404636);
#724=CIRCLE('',#2031,1.2489861171483);
#725=CIRCLE('',#2032,1.8124038404636);
#726=CIRCLE('',#2034,1.25);
#727=CIRCLE('',#2035,1.24999999999999);
#728=CIRCLE('',#2037,1.25);
#729=CIRCLE('',#2039,1.24999999999999);
#730=CIRCLE('',#2041,1.24999999999999);
#731=CIRCLE('',#2049,1.24999999999999);
#732=CIRCLE('',#2050,1.25);
#733=CIRCLE('',#2052,1.25);
#734=CIRCLE('',#2065,2.);
#735=CIRCLE('',#2066,2.);
#736=CIRCLE('',#2068,2.);
#737=CIRCLE('',#2069,2.);
#738=CIRCLE('',#2071,2.);
#739=CIRCLE('',#2072,2.);
#740=CIRCLE('',#2074,2.);
#741=CIRCLE('',#2075,2.);
#742=CIRCLE('',#2077,2.);
#743=CIRCLE('',#2078,2.);
#744=CIRCLE('',#2080,2.);
#745=CIRCLE('',#2081,2.);
#746=CIRCLE('',#2083,2.);
#747=CIRCLE('',#2084,2.);
#748=CIRCLE('',#2086,2.);
#749=CIRCLE('',#2087,2.);
#750=CIRCLE('',#2089,55.);
#751=CIRCLE('',#2090,37.5);
#752=CIRCLE('',#2091,37.5);
#753=CIRCLE('',#2092,37.5);
#754=CIRCLE('',#2093,37.5);
#755=CIRCLE('',#2095,55.);
#756=CIRCLE('',#2097,35.);
#757=CIRCLE('',#2099,35.73);
#758=CIRCLE('',#2101,0.225);
#759=CIRCLE('',#2102,35.9126193543824);
#760=CIRCLE('',#2103,35.9126193543824);
#761=CIRCLE('',#2105,37.2173806456176);
#762=CIRCLE('',#2106,37.2173806456176);
#763=CIRCLE('',#2108,0.225);
#764=CIRCLE('',#2109,37.4);
#765=CIRCLE('',#2111,38.7);
#766=CIRCLE('',#2113,0.225);
#767=CIRCLE('',#2114,38.8272610157702);
#768=CIRCLE('',#2115,38.8272610157702);
#769=CIRCLE('',#2117,39.0767389842297);
#770=CIRCLE('',#2118,39.0767389842297);
#771=CIRCLE('',#2120,0.225);
#772=CIRCLE('',#2121,39.204);
#773=CIRCLE('',#2123,41.);
#774=CIRCLE('',#2125,41.);
#775=CIRCLE('',#2126,41.);
#776=CIRCLE('',#2128,2.25);
#777=CIRCLE('',#2129,45.45);
#778=CIRCLE('',#2132,55.);
#779=CIRCLE('',#2133,37.5);
#780=CIRCLE('',#2134,37.5);
#781=CIRCLE('',#2135,37.5);
#782=CIRCLE('',#2136,37.5);
#783=CIRCLE('',#2138,35.73);
#784=CIRCLE('',#2139,35.);
#785=CIRCLE('',#2142,55.);
#786=CIRCLE('',#2144,45.45);
#787=CIRCLE('',#2146,2.25);
#788=CIRCLE('',#2147,41.);
#789=CIRCLE('',#2149,41.);
#790=CIRCLE('',#2151,39.2);
#791=CIRCLE('',#2153,0.225);
#792=CIRCLE('',#2154,39.0713316534896);
#793=CIRCLE('',#2156,38.8286683465104);
#794=CIRCLE('',#2158,0.225);
#795=CIRCLE('',#2159,38.7);
#796=CIRCLE('',#2161,37.4);
#797=CIRCLE('',#2163,0.225);
#798=CIRCLE('',#2164,37.2173806456176);
#799=CIRCLE('',#2166,35.9126193543824);
#800=CIRCLE('',#2168,0.225);
#801=CIRCLE('',#2179,37.5);
#802=CIRCLE('',#2180,35.);
#803=CIRCLE('',#2181,37.5);
#804=VERTEX_POINT('',#2710);
#805=VERTEX_POINT('',#2712);
#806=VERTEX_POINT('',#2716);
#807=VERTEX_POINT('',#2717);
#808=VERTEX_POINT('',#2719);
#809=VERTEX_POINT('',#2721);
#810=VERTEX_POINT('',#2727);
#811=VERTEX_POINT('',#2729);
#812=VERTEX_POINT('',#2731);
#813=VERTEX_POINT('',#2733);
#814=VERTEX_POINT('',#2735);
#815=VERTEX_POINT('',#2737);
#816=VERTEX_POINT('',#2739);
#817=VERTEX_POINT('',#2741);
#818=VERTEX_POINT('',#2745);
#819=VERTEX_POINT('',#2747);
#820=VERTEX_POINT('',#2755);
#821=VERTEX_POINT('',#2757);
#822=VERTEX_POINT('',#2761);
#823=VERTEX_POINT('',#2762);
#824=VERTEX_POINT('',#2764);
#825=VERTEX_POINT('',#2766);
#826=VERTEX_POINT('',#2772);
#827=VERTEX_POINT('',#2774);
#828=VERTEX_POINT('',#2776);
#829=VERTEX_POINT('',#2778);
#830=VERTEX_POINT('',#2780);
#831=VERTEX_POINT('',#2782);
#832=VERTEX_POINT('',#2784);
#833=VERTEX_POINT('',#2786);
#834=VERTEX_POINT('',#2790);
#835=VERTEX_POINT('',#2792);
#836=VERTEX_POINT('',#2800);
#837=VERTEX_POINT('',#2801);
#838=VERTEX_POINT('',#2803);
#839=VERTEX_POINT('',#2805);
#840=VERTEX_POINT('',#2809);
#841=VERTEX_POINT('',#2811);
#842=VERTEX_POINT('',#2815);
#843=VERTEX_POINT('',#2816);
#844=VERTEX_POINT('',#2821);
#845=VERTEX_POINT('',#2823);
#846=VERTEX_POINT('',#2827);
#847=VERTEX_POINT('',#2828);
#848=VERTEX_POINT('',#2833);
#849=VERTEX_POINT('',#2835);
#850=VERTEX_POINT('',#2839);
#851=VERTEX_POINT('',#2840);
#852=VERTEX_POINT('',#2848);
#853=VERTEX_POINT('',#2852);
#854=VERTEX_POINT('',#2858);
#855=VERTEX_POINT('',#2894);
#856=VERTEX_POINT('',#2895);
#857=VERTEX_POINT('',#2908);
#858=VERTEX_POINT('',#2912);
#859=VERTEX_POINT('',#2914);
#860=VERTEX_POINT('',#2927);
#861=VERTEX_POINT('',#2929);
#862=VERTEX_POINT('',#2942);
#863=VERTEX_POINT('',#2944);
#864=VERTEX_POINT('',#2958);
#865=VERTEX_POINT('',#2959);
#866=VERTEX_POINT('',#2961);
#867=VERTEX_POINT('',#2963);
#868=VERTEX_POINT('',#2967);
#869=VERTEX_POINT('',#2971);
#870=VERTEX_POINT('',#3040);
#871=VERTEX_POINT('',#3044);
#872=VERTEX_POINT('',#3085);
#873=VERTEX_POINT('',#3087);
#874=VERTEX_POINT('',#3091);
#875=VERTEX_POINT('',#3093);
#876=VERTEX_POINT('',#3097);
#877=VERTEX_POINT('',#3099);
#878=VERTEX_POINT('',#3103);
#879=VERTEX_POINT('',#3105);
#880=VERTEX_POINT('',#3109);
#881=VERTEX_POINT('',#3111);
#882=VERTEX_POINT('',#3115);
#883=VERTEX_POINT('',#3117);
#884=VERTEX_POINT('',#3121);
#885=VERTEX_POINT('',#3123);
#886=VERTEX_POINT('',#3127);
#887=VERTEX_POINT('',#3129);
#888=VERTEX_POINT('',#3133);
#889=VERTEX_POINT('',#3135);
#890=VERTEX_POINT('',#3136);
#891=VERTEX_POINT('',#3138);
#892=VERTEX_POINT('',#3140);
#893=VERTEX_POINT('',#3144);
#894=VERTEX_POINT('',#3148);
#895=VERTEX_POINT('',#3149);
#896=VERTEX_POINT('',#3155);
#897=VERTEX_POINT('',#3160);
#898=VERTEX_POINT('',#3166);
#899=VERTEX_POINT('',#3173);
#900=VERTEX_POINT('',#3178);
#901=VERTEX_POINT('',#3184);
#902=VERTEX_POINT('',#3190);
#903=VERTEX_POINT('',#3193);
#904=VERTEX_POINT('',#3199);
#905=VERTEX_POINT('',#3204);
#906=VERTEX_POINT('',#3210);
#907=VERTEX_POINT('',#3217);
#908=VERTEX_POINT('',#3222);
#909=VERTEX_POINT('',#3234);
#910=VERTEX_POINT('',#3237);
#911=VERTEX_POINT('',#3239);
#912=VERTEX_POINT('',#3243);
#913=VERTEX_POINT('',#3245);
#914=VERTEX_POINT('',#3249);
#915=VERTEX_POINT('',#3253);
#916=VERTEX_POINT('',#3256);
#917=VERTEX_POINT('',#3258);
#918=VERTEX_POINT('',#3262);
#919=VERTEX_POINT('',#3263);
#920=VERTEX_POINT('',#3268);
#921=VERTEX_POINT('',#3272);
#922=VERTEX_POINT('',#3275);
#923=VERTEX_POINT('',#3277);
#924=VERTEX_POINT('',#3281);
#925=VERTEX_POINT('',#3286);
#926=VERTEX_POINT('',#3288);
#927=VERTEX_POINT('',#3289);
#928=VERTEX_POINT('',#3291);
#929=VERTEX_POINT('',#3293);
#930=VERTEX_POINT('',#3297);
#931=VERTEX_POINT('',#3299);
#932=VERTEX_POINT('',#3302);
#933=VERTEX_POINT('',#3304);
#934=VERTEX_POINT('',#3310);
#935=VERTEX_POINT('',#3316);
#936=VERTEX_POINT('',#3321);
#937=VERTEX_POINT('',#3328);
#938=VERTEX_POINT('',#3334);
#939=VERTEX_POINT('',#3339);
#940=VERTEX_POINT('',#3346);
#941=VERTEX_POINT('',#3352);
#942=VERTEX_POINT('',#3357);
#943=VERTEX_POINT('',#3364);
#944=VERTEX_POINT('',#3370);
#945=VERTEX_POINT('',#3381);
#946=VERTEX_POINT('',#3385);
#947=VERTEX_POINT('',#3388);
#948=VERTEX_POINT('',#3392);
#949=VERTEX_POINT('',#3396);
#950=VERTEX_POINT('',#3399);
#951=VERTEX_POINT('',#3403);
#952=VERTEX_POINT('',#3407);
#953=VERTEX_POINT('',#3411);
#954=VERTEX_POINT('',#3414);
#955=VERTEX_POINT('',#3418);
#956=VERTEX_POINT('',#3451);
#957=VERTEX_POINT('',#3453);
#958=VERTEX_POINT('',#3455);
#959=VERTEX_POINT('',#3457);
#960=VERTEX_POINT('',#3488);
#961=VERTEX_POINT('',#3490);
#962=VERTEX_POINT('',#3492);
#963=VERTEX_POINT('',#3523);
#964=VERTEX_POINT('',#3525);
#965=VERTEX_POINT('',#3527);
#966=VERTEX_POINT('',#3558);
#967=VERTEX_POINT('',#3560);
#968=VERTEX_POINT('',#3591);
#969=VERTEX_POINT('',#3593);
#970=VERTEX_POINT('',#3630);
#971=VERTEX_POINT('',#3667);
#972=VERTEX_POINT('',#3712);
#973=VERTEX_POINT('',#3713);
#974=VERTEX_POINT('',#3745);
#975=VERTEX_POINT('',#3746);
#976=VERTEX_POINT('',#3749);
#977=VERTEX_POINT('',#3751);
#978=VERTEX_POINT('',#3782);
#979=VERTEX_POINT('',#3784);
#980=VERTEX_POINT('',#3786);
#981=VERTEX_POINT('',#3817);
#982=VERTEX_POINT('',#3819);
#983=VERTEX_POINT('',#3821);
#984=VERTEX_POINT('',#3852);
#985=VERTEX_POINT('',#3854);
#986=VERTEX_POINT('',#3885);
#987=VERTEX_POINT('',#3887);
#988=VERTEX_POINT('',#3924);
#989=VERTEX_POINT('',#3961);
#990=VERTEX_POINT('',#4006);
#991=VERTEX_POINT('',#4007);
#992=EDGE_CURVE('',#804,#804,#702,.T.);
#993=EDGE_CURVE('',#804,#805,#434,.T.);
#994=EDGE_CURVE('',#805,#805,#703,.T.);
#995=EDGE_CURVE('',#806,#807,#704,.T.);
#996=EDGE_CURVE('',#808,#806,#435,.T.);
#997=EDGE_CURVE('',#809,#808,#705,.T.);
#998=EDGE_CURVE('',#807,#809,#436,.T.);
#999=EDGE_CURVE('',#809,#808,#437,.T.);
#1000=EDGE_CURVE('',#810,#806,#438,.T.);
#1001=EDGE_CURVE('',#811,#810,#439,.T.);
#1002=EDGE_CURVE('',#811,#812,#440,.T.);
#1003=EDGE_CURVE('',#812,#813,#441,.T.);
#1004=EDGE_CURVE('',#814,#813,#442,.T.);
#1005=EDGE_CURVE('',#814,#815,#443,.T.);
#1006=EDGE_CURVE('',#815,#816,#444,.T.);
#1007=EDGE_CURVE('',#816,#817,#445,.T.);
#1008=EDGE_CURVE('',#807,#817,#446,.T.);
#1009=EDGE_CURVE('',#818,#818,#706,.T.);
#1010=EDGE_CURVE('',#818,#819,#447,.T.);
#1011=EDGE_CURVE('',#819,#819,#707,.T.);
#1012=EDGE_CURVE('',#814,#817,#708,.T.);
#1013=EDGE_CURVE('',#816,#815,#709,.T.);
#1014=EDGE_CURVE('',#820,#820,#710,.T.);
#1015=EDGE_CURVE('',#820,#821,#448,.T.);
#1016=EDGE_CURVE('',#821,#821,#711,.T.);
#1017=EDGE_CURVE('',#822,#823,#712,.T.);
#1018=EDGE_CURVE('',#824,#823,#449,.T.);
#1019=EDGE_CURVE('',#824,#825,#713,.T.);
#1020=EDGE_CURVE('',#822,#825,#450,.T.);
#1021=EDGE_CURVE('',#825,#824,#451,.T.);
#1022=EDGE_CURVE('',#826,#823,#452,.T.);
#1023=EDGE_CURVE('',#826,#827,#453,.T.);
#1024=EDGE_CURVE('',#827,#828,#454,.T.);
#1025=EDGE_CURVE('',#828,#829,#455,.T.);
#1026=EDGE_CURVE('',#830,#829,#456,.T.);
#1027=EDGE_CURVE('',#831,#830,#457,.T.);
#1028=EDGE_CURVE('',#831,#832,#458,.T.);
#1029=EDGE_CURVE('',#832,#833,#459,.T.);
#1030=EDGE_CURVE('',#822,#833,#460,.T.);
#1031=EDGE_CURVE('',#834,#834,#714,.T.);
#1032=EDGE_CURVE('',#834,#835,#461,.T.);
#1033=EDGE_CURVE('',#835,#835,#715,.T.);
#1034=EDGE_CURVE('',#829,#826,#716,.T.);
#1035=EDGE_CURVE('',#827,#828,#717,.T.);
#1036=EDGE_CURVE('',#836,#837,#462,.T.);
#1037=EDGE_CURVE('',#837,#838,#463,.T.);
#1038=EDGE_CURVE('',#838,#839,#464,.T.);
#1039=EDGE_CURVE('',#839,#836,#465,.T.);
#1040=EDGE_CURVE('',#836,#840,#718,.T.);
#1041=EDGE_CURVE('',#840,#841,#466,.T.);
#1042=EDGE_CURVE('',#841,#837,#719,.T.);
#1043=EDGE_CURVE('',#842,#843,#467,.T.);
#1044=EDGE_CURVE('',#843,#841,#468,.T.);
#1045=EDGE_CURVE('',#840,#842,#469,.T.);
#1046=EDGE_CURVE('',#842,#844,#720,.T.);
#1047=EDGE_CURVE('',#844,#845,#470,.T.);
#1048=EDGE_CURVE('',#845,#843,#721,.T.);
#1049=EDGE_CURVE('',#846,#847,#471,.T.);
#1050=EDGE_CURVE('',#847,#845,#472,.T.);
#1051=EDGE_CURVE('',#844,#846,#473,.T.);
#1052=EDGE_CURVE('',#846,#848,#722,.T.);
#1053=EDGE_CURVE('',#848,#849,#474,.T.);
#1054=EDGE_CURVE('',#849,#847,#723,.T.);
#1055=EDGE_CURVE('',#850,#851,#475,.T.);
#1056=EDGE_CURVE('',#851,#849,#476,.T.);
#1057=EDGE_CURVE('',#848,#850,#477,.T.);
#1058=EDGE_CURVE('',#850,#839,#724,.T.);
#1059=EDGE_CURVE('',#838,#851,#725,.T.);
#1060=EDGE_CURVE('',#842,#852,#726,.T.);
#1061=EDGE_CURVE('',#852,#844,#727,.T.);
#1062=EDGE_CURVE('',#853,#840,#728,.T.);
#1063=EDGE_CURVE('',#853,#852,#478,.T.);
#1064=EDGE_CURVE('',#836,#853,#729,.T.);
#1065=EDGE_CURVE('',#854,#839,#730,.T.);
#1066=EDGE_CURVE('',#854,#853,#479,.T.);
#1067=EDGE_CURVE('',#833,#810,#480,.T.);
#1068=EDGE_CURVE('',#813,#830,#481,.T.);
#1069=EDGE_CURVE('',#855,#856,#42,.T.);
#1070=EDGE_CURVE('',#856,#857,#34,.T.);
#1071=EDGE_CURVE('',#857,#855,#35,.T.);
#1072=EDGE_CURVE('',#855,#858,#482,.T.);
#1073=EDGE_CURVE('',#859,#858,#43,.T.);
#1074=EDGE_CURVE('',#859,#860,#483,.T.);
#1075=EDGE_CURVE('',#861,#860,#44,.T.);
#1076=EDGE_CURVE('',#861,#862,#484,.T.);
#1077=EDGE_CURVE('',#863,#862,#45,.T.);
#1078=EDGE_CURVE('',#863,#856,#485,.T.);
#1079=EDGE_CURVE('',#864,#865,#486,.T.);
#1080=EDGE_CURVE('',#865,#866,#487,.T.);
#1081=EDGE_CURVE('',#866,#867,#488,.T.);
#1082=EDGE_CURVE('',#867,#864,#489,.T.);
#1083=EDGE_CURVE('',#857,#868,#490,.T.);
#1084=EDGE_CURVE('',#858,#868,#36,.T.);
#1085=EDGE_CURVE('',#846,#869,#731,.T.);
#1086=EDGE_CURVE('',#869,#848,#732,.T.);
#1087=EDGE_CURVE('',#869,#854,#491,.T.);
#1088=EDGE_CURVE('',#850,#854,#733,.T.);
#1089=EDGE_CURVE('',#852,#869,#492,.T.);
#1090=EDGE_CURVE('',#868,#859,#37,.T.);
#1091=EDGE_CURVE('',#860,#870,#38,.T.);
#1092=EDGE_CURVE('',#870,#861,#39,.T.);
#1093=EDGE_CURVE('',#870,#871,#493,.T.);
#1094=EDGE_CURVE('',#862,#871,#40,.T.);
#1095=EDGE_CURVE('',#871,#863,#41,.T.);
#1096=EDGE_CURVE('',#871,#857,#494,.T.);
#1097=EDGE_CURVE('',#868,#870,#495,.T.);
#1098=EDGE_CURVE('',#872,#872,#734,.T.);
#1099=EDGE_CURVE('',#872,#873,#496,.T.);
#1100=EDGE_CURVE('',#873,#873,#735,.T.);
#1101=EDGE_CURVE('',#874,#874,#736,.T.);
#1102=EDGE_CURVE('',#874,#875,#497,.T.);
#1103=EDGE_CURVE('',#875,#875,#737,.T.);
#1104=EDGE_CURVE('',#876,#876,#738,.T.);
#1105=EDGE_CURVE('',#876,#877,#498,.T.);
#1106=EDGE_CURVE('',#877,#877,#739,.T.);
#1107=EDGE_CURVE('',#878,#878,#740,.T.);
#1108=EDGE_CURVE('',#878,#879,#499,.T.);
#1109=EDGE_CURVE('',#879,#879,#741,.T.);
#1110=EDGE_CURVE('',#880,#880,#742,.T.);
#1111=EDGE_CURVE('',#880,#881,#500,.T.);
#1112=EDGE_CURVE('',#881,#881,#743,.T.);
#1113=EDGE_CURVE('',#882,#882,#744,.T.);
#1114=EDGE_CURVE('',#882,#883,#501,.T.);
#1115=EDGE_CURVE('',#883,#883,#745,.T.);
#1116=EDGE_CURVE('',#884,#884,#746,.T.);
#1117=EDGE_CURVE('',#884,#885,#502,.T.);
#1118=EDGE_CURVE('',#885,#885,#747,.T.);
#1119=EDGE_CURVE('',#886,#886,#748,.T.);
#1120=EDGE_CURVE('',#886,#887,#503,.T.);
#1121=EDGE_CURVE('',#887,#887,#749,.T.);
#1122=EDGE_CURVE('',#888,#888,#750,.T.);
#1123=EDGE_CURVE('',#889,#890,#751,.T.);
#1124=EDGE_CURVE('',#891,#889,#752,.T.);
#1125=EDGE_CURVE('',#892,#891,#753,.T.);
#1126=EDGE_CURVE('',#890,#892,#754,.T.);
#1127=EDGE_CURVE('',#888,#893,#504,.T.);
#1128=EDGE_CURVE('',#893,#893,#755,.T.);
#1129=EDGE_CURVE('',#894,#895,#46,.T.);
#1130=EDGE_CURVE('',#895,#896,#47,.T.);
#1131=EDGE_CURVE('',#896,#897,#48,.T.);
#1132=EDGE_CURVE('',#897,#898,#49,.T.);
#1133=EDGE_CURVE('',#898,#899,#50,.T.);
#1134=EDGE_CURVE('',#899,#900,#51,.T.);
#1135=EDGE_CURVE('',#900,#901,#52,.T.);
#1136=EDGE_CURVE('',#901,#902,#505,.T.);
#1137=EDGE_CURVE('',#902,#902,#756,.T.);
#1138=EDGE_CURVE('',#901,#903,#53,.T.);
#1139=EDGE_CURVE('',#903,#904,#54,.T.);
#1140=EDGE_CURVE('',#904,#905,#55,.T.);
#1141=EDGE_CURVE('',#905,#906,#56,.T.);
#1142=EDGE_CURVE('',#906,#907,#57,.T.);
#1143=EDGE_CURVE('',#907,#908,#58,.T.);
#1144=EDGE_CURVE('',#908,#894,#59,.T.);
#1145=EDGE_CURVE('',#909,#909,#757,.T.);
#1146=EDGE_CURVE('',#909,#910,#758,.T.);
#1147=EDGE_CURVE('',#911,#910,#759,.T.);
#1148=EDGE_CURVE('',#910,#911,#760,.T.);
#1149=EDGE_CURVE('',#911,#912,#506,.T.);
#1150=EDGE_CURVE('',#913,#912,#761,.T.);
#1151=EDGE_CURVE('',#912,#913,#762,.T.);
#1152=EDGE_CURVE('',#913,#914,#763,.T.);
#1153=EDGE_CURVE('',#914,#914,#764,.T.);
#1154=EDGE_CURVE('',#915,#915,#765,.T.);
#1155=EDGE_CURVE('',#915,#916,#766,.T.);
#1156=EDGE_CURVE('',#917,#916,#767,.T.);
#1157=EDGE_CURVE('',#916,#917,#768,.T.);
#1158=EDGE_CURVE('',#918,#919,#769,.T.);
#1159=EDGE_CURVE('',#919,#918,#770,.T.);
#1160=EDGE_CURVE('',#919,#917,#507,.T.);
#1161=EDGE_CURVE('',#918,#920,#771,.T.);
#1162=EDGE_CURVE('',#920,#920,#772,.T.);
#1163=EDGE_CURVE('',#921,#921,#773,.T.);
#1164=EDGE_CURVE('',#921,#922,#508,.T.);
#1165=EDGE_CURVE('',#923,#922,#774,.T.);
#1166=EDGE_CURVE('',#922,#923,#775,.T.);
#1167=EDGE_CURVE('',#923,#924,#776,.T.);
#1168=EDGE_CURVE('',#924,#924,#777,.T.);
#1169=EDGE_CURVE('',#925,#925,#778,.T.);
#1170=EDGE_CURVE('',#926,#927,#779,.T.);
#1171=EDGE_CURVE('',#928,#926,#780,.T.);
#1172=EDGE_CURVE('',#929,#928,#781,.T.);
#1173=EDGE_CURVE('',#927,#929,#782,.T.);
#1174=EDGE_CURVE('',#930,#930,#783,.T.);
#1175=EDGE_CURVE('',#931,#931,#784,.T.);
#1176=EDGE_CURVE('',#931,#932,#509,.T.);
#1177=EDGE_CURVE('',#932,#933,#60,.T.);
#1178=EDGE_CURVE('',#933,#934,#61,.T.);
#1179=EDGE_CURVE('',#934,#935,#62,.T.);
#1180=EDGE_CURVE('',#935,#936,#63,.T.);
#1181=EDGE_CURVE('',#936,#937,#64,.T.);
#1182=EDGE_CURVE('',#937,#938,#65,.T.);
#1183=EDGE_CURVE('',#938,#939,#66,.T.);
#1184=EDGE_CURVE('',#939,#940,#67,.T.);
#1185=EDGE_CURVE('',#940,#941,#68,.T.);
#1186=EDGE_CURVE('',#941,#942,#69,.T.);
#1187=EDGE_CURVE('',#942,#943,#70,.T.);
#1188=EDGE_CURVE('',#943,#944,#71,.T.);
#1189=EDGE_CURVE('',#944,#932,#72,.T.);
#1190=EDGE_CURVE('',#945,#945,#785,.T.);
#1191=EDGE_CURVE('',#945,#925,#510,.T.);
#1192=EDGE_CURVE('',#946,#946,#786,.T.);
#1193=EDGE_CURVE('',#946,#947,#787,.T.);
#1194=EDGE_CURVE('',#947,#947,#788,.T.);
#1195=EDGE_CURVE('',#947,#948,#511,.T.);
#1196=EDGE_CURVE('',#948,#948,#789,.T.);
#1197=EDGE_CURVE('',#949,#949,#790,.T.);
#1198=EDGE_CURVE('',#949,#950,#791,.T.);
#1199=EDGE_CURVE('',#950,#950,#792,.T.);
#1200=EDGE_CURVE('',#951,#951,#793,.T.);
#1201=EDGE_CURVE('',#951,#950,#512,.T.);
#1202=EDGE_CURVE('',#951,#952,#794,.T.);
#1203=EDGE_CURVE('',#952,#952,#795,.T.);
#1204=EDGE_CURVE('',#953,#953,#796,.T.);
#1205=EDGE_CURVE('',#953,#954,#797,.T.);
#1206=EDGE_CURVE('',#954,#954,#798,.T.);
#1207=EDGE_CURVE('',#954,#955,#513,.T.);
#1208=EDGE_CURVE('',#955,#955,#799,.T.);
#1209=EDGE_CURVE('',#955,#930,#800,.T.);
#1210=EDGE_CURVE('',#934,#956,#514,.T.);
#1211=EDGE_CURVE('',#956,#957,#515,.T.);
#1212=EDGE_CURVE('',#957,#958,#516,.T.);
#1213=EDGE_CURVE('',#958,#959,#517,.T.);
#1214=EDGE_CURVE('',#937,#959,#518,.T.);
#1215=EDGE_CURVE('',#959,#960,#519,.T.);
#1216=EDGE_CURVE('',#960,#961,#520,.T.);
#1217=EDGE_CURVE('',#961,#962,#521,.T.);
#1218=EDGE_CURVE('',#940,#962,#522,.T.);
#1219=EDGE_CURVE('',#962,#963,#523,.T.);
#1220=EDGE_CURVE('',#963,#964,#524,.T.);
#1221=EDGE_CURVE('',#964,#965,#525,.T.);
#1222=EDGE_CURVE('',#943,#965,#526,.T.);
#1223=EDGE_CURVE('',#965,#966,#527,.T.);
#1224=EDGE_CURVE('',#966,#967,#528,.T.);
#1225=EDGE_CURVE('',#967,#956,#529,.T.);
#1226=EDGE_CURVE('',#927,#968,#530,.T.);
#1227=EDGE_CURVE('',#969,#968,#73,.T.);
#1228=EDGE_CURVE('',#926,#969,#531,.T.);
#1229=EDGE_CURVE('',#929,#970,#532,.T.);
#1230=EDGE_CURVE('',#968,#970,#74,.T.);
#1231=EDGE_CURVE('',#928,#971,#533,.T.);
#1232=EDGE_CURVE('',#970,#971,#75,.T.);
#1233=EDGE_CURVE('',#971,#969,#76,.T.);
#1234=EDGE_CURVE('',#972,#973,#534,.T.);
#1235=EDGE_CURVE('',#962,#972,#535,.T.);
#1236=EDGE_CURVE('',#959,#973,#536,.T.);
#1237=EDGE_CURVE('',#974,#975,#537,.T.);
#1238=EDGE_CURVE('',#975,#899,#538,.T.);
#1239=EDGE_CURVE('',#976,#896,#539,.T.);
#1240=EDGE_CURVE('',#976,#977,#540,.T.);
#1241=EDGE_CURVE('',#977,#974,#541,.T.);
#1242=EDGE_CURVE('',#978,#976,#542,.T.);
#1243=EDGE_CURVE('',#979,#907,#543,.T.);
#1244=EDGE_CURVE('',#979,#980,#544,.T.);
#1245=EDGE_CURVE('',#980,#978,#545,.T.);
#1246=EDGE_CURVE('',#981,#979,#546,.T.);
#1247=EDGE_CURVE('',#982,#904,#547,.T.);
#1248=EDGE_CURVE('',#982,#983,#548,.T.);
#1249=EDGE_CURVE('',#983,#981,#549,.T.);
#1250=EDGE_CURVE('',#984,#982,#550,.T.);
#1251=EDGE_CURVE('',#975,#985,#551,.T.);
#1252=EDGE_CURVE('',#985,#984,#552,.T.);
#1253=EDGE_CURVE('',#890,#986,#553,.T.);
#1254=EDGE_CURVE('',#987,#986,#77,.T.);
#1255=EDGE_CURVE('',#889,#987,#554,.T.);
#1256=EDGE_CURVE('',#892,#988,#555,.T.);
#1257=EDGE_CURVE('',#986,#988,#78,.T.);
#1258=EDGE_CURVE('',#891,#989,#556,.T.);
#1259=EDGE_CURVE('',#988,#989,#79,.T.);
#1260=EDGE_CURVE('',#989,#987,#80,.T.);
#1261=EDGE_CURVE('',#990,#991,#557,.T.);
#1262=EDGE_CURVE('',#982,#990,#558,.T.);
#1263=EDGE_CURVE('',#975,#991,#559,.T.);
#1264=EDGE_CURVE('',#973,#864,#560,.T.);
#1265=EDGE_CURVE('',#972,#867,#561,.T.);
#1266=EDGE_CURVE('',#965,#976,#562,.T.);
#1267=EDGE_CURVE('',#991,#866,#563,.T.);
#1268=EDGE_CURVE('',#990,#865,#564,.T.);
#1269=EDGE_CURVE('',#956,#979,#565,.T.);
#1270=EDGE_CURVE('',#832,#811,#566,.T.);
#1271=EDGE_CURVE('',#812,#831,#567,.T.);
#1272=ORIENTED_EDGE('',*,*,#992,.F.);
#1273=ORIENTED_EDGE('',*,*,#993,.T.);
#1274=ORIENTED_EDGE('',*,*,#994,.F.);
#1275=ORIENTED_EDGE('',*,*,#993,.F.);
#1276=ORIENTED_EDGE('',*,*,#995,.F.);
#1277=ORIENTED_EDGE('',*,*,#996,.F.);
#1278=ORIENTED_EDGE('',*,*,#997,.F.);
#1279=ORIENTED_EDGE('',*,*,#998,.F.);
#1280=ORIENTED_EDGE('',*,*,#997,.T.);
#1281=ORIENTED_EDGE('',*,*,#999,.F.);
#1282=ORIENTED_EDGE('',*,*,#992,.T.);
#1283=ORIENTED_EDGE('',*,*,#998,.T.);
#1284=ORIENTED_EDGE('',*,*,#999,.T.);
#1285=ORIENTED_EDGE('',*,*,#996,.T.);
#1286=ORIENTED_EDGE('',*,*,#1000,.F.);
#1287=ORIENTED_EDGE('',*,*,#1001,.F.);
#1288=ORIENTED_EDGE('',*,*,#1002,.T.);
#1289=ORIENTED_EDGE('',*,*,#1003,.T.);
#1290=ORIENTED_EDGE('',*,*,#1004,.F.);
#1291=ORIENTED_EDGE('',*,*,#1005,.T.);
#1292=ORIENTED_EDGE('',*,*,#1006,.T.);
#1293=ORIENTED_EDGE('',*,*,#1007,.T.);
#1294=ORIENTED_EDGE('',*,*,#1008,.F.);
#1295=ORIENTED_EDGE('',*,*,#1009,.T.);
#1296=ORIENTED_EDGE('',*,*,#1010,.T.);
#1297=ORIENTED_EDGE('',*,*,#1011,.T.);
#1298=ORIENTED_EDGE('',*,*,#1010,.F.);
#1299=ORIENTED_EDGE('',*,*,#1012,.T.);
#1300=ORIENTED_EDGE('',*,*,#1007,.F.);
#1301=ORIENTED_EDGE('',*,*,#1013,.T.);
#1302=ORIENTED_EDGE('',*,*,#1005,.F.);
#1303=ORIENTED_EDGE('',*,*,#1013,.F.);
#1304=ORIENTED_EDGE('',*,*,#1006,.F.);
#1305=ORIENTED_EDGE('',*,*,#1009,.F.);
#1306=ORIENTED_EDGE('',*,*,#1014,.T.);
#1307=ORIENTED_EDGE('',*,*,#1015,.T.);
#1308=ORIENTED_EDGE('',*,*,#1016,.T.);
#1309=ORIENTED_EDGE('',*,*,#1015,.F.);
#1310=ORIENTED_EDGE('',*,*,#1017,.T.);
#1311=ORIENTED_EDGE('',*,*,#1018,.F.);
#1312=ORIENTED_EDGE('',*,*,#1019,.T.);
#1313=ORIENTED_EDGE('',*,*,#1020,.F.);
#1314=ORIENTED_EDGE('',*,*,#1019,.F.);
#1315=ORIENTED_EDGE('',*,*,#1021,.F.);
#1316=ORIENTED_EDGE('',*,*,#1014,.F.);
#1317=ORIENTED_EDGE('',*,*,#1020,.T.);
#1318=ORIENTED_EDGE('',*,*,#1021,.T.);
#1319=ORIENTED_EDGE('',*,*,#1018,.T.);
#1320=ORIENTED_EDGE('',*,*,#1022,.F.);
#1321=ORIENTED_EDGE('',*,*,#1023,.T.);
#1322=ORIENTED_EDGE('',*,*,#1024,.T.);
#1323=ORIENTED_EDGE('',*,*,#1025,.T.);
#1324=ORIENTED_EDGE('',*,*,#1026,.F.);
#1325=ORIENTED_EDGE('',*,*,#1027,.F.);
#1326=ORIENTED_EDGE('',*,*,#1028,.T.);
#1327=ORIENTED_EDGE('',*,*,#1029,.T.);
#1328=ORIENTED_EDGE('',*,*,#1030,.F.);
#1329=ORIENTED_EDGE('',*,*,#1031,.F.);
#1330=ORIENTED_EDGE('',*,*,#1032,.T.);
#1331=ORIENTED_EDGE('',*,*,#1033,.F.);
#1332=ORIENTED_EDGE('',*,*,#1032,.F.);
#1333=ORIENTED_EDGE('',*,*,#1034,.F.);
#1334=ORIENTED_EDGE('',*,*,#1025,.F.);
#1335=ORIENTED_EDGE('',*,*,#1035,.F.);
#1336=ORIENTED_EDGE('',*,*,#1023,.F.);
#1337=ORIENTED_EDGE('',*,*,#1035,.T.);
#1338=ORIENTED_EDGE('',*,*,#1024,.F.);
#1339=ORIENTED_EDGE('',*,*,#1031,.T.);
#1340=ORIENTED_EDGE('',*,*,#1036,.T.);
#1341=ORIENTED_EDGE('',*,*,#1037,.T.);
#1342=ORIENTED_EDGE('',*,*,#1038,.T.);
#1343=ORIENTED_EDGE('',*,*,#1039,.T.);
#1344=ORIENTED_EDGE('',*,*,#1036,.F.);
#1345=ORIENTED_EDGE('',*,*,#1040,.T.);
#1346=ORIENTED_EDGE('',*,*,#1041,.T.);
#1347=ORIENTED_EDGE('',*,*,#1042,.T.);
#1348=ORIENTED_EDGE('',*,*,#1043,.T.);
#1349=ORIENTED_EDGE('',*,*,#1044,.T.);
#1350=ORIENTED_EDGE('',*,*,#1041,.F.);
#1351=ORIENTED_EDGE('',*,*,#1045,.T.);
#1352=ORIENTED_EDGE('',*,*,#1043,.F.);
#1353=ORIENTED_EDGE('',*,*,#1046,.T.);
#1354=ORIENTED_EDGE('',*,*,#1047,.T.);
#1355=ORIENTED_EDGE('',*,*,#1048,.T.);
#1356=ORIENTED_EDGE('',*,*,#1049,.T.);
#1357=ORIENTED_EDGE('',*,*,#1050,.T.);
#1358=ORIENTED_EDGE('',*,*,#1047,.F.);
#1359=ORIENTED_EDGE('',*,*,#1051,.T.);
#1360=ORIENTED_EDGE('',*,*,#1049,.F.);
#1361=ORIENTED_EDGE('',*,*,#1052,.T.);
#1362=ORIENTED_EDGE('',*,*,#1053,.T.);
#1363=ORIENTED_EDGE('',*,*,#1054,.T.);
#1364=ORIENTED_EDGE('',*,*,#1055,.T.);
#1365=ORIENTED_EDGE('',*,*,#1056,.T.);
#1366=ORIENTED_EDGE('',*,*,#1053,.F.);
#1367=ORIENTED_EDGE('',*,*,#1057,.T.);
#1368=ORIENTED_EDGE('',*,*,#1055,.F.);
#1369=ORIENTED_EDGE('',*,*,#1058,.T.);
#1370=ORIENTED_EDGE('',*,*,#1038,.F.);
#1371=ORIENTED_EDGE('',*,*,#1059,.T.);
#1372=ORIENTED_EDGE('',*,*,#1046,.F.);
#1373=ORIENTED_EDGE('',*,*,#1060,.T.);
#1374=ORIENTED_EDGE('',*,*,#1061,.T.);
#1375=ORIENTED_EDGE('',*,*,#1045,.F.);
#1376=ORIENTED_EDGE('',*,*,#1062,.F.);
#1377=ORIENTED_EDGE('',*,*,#1063,.T.);
#1378=ORIENTED_EDGE('',*,*,#1060,.F.);
#1379=ORIENTED_EDGE('',*,*,#1040,.F.);
#1380=ORIENTED_EDGE('',*,*,#1064,.T.);
#1381=ORIENTED_EDGE('',*,*,#1062,.T.);
#1382=ORIENTED_EDGE('',*,*,#1039,.F.);
#1383=ORIENTED_EDGE('',*,*,#1065,.F.);
#1384=ORIENTED_EDGE('',*,*,#1066,.T.);
#1385=ORIENTED_EDGE('',*,*,#1064,.F.);
#1386=ORIENTED_EDGE('',*,*,#1026,.T.);
#1387=ORIENTED_EDGE('',*,*,#1034,.T.);
#1388=ORIENTED_EDGE('',*,*,#1022,.T.);
#1389=ORIENTED_EDGE('',*,*,#1017,.F.);
#1390=ORIENTED_EDGE('',*,*,#1030,.T.);
#1391=ORIENTED_EDGE('',*,*,#1067,.T.);
#1392=ORIENTED_EDGE('',*,*,#1000,.T.);
#1393=ORIENTED_EDGE('',*,*,#995,.T.);
#1394=ORIENTED_EDGE('',*,*,#1008,.T.);
#1395=ORIENTED_EDGE('',*,*,#1012,.F.);
#1396=ORIENTED_EDGE('',*,*,#1004,.T.);
#1397=ORIENTED_EDGE('',*,*,#1068,.T.);
#1398=ORIENTED_EDGE('',*,*,#994,.T.);
#1399=ORIENTED_EDGE('',*,*,#1011,.F.);
#1400=ORIENTED_EDGE('',*,*,#1016,.F.);
#1401=ORIENTED_EDGE('',*,*,#1033,.T.);
#1402=ORIENTED_EDGE('',*,*,#1037,.F.);
#1403=ORIENTED_EDGE('',*,*,#1042,.F.);
#1404=ORIENTED_EDGE('',*,*,#1044,.F.);
#1405=ORIENTED_EDGE('',*,*,#1048,.F.);
#1406=ORIENTED_EDGE('',*,*,#1050,.F.);
#1407=ORIENTED_EDGE('',*,*,#1054,.F.);
#1408=ORIENTED_EDGE('',*,*,#1056,.F.);
#1409=ORIENTED_EDGE('',*,*,#1059,.F.);
#1410=ORIENTED_EDGE('',*,*,#1069,.T.);
#1411=ORIENTED_EDGE('',*,*,#1070,.T.);
#1412=ORIENTED_EDGE('',*,*,#1071,.T.);
#1413=ORIENTED_EDGE('',*,*,#1069,.F.);
#1414=ORIENTED_EDGE('',*,*,#1072,.T.);
#1415=ORIENTED_EDGE('',*,*,#1073,.F.);
#1416=ORIENTED_EDGE('',*,*,#1074,.T.);
#1417=ORIENTED_EDGE('',*,*,#1075,.F.);
#1418=ORIENTED_EDGE('',*,*,#1076,.T.);
#1419=ORIENTED_EDGE('',*,*,#1077,.F.);
#1420=ORIENTED_EDGE('',*,*,#1078,.T.);
#1421=ORIENTED_EDGE('',*,*,#1079,.T.);
#1422=ORIENTED_EDGE('',*,*,#1080,.T.);
#1423=ORIENTED_EDGE('',*,*,#1081,.T.);
#1424=ORIENTED_EDGE('',*,*,#1082,.T.);
#1425=ORIENTED_EDGE('',*,*,#1071,.F.);
#1426=ORIENTED_EDGE('',*,*,#1083,.T.);
#1427=ORIENTED_EDGE('',*,*,#1084,.F.);
#1428=ORIENTED_EDGE('',*,*,#1072,.F.);
#1429=ORIENTED_EDGE('',*,*,#1052,.F.);
#1430=ORIENTED_EDGE('',*,*,#1085,.T.);
#1431=ORIENTED_EDGE('',*,*,#1086,.T.);
#1432=ORIENTED_EDGE('',*,*,#1057,.F.);
#1433=ORIENTED_EDGE('',*,*,#1086,.F.);
#1434=ORIENTED_EDGE('',*,*,#1087,.T.);
#1435=ORIENTED_EDGE('',*,*,#1088,.F.);
#1436=ORIENTED_EDGE('',*,*,#1051,.F.);
#1437=ORIENTED_EDGE('',*,*,#1061,.F.);
#1438=ORIENTED_EDGE('',*,*,#1089,.T.);
#1439=ORIENTED_EDGE('',*,*,#1085,.F.);
#1440=ORIENTED_EDGE('',*,*,#1073,.T.);
#1441=ORIENTED_EDGE('',*,*,#1084,.T.);
#1442=ORIENTED_EDGE('',*,*,#1090,.T.);
#1443=ORIENTED_EDGE('',*,*,#1075,.T.);
#1444=ORIENTED_EDGE('',*,*,#1091,.T.);
#1445=ORIENTED_EDGE('',*,*,#1092,.T.);
#1446=ORIENTED_EDGE('',*,*,#1092,.F.);
#1447=ORIENTED_EDGE('',*,*,#1093,.T.);
#1448=ORIENTED_EDGE('',*,*,#1094,.F.);
#1449=ORIENTED_EDGE('',*,*,#1076,.F.);
#1450=ORIENTED_EDGE('',*,*,#1077,.T.);
#1451=ORIENTED_EDGE('',*,*,#1094,.T.);
#1452=ORIENTED_EDGE('',*,*,#1095,.T.);
#1453=ORIENTED_EDGE('',*,*,#1070,.F.);
#1454=ORIENTED_EDGE('',*,*,#1078,.F.);
#1455=ORIENTED_EDGE('',*,*,#1095,.F.);
#1456=ORIENTED_EDGE('',*,*,#1096,.T.);
#1457=ORIENTED_EDGE('',*,*,#1058,.F.);
#1458=ORIENTED_EDGE('',*,*,#1088,.T.);
#1459=ORIENTED_EDGE('',*,*,#1065,.T.);
#1460=ORIENTED_EDGE('',*,*,#1090,.F.);
#1461=ORIENTED_EDGE('',*,*,#1097,.T.);
#1462=ORIENTED_EDGE('',*,*,#1091,.F.);
#1463=ORIENTED_EDGE('',*,*,#1074,.F.);
#1464=ORIENTED_EDGE('',*,*,#1087,.F.);
#1465=ORIENTED_EDGE('',*,*,#1089,.F.);
#1466=ORIENTED_EDGE('',*,*,#1063,.F.);
#1467=ORIENTED_EDGE('',*,*,#1066,.F.);
#1468=ORIENTED_EDGE('',*,*,#1097,.F.);
#1469=ORIENTED_EDGE('',*,*,#1083,.F.);
#1470=ORIENTED_EDGE('',*,*,#1096,.F.);
#1471=ORIENTED_EDGE('',*,*,#1093,.F.);
#1472=ORIENTED_EDGE('',*,*,#1098,.F.);
#1473=ORIENTED_EDGE('',*,*,#1099,.T.);
#1474=ORIENTED_EDGE('',*,*,#1100,.F.);
#1475=ORIENTED_EDGE('',*,*,#1099,.F.);
#1476=ORIENTED_EDGE('',*,*,#1101,.F.);
#1477=ORIENTED_EDGE('',*,*,#1102,.T.);
#1478=ORIENTED_EDGE('',*,*,#1103,.F.);
#1479=ORIENTED_EDGE('',*,*,#1102,.F.);
#1480=ORIENTED_EDGE('',*,*,#1104,.F.);
#1481=ORIENTED_EDGE('',*,*,#1105,.T.);
#1482=ORIENTED_EDGE('',*,*,#1106,.F.);
#1483=ORIENTED_EDGE('',*,*,#1105,.F.);
#1484=ORIENTED_EDGE('',*,*,#1107,.F.);
#1485=ORIENTED_EDGE('',*,*,#1108,.T.);
#1486=ORIENTED_EDGE('',*,*,#1109,.F.);
#1487=ORIENTED_EDGE('',*,*,#1108,.F.);
#1488=ORIENTED_EDGE('',*,*,#1110,.F.);
#1489=ORIENTED_EDGE('',*,*,#1111,.T.);
#1490=ORIENTED_EDGE('',*,*,#1112,.F.);
#1491=ORIENTED_EDGE('',*,*,#1111,.F.);
#1492=ORIENTED_EDGE('',*,*,#1113,.F.);
#1493=ORIENTED_EDGE('',*,*,#1114,.T.);
#1494=ORIENTED_EDGE('',*,*,#1115,.F.);
#1495=ORIENTED_EDGE('',*,*,#1114,.F.);
#1496=ORIENTED_EDGE('',*,*,#1116,.F.);
#1497=ORIENTED_EDGE('',*,*,#1117,.T.);
#1498=ORIENTED_EDGE('',*,*,#1118,.F.);
#1499=ORIENTED_EDGE('',*,*,#1117,.F.);
#1500=ORIENTED_EDGE('',*,*,#1119,.F.);
#1501=ORIENTED_EDGE('',*,*,#1120,.T.);
#1502=ORIENTED_EDGE('',*,*,#1121,.F.);
#1503=ORIENTED_EDGE('',*,*,#1120,.F.);
#1504=ORIENTED_EDGE('',*,*,#1122,.T.);
#1505=ORIENTED_EDGE('',*,*,#1103,.T.);
#1506=ORIENTED_EDGE('',*,*,#1109,.T.);
#1507=ORIENTED_EDGE('',*,*,#1115,.T.);
#1508=ORIENTED_EDGE('',*,*,#1121,.T.);
#1509=ORIENTED_EDGE('',*,*,#1123,.F.);
#1510=ORIENTED_EDGE('',*,*,#1124,.F.);
#1511=ORIENTED_EDGE('',*,*,#1125,.F.);
#1512=ORIENTED_EDGE('',*,*,#1126,.F.);
#1513=ORIENTED_EDGE('',*,*,#1122,.F.);
#1514=ORIENTED_EDGE('',*,*,#1127,.T.);
#1515=ORIENTED_EDGE('',*,*,#1128,.T.);
#1516=ORIENTED_EDGE('',*,*,#1127,.F.);
#1517=ORIENTED_EDGE('',*,*,#1129,.T.);
#1518=ORIENTED_EDGE('',*,*,#1130,.T.);
#1519=ORIENTED_EDGE('',*,*,#1131,.T.);
#1520=ORIENTED_EDGE('',*,*,#1132,.T.);
#1521=ORIENTED_EDGE('',*,*,#1133,.T.);
#1522=ORIENTED_EDGE('',*,*,#1134,.T.);
#1523=ORIENTED_EDGE('',*,*,#1135,.T.);
#1524=ORIENTED_EDGE('',*,*,#1136,.T.);
#1525=ORIENTED_EDGE('',*,*,#1137,.F.);
#1526=ORIENTED_EDGE('',*,*,#1136,.F.);
#1527=ORIENTED_EDGE('',*,*,#1138,.T.);
#1528=ORIENTED_EDGE('',*,*,#1139,.T.);
#1529=ORIENTED_EDGE('',*,*,#1140,.T.);
#1530=ORIENTED_EDGE('',*,*,#1141,.T.);
#1531=ORIENTED_EDGE('',*,*,#1142,.T.);
#1532=ORIENTED_EDGE('',*,*,#1143,.T.);
#1533=ORIENTED_EDGE('',*,*,#1144,.T.);
#1534=ORIENTED_EDGE('',*,*,#1145,.F.);
#1535=ORIENTED_EDGE('',*,*,#1137,.T.);
#1536=ORIENTED_EDGE('',*,*,#1145,.T.);
#1537=ORIENTED_EDGE('',*,*,#1146,.T.);
#1538=ORIENTED_EDGE('',*,*,#1147,.F.);
#1539=ORIENTED_EDGE('',*,*,#1148,.F.);
#1540=ORIENTED_EDGE('',*,*,#1146,.F.);
#1541=ORIENTED_EDGE('',*,*,#1148,.T.);
#1542=ORIENTED_EDGE('',*,*,#1149,.T.);
#1543=ORIENTED_EDGE('',*,*,#1150,.F.);
#1544=ORIENTED_EDGE('',*,*,#1151,.F.);
#1545=ORIENTED_EDGE('',*,*,#1149,.F.);
#1546=ORIENTED_EDGE('',*,*,#1147,.T.);
#1547=ORIENTED_EDGE('',*,*,#1150,.T.);
#1548=ORIENTED_EDGE('',*,*,#1151,.T.);
#1549=ORIENTED_EDGE('',*,*,#1152,.T.);
#1550=ORIENTED_EDGE('',*,*,#1153,.F.);
#1551=ORIENTED_EDGE('',*,*,#1152,.F.);
#1552=ORIENTED_EDGE('',*,*,#1154,.F.);
#1553=ORIENTED_EDGE('',*,*,#1153,.T.);
#1554=ORIENTED_EDGE('',*,*,#1154,.T.);
#1555=ORIENTED_EDGE('',*,*,#1155,.T.);
#1556=ORIENTED_EDGE('',*,*,#1156,.F.);
#1557=ORIENTED_EDGE('',*,*,#1157,.F.);
#1558=ORIENTED_EDGE('',*,*,#1155,.F.);
#1559=ORIENTED_EDGE('',*,*,#1158,.F.);
#1560=ORIENTED_EDGE('',*,*,#1159,.F.);
#1561=ORIENTED_EDGE('',*,*,#1160,.T.);
#1562=ORIENTED_EDGE('',*,*,#1156,.T.);
#1563=ORIENTED_EDGE('',*,*,#1157,.T.);
#1564=ORIENTED_EDGE('',*,*,#1160,.F.);
#1565=ORIENTED_EDGE('',*,*,#1158,.T.);
#1566=ORIENTED_EDGE('',*,*,#1159,.T.);
#1567=ORIENTED_EDGE('',*,*,#1161,.T.);
#1568=ORIENTED_EDGE('',*,*,#1162,.F.);
#1569=ORIENTED_EDGE('',*,*,#1161,.F.);
#1570=ORIENTED_EDGE('',*,*,#1163,.F.);
#1571=ORIENTED_EDGE('',*,*,#1162,.T.);
#1572=ORIENTED_EDGE('',*,*,#1163,.T.);
#1573=ORIENTED_EDGE('',*,*,#1164,.T.);
#1574=ORIENTED_EDGE('',*,*,#1165,.F.);
#1575=ORIENTED_EDGE('',*,*,#1166,.F.);
#1576=ORIENTED_EDGE('',*,*,#1164,.F.);
#1577=ORIENTED_EDGE('',*,*,#1165,.T.);
#1578=ORIENTED_EDGE('',*,*,#1166,.T.);
#1579=ORIENTED_EDGE('',*,*,#1167,.T.);
#1580=ORIENTED_EDGE('',*,*,#1168,.F.);
#1581=ORIENTED_EDGE('',*,*,#1167,.F.);
#1582=ORIENTED_EDGE('',*,*,#1128,.F.);
#1583=ORIENTED_EDGE('',*,*,#1101,.T.);
#1584=ORIENTED_EDGE('',*,*,#1107,.T.);
#1585=ORIENTED_EDGE('',*,*,#1113,.T.);
#1586=ORIENTED_EDGE('',*,*,#1119,.T.);
#1587=ORIENTED_EDGE('',*,*,#1168,.T.);
#1588=ORIENTED_EDGE('',*,*,#1169,.F.);
#1589=ORIENTED_EDGE('',*,*,#1098,.T.);
#1590=ORIENTED_EDGE('',*,*,#1104,.T.);
#1591=ORIENTED_EDGE('',*,*,#1110,.T.);
#1592=ORIENTED_EDGE('',*,*,#1116,.T.);
#1593=ORIENTED_EDGE('',*,*,#1170,.F.);
#1594=ORIENTED_EDGE('',*,*,#1171,.F.);
#1595=ORIENTED_EDGE('',*,*,#1172,.F.);
#1596=ORIENTED_EDGE('',*,*,#1173,.F.);
#1597=ORIENTED_EDGE('',*,*,#1174,.T.);
#1598=ORIENTED_EDGE('',*,*,#1175,.F.);
#1599=ORIENTED_EDGE('',*,*,#1175,.T.);
#1600=ORIENTED_EDGE('',*,*,#1176,.T.);
#1601=ORIENTED_EDGE('',*,*,#1177,.T.);
#1602=ORIENTED_EDGE('',*,*,#1178,.T.);
#1603=ORIENTED_EDGE('',*,*,#1179,.T.);
#1604=ORIENTED_EDGE('',*,*,#1180,.T.);
#1605=ORIENTED_EDGE('',*,*,#1181,.T.);
#1606=ORIENTED_EDGE('',*,*,#1182,.T.);
#1607=ORIENTED_EDGE('',*,*,#1183,.T.);
#1608=ORIENTED_EDGE('',*,*,#1184,.T.);
#1609=ORIENTED_EDGE('',*,*,#1185,.T.);
#1610=ORIENTED_EDGE('',*,*,#1186,.T.);
#1611=ORIENTED_EDGE('',*,*,#1187,.T.);
#1612=ORIENTED_EDGE('',*,*,#1188,.T.);
#1613=ORIENTED_EDGE('',*,*,#1189,.T.);
#1614=ORIENTED_EDGE('',*,*,#1176,.F.);
#1615=ORIENTED_EDGE('',*,*,#1190,.F.);
#1616=ORIENTED_EDGE('',*,*,#1191,.T.);
#1617=ORIENTED_EDGE('',*,*,#1169,.T.);
#1618=ORIENTED_EDGE('',*,*,#1191,.F.);
#1619=ORIENTED_EDGE('',*,*,#1190,.T.);
#1620=ORIENTED_EDGE('',*,*,#1100,.T.);
#1621=ORIENTED_EDGE('',*,*,#1106,.T.);
#1622=ORIENTED_EDGE('',*,*,#1112,.T.);
#1623=ORIENTED_EDGE('',*,*,#1118,.T.);
#1624=ORIENTED_EDGE('',*,*,#1192,.F.);
#1625=ORIENTED_EDGE('',*,*,#1192,.T.);
#1626=ORIENTED_EDGE('',*,*,#1193,.T.);
#1627=ORIENTED_EDGE('',*,*,#1194,.F.);
#1628=ORIENTED_EDGE('',*,*,#1193,.F.);
#1629=ORIENTED_EDGE('',*,*,#1194,.T.);
#1630=ORIENTED_EDGE('',*,*,#1195,.T.);
#1631=ORIENTED_EDGE('',*,*,#1196,.F.);
#1632=ORIENTED_EDGE('',*,*,#1195,.F.);
#1633=ORIENTED_EDGE('',*,*,#1196,.T.);
#1634=ORIENTED_EDGE('',*,*,#1197,.F.);
#1635=ORIENTED_EDGE('',*,*,#1197,.T.);
#1636=ORIENTED_EDGE('',*,*,#1198,.T.);
#1637=ORIENTED_EDGE('',*,*,#1199,.F.);
#1638=ORIENTED_EDGE('',*,*,#1198,.F.);
#1639=ORIENTED_EDGE('',*,*,#1200,.F.);
#1640=ORIENTED_EDGE('',*,*,#1201,.T.);
#1641=ORIENTED_EDGE('',*,*,#1199,.T.);
#1642=ORIENTED_EDGE('',*,*,#1201,.F.);
#1643=ORIENTED_EDGE('',*,*,#1200,.T.);
#1644=ORIENTED_EDGE('',*,*,#1202,.T.);
#1645=ORIENTED_EDGE('',*,*,#1203,.F.);
#1646=ORIENTED_EDGE('',*,*,#1202,.F.);
#1647=ORIENTED_EDGE('',*,*,#1203,.T.);
#1648=ORIENTED_EDGE('',*,*,#1204,.F.);
#1649=ORIENTED_EDGE('',*,*,#1204,.T.);
#1650=ORIENTED_EDGE('',*,*,#1205,.T.);
#1651=ORIENTED_EDGE('',*,*,#1206,.F.);
#1652=ORIENTED_EDGE('',*,*,#1205,.F.);
#1653=ORIENTED_EDGE('',*,*,#1206,.T.);
#1654=ORIENTED_EDGE('',*,*,#1207,.T.);
#1655=ORIENTED_EDGE('',*,*,#1208,.F.);
#1656=ORIENTED_EDGE('',*,*,#1207,.F.);
#1657=ORIENTED_EDGE('',*,*,#1208,.T.);
#1658=ORIENTED_EDGE('',*,*,#1209,.T.);
#1659=ORIENTED_EDGE('',*,*,#1174,.F.);
#1660=ORIENTED_EDGE('',*,*,#1209,.F.);
#1661=ORIENTED_EDGE('',*,*,#1179,.F.);
#1662=ORIENTED_EDGE('',*,*,#1210,.T.);
#1663=ORIENTED_EDGE('',*,*,#1211,.T.);
#1664=ORIENTED_EDGE('',*,*,#1212,.T.);
#1665=ORIENTED_EDGE('',*,*,#1213,.T.);
#1666=ORIENTED_EDGE('',*,*,#1214,.F.);
#1667=ORIENTED_EDGE('',*,*,#1181,.F.);
#1668=ORIENTED_EDGE('',*,*,#1180,.F.);
#1669=ORIENTED_EDGE('',*,*,#1182,.F.);
#1670=ORIENTED_EDGE('',*,*,#1214,.T.);
#1671=ORIENTED_EDGE('',*,*,#1215,.T.);
#1672=ORIENTED_EDGE('',*,*,#1216,.T.);
#1673=ORIENTED_EDGE('',*,*,#1217,.T.);
#1674=ORIENTED_EDGE('',*,*,#1218,.F.);
#1675=ORIENTED_EDGE('',*,*,#1184,.F.);
#1676=ORIENTED_EDGE('',*,*,#1183,.F.);
#1677=ORIENTED_EDGE('',*,*,#1185,.F.);
#1678=ORIENTED_EDGE('',*,*,#1218,.T.);
#1679=ORIENTED_EDGE('',*,*,#1219,.T.);
#1680=ORIENTED_EDGE('',*,*,#1220,.T.);
#1681=ORIENTED_EDGE('',*,*,#1221,.T.);
#1682=ORIENTED_EDGE('',*,*,#1222,.F.);
#1683=ORIENTED_EDGE('',*,*,#1187,.F.);
#1684=ORIENTED_EDGE('',*,*,#1186,.F.);
#1685=ORIENTED_EDGE('',*,*,#1188,.F.);
#1686=ORIENTED_EDGE('',*,*,#1222,.T.);
#1687=ORIENTED_EDGE('',*,*,#1223,.T.);
#1688=ORIENTED_EDGE('',*,*,#1224,.T.);
#1689=ORIENTED_EDGE('',*,*,#1225,.T.);
#1690=ORIENTED_EDGE('',*,*,#1210,.F.);
#1691=ORIENTED_EDGE('',*,*,#1178,.F.);
#1692=ORIENTED_EDGE('',*,*,#1177,.F.);
#1693=ORIENTED_EDGE('',*,*,#1189,.F.);
#1694=ORIENTED_EDGE('',*,*,#1170,.T.);
#1695=ORIENTED_EDGE('',*,*,#1226,.T.);
#1696=ORIENTED_EDGE('',*,*,#1227,.F.);
#1697=ORIENTED_EDGE('',*,*,#1228,.F.);
#1698=ORIENTED_EDGE('',*,*,#1173,.T.);
#1699=ORIENTED_EDGE('',*,*,#1229,.T.);
#1700=ORIENTED_EDGE('',*,*,#1230,.F.);
#1701=ORIENTED_EDGE('',*,*,#1226,.F.);
#1702=ORIENTED_EDGE('',*,*,#1172,.T.);
#1703=ORIENTED_EDGE('',*,*,#1231,.T.);
#1704=ORIENTED_EDGE('',*,*,#1232,.F.);
#1705=ORIENTED_EDGE('',*,*,#1229,.F.);
#1706=ORIENTED_EDGE('',*,*,#1171,.T.);
#1707=ORIENTED_EDGE('',*,*,#1228,.T.);
#1708=ORIENTED_EDGE('',*,*,#1233,.F.);
#1709=ORIENTED_EDGE('',*,*,#1231,.F.);
#1710=ORIENTED_EDGE('',*,*,#1234,.F.);
#1711=ORIENTED_EDGE('',*,*,#1235,.F.);
#1712=ORIENTED_EDGE('',*,*,#1217,.F.);
#1713=ORIENTED_EDGE('',*,*,#1216,.F.);
#1714=ORIENTED_EDGE('',*,*,#1215,.F.);
#1715=ORIENTED_EDGE('',*,*,#1236,.T.);
#1716=ORIENTED_EDGE('',*,*,#1237,.T.);
#1717=ORIENTED_EDGE('',*,*,#1238,.T.);
#1718=ORIENTED_EDGE('',*,*,#1133,.F.);
#1719=ORIENTED_EDGE('',*,*,#1132,.F.);
#1720=ORIENTED_EDGE('',*,*,#1131,.F.);
#1721=ORIENTED_EDGE('',*,*,#1239,.F.);
#1722=ORIENTED_EDGE('',*,*,#1240,.T.);
#1723=ORIENTED_EDGE('',*,*,#1241,.T.);
#1724=ORIENTED_EDGE('',*,*,#1242,.T.);
#1725=ORIENTED_EDGE('',*,*,#1239,.T.);
#1726=ORIENTED_EDGE('',*,*,#1130,.F.);
#1727=ORIENTED_EDGE('',*,*,#1129,.F.);
#1728=ORIENTED_EDGE('',*,*,#1144,.F.);
#1729=ORIENTED_EDGE('',*,*,#1143,.F.);
#1730=ORIENTED_EDGE('',*,*,#1243,.F.);
#1731=ORIENTED_EDGE('',*,*,#1244,.T.);
#1732=ORIENTED_EDGE('',*,*,#1245,.T.);
#1733=ORIENTED_EDGE('',*,*,#1246,.T.);
#1734=ORIENTED_EDGE('',*,*,#1243,.T.);
#1735=ORIENTED_EDGE('',*,*,#1142,.F.);
#1736=ORIENTED_EDGE('',*,*,#1141,.F.);
#1737=ORIENTED_EDGE('',*,*,#1140,.F.);
#1738=ORIENTED_EDGE('',*,*,#1247,.F.);
#1739=ORIENTED_EDGE('',*,*,#1248,.T.);
#1740=ORIENTED_EDGE('',*,*,#1249,.T.);
#1741=ORIENTED_EDGE('',*,*,#1250,.T.);
#1742=ORIENTED_EDGE('',*,*,#1247,.T.);
#1743=ORIENTED_EDGE('',*,*,#1139,.F.);
#1744=ORIENTED_EDGE('',*,*,#1138,.F.);
#1745=ORIENTED_EDGE('',*,*,#1135,.F.);
#1746=ORIENTED_EDGE('',*,*,#1134,.F.);
#1747=ORIENTED_EDGE('',*,*,#1238,.F.);
#1748=ORIENTED_EDGE('',*,*,#1251,.T.);
#1749=ORIENTED_EDGE('',*,*,#1252,.T.);
#1750=ORIENTED_EDGE('',*,*,#1123,.T.);
#1751=ORIENTED_EDGE('',*,*,#1253,.T.);
#1752=ORIENTED_EDGE('',*,*,#1254,.F.);
#1753=ORIENTED_EDGE('',*,*,#1255,.F.);
#1754=ORIENTED_EDGE('',*,*,#1126,.T.);
#1755=ORIENTED_EDGE('',*,*,#1256,.T.);
#1756=ORIENTED_EDGE('',*,*,#1257,.F.);
#1757=ORIENTED_EDGE('',*,*,#1253,.F.);
#1758=ORIENTED_EDGE('',*,*,#1125,.T.);
#1759=ORIENTED_EDGE('',*,*,#1258,.T.);
#1760=ORIENTED_EDGE('',*,*,#1259,.F.);
#1761=ORIENTED_EDGE('',*,*,#1256,.F.);
#1762=ORIENTED_EDGE('',*,*,#1124,.T.);
#1763=ORIENTED_EDGE('',*,*,#1255,.T.);
#1764=ORIENTED_EDGE('',*,*,#1260,.F.);
#1765=ORIENTED_EDGE('',*,*,#1258,.F.);
#1766=ORIENTED_EDGE('',*,*,#1261,.F.);
#1767=ORIENTED_EDGE('',*,*,#1262,.F.);
#1768=ORIENTED_EDGE('',*,*,#1250,.F.);
#1769=ORIENTED_EDGE('',*,*,#1252,.F.);
#1770=ORIENTED_EDGE('',*,*,#1251,.F.);
#1771=ORIENTED_EDGE('',*,*,#1263,.T.);
#1772=ORIENTED_EDGE('',*,*,#1234,.T.);
#1773=ORIENTED_EDGE('',*,*,#1264,.T.);
#1774=ORIENTED_EDGE('',*,*,#1082,.F.);
#1775=ORIENTED_EDGE('',*,*,#1265,.F.);
#1776=ORIENTED_EDGE('',*,*,#1266,.F.);
#1777=ORIENTED_EDGE('',*,*,#1221,.F.);
#1778=ORIENTED_EDGE('',*,*,#1220,.F.);
#1779=ORIENTED_EDGE('',*,*,#1219,.F.);
#1780=ORIENTED_EDGE('',*,*,#1235,.T.);
#1781=ORIENTED_EDGE('',*,*,#1265,.T.);
#1782=ORIENTED_EDGE('',*,*,#1081,.F.);
#1783=ORIENTED_EDGE('',*,*,#1267,.F.);
#1784=ORIENTED_EDGE('',*,*,#1263,.F.);
#1785=ORIENTED_EDGE('',*,*,#1237,.F.);
#1786=ORIENTED_EDGE('',*,*,#1241,.F.);
#1787=ORIENTED_EDGE('',*,*,#1240,.F.);
#1788=ORIENTED_EDGE('',*,*,#1261,.T.);
#1789=ORIENTED_EDGE('',*,*,#1267,.T.);
#1790=ORIENTED_EDGE('',*,*,#1080,.F.);
#1791=ORIENTED_EDGE('',*,*,#1268,.F.);
#1792=ORIENTED_EDGE('',*,*,#1269,.T.);
#1793=ORIENTED_EDGE('',*,*,#1246,.F.);
#1794=ORIENTED_EDGE('',*,*,#1249,.F.);
#1795=ORIENTED_EDGE('',*,*,#1248,.F.);
#1796=ORIENTED_EDGE('',*,*,#1262,.T.);
#1797=ORIENTED_EDGE('',*,*,#1268,.T.);
#1798=ORIENTED_EDGE('',*,*,#1079,.F.);
#1799=ORIENTED_EDGE('',*,*,#1264,.F.);
#1800=ORIENTED_EDGE('',*,*,#1236,.F.);
#1801=ORIENTED_EDGE('',*,*,#1213,.F.);
#1802=ORIENTED_EDGE('',*,*,#1212,.F.);
#1803=ORIENTED_EDGE('',*,*,#1211,.F.);
#1804=ORIENTED_EDGE('',*,*,#1270,.T.);
#1805=ORIENTED_EDGE('',*,*,#1001,.T.);
#1806=ORIENTED_EDGE('',*,*,#1067,.F.);
#1807=ORIENTED_EDGE('',*,*,#1029,.F.);
#1808=ORIENTED_EDGE('',*,*,#1227,.T.);
#1809=ORIENTED_EDGE('',*,*,#1230,.T.);
#1810=ORIENTED_EDGE('',*,*,#1232,.T.);
#1811=ORIENTED_EDGE('',*,*,#1233,.T.);
#1812=ORIENTED_EDGE('',*,*,#1271,.T.);
#1813=ORIENTED_EDGE('',*,*,#1027,.T.);
#1814=ORIENTED_EDGE('',*,*,#1068,.F.);
#1815=ORIENTED_EDGE('',*,*,#1003,.F.);
#1816=ORIENTED_EDGE('',*,*,#1254,.T.);
#1817=ORIENTED_EDGE('',*,*,#1257,.T.);
#1818=ORIENTED_EDGE('',*,*,#1259,.T.);
#1819=ORIENTED_EDGE('',*,*,#1260,.T.);
#1820=ORIENTED_EDGE('',*,*,#1266,.T.);
#1821=ORIENTED_EDGE('',*,*,#1242,.F.);
#1822=ORIENTED_EDGE('',*,*,#1245,.F.);
#1823=ORIENTED_EDGE('',*,*,#1244,.F.);
#1824=ORIENTED_EDGE('',*,*,#1269,.F.);
#1825=ORIENTED_EDGE('',*,*,#1225,.F.);
#1826=ORIENTED_EDGE('',*,*,#1224,.F.);
#1827=ORIENTED_EDGE('',*,*,#1223,.F.);
#1828=ORIENTED_EDGE('',*,*,#1002,.F.);
#1829=ORIENTED_EDGE('',*,*,#1270,.F.);
#1830=ORIENTED_EDGE('',*,*,#1028,.F.);
#1831=ORIENTED_EDGE('',*,*,#1271,.F.);
#1832=CYLINDRICAL_SURFACE('',#1987,2.);
#1833=CYLINDRICAL_SURFACE('',#1990,5.);
#1834=CYLINDRICAL_SURFACE('',#1995,2.);
#1835=CYLINDRICAL_SURFACE('',#1998,5.);
#1836=CYLINDRICAL_SURFACE('',#2002,2.);
#1837=CYLINDRICAL_SURFACE('',#2005,5.);
#1838=CYLINDRICAL_SURFACE('',#2010,2.);
#1839=CYLINDRICAL_SURFACE('',#2013,5.);
#1840=CYLINDRICAL_SURFACE('',#2036,1.25);
#1841=CYLINDRICAL_SURFACE('',#2040,1.24999999999999);
#1842=CYLINDRICAL_SURFACE('',#2046,1.24999999999999);
#1843=CYLINDRICAL_SURFACE('',#2051,1.25);
#1844=CYLINDRICAL_SURFACE('',#2053,1.24999999999999);
#1845=CYLINDRICAL_SURFACE('',#2057,1.24999999999999);
#1846=CYLINDRICAL_SURFACE('',#2060,1.25);
#1847=CYLINDRICAL_SURFACE('',#2062,1.25);
#1848=CYLINDRICAL_SURFACE('',#2064,2.);
#1849=CYLINDRICAL_SURFACE('',#2067,2.);
#1850=CYLINDRICAL_SURFACE('',#2070,2.);
#1851=CYLINDRICAL_SURFACE('',#2073,2.);
#1852=CYLINDRICAL_SURFACE('',#2076,2.);
#1853=CYLINDRICAL_SURFACE('',#2079,2.);
#1854=CYLINDRICAL_SURFACE('',#2082,2.);
#1855=CYLINDRICAL_SURFACE('',#2085,2.);
#1856=CYLINDRICAL_SURFACE('',#2094,55.);
#1857=CYLINDRICAL_SURFACE('',#2096,35.);
#1858=CYLINDRICAL_SURFACE('',#2124,41.);
#1859=CYLINDRICAL_SURFACE('',#2140,35.);
#1860=CYLINDRICAL_SURFACE('',#2141,55.);
#1861=CYLINDRICAL_SURFACE('',#2148,41.);
#1862=ADVANCED_FACE('',(#185),#1832,.F.);
#1863=ADVANCED_FACE('',(#186),#1833,.T.);
#1864=ADVANCED_FACE('',(#187,#113),#152,.F.);
#1865=ADVANCED_FACE('',(#188),#153,.T.);
#1866=ADVANCED_FACE('',(#189),#1834,.F.);
#1867=ADVANCED_FACE('',(#190),#1835,.T.);
#1868=ADVANCED_FACE('',(#191,#114),#154,.T.);
#1869=ADVANCED_FACE('',(#192),#1836,.F.);
#1870=ADVANCED_FACE('',(#193),#1837,.T.);
#1871=ADVANCED_FACE('',(#194,#115),#155,.T.);
#1872=ADVANCED_FACE('',(#195),#156,.T.);
#1873=ADVANCED_FACE('',(#196),#1838,.F.);
#1874=ADVANCED_FACE('',(#197),#1839,.T.);
#1875=ADVANCED_FACE('',(#198,#116),#157,.F.);
#1876=ADVANCED_FACE('',(#199),#158,.T.);
#1877=ADVANCED_FACE('',(#200),#105,.F.);
#1878=ADVANCED_FACE('',(#201),#159,.T.);
#1879=ADVANCED_FACE('',(#202),#106,.F.);
#1880=ADVANCED_FACE('',(#203),#160,.T.);
#1881=ADVANCED_FACE('',(#204),#107,.F.);
#1882=ADVANCED_FACE('',(#205),#161,.T.);
#1883=ADVANCED_FACE('',(#206),#108,.F.);
#1884=ADVANCED_FACE('',(#207),#101,.F.);
#1885=ADVANCED_FACE('',(#208),#1840,.F.);
#1886=ADVANCED_FACE('',(#209),#102,.F.);
#1887=ADVANCED_FACE('',(#210),#1841,.F.);
#1888=ADVANCED_FACE('',(#211,#117,#118,#119,#120,#121),#162,.T.);
#1889=ADVANCED_FACE('',(#212),#81,.F.);
#1890=ADVANCED_FACE('',(#213,#122),#163,.T.);
#1891=ADVANCED_FACE('',(#214),#1842,.F.);
#1892=ADVANCED_FACE('',(#215),#103,.F.);
#1893=ADVANCED_FACE('',(#216),#1843,.F.);
#1894=ADVANCED_FACE('',(#217),#1844,.F.);
#1895=ADVANCED_FACE('',(#218),#82,.F.);
#1896=ADVANCED_FACE('',(#219),#83,.F.);
#1897=ADVANCED_FACE('',(#220),#1845,.F.);
#1898=ADVANCED_FACE('',(#221),#84,.F.);
#1899=ADVANCED_FACE('',(#222),#1846,.F.);
#1900=ADVANCED_FACE('',(#223),#104,.F.);
#1901=ADVANCED_FACE('',(#224),#1847,.F.);
#1902=ADVANCED_FACE('',(#225,#123),#164,.F.);
#1903=ADVANCED_FACE('',(#226),#1848,.F.);
#1904=ADVANCED_FACE('',(#227),#1849,.F.);
#1905=ADVANCED_FACE('',(#228),#1850,.F.);
#1906=ADVANCED_FACE('',(#229),#1851,.F.);
#1907=ADVANCED_FACE('',(#230),#1852,.F.);
#1908=ADVANCED_FACE('',(#231),#1853,.F.);
#1909=ADVANCED_FACE('',(#232),#1854,.F.);
#1910=ADVANCED_FACE('',(#233),#1855,.F.);
#1911=ADVANCED_FACE('',(#234,#124,#125,#126,#127,#128),#165,.T.);
#1912=ADVANCED_FACE('',(#235),#1856,.T.);
#1913=ADVANCED_FACE('',(#236),#1857,.F.);
#1914=ADVANCED_FACE('',(#237,#129),#166,.T.);
#1915=ADVANCED_FACE('',(#238),#24,.F.);
#1916=ADVANCED_FACE('',(#239),#109,.F.);
#1917=ADVANCED_FACE('',(#240),#25,.F.);
#1918=ADVANCED_FACE('',(#241,#130),#167,.T.);
#1919=ADVANCED_FACE('',(#242),#26,.F.);
#1920=ADVANCED_FACE('',(#243),#110,.T.);
#1921=ADVANCED_FACE('',(#244),#27,.F.);
#1922=ADVANCED_FACE('',(#245,#131),#168,.T.);
#1923=ADVANCED_FACE('',(#246),#1858,.F.);
#1924=ADVANCED_FACE('',(#247),#28,.F.);
#1925=ADVANCED_FACE('',(#248,#132,#133,#134,#135,#136),#169,.T.);
#1926=ADVANCED_FACE('',(#249,#137,#138,#139,#140,#141),#170,.T.);
#1927=ADVANCED_FACE('',(#250,#142),#171,.T.);
#1928=ADVANCED_FACE('',(#251),#1859,.F.);
#1929=ADVANCED_FACE('',(#252),#1860,.T.);
#1930=ADVANCED_FACE('',(#253,#143,#144,#145,#146,#147),#172,.T.);
#1931=ADVANCED_FACE('',(#254),#29,.F.);
#1932=ADVANCED_FACE('',(#255),#1861,.F.);
#1933=ADVANCED_FACE('',(#256,#148),#173,.T.);
#1934=ADVANCED_FACE('',(#257),#30,.F.);
#1935=ADVANCED_FACE('',(#258),#111,.T.);
#1936=ADVANCED_FACE('',(#259),#31,.F.);
#1937=ADVANCED_FACE('',(#260,#149),#174,.T.);
#1938=ADVANCED_FACE('',(#261),#32,.F.);
#1939=ADVANCED_FACE('',(#262),#112,.F.);
#1940=ADVANCED_FACE('',(#263),#33,.F.);
#1941=ADVANCED_FACE('',(#264),#85,.F.);
#1942=ADVANCED_FACE('',(#265),#86,.F.);
#1943=ADVANCED_FACE('',(#266),#87,.F.);
#1944=ADVANCED_FACE('',(#267),#88,.F.);
#1945=ADVANCED_FACE('',(#268),#89,.T.);
#1946=ADVANCED_FACE('',(#269),#90,.T.);
#1947=ADVANCED_FACE('',(#270),#91,.T.);
#1948=ADVANCED_FACE('',(#271),#92,.T.);
#1949=ADVANCED_FACE('',(#272),#175,.F.);
#1950=ADVANCED_FACE('',(#273),#93,.F.);
#1951=ADVANCED_FACE('',(#274),#94,.F.);
#1952=ADVANCED_FACE('',(#275),#95,.F.);
#1953=ADVANCED_FACE('',(#276),#96,.F.);
#1954=ADVANCED_FACE('',(#277),#97,.T.);
#1955=ADVANCED_FACE('',(#278),#98,.T.);
#1956=ADVANCED_FACE('',(#279),#99,.T.);
#1957=ADVANCED_FACE('',(#280),#100,.T.);
#1958=ADVANCED_FACE('',(#281),#176,.F.);
#1959=ADVANCED_FACE('',(#282),#177,.T.);
#1960=ADVANCED_FACE('',(#283),#178,.T.);
#1961=ADVANCED_FACE('',(#284),#179,.T.);
#1962=ADVANCED_FACE('',(#285),#180,.T.);
#1963=ADVANCED_FACE('',(#286,#150),#181,.T.);
#1964=ADVANCED_FACE('',(#287,#151),#182,.T.);
#1965=ADVANCED_FACE('',(#288),#183,.T.);
#1966=ADVANCED_FACE('',(#289),#184,.F.);
#1967=CLOSED_SHELL('',(#1862,#1863,#1864,#1865,#1866,#1867,#1868,#1869,
#1870,#1871,#1872,#1873,#1874,#1875,#1876,#1877,#1878,#1879,#1880,#1881,
#1882,#1883,#1884,#1885,#1886,#1887,#1888,#1889,#1890,#1891,#1892,#1893,
#1894,#1895,#1896,#1897,#1898,#1899,#1900,#1901,#1902,#1903,#1904,#1905,
#1906,#1907,#1908,#1909,#1910,#1911,#1912,#1913,#1914,#1915,#1916,#1917,
#1918,#1919,#1920,#1921,#1922,#1923,#1924,#1925,#1926,#1927,#1928,#1929,
#1930,#1931,#1932,#1933,#1934,#1935,#1936,#1937,#1938,#1939,#1940,#1941,
#1942,#1943,#1944,#1945,#1946,#1947,#1948,#1949,#1950,#1951,#1952,#1953,
#1954,#1955,#1956,#1957,#1958,#1959,#1960,#1961,#1962,#1963,#1964,#1965,
#1966));
#1968=DERIVED_UNIT_ELEMENT(#1970,1.);
#1969=DERIVED_UNIT_ELEMENT(#4040,-3.);
#1970=(
MASS_UNIT()
NAMED_UNIT(*)
SI_UNIT($,.GRAM.)
);
#1971=DERIVED_UNIT((#1968,#1969));
#1972=MEASURE_REPRESENTATION_ITEM('density measure',
POSITIVE_RATIO_MEASURE(1.),#1971);
#1973=PROPERTY_DEFINITION_REPRESENTATION(#1978,#1975);
#1974=PROPERTY_DEFINITION_REPRESENTATION(#1979,#1976);
#1975=REPRESENTATION('material name',(#1977),#4037);
#1976=REPRESENTATION('density',(#1972),#4037);
#1977=DESCRIPTIVE_REPRESENTATION_ITEM('Generic','Generic');
#1978=PROPERTY_DEFINITION('material property','material name',#4047);
#1979=PROPERTY_DEFINITION('material property','density of part',#4047);
#1980=DATE_TIME_ROLE('creation_date');
#1981=APPLIED_DATE_AND_TIME_ASSIGNMENT(#1982,#1980,(#4047));
#1982=DATE_AND_TIME(#1983,#1984);
#1983=CALENDAR_DATE(2026,14,9);
#1984=LOCAL_TIME(0,0,0.,#1985);
#1985=COORDINATED_UNIVERSAL_TIME_OFFSET(0,0,.BEHIND.);
#1986=AXIS2_PLACEMENT_3D('placement',#2708,#2182,#2183);
#1987=AXIS2_PLACEMENT_3D('',#2709,#2184,#2185);
#1988=AXIS2_PLACEMENT_3D('',#2711,#2186,#2187);
#1989=AXIS2_PLACEMENT_3D('',#2714,#2189,#2190);
#1990=AXIS2_PLACEMENT_3D('',#2715,#2191,#2192);
#1991=AXIS2_PLACEMENT_3D('',#2718,#2193,#2194);
#1992=AXIS2_PLACEMENT_3D('',#2722,#2196,#2197);
#1993=AXIS2_PLACEMENT_3D('',#2724,#2199,#2200);
#1994=AXIS2_PLACEMENT_3D('',#2726,#2202,#2203);
#1995=AXIS2_PLACEMENT_3D('',#2744,#2213,#2214);
#1996=AXIS2_PLACEMENT_3D('',#2746,#2215,#2216);
#1997=AXIS2_PLACEMENT_3D('',#2749,#2218,#2219);
#1998=AXIS2_PLACEMENT_3D('',#2750,#2220,#2221);
#1999=AXIS2_PLACEMENT_3D('',#2751,#2222,#2223);
#2000=AXIS2_PLACEMENT_3D('',#2752,#2224,#2225);
#2001=AXIS2_PLACEMENT_3D('',#2753,#2226,#2227);
#2002=AXIS2_PLACEMENT_3D('',#2754,#2228,#2229);
#2003=AXIS2_PLACEMENT_3D('',#2756,#2230,#2231);
#2004=AXIS2_PLACEMENT_3D('',#2759,#2233,#2234);
#2005=AXIS2_PLACEMENT_3D('',#2760,#2235,#2236);
#2006=AXIS2_PLACEMENT_3D('',#2763,#2237,#2238);
#2007=AXIS2_PLACEMENT_3D('',#2767,#2240,#2241);
#2008=AXIS2_PLACEMENT_3D('',#2769,#2243,#2244);
#2009=AXIS2_PLACEMENT_3D('',#2771,#2246,#2247);
#2010=AXIS2_PLACEMENT_3D('',#2789,#2257,#2258);
#2011=AXIS2_PLACEMENT_3D('',#2791,#2259,#2260);
#2012=AXIS2_PLACEMENT_3D('',#2794,#2262,#2263);
#2013=AXIS2_PLACEMENT_3D('',#2795,#2264,#2265);
#2014=AXIS2_PLACEMENT_3D('',#2796,#2266,#2267);
#2015=AXIS2_PLACEMENT_3D('',#2797,#2268,#2269);
#2016=AXIS2_PLACEMENT_3D('',#2798,#2270,#2271);
#2017=AXIS2_PLACEMENT_3D('',#2799,#2272,#2273);
#2018=AXIS2_PLACEMENT_3D('',#2808,#2278,#2279);
#2019=AXIS2_PLACEMENT_3D('',#2810,#2280,#2281);
#2020=AXIS2_PLACEMENT_3D('',#2813,#2283,#2284);
#2021=AXIS2_PLACEMENT_3D('',#2814,#2285,#2286);
#2022=AXIS2_PLACEMENT_3D('',#2820,#2290,#2291);
#2023=AXIS2_PLACEMENT_3D('',#2822,#2292,#2293);
#2024=AXIS2_PLACEMENT_3D('',#2825,#2295,#2296);
#2025=AXIS2_PLACEMENT_3D('',#2826,#2297,#2298);
#2026=AXIS2_PLACEMENT_3D('',#2832,#2302,#2303);
#2027=AXIS2_PLACEMENT_3D('',#2834,#2304,#2305);
#2028=AXIS2_PLACEMENT_3D('',#2837,#2307,#2308);
#2029=AXIS2_PLACEMENT_3D('',#2838,#2309,#2310);
#2030=AXIS2_PLACEMENT_3D('',#2844,#2314,#2315);
#2031=AXIS2_PLACEMENT_3D('',#2845,#2316,#2317);
#2032=AXIS2_PLACEMENT_3D('',#2846,#2318,#2319);
#2033=AXIS2_PLACEMENT_3D('',#2847,#2320,#2321);
#2034=AXIS2_PLACEMENT_3D('',#2849,#2322,#2323);
#2035=AXIS2_PLACEMENT_3D('',#2850,#2324,#2325);
#2036=AXIS2_PLACEMENT_3D('',#2851,#2326,#2327);
#2037=AXIS2_PLACEMENT_3D('',#2853,#2328,#2329);
#2038=AXIS2_PLACEMENT_3D('',#2855,#2331,#2332);
#2039=AXIS2_PLACEMENT_3D('',#2856,#2333,#2334);
#2040=AXIS2_PLACEMENT_3D('',#2857,#2335,#2336);
#2041=AXIS2_PLACEMENT_3D('',#2859,#2337,#2338);
#2042=AXIS2_PLACEMENT_3D('',#2861,#2340,#2341);
#2043=AXIS2_PLACEMENT_3D('',#2909,#2344,#2345);
#2044=AXIS2_PLACEMENT_3D('',#2910,#2346,#2347);
#2045=AXIS2_PLACEMENT_3D('',#2911,#2348,#2349);
#2046=AXIS2_PLACEMENT_3D('',#2966,#2358,#2359);
#2047=AXIS2_PLACEMENT_3D('',#2969,#2361,#2362);
#2048=AXIS2_PLACEMENT_3D('',#2970,#2363,#2364);
#2049=AXIS2_PLACEMENT_3D('',#2972,#2365,#2366);
#2050=AXIS2_PLACEMENT_3D('',#2973,#2367,#2368);
#2051=AXIS2_PLACEMENT_3D('',#2974,#2369,#2370);
#2052=AXIS2_PLACEMENT_3D('',#2976,#2372,#2373);
#2053=AXIS2_PLACEMENT_3D('',#2977,#2374,#2375);
#2054=AXIS2_PLACEMENT_3D('',#3009,#2377,#2378);
#2055=AXIS2_PLACEMENT_3D('',#3041,#2379,#2380);
#2056=AXIS2_PLACEMENT_3D('',#3042,#2381,#2382);
#2057=AXIS2_PLACEMENT_3D('',#3043,#2383,#2384);
#2058=AXIS2_PLACEMENT_3D('',#3046,#2386,#2387);
#2059=AXIS2_PLACEMENT_3D('',#3077,#2388,#2389);
#2060=AXIS2_PLACEMENT_3D('',#3078,#2390,#2391);
#2061=AXIS2_PLACEMENT_3D('',#3080,#2393,#2394);
#2062=AXIS2_PLACEMENT_3D('',#3081,#2395,#2396);
#2063=AXIS2_PLACEMENT_3D('',#3083,#2398,#2399);
#2064=AXIS2_PLACEMENT_3D('',#3084,#2400,#2401);
#2065=AXIS2_PLACEMENT_3D('',#3086,#2402,#2403);
#2066=AXIS2_PLACEMENT_3D('',#3089,#2405,#2406);
#2067=AXIS2_PLACEMENT_3D('',#3090,#2407,#2408);
#2068=AXIS2_PLACEMENT_3D('',#3092,#2409,#2410);
#2069=AXIS2_PLACEMENT_3D('',#3095,#2412,#2413);
#2070=AXIS2_PLACEMENT_3D('',#3096,#2414,#2415);
#2071=AXIS2_PLACEMENT_3D('',#3098,#2416,#2417);
#2072=AXIS2_PLACEMENT_3D('',#3101,#2419,#2420);
#2073=AXIS2_PLACEMENT_3D('',#3102,#2421,#2422);
#2074=AXIS2_PLACEMENT_3D('',#3104,#2423,#2424);
#2075=AXIS2_PLACEMENT_3D('',#3107,#2426,#2427);
#2076=AXIS2_PLACEMENT_3D('',#3108,#2428,#2429);
#2077=AXIS2_PLACEMENT_3D('',#3110,#2430,#2431);
#2078=AXIS2_PLACEMENT_3D('',#3113,#2433,#2434);
#2079=AXIS2_PLACEMENT_3D('',#3114,#2435,#2436);
#2080=AXIS2_PLACEMENT_3D('',#3116,#2437,#2438);
#2081=AXIS2_PLACEMENT_3D('',#3119,#2440,#2441);
#2082=AXIS2_PLACEMENT_3D('',#3120,#2442,#2443);
#2083=AXIS2_PLACEMENT_3D('',#3122,#2444,#2445);
#2084=AXIS2_PLACEMENT_3D('',#3125,#2447,#2448);
#2085=AXIS2_PLACEMENT_3D('',#3126,#2449,#2450);
#2086=AXIS2_PLACEMENT_3D('',#3128,#2451,#2452);
#2087=AXIS2_PLACEMENT_3D('',#3131,#2454,#2455);
#2088=AXIS2_PLACEMENT_3D('',#3132,#2456,#2457);
#2089=AXIS2_PLACEMENT_3D('',#3134,#2458,#2459);
#2090=AXIS2_PLACEMENT_3D('',#3137,#2460,#2461);
#2091=AXIS2_PLACEMENT_3D('',#3139,#2462,#2463);
#2092=AXIS2_PLACEMENT_3D('',#3141,#2464,#2465);
#2093=AXIS2_PLACEMENT_3D('',#3142,#2466,#2467);
#2094=AXIS2_PLACEMENT_3D('',#3143,#2468,#2469);
#2095=AXIS2_PLACEMENT_3D('',#3146,#2471,#2472);
#2096=AXIS2_PLACEMENT_3D('',#3147,#2473,#2474);
#2097=AXIS2_PLACEMENT_3D('',#3192,#2476,#2477);
#2098=AXIS2_PLACEMENT_3D('',#3233,#2478,#2479);
#2099=AXIS2_PLACEMENT_3D('',#3235,#2480,#2481);
#2100=AXIS2_PLACEMENT_3D('',#3236,#2482,#2483);
#2101=AXIS2_PLACEMENT_3D('',#3238,#2484,#2485);
#2102=AXIS2_PLACEMENT_3D('',#3240,#2486,#2487);
#2103=AXIS2_PLACEMENT_3D('',#3241,#2488,#2489);
#2104=AXIS2_PLACEMENT_3D('',#3242,#2490,#2491);
#2105=AXIS2_PLACEMENT_3D('',#3246,#2493,#2494);
#2106=AXIS2_PLACEMENT_3D('',#3247,#2495,#2496);
#2107=AXIS2_PLACEMENT_3D('',#3248,#2497,#2498);
#2108=AXIS2_PLACEMENT_3D('',#3250,#2499,#2500);
#2109=AXIS2_PLACEMENT_3D('',#3251,#2501,#2502);
#2110=AXIS2_PLACEMENT_3D('',#3252,#2503,#2504);
#2111=AXIS2_PLACEMENT_3D('',#3254,#2505,#2506);
#2112=AXIS2_PLACEMENT_3D('',#3255,#2507,#2508);
#2113=AXIS2_PLACEMENT_3D('',#3257,#2509,#2510);
#2114=AXIS2_PLACEMENT_3D('',#3259,#2511,#2512);
#2115=AXIS2_PLACEMENT_3D('',#3260,#2513,#2514);
#2116=AXIS2_PLACEMENT_3D('',#3261,#2515,#2516);
#2117=AXIS2_PLACEMENT_3D('',#3264,#2517,#2518);
#2118=AXIS2_PLACEMENT_3D('',#3265,#2519,#2520);
#2119=AXIS2_PLACEMENT_3D('',#3267,#2522,#2523);
#2120=AXIS2_PLACEMENT_3D('',#3269,#2524,#2525);
#2121=AXIS2_PLACEMENT_3D('',#3270,#2526,#2527);
#2122=AXIS2_PLACEMENT_3D('',#3271,#2528,#2529);
#2123=AXIS2_PLACEMENT_3D('',#3273,#2530,#2531);
#2124=AXIS2_PLACEMENT_3D('',#3274,#2532,#2533);
#2125=AXIS2_PLACEMENT_3D('',#3278,#2535,#2536);
#2126=AXIS2_PLACEMENT_3D('',#3279,#2537,#2538);
#2127=AXIS2_PLACEMENT_3D('',#3280,#2539,#2540);
#2128=AXIS2_PLACEMENT_3D('',#3282,#2541,#2542);
#2129=AXIS2_PLACEMENT_3D('',#3283,#2543,#2544);
#2130=AXIS2_PLACEMENT_3D('',#3284,#2545,#2546);
#2131=AXIS2_PLACEMENT_3D('',#3285,#2547,#2548);
#2132=AXIS2_PLACEMENT_3D('',#3287,#2549,#2550);
#2133=AXIS2_PLACEMENT_3D('',#3290,#2551,#2552);
#2134=AXIS2_PLACEMENT_3D('',#3292,#2553,#2554);
#2135=AXIS2_PLACEMENT_3D('',#3294,#2555,#2556);
#2136=AXIS2_PLACEMENT_3D('',#3295,#2557,#2558);
#2137=AXIS2_PLACEMENT_3D('',#3296,#2559,#2560);
#2138=AXIS2_PLACEMENT_3D('',#3298,#2561,#2562);
#2139=AXIS2_PLACEMENT_3D('',#3300,#2563,#2564);
#2140=AXIS2_PLACEMENT_3D('',#3301,#2565,#2566);
#2141=AXIS2_PLACEMENT_3D('',#3380,#2568,#2569);
#2142=AXIS2_PLACEMENT_3D('',#3382,#2570,#2571);
#2143=AXIS2_PLACEMENT_3D('',#3384,#2573,#2574);
#2144=AXIS2_PLACEMENT_3D('',#3386,#2575,#2576);
#2145=AXIS2_PLACEMENT_3D('',#3387,#2577,#2578);
#2146=AXIS2_PLACEMENT_3D('',#3389,#2579,#2580);
#2147=AXIS2_PLACEMENT_3D('',#3390,#2581,#2582);
#2148=AXIS2_PLACEMENT_3D('',#3391,#2583,#2584);
#2149=AXIS2_PLACEMENT_3D('',#3394,#2586,#2587);
#2150=AXIS2_PLACEMENT_3D('',#3395,#2588,#2589);
#2151=AXIS2_PLACEMENT_3D('',#3397,#2590,#2591);
#2152=AXIS2_PLACEMENT_3D('',#3398,#2592,#2593);
#2153=AXIS2_PLACEMENT_3D('',#3400,#2594,#2595);
#2154=AXIS2_PLACEMENT_3D('',#3401,#2596,#2597);
#2155=AXIS2_PLACEMENT_3D('',#3402,#2598,#2599);
#2156=AXIS2_PLACEMENT_3D('',#3404,#2600,#2601);
#2157=AXIS2_PLACEMENT_3D('',#3406,#2603,#2604);
#2158=AXIS2_PLACEMENT_3D('',#3408,#2605,#2606);
#2159=AXIS2_PLACEMENT_3D('',#3409,#2607,#2608);
#2160=AXIS2_PLACEMENT_3D('',#3410,#2609,#2610);
#2161=AXIS2_PLACEMENT_3D('',#3412,#2611,#2612);
#2162=AXIS2_PLACEMENT_3D('',#3413,#2613,#2614);
#2163=AXIS2_PLACEMENT_3D('',#3415,#2615,#2616);
#2164=AXIS2_PLACEMENT_3D('',#3416,#2617,#2618);
#2165=AXIS2_PLACEMENT_3D('',#3417,#2619,#2620);
#2166=AXIS2_PLACEMENT_3D('',#3420,#2622,#2623);
#2167=AXIS2_PLACEMENT_3D('',#3421,#2624,#2625);
#2168=AXIS2_PLACEMENT_3D('',#3422,#2626,#2627);
#2169=AXIS2_PLACEMENT_3D('',#3711,#2648,#2649);
#2170=AXIS2_PLACEMENT_3D('',#4005,#2673,#2674);
#2171=AXIS2_PLACEMENT_3D('',#4011,#2678,#2679);
#2172=AXIS2_PLACEMENT_3D('',#4014,#2682,#2683);
#2173=AXIS2_PLACEMENT_3D('',#4017,#2686,#2687);
#2174=AXIS2_PLACEMENT_3D('',#4019,#2689,#2690);
#2175=AXIS2_PLACEMENT_3D('',#4021,#2692,#2693);
#2176=AXIS2_PLACEMENT_3D('',#4023,#2695,#2696);
#2177=AXIS2_PLACEMENT_3D('',#4025,#2698,#2699);
#2178=AXIS2_PLACEMENT_3D('',#4026,#2700,#2701);
#2179=AXIS2_PLACEMENT_3D('',#4027,#2702,#2703);
#2180=AXIS2_PLACEMENT_3D('',#4032,#2704,#2705);
#2181=AXIS2_PLACEMENT_3D('',#4033,#2706,#2707);
#2182=DIRECTION('axis',(0.,0.,1.));
#2183=DIRECTION('refdir',(1.,0.,0.));
#2184=DIRECTION('center_axis',(0.,0.,-1.));
#2185=DIRECTION('ref_axis',(1.,0.,0.));
#2186=DIRECTION('center_axis',(0.,0.,1.));
#2187=DIRECTION('ref_axis',(1.,0.,0.));
#2188=DIRECTION('',(0.,0.,1.));
#2189=DIRECTION('center_axis',(0.,0.,-1.));
#2190=DIRECTION('ref_axis',(1.,0.,0.));
#2191=DIRECTION('center_axis',(0.,0.,-1.));
#2192=DIRECTION('ref_axis',(1.83697019872103E-16,-1.,0.));
#2193=DIRECTION('center_axis',(0.,0.,1.));
#2194=DIRECTION('ref_axis',(-1.,0.,0.));
#2195=DIRECTION('',(0.,0.,1.));
#2196=DIRECTION('center_axis',(0.,0.,-1.));
#2197=DIRECTION('ref_axis',(-1.,0.,0.));
#2198=DIRECTION('',(0.,0.,-1.));
#2199=DIRECTION('center_axis',(0.,0.,1.));
#2200=DIRECTION('ref_axis',(-1.,0.,0.));
#2201=DIRECTION('',(-1.,-1.05735526154777E-16,0.));
#2202=DIRECTION('center_axis',(1.05735526154777E-16,-1.,0.));
#2203=DIRECTION('ref_axis',(1.,1.05735526154777E-16,0.));
#2204=DIRECTION('',(1.,1.05735526154777E-16,0.));
#2205=DIRECTION('',(0.,0.,1.));
#2206=DIRECTION('',(1.,1.05735526154777E-16,0.));
#2207=DIRECTION('',(0.,0.,1.));
#2208=DIRECTION('',(1.,1.05735526154777E-16,0.));
#2209=DIRECTION('',(0.,0.,-1.));
#2210=DIRECTION('',(-1.,-1.05735526154777E-16,0.));
#2211=DIRECTION('',(0.,0.,1.));
#2212=DIRECTION('',(1.,1.05735526154777E-16,0.));
#2213=DIRECTION('center_axis',(0.,0.,1.));
#2214=DIRECTION('ref_axis',(-1.,0.,0.));
#2215=DIRECTION('center_axis',(0.,0.,-1.));
#2216=DIRECTION('ref_axis',(-1.,0.,0.));
#2217=DIRECTION('',(0.,0.,1.));
#2218=DIRECTION('center_axis',(0.,0.,1.));
#2219=DIRECTION('ref_axis',(-1.,0.,0.));
#2220=DIRECTION('center_axis',(0.,0.,1.));
#2221=DIRECTION('ref_axis',(-1.83697019872103E-16,-1.,0.));
#2222=DIRECTION('center_axis',(0.,0.,-1.));
#2223=DIRECTION('ref_axis',(1.,0.,0.));
#2224=DIRECTION('center_axis',(0.,0.,1.));
#2225=DIRECTION('ref_axis',(1.,0.,0.));
#2226=DIRECTION('center_axis',(0.,0.,-1.));
#2227=DIRECTION('ref_axis',(1.,0.,0.));
#2228=DIRECTION('center_axis',(0.,0.,1.));
#2229=DIRECTION('ref_axis',(1.,0.,0.));
#2230=DIRECTION('center_axis',(0.,0.,-1.));
#2231=DIRECTION('ref_axis',(1.,0.,0.));
#2232=DIRECTION('',(0.,0.,1.));
#2233=DIRECTION('center_axis',(0.,0.,1.));
#2234=DIRECTION('ref_axis',(1.,0.,0.));
#2235=DIRECTION('center_axis',(0.,0.,1.));
#2236=DIRECTION('ref_axis',(1.83697019872103E-16,1.,0.));
#2237=DIRECTION('center_axis',(0.,0.,-1.));
#2238=DIRECTION('ref_axis',(-1.,0.,0.));
#2239=DIRECTION('',(0.,0.,1.));
#2240=DIRECTION('center_axis',(0.,0.,1.));
#2241=DIRECTION('ref_axis',(-1.,0.,0.));
#2242=DIRECTION('',(0.,0.,-1.));
#2243=DIRECTION('center_axis',(0.,0.,-1.));
#2244=DIRECTION('ref_axis',(-1.,0.,0.));
#2245=DIRECTION('',(1.,0.,0.));
#2246=DIRECTION('center_axis',(0.,1.,0.));
#2247=DIRECTION('ref_axis',(-1.,0.,0.));
#2248=DIRECTION('',(-1.,0.,0.));
#2249=DIRECTION('',(0.,0.,-1.));
#2250=DIRECTION('',(1.,0.,0.));
#2251=DIRECTION('',(0.,0.,1.));
#2252=DIRECTION('',(-1.,0.,0.));
#2253=DIRECTION('',(0.,0.,1.));
#2254=DIRECTION('',(-1.,0.,0.));
#2255=DIRECTION('',(0.,0.,1.));
#2256=DIRECTION('',(-1.,0.,0.));
#2257=DIRECTION('center_axis',(0.,0.,-1.));
#2258=DIRECTION('ref_axis',(-1.,0.,0.));
#2259=DIRECTION('center_axis',(0.,0.,1.));
#2260=DIRECTION('ref_axis',(-1.,0.,0.));
#2261=DIRECTION('',(0.,0.,1.));
#2262=DIRECTION('center_axis',(0.,0.,-1.));
#2263=DIRECTION('ref_axis',(-1.,0.,0.));
#2264=DIRECTION('center_axis',(0.,0.,-1.));
#2265=DIRECTION('ref_axis',(-1.83697019872103E-16,1.,0.));
#2266=DIRECTION('center_axis',(0.,0.,1.));
#2267=DIRECTION('ref_axis',(1.,0.,0.));
#2268=DIRECTION('center_axis',(0.,0.,-1.));
#2269=DIRECTION('ref_axis',(1.,0.,0.));
#2270=DIRECTION('center_axis',(0.,0.,1.));
#2271=DIRECTION('ref_axis',(1.,0.,0.));
#2272=DIRECTION('center_axis',(0.847520582841351,4.63230456573145E-16,0.530762528500511));
#2273=DIRECTION('ref_axis',(0.530762528500511,0.,-0.847520582841351));
#2274=DIRECTION('',(-0.530762528500511,0.,0.847520582841351));
#2275=DIRECTION('',(5.46571335200077E-16,-1.,0.));
#2276=DIRECTION('',(0.530762528500511,0.,-0.847520582841351));
#2277=DIRECTION('',(-5.46571335200077E-16,1.,0.));
#2278=DIRECTION('center_axis',(0.,0.,1.));
#2279=DIRECTION('ref_axis',(0.,1.,0.));
#2280=DIRECTION('center_axis',(0.,0.,-1.));
#2281=DIRECTION('ref_axis',(0.,1.,0.));
#2282=DIRECTION('',(0.,0.530762528500522,0.847520582841344));
#2283=DIRECTION('center_axis',(0.,0.,1.));
#2284=DIRECTION('ref_axis',(0.,1.,0.));
#2285=DIRECTION('center_axis',(9.06927098712479E-17,-0.847520582841348,
0.530762528500517));
#2286=DIRECTION('ref_axis',(1.,0.,-1.70872480631721E-16));
#2287=DIRECTION('',(0.,0.530762528500516,0.847520582841348));
#2288=DIRECTION('',(-1.,-1.07009448156642E-16,0.));
#2289=DIRECTION('',(1.,1.07009448156642E-16,0.));
#2290=DIRECTION('center_axis',(0.,0.,1.));
#2291=DIRECTION('ref_axis',(0.,1.,0.));
#2292=DIRECTION('center_axis',(0.,0.,-1.));
#2293=DIRECTION('ref_axis',(0.,1.,0.));
#2294=DIRECTION('',(0.530762528500519,0.,0.847520582841346));
#2295=DIRECTION('center_axis',(0.,0.,1.));
#2296=DIRECTION('ref_axis',(0.,1.,0.));
#2297=DIRECTION('center_axis',(-0.847520582841351,0.,0.530762528500511));
#2298=DIRECTION('ref_axis',(0.530762528500511,0.,0.847520582841351));
#2299=DIRECTION('',(0.530762528500511,0.,0.847520582841351));
#2300=DIRECTION('',(0.,1.,0.));
#2301=DIRECTION('',(0.,-1.,0.));
#2302=DIRECTION('center_axis',(0.,0.,1.));
#2303=DIRECTION('ref_axis',(0.,-1.,0.));
#2304=DIRECTION('center_axis',(0.,0.,-1.));
#2305=DIRECTION('ref_axis',(0.,-1.,0.));
#2306=DIRECTION('',(0.,-0.530762528500519,0.847520582841346));
#2307=DIRECTION('center_axis',(0.,0.,1.));
#2308=DIRECTION('ref_axis',(0.,-1.,0.));
#2309=DIRECTION('center_axis',(0.,0.847520582841348,0.530762528500517));
#2310=DIRECTION('ref_axis',(1.,0.,0.));
#2311=DIRECTION('',(0.,-0.530762528500516,0.847520582841348));
#2312=DIRECTION('',(1.,0.,0.));
#2313=DIRECTION('',(-1.,0.,0.));
#2314=DIRECTION('center_axis',(0.,0.,1.));
#2315=DIRECTION('ref_axis',(0.,-1.,0.));
#2316=DIRECTION('center_axis',(0.,0.,-1.));
#2317=DIRECTION('ref_axis',(0.,-1.,0.));
#2318=DIRECTION('center_axis',(0.,0.,1.));
#2319=DIRECTION('ref_axis',(0.,-1.,0.));
#2320=DIRECTION('center_axis',(0.381533219016034,-0.827266739308799,-0.412385917340361));
#2321=DIRECTION('ref_axis',(0.561809346694576,0.561809346694574,-0.607240080967347));
#2322=DIRECTION('center_axis',(-1.,-1.07009448156642E-16,0.));
#2323=DIRECTION('ref_axis',(0.,0.999199679743744,-0.0399999999999992));
#2324=DIRECTION('center_axis',(0.,-1.,0.));
#2325=DIRECTION('ref_axis',(0.999199679743744,0.,-0.0399999999999993));
#2326=DIRECTION('center_axis',(-1.,-1.07009448156642E-16,0.));
#2327=DIRECTION('ref_axis',(0.,0.999199679743744,-0.0399999999999992));
#2328=DIRECTION('center_axis',(1.,1.07009448156642E-16,0.));
#2329=DIRECTION('ref_axis',(0.,0.999199679743744,-0.0399999999999992));
#2330=DIRECTION('',(1.,1.07009448156642E-16,0.));
#2331=DIRECTION('center_axis',(-0.381533219016033,-0.8272667393088,-0.41238591734036));
#2332=DIRECTION('ref_axis',(-0.561809346694577,0.561809346694572,-0.607240080967348));
#2333=DIRECTION('center_axis',(5.46571335200077E-16,-1.,0.));
#2334=DIRECTION('ref_axis',(-0.999199679743744,0.,-0.0399999999999993));
#2335=DIRECTION('center_axis',(5.46571335200077E-16,-1.,0.));
#2336=DIRECTION('ref_axis',(-0.999199679743744,0.,-0.0399999999999993));
#2337=DIRECTION('center_axis',(-5.46571335200077E-16,1.,0.));
#2338=DIRECTION('ref_axis',(-0.999199679743744,0.,-0.0399999999999993));
#2339=DIRECTION('',(-5.46571335200077E-16,1.,0.));
#2340=DIRECTION('center_axis',(0.,0.,1.));
#2341=DIRECTION('ref_axis',(1.,0.,0.));
#2342=DIRECTION('',(0.,-1.,0.));
#2343=DIRECTION('',(0.,1.,0.));
#2344=DIRECTION('center_axis',(-0.447213595499958,-0.894427190999916,0.));
#2345=DIRECTION('ref_axis',(-0.894427190999916,0.447213595499958,0.));
#2346=DIRECTION('center_axis',(0.894427190999916,0.447213595499958,0.));
#2347=DIRECTION('ref_axis',(-0.447213595499958,0.894427190999916,0.));
#2348=DIRECTION('center_axis',(0.,0.,1.));
#2349=DIRECTION('ref_axis',(1.,0.,0.));
#2350=DIRECTION('',(0.,1.,0.));
#2351=DIRECTION('',(-1.,-1.10332722944115E-16,0.));
#2352=DIRECTION('',(5.9211894646675E-16,-1.,0.));
#2353=DIRECTION('',(1.,0.,0.));
#2354=DIRECTION('',(1.,0.,0.));
#2355=DIRECTION('',(0.,-1.,0.));
#2356=DIRECTION('',(-1.,-1.12427648063307E-16,0.));
#2357=DIRECTION('',(-3.11641550771974E-16,1.,0.));
#2358=DIRECTION('center_axis',(0.,-1.,0.));
#2359=DIRECTION('ref_axis',(-0.999199679743744,0.,-0.0399999999999993));
#2360=DIRECTION('',(0.,1.,0.));
#2361=DIRECTION('center_axis',(0.894427190999915,-0.447213595499959,0.));
#2362=DIRECTION('ref_axis',(-0.447213595499959,-0.894427190999915,0.));
#2363=DIRECTION('center_axis',(-0.381533219016034,-0.827266739308799,0.412385917340361));
#2364=DIRECTION('ref_axis',(0.561809346694576,-0.561809346694574,-0.607240080967347));
#2365=DIRECTION('center_axis',(0.,1.,0.));
#2366=DIRECTION('ref_axis',(0.999199679743744,0.,-0.0399999999999993));
#2367=DIRECTION('center_axis',(-1.,0.,0.));
#2368=DIRECTION('ref_axis',(0.,-0.999199679743744,-0.0399999999999992));
#2369=DIRECTION('center_axis',(1.,0.,0.));
#2370=DIRECTION('ref_axis',(0.,-0.999199679743744,-0.0399999999999992));
#2371=DIRECTION('',(-1.,0.,0.));
#2372=DIRECTION('center_axis',(1.,0.,0.));
#2373=DIRECTION('ref_axis',(0.,-0.999199679743744,-0.0399999999999992));
#2374=DIRECTION('center_axis',(0.,1.,0.));
#2375=DIRECTION('ref_axis',(0.999199679743744,0.,-0.0399999999999993));
#2376=DIRECTION('',(0.,-1.,0.));
#2377=DIRECTION('center_axis',(-0.447213595499959,0.894427190999915,0.));
#2378=DIRECTION('ref_axis',(-0.894427190999915,-0.447213595499959,0.));
#2379=DIRECTION('center_axis',(0.447213595499958,0.894427190999916,0.));
#2380=DIRECTION('ref_axis',(0.894427190999916,-0.447213595499958,0.));
#2381=DIRECTION('center_axis',(-0.894427190999914,-0.447213595499962,0.));
#2382=DIRECTION('ref_axis',(0.447213595499962,-0.894427190999914,0.));
#2383=DIRECTION('center_axis',(-5.9211894646675E-16,1.,0.));
#2384=DIRECTION('ref_axis',(0.999199679743744,0.,-0.0399999999999993));
#2385=DIRECTION('',(5.9211894646675E-16,-1.,0.));
#2386=DIRECTION('center_axis',(-0.894427190999914,0.447213595499961,1.42993967227044E-14));
#2387=DIRECTION('ref_axis',(0.447213595499961,0.894427190999914,0.));
#2388=DIRECTION('center_axis',(0.447213595499959,-0.894427190999915,-3.17764371615653E-15));
#2389=DIRECTION('ref_axis',(0.894427190999915,0.447213595499959,0.));
#2390=DIRECTION('center_axis',(-1.,0.,0.));
#2391=DIRECTION('ref_axis',(0.,0.999199679743744,-0.0399999999999992));
#2392=DIRECTION('',(1.,0.,0.));
#2393=DIRECTION('center_axis',(0.381533219016034,-0.827266739308799,0.412385917340361));
#2394=DIRECTION('ref_axis',(-0.561809346694576,-0.561809346694574,-0.607240080967347));
#2395=DIRECTION('center_axis',(1.,1.10332722944115E-16,0.));
#2396=DIRECTION('ref_axis',(0.,-0.999199679743744,-0.0399999999999992));
#2397=DIRECTION('',(-1.,-1.10332722944115E-16,0.));
#2398=DIRECTION('center_axis',(0.,0.,-1.));
#2399=DIRECTION('ref_axis',(-1.,0.,0.));
#2400=DIRECTION('center_axis',(-0.999999999999449,1.05001859011232E-6,5.87377114855862E-17));
#2401=DIRECTION('ref_axis',(1.05001859011232E-6,0.999999999999449,1.83697019872241E-16));
#2402=DIRECTION('center_axis',(-0.999999999999449,1.05001859025636E-6,-4.14021539836251E-22));
#2403=DIRECTION('ref_axis',(1.05001859011232E-6,0.999999999999449,1.83697019872241E-16));
#2404=DIRECTION('',(-0.999999999999449,1.05001859011232E-6,5.87377114855862E-17));
#2405=DIRECTION('center_axis',(0.999999999999449,-1.05001859025636E-6,4.14021539836251E-22));
#2406=DIRECTION('ref_axis',(1.05001859011232E-6,0.999999999999449,1.83697019872241E-16));
#2407=DIRECTION('center_axis',(-0.999999999999449,1.05001859011232E-6,5.87377114855862E-17));
#2408=DIRECTION('ref_axis',(1.05001859011232E-6,0.999999999999449,1.83697019872241E-16));
#2409=DIRECTION('center_axis',(-0.999999999999449,1.05001859025636E-6,-4.14021539836251E-22));
#2410=DIRECTION('ref_axis',(1.05001859011232E-6,0.999999999999449,1.83697019872241E-16));
#2411=DIRECTION('',(-0.999999999999449,1.05001859011232E-6,5.87377114855862E-17));
#2412=DIRECTION('center_axis',(0.999999999999449,-1.05001859025636E-6,4.14021539836251E-22));
#2413=DIRECTION('ref_axis',(1.05001859011232E-6,0.999999999999449,1.83697019872241E-16));
#2414=DIRECTION('center_axis',(-0.999999999999449,1.05001859005358E-6,-7.99707098908834E-17));
#2415=DIRECTION('ref_axis',(-7.99714888700279E-17,-1.22464595943846E-16,
1.));
#2416=DIRECTION('center_axis',(-0.999999999999449,1.05001859025636E-6,-4.14021539836251E-22));
#2417=DIRECTION('ref_axis',(-7.99714888700279E-17,-1.22464595943846E-16,
1.));
#2418=DIRECTION('',(-0.999999999999449,1.05001859005358E-6,-7.99707098908834E-17));
#2419=DIRECTION('center_axis',(0.999999999999449,-1.05001859025636E-6,4.14021539836251E-22));
#2420=DIRECTION('ref_axis',(-7.99714888700279E-17,-1.22464595943846E-16,
1.));
#2421=DIRECTION('center_axis',(-0.999999999999449,1.05001859005358E-6,-7.99707098908834E-17));
#2422=DIRECTION('ref_axis',(-7.99714888700279E-17,-1.22464595943846E-16,
1.));
#2423=DIRECTION('center_axis',(-0.999999999999449,1.05001859025636E-6,-4.14021539836251E-22));
#2424=DIRECTION('ref_axis',(-7.99714888700279E-17,-1.22464595943846E-16,
1.));
#2425=DIRECTION('',(-0.999999999999449,1.05001859005358E-6,-7.99707098908834E-17));
#2426=DIRECTION('center_axis',(0.999999999999449,-1.05001859025636E-6,4.14021539836251E-22));
#2427=DIRECTION('ref_axis',(-7.99714888700279E-17,-1.22464595943846E-16,
1.));
#2428=DIRECTION('center_axis',(-0.999999999999449,1.05001859019229E-6,-1.38708633134707E-16));
#2429=DIRECTION('ref_axis',(-1.05001859019229E-6,-0.999999999999449,-6.12323399578024E-17));
#2430=DIRECTION('center_axis',(-0.999999999999449,1.05001859025636E-6,-4.14021539836251E-22));
#2431=DIRECTION('ref_axis',(-1.05001859019229E-6,-0.999999999999449,-6.12323399578024E-17));
#2432=DIRECTION('',(-0.999999999999449,1.05001859019229E-6,-1.38708633134707E-16));
#2433=DIRECTION('center_axis',(0.999999999999449,-1.05001859025636E-6,4.14021539836251E-22));
#2434=DIRECTION('ref_axis',(-1.05001859019229E-6,-0.999999999999449,-6.12323399578024E-17));
#2435=DIRECTION('center_axis',(-0.999999999999449,1.05001859019229E-6,-1.38708633134707E-16));
#2436=DIRECTION('ref_axis',(-1.05001859019229E-6,-0.999999999999449,-6.12323399578024E-17));
#2437=DIRECTION('center_axis',(-0.999999999999449,1.05001859025636E-6,-4.14021539836251E-22));
#2438=DIRECTION('ref_axis',(-1.05001859019229E-6,-0.999999999999449,-6.12323399578024E-17));
#2439=DIRECTION('',(-0.999999999999449,1.05001859019229E-6,-1.38708633134707E-16));
#2440=DIRECTION('center_axis',(0.999999999999449,-1.05001859025636E-6,4.14021539836251E-22));
#2441=DIRECTION('ref_axis',(-1.05001859019229E-6,-0.999999999999449,-6.12323399578024E-17));
#2442=DIRECTION('center_axis',(-0.999999999999449,1.05001859025103E-6,0.));
#2443=DIRECTION('ref_axis',(4.56444456424294E-34,4.3473031359242E-28,-1.));
#2444=DIRECTION('center_axis',(-0.999999999999449,1.05001859025636E-6,-4.14021539836251E-22));
#2445=DIRECTION('ref_axis',(4.56444456424294E-34,4.3473031359242E-28,-1.));
#2446=DIRECTION('',(-0.999999999999449,1.05001859025103E-6,0.));
#2447=DIRECTION('center_axis',(0.999999999999449,-1.05001859025636E-6,4.14021539836251E-22));
#2448=DIRECTION('ref_axis',(4.56444456424294E-34,4.3473031359242E-28,-1.));
#2449=DIRECTION('center_axis',(-0.999999999999449,1.05001859025103E-6,0.));
#2450=DIRECTION('ref_axis',(4.56444456424294E-34,4.3473031359242E-28,-1.));
#2451=DIRECTION('center_axis',(-0.999999999999449,1.05001859025636E-6,-4.14021539836251E-22));
#2452=DIRECTION('ref_axis',(4.56444456424294E-34,4.3473031359242E-28,-1.));
#2453=DIRECTION('',(-0.999999999999449,1.05001859025103E-6,0.));
#2454=DIRECTION('center_axis',(0.999999999999449,-1.05001859025636E-6,4.14021539836251E-22));
#2455=DIRECTION('ref_axis',(4.56444456424294E-34,4.3473031359242E-28,-1.));
#2456=DIRECTION('center_axis',(-0.999999999999449,1.05001859025636E-6,-4.14021539836251E-22));
#2457=DIRECTION('ref_axis',(-4.14021539836479E-22,0.,1.));
#2458=DIRECTION('center_axis',(-0.999999999999449,1.05001859025636E-6,-4.14021539836251E-22));
#2459=DIRECTION('ref_axis',(1.05001859025636E-6,0.999999999999449,-3.94299247344697E-16));
#2460=DIRECTION('center_axis',(-1.,0.,0.));
#2461=DIRECTION('ref_axis',(0.,0.,1.));
#2462=DIRECTION('center_axis',(-1.,0.,0.));
#2463=DIRECTION('ref_axis',(0.,0.,1.));
#2464=DIRECTION('center_axis',(-1.,0.,0.));
#2465=DIRECTION('ref_axis',(0.,0.,1.));
#2466=DIRECTION('center_axis',(-1.,0.,0.));
#2467=DIRECTION('ref_axis',(0.,0.,1.));
#2468=DIRECTION('center_axis',(-0.999999999999449,1.05001859025636E-6,-4.14021539836251E-22));
#2469=DIRECTION('ref_axis',(-6.98637610638307E-16,-3.94299544656886E-16,
-1.));
#2470=DIRECTION('',(0.999999999999449,-1.05001859025636E-6,4.14021539836251E-22));
#2471=DIRECTION('center_axis',(-0.999999999999449,1.05001859025636E-6,-4.14021539836251E-22));
#2472=DIRECTION('ref_axis',(1.05001859025636E-6,0.999999999999449,-3.94299247344697E-16));
#2473=DIRECTION('center_axis',(-0.999999999999449,1.05001859025636E-6,-4.14021539836251E-22));
#2474=DIRECTION('ref_axis',(-6.98637610638307E-16,-3.94299544656887E-16,
-1.));
#2475=DIRECTION('',(0.999999999999449,-1.05001859025636E-6,4.14021539836251E-22));
#2476=DIRECTION('center_axis',(-0.999999999999449,1.05001859025636E-6,-4.14021539836251E-22));
#2477=DIRECTION('ref_axis',(1.05001859025636E-6,0.999999999999449,-3.94299247344697E-16));
#2478=DIRECTION('center_axis',(0.999999999999449,-1.05001859025636E-6,4.14021539836251E-22));
#2479=DIRECTION('ref_axis',(4.14021539836479E-22,0.,-1.));
#2480=DIRECTION('center_axis',(-0.999999999999449,1.05001859025636E-6,-4.14021539836251E-22));
#2481=DIRECTION('ref_axis',(1.05001859025636E-6,0.999999999999449,-3.94299247344697E-16));
#2482=DIRECTION('center_axis',(-0.999999999999449,1.05001859025636E-6,-4.14021539836251E-22));
#2483=DIRECTION('ref_axis',(0.,0.,1.));
#2484=DIRECTION('center_axis',(-1.05001859025636E-6,-0.999999999999449,
1.2246463838143E-16));
#2485=DIRECTION('ref_axis',(0.,-1.22464638381498E-16,-1.));
#2486=DIRECTION('center_axis',(-0.999999999999449,1.05001859025636E-6,-4.14021539836251E-22));
#2487=DIRECTION('ref_axis',(1.05001859025636E-6,0.999999999999449,-3.94299247344697E-16));
#2488=DIRECTION('center_axis',(-0.999999999999449,1.05001859025636E-6,-4.14021539836251E-22));
#2489=DIRECTION('ref_axis',(1.05001859025636E-6,0.999999999999449,-3.94299247344697E-16));
#2490=DIRECTION('center_axis',(0.999999999999449,-1.05001859025636E-6,4.14021539836251E-22));
#2491=DIRECTION('ref_axis',(-6.98637610638307E-16,-3.94299544656887E-16,
-1.));
#2492=DIRECTION('',(0.811641575032305,-8.5223874210747E-7,0.584155761486911));
#2493=DIRECTION('center_axis',(-0.999999999999449,1.05001859025636E-6,-4.14021539836251E-22));
#2494=DIRECTION('ref_axis',(1.05001859025636E-6,0.999999999999449,-3.94299247344697E-16));
#2495=DIRECTION('center_axis',(-0.999999999999449,1.05001859025636E-6,-4.14021539836251E-22));
#2496=DIRECTION('ref_axis',(1.05001859025636E-6,0.999999999999449,-3.94299247344697E-16));
#2497=DIRECTION('center_axis',(-0.999999999999449,1.05001859025636E-6,-4.14021539836251E-22));
#2498=DIRECTION('ref_axis',(0.,0.,1.));
#2499=DIRECTION('center_axis',(-1.05001859025636E-6,-0.999999999999449,
1.22464417482772E-16));
#2500=DIRECTION('ref_axis',(0.,-1.22464417482839E-16,-1.));
#2501=DIRECTION('center_axis',(-0.999999999999449,1.05001859025636E-6,-4.14021539836251E-22));
#2502=DIRECTION('ref_axis',(1.05001859025636E-6,0.999999999999449,-3.94299247344697E-16));
#2503=DIRECTION('center_axis',(0.999999999999449,-1.05001859025636E-6,4.14021539836251E-22));
#2504=DIRECTION('ref_axis',(4.14021539836479E-22,0.,-1.));
#2505=DIRECTION('center_axis',(-0.999999999999449,1.05001859025636E-6,-4.14021539836251E-22));
#2506=DIRECTION('ref_axis',(1.05001859025636E-6,0.999999999999449,-3.94299247344697E-16));
#2507=DIRECTION('center_axis',(-0.999999999999449,1.05001859025636E-6,-4.14021539836251E-22));
#2508=DIRECTION('ref_axis',(0.,0.,1.));
#2509=DIRECTION('center_axis',(-1.05001859025636E-6,-0.999999999999449,
1.22464534889021E-16));
#2510=DIRECTION('ref_axis',(0.,-1.22464534889088E-16,-1.));
#2511=DIRECTION('center_axis',(-0.999999999999449,1.05001859025636E-6,-4.14021539836251E-22));
#2512=DIRECTION('ref_axis',(1.05001859025636E-6,0.999999999999449,-3.94299247344697E-16));
#2513=DIRECTION('center_axis',(-0.999999999999449,1.05001859025636E-6,-4.14021539836251E-22));
#2514=DIRECTION('ref_axis',(1.05001859025636E-6,0.999999999999449,-3.94299247344697E-16));
#2515=DIRECTION('center_axis',(-0.999999999999449,1.05001859025636E-6,-4.14021539836251E-22));
#2516=DIRECTION('ref_axis',(-6.98637610638307E-16,-3.94299544656886E-16,
-1.));
#2517=DIRECTION('center_axis',(-0.999999999999449,1.05001859025636E-6,-4.14021539836251E-22));
#2518=DIRECTION('ref_axis',(1.05001859025636E-6,0.999999999999449,-3.94299247344697E-16));
#2519=DIRECTION('center_axis',(-0.999999999999449,1.05001859025636E-6,-4.14021539836251E-22));
#2520=DIRECTION('ref_axis',(1.05001859025636E-6,0.999999999999449,-3.94299247344697E-16));
#2521=DIRECTION('',(0.565604514534139,-5.93895255420261E-7,-0.824676623373215));
#2522=DIRECTION('center_axis',(-0.999999999999449,1.05001859025636E-6,-4.14021539836251E-22));
#2523=DIRECTION('ref_axis',(0.,0.,1.));
#2524=DIRECTION('center_axis',(-1.05001859025636E-6,-0.999999999999449,
1.22464779267823E-16));
#2525=DIRECTION('ref_axis',(0.,-1.2246477926789E-16,-1.));
#2526=DIRECTION('center_axis',(-0.999999999999449,1.05001859025636E-6,-4.14021539836251E-22));
#2527=DIRECTION('ref_axis',(1.05001859025636E-6,0.999999999999449,-3.94299247344697E-16));
#2528=DIRECTION('center_axis',(0.999999999999449,-1.05001859025636E-6,4.14021539836251E-22));
#2529=DIRECTION('ref_axis',(4.14021539836479E-22,0.,-1.));
#2530=DIRECTION('center_axis',(-0.999999999999449,1.05001859025636E-6,-4.14021539836251E-22));
#2531=DIRECTION('ref_axis',(1.05001859025636E-6,0.999999999999449,-3.94299247344697E-16));
#2532=DIRECTION('center_axis',(-0.999999999999449,1.05001859025636E-6,-4.14021539836251E-22));
#2533=DIRECTION('ref_axis',(-6.98637610638307E-16,-3.94299544656886E-16,
-1.));
#2534=DIRECTION('',(0.999999999999449,-1.05001859025636E-6,4.14021539836251E-22));
#2535=DIRECTION('center_axis',(-0.999999999999449,1.05001859025636E-6,-4.14021539836251E-22));
#2536=DIRECTION('ref_axis',(1.05001859025636E-6,0.999999999999449,-3.94299247344697E-16));
#2537=DIRECTION('center_axis',(-0.999999999999449,1.05001859025636E-6,-4.14021539836251E-22));
#2538=DIRECTION('ref_axis',(1.05001859025636E-6,0.999999999999449,-3.94299247344697E-16));
#2539=DIRECTION('center_axis',(-0.999999999999449,1.05001859025636E-6,-4.14021539836251E-22));
#2540=DIRECTION('ref_axis',(0.,0.,1.));
#2541=DIRECTION('center_axis',(-1.05001859025636E-6,-0.999999999999449,
1.22464750340911E-16));
#2542=DIRECTION('ref_axis',(0.,-1.22464750340978E-16,-1.));
#2543=DIRECTION('center_axis',(-0.999999999999449,1.05001859025636E-6,-4.14021539836251E-22));
#2544=DIRECTION('ref_axis',(1.05001859025636E-6,0.999999999999449,-3.94299247344697E-16));
#2545=DIRECTION('center_axis',(0.999999999999449,-1.05001859025636E-6,4.14021539836251E-22));
#2546=DIRECTION('ref_axis',(4.14021539836479E-22,0.,-1.));
#2547=DIRECTION('center_axis',(0.999999999999449,-1.05001859025636E-6,4.14021539836251E-22));
#2548=DIRECTION('ref_axis',(4.14021539836479E-22,0.,-1.));
#2549=DIRECTION('center_axis',(-0.999999999999449,1.05001859025636E-6,-4.14021539836251E-22));
#2550=DIRECTION('ref_axis',(1.05001859025636E-6,0.999999999999449,-3.94299247344697E-16));
#2551=DIRECTION('center_axis',(1.,5.30255772955299E-16,0.));
#2552=DIRECTION('ref_axis',(0.,0.,-1.));
#2553=DIRECTION('center_axis',(1.,5.30255772955299E-16,0.));
#2554=DIRECTION('ref_axis',(0.,0.,-1.));
#2555=DIRECTION('center_axis',(1.,5.30255772955299E-16,0.));
#2556=DIRECTION('ref_axis',(0.,0.,-1.));
#2557=DIRECTION('center_axis',(1.,5.30255772955299E-16,0.));
#2558=DIRECTION('ref_axis',(0.,0.,-1.));
#2559=DIRECTION('center_axis',(-0.999999999999449,1.05001859025636E-6,-4.14021539836251E-22));
#2560=DIRECTION('ref_axis',(-4.14021539836479E-22,0.,1.));
#2561=DIRECTION('center_axis',(-0.999999999999449,1.05001859025636E-6,-4.14021539836251E-22));
#2562=DIRECTION('ref_axis',(1.05001859025636E-6,0.999999999999449,-3.94299247344697E-16));
#2563=DIRECTION('center_axis',(-0.999999999999449,1.05001859025636E-6,-4.14021539836251E-22));
#2564=DIRECTION('ref_axis',(1.05001859025636E-6,0.999999999999449,-3.94299247344697E-16));
#2565=DIRECTION('center_axis',(-0.999999999999449,1.05001859025636E-6,-4.14021539836251E-22));
#2566=DIRECTION('ref_axis',(1.54865108531452E-17,3.94299105867257E-16,1.));
#2567=DIRECTION('',(0.999999999999449,-1.05001859025636E-6,4.14021539836251E-22));
#2568=DIRECTION('center_axis',(-0.999999999999449,1.05001859025636E-6,-4.14021539836251E-22));
#2569=DIRECTION('ref_axis',(1.54865108531452E-17,3.94299105867257E-16,1.));
#2570=DIRECTION('center_axis',(-0.999999999999449,1.05001859025636E-6,-4.14021539836251E-22));
#2571=DIRECTION('ref_axis',(1.05001859025636E-6,0.999999999999449,-3.94299247344697E-16));
#2572=DIRECTION('',(0.999999999999449,-1.05001859025636E-6,4.14021539836251E-22));
#2573=DIRECTION('center_axis',(-0.999999999999449,1.05001859025636E-6,-4.14021539836251E-22));
#2574=DIRECTION('ref_axis',(-4.14021539836479E-22,0.,1.));
#2575=DIRECTION('center_axis',(-0.999999999999449,1.05001859025636E-6,-4.14021539836251E-22));
#2576=DIRECTION('ref_axis',(1.05001859025636E-6,0.999999999999449,-3.94299247344697E-16));
#2577=DIRECTION('center_axis',(-0.999999999999449,1.05001859025636E-6,-4.14021539836251E-22));
#2578=DIRECTION('ref_axis',(0.,0.,1.));
#2579=DIRECTION('center_axis',(-1.05001859025636E-6,-0.999999999999449,
1.22464680453704E-16));
#2580=DIRECTION('ref_axis',(0.,-1.22464680453771E-16,-1.));
#2581=DIRECTION('center_axis',(-0.999999999999449,1.05001859025636E-6,-4.14021539836251E-22));
#2582=DIRECTION('ref_axis',(1.05001859025636E-6,0.999999999999449,-3.94299247344697E-16));
#2583=DIRECTION('center_axis',(-0.999999999999449,1.05001859025636E-6,-4.14021539836251E-22));
#2584=DIRECTION('ref_axis',(1.54865108531452E-17,3.94299105867257E-16,1.));
#2585=DIRECTION('',(0.999999999999449,-1.05001859025636E-6,4.14021539836251E-22));
#2586=DIRECTION('center_axis',(-0.999999999999449,1.05001859025636E-6,-4.14021539836251E-22));
#2587=DIRECTION('ref_axis',(1.05001859025636E-6,0.999999999999449,-3.94299247344697E-16));
#2588=DIRECTION('center_axis',(-0.999999999999449,1.05001859025636E-6,-4.14021539836251E-22));
#2589=DIRECTION('ref_axis',(-4.14021539836479E-22,0.,1.));
#2590=DIRECTION('center_axis',(-0.999999999999449,1.05001859025636E-6,-4.14021539836251E-22));
#2591=DIRECTION('ref_axis',(1.05001859025636E-6,0.999999999999449,-3.94299247344697E-16));
#2592=DIRECTION('center_axis',(-0.999999999999449,1.05001859025636E-6,-4.14021539836251E-22));
#2593=DIRECTION('ref_axis',(0.,0.,1.));
#2594=DIRECTION('center_axis',(-1.05001859025636E-6,-0.999999999999449,
1.22464689538598E-16));
#2595=DIRECTION('ref_axis',(0.,-1.22464689538665E-16,-1.));
#2596=DIRECTION('center_axis',(-0.999999999999449,1.05001859025636E-6,-4.14021539836251E-22));
#2597=DIRECTION('ref_axis',(1.05001859025636E-6,0.999999999999449,-3.94299247344697E-16));
#2598=DIRECTION('center_axis',(0.999999999999449,-1.05001859025636E-6,4.14021539836251E-22));
#2599=DIRECTION('ref_axis',(1.54865108531452E-17,3.94299105867257E-16,1.));
#2600=DIRECTION('center_axis',(-0.999999999999449,1.05001859025636E-6,-4.14021539836251E-22));
#2601=DIRECTION('ref_axis',(1.05001859025636E-6,0.999999999999449,-3.94299247344697E-16));
#2602=DIRECTION('',(0.57185931782382,-6.0046291515059E-7,-0.820351705439633));
#2603=DIRECTION('center_axis',(-0.999999999999449,1.05001859025636E-6,-4.14021539836251E-22));
#2604=DIRECTION('ref_axis',(0.,0.,1.));
#2605=DIRECTION('center_axis',(-1.05001859025636E-6,-0.999999999999449,
1.22464670893026E-16));
#2606=DIRECTION('ref_axis',(0.,-1.22464670893094E-16,-1.));
#2607=DIRECTION('center_axis',(-0.999999999999449,1.05001859025636E-6,-4.14021539836251E-22));
#2608=DIRECTION('ref_axis',(1.05001859025636E-6,0.999999999999449,-3.94299247344697E-16));
#2609=DIRECTION('center_axis',(-0.999999999999449,1.05001859025636E-6,-4.14021539836251E-22));
#2610=DIRECTION('ref_axis',(-4.14021539836479E-22,0.,1.));
#2611=DIRECTION('center_axis',(-0.999999999999449,1.05001859025636E-6,-4.14021539836251E-22));
#2612=DIRECTION('ref_axis',(1.05001859025636E-6,0.999999999999449,-3.94299247344697E-16));
#2613=DIRECTION('center_axis',(-0.999999999999449,1.05001859025636E-6,-4.14021539836251E-22));
#2614=DIRECTION('ref_axis',(0.,0.,1.));
#2615=DIRECTION('center_axis',(-1.05001859025636E-6,-0.999999999999449,
1.22464670748437E-16));
#2616=DIRECTION('ref_axis',(0.,-1.22464670748505E-16,-1.));
#2617=DIRECTION('center_axis',(-0.999999999999449,1.05001859025636E-6,-4.14021539836251E-22));
#2618=DIRECTION('ref_axis',(1.05001859025636E-6,0.999999999999449,-3.94299247344697E-16));
#2619=DIRECTION('center_axis',(-0.999999999999449,1.05001859025636E-6,-4.14021539836251E-22));
#2620=DIRECTION('ref_axis',(1.54865108531452E-17,3.94299105867257E-16,1.));
#2621=DIRECTION('',(0.811641575032312,-8.52238742107478E-7,0.584155761486902));
#2622=DIRECTION('center_axis',(-0.999999999999449,1.05001859025636E-6,-4.14021539836251E-22));
#2623=DIRECTION('ref_axis',(1.05001859025636E-6,0.999999999999449,-3.94299247344697E-16));
#2624=DIRECTION('center_axis',(-0.999999999999449,1.05001859025636E-6,-4.14021539836251E-22));
#2625=DIRECTION('ref_axis',(0.,0.,1.));
#2626=DIRECTION('center_axis',(-1.05001859025636E-6,-0.999999999999449,
1.22464682552944E-16));
#2627=DIRECTION('ref_axis',(0.,-1.22464682553012E-16,-1.));
#2628=DIRECTION('',(0.972225671704179,0.162617548484112,-0.168323427378291));
#2629=DIRECTION('',(0.,0.,1.));
#2630=DIRECTION('',(0.,0.,1.));
#2631=DIRECTION('',(0.,0.,1.));
#2632=DIRECTION('',(0.972225671704179,0.162617548484112,0.168323427378291));
#2633=DIRECTION('',(5.30255772955299E-16,-1.,0.));
#2634=DIRECTION('',(5.30255772955299E-16,-1.,0.));
#2635=DIRECTION('',(5.30255772955299E-16,-1.,0.));
#2636=DIRECTION('',(0.972225671704179,-0.162617548484112,0.168323427378291));
#2637=DIRECTION('',(0.,0.,-1.));
#2638=DIRECTION('',(0.,0.,-1.));
#2639=DIRECTION('',(0.,0.,-1.));
#2640=DIRECTION('',(0.97222567170418,-0.162617548484111,-0.168323427378291));
#2641=DIRECTION('',(-5.30255772955299E-16,1.,0.));
#2642=DIRECTION('',(-5.30255772955299E-16,1.,0.));
#2643=DIRECTION('',(-5.30255772955299E-16,1.,0.));
#2644=DIRECTION('',(0.962428986156183,-0.188931716622597,0.195026288126551));
#2645=DIRECTION('',(0.962428986156183,0.188931716622596,0.195026288126551));
#2646=DIRECTION('',(0.962428986156183,-0.188931716622597,-0.195026288126551));
#2647=DIRECTION('',(0.962428986156183,0.188931716622597,-0.195026288126551));
#2648=DIRECTION('center_axis',(0.,0.,1.));
#2649=DIRECTION('ref_axis',(5.30255772955299E-16,-1.,0.));
#2650=DIRECTION('',(-3.11641550771974E-16,1.,0.));
#2651=DIRECTION('',(1.,5.92118946466731E-16,0.));
#2652=DIRECTION('',(1.,5.92118946466731E-16,0.));
#2653=DIRECTION('',(0.,-3.57529448608101E-16,1.));
#2654=DIRECTION('',(0.972225671704179,0.162617548484112,-0.168323427378291));
#2655=DIRECTION('',(0.972225671704179,0.162617548484112,0.16832342737829));
#2656=DIRECTION('',(0.,-3.57529448608101E-16,1.));
#2657=DIRECTION('',(0.,-3.57529448608101E-16,1.));
#2658=DIRECTION('',(0.,-1.,-5.74589109235827E-16));
#2659=DIRECTION('',(0.97222567170418,-0.162617548484112,0.16832342737829));
#2660=DIRECTION('',(0.,-1.,-5.74589109235827E-16));
#2661=DIRECTION('',(0.,-1.,-5.74589109235827E-16));
#2662=DIRECTION('',(0.,3.01077430406822E-16,-1.));
#2663=DIRECTION('',(0.972225671704179,-0.16261754848411,-0.168323427378292));
#2664=DIRECTION('',(0.,3.01077430406822E-16,-1.));
#2665=DIRECTION('',(0.,3.01077430406822E-16,-1.));
#2666=DIRECTION('',(0.,1.,6.23283101543947E-16));
#2667=DIRECTION('',(0.,1.,6.23283101543947E-16));
#2668=DIRECTION('',(0.,1.,6.23283101543947E-16));
#2669=DIRECTION('',(-0.962428986156183,0.188931716622595,-0.195026288126552));
#2670=DIRECTION('',(-0.962428986156183,0.188931716622595,0.195026288126552));
#2671=DIRECTION('',(-0.962428986156183,-0.188931716622598,-0.195026288126551));
#2672=DIRECTION('',(-0.962428986156183,-0.188931716622597,0.195026288126552));
#2673=DIRECTION('center_axis',(0.,-6.23283101543947E-16,1.));
#2674=DIRECTION('ref_axis',(0.,1.,6.23283101543947E-16));
#2675=DIRECTION('',(0.,-1.,-6.23283101543947E-16));
#2676=DIRECTION('',(-1.,0.,0.));
#2677=DIRECTION('',(-1.,0.,0.));
#2678=DIRECTION('center_axis',(1.,3.11641550771974E-16,0.));
#2679=DIRECTION('ref_axis',(-3.11641550771974E-16,1.,0.));
#2680=DIRECTION('',(0.,0.,1.));
#2681=DIRECTION('',(0.,0.,1.));
#2682=DIRECTION('center_axis',(-1.12427648063307E-16,1.,0.));
#2683=DIRECTION('ref_axis',(-1.,-1.12427648063307E-16,0.));
#2684=DIRECTION('',(1.,1.12427648063307E-16,0.));
#2685=DIRECTION('',(0.,0.,1.));
#2686=DIRECTION('center_axis',(-1.,0.,0.));
#2687=DIRECTION('ref_axis',(0.,-1.,0.));
#2688=DIRECTION('',(0.,0.,1.));
#2689=DIRECTION('center_axis',(0.,-1.,0.));
#2690=DIRECTION('ref_axis',(1.,0.,0.));
#2691=DIRECTION('',(1.,5.92118946466731E-16,0.));
#2692=DIRECTION('center_axis',(-1.,-5.30255772955299E-16,0.));
#2693=DIRECTION('ref_axis',(5.30255772955299E-16,-1.,0.));
#2694=DIRECTION('',(5.30255772955299E-16,-1.,0.));
#2695=DIRECTION('center_axis',(1.,0.,0.));
#2696=DIRECTION('ref_axis',(0.,1.,0.));
#2697=DIRECTION('',(0.,1.,0.));
#2698=DIRECTION('center_axis',(0.,0.,1.));
#2699=DIRECTION('ref_axis',(1.,0.,0.));
#2700=DIRECTION('center_axis',(0.,0.,1.));
#2701=DIRECTION('ref_axis',(1.,0.,0.));
#2702=DIRECTION('center_axis',(-1.,-5.30255772955299E-16,0.));
#2703=DIRECTION('ref_axis',(0.,0.,1.));
#2704=DIRECTION('center_axis',(-1.,-5.30255772955299E-16,0.));
#2705=DIRECTION('ref_axis',(0.,0.,1.));
#2706=DIRECTION('center_axis',(-1.,-5.30255772955299E-16,0.));
#2707=DIRECTION('ref_axis',(0.,0.,1.));
#2708=CARTESIAN_POINT('',(0.,0.,0.));
#2709=CARTESIAN_POINT('Origin',(-69.,-37.4999865174686,80.));
#2710=CARTESIAN_POINT('',(-71.,-37.4999865174686,73.));
#2711=CARTESIAN_POINT('Origin',(-69.,-37.4999865174686,73.));
#2712=CARTESIAN_POINT('',(-71.,-37.4999865174686,80.));
#2713=CARTESIAN_POINT('',(-71.,-37.4999865174686,80.));
#2714=CARTESIAN_POINT('Origin',(-69.,-37.4999865174686,80.));
#2715=CARTESIAN_POINT('Origin',(-69.,-37.4999865174686,80.));
#2716=CARTESIAN_POINT('',(-72.0000179766243,-33.5,80.));
#2717=CARTESIAN_POINT('',(-65.9999820233757,-33.5,80.));
#2718=CARTESIAN_POINT('Origin',(-69.,-37.4999865174686,80.));
#2719=CARTESIAN_POINT('',(-72.0000179766243,-33.5,73.));
#2720=CARTESIAN_POINT('',(-72.0000179766243,-33.5,80.));
#2721=CARTESIAN_POINT('',(-65.9999820233757,-33.5,73.));
#2722=CARTESIAN_POINT('Origin',(-69.,-37.4999865174686,73.));
#2723=CARTESIAN_POINT('',(-65.9999820233756,-33.5,80.));
#2724=CARTESIAN_POINT('Origin',(-69.,-37.9999932587343,73.));
#2725=CARTESIAN_POINT('',(-76.5,-33.5,73.));
#2726=CARTESIAN_POINT('Origin',(-84.,-33.5,0.));
#2727=CARTESIAN_POINT('',(-84.,-33.5,80.));
#2728=CARTESIAN_POINT('',(-84.,-33.5,80.));
#2729=CARTESIAN_POINT('',(-84.,-33.5,0.));
#2730=CARTESIAN_POINT('',(-84.,-33.5,0.));
#2731=CARTESIAN_POINT('',(84.,-33.5,0.));
#2732=CARTESIAN_POINT('',(-84.,-33.5,0.));
#2733=CARTESIAN_POINT('',(84.,-33.5,80.));
#2734=CARTESIAN_POINT('',(84.,-33.5,0.));
#2735=CARTESIAN_POINT('',(72.0000179766243,-33.5,80.));
#2736=CARTESIAN_POINT('',(-84.,-33.5,80.));
#2737=CARTESIAN_POINT('',(72.0000179766243,-33.5,73.));
#2738=CARTESIAN_POINT('',(72.0000179766243,-33.5,80.));
#2739=CARTESIAN_POINT('',(65.9999820233757,-33.5,73.));
#2740=CARTESIAN_POINT('',(-7.5,-33.5,73.));
#2741=CARTESIAN_POINT('',(65.9999820233757,-33.5,80.));
#2742=CARTESIAN_POINT('',(65.9999820233757,-33.5,80.));
#2743=CARTESIAN_POINT('',(-84.,-33.5,80.));
#2744=CARTESIAN_POINT('Origin',(69.,-37.4999865174686,80.));
#2745=CARTESIAN_POINT('',(71.,-37.4999865174686,73.));
#2746=CARTESIAN_POINT('Origin',(69.,-37.4999865174686,73.));
#2747=CARTESIAN_POINT('',(71.,-37.4999865174686,80.));
#2748=CARTESIAN_POINT('',(71.,-37.4999865174686,80.));
#2749=CARTESIAN_POINT('Origin',(69.,-37.4999865174686,80.));
#2750=CARTESIAN_POINT('Origin',(69.,-37.4999865174686,80.));
#2751=CARTESIAN_POINT('Origin',(69.,-37.4999865174686,80.));
#2752=CARTESIAN_POINT('Origin',(69.,-37.4999865174686,73.));
#2753=CARTESIAN_POINT('Origin',(69.,-37.9999932587343,73.));
#2754=CARTESIAN_POINT('Origin',(-69.,37.4999865174686,80.));
#2755=CARTESIAN_POINT('',(-71.,37.4999865174686,73.));
#2756=CARTESIAN_POINT('Origin',(-69.,37.4999865174686,73.));
#2757=CARTESIAN_POINT('',(-71.,37.4999865174686,80.));
#2758=CARTESIAN_POINT('',(-71.,37.4999865174686,80.));
#2759=CARTESIAN_POINT('Origin',(-69.,37.4999865174686,80.));
#2760=CARTESIAN_POINT('Origin',(-69.,37.4999865174686,80.));
#2761=CARTESIAN_POINT('',(-72.0000179766243,33.5,80.));
#2762=CARTESIAN_POINT('',(-65.9999820233757,33.5,80.));
#2763=CARTESIAN_POINT('Origin',(-69.,37.4999865174686,80.));
#2764=CARTESIAN_POINT('',(-65.9999820233757,33.5,73.));
#2765=CARTESIAN_POINT('',(-65.9999820233757,33.5,80.));
#2766=CARTESIAN_POINT('',(-72.0000179766243,33.5,73.));
#2767=CARTESIAN_POINT('Origin',(-69.,37.4999865174686,73.));
#2768=CARTESIAN_POINT('',(-72.0000179766243,33.5,80.));
#2769=CARTESIAN_POINT('Origin',(-69.,37.9999932587343,73.));
#2770=CARTESIAN_POINT('',(7.5,33.5,73.));
#2771=CARTESIAN_POINT('Origin',(84.,33.5,0.));
#2772=CARTESIAN_POINT('',(65.9999820233757,33.5,80.));
#2773=CARTESIAN_POINT('',(84.,33.5,80.));
#2774=CARTESIAN_POINT('',(65.9999820233757,33.5,73.));
#2775=CARTESIAN_POINT('',(65.9999820233757,33.5,80.));
#2776=CARTESIAN_POINT('',(72.0000179766243,33.5,73.));
#2777=CARTESIAN_POINT('',(76.5,33.5,73.));
#2778=CARTESIAN_POINT('',(72.0000179766243,33.5,80.));
#2779=CARTESIAN_POINT('',(72.0000179766243,33.5,80.));
#2780=CARTESIAN_POINT('',(84.,33.5,80.));
#2781=CARTESIAN_POINT('',(84.,33.5,80.));
#2782=CARTESIAN_POINT('',(84.,33.5,0.));
#2783=CARTESIAN_POINT('',(84.,33.5,0.));
#2784=CARTESIAN_POINT('',(-84.,33.5,0.));
#2785=CARTESIAN_POINT('',(84.,33.5,0.));
#2786=CARTESIAN_POINT('',(-84.,33.5,80.));
#2787=CARTESIAN_POINT('',(-84.,33.5,0.));
#2788=CARTESIAN_POINT('',(84.,33.5,80.));
#2789=CARTESIAN_POINT('Origin',(69.,37.4999865174686,80.));
#2790=CARTESIAN_POINT('',(71.,37.4999865174686,73.));
#2791=CARTESIAN_POINT('Origin',(69.,37.4999865174686,73.));
#2792=CARTESIAN_POINT('',(71.,37.4999865174686,80.));
#2793=CARTESIAN_POINT('',(71.,37.4999865174686,80.));
#2794=CARTESIAN_POINT('Origin',(69.,37.4999865174686,80.));
#2795=CARTESIAN_POINT('Origin',(69.,37.4999865174686,80.));
#2796=CARTESIAN_POINT('Origin',(69.,37.4999865174686,80.));
#2797=CARTESIAN_POINT('Origin',(69.,37.4999865174686,73.));
#2798=CARTESIAN_POINT('Origin',(69.,37.9999932587343,73.));
#2799=CARTESIAN_POINT('Origin',(-83.2816953791263,-16.25,79.5501678324991));
#2800=CARTESIAN_POINT('',(-82.9999865174686,31.2510004003203,79.1003356649981));
#2801=CARTESIAN_POINT('',(-83.5634042407839,31.2510004003203,80.));
#2802=CARTESIAN_POINT('',(-82.9999865174686,31.2510004003203,79.1003356649981));
#2803=CARTESIAN_POINT('',(-83.5634042407839,-31.2510004003203,80.));
#2804=CARTESIAN_POINT('',(-83.5634042407839,-16.25,80.));
#2805=CARTESIAN_POINT('',(-82.9999865174686,-31.2510004003203,79.1003356649981));
#2806=CARTESIAN_POINT('',(-83.5634042407839,-31.2510004003203,80.));
#2807=CARTESIAN_POINT('',(-82.9999865174686,-16.25,79.1003356649981));
#2808=CARTESIAN_POINT('Origin',(-81.7510004003204,31.2510004003203,79.5501678324991));
#2809=CARTESIAN_POINT('',(-81.7510004003204,32.4999865174686,79.1003356649981));
#2810=CARTESIAN_POINT('Origin',(-81.7510004003204,31.2510004003203,79.1003356649981));
#2811=CARTESIAN_POINT('',(-81.7510004003204,33.0634042407839,80.));
#2812=CARTESIAN_POINT('',(-81.7510004003204,32.4999865174686,79.1003356649981));
#2813=CARTESIAN_POINT('Origin',(-81.7510004003204,31.2510004003203,80.));
#2814=CARTESIAN_POINT('Origin',(-41.5,32.7816953791263,79.5501678324991));
#2815=CARTESIAN_POINT('',(81.7510004003203,32.4999865174686,79.1003356649981));
#2816=CARTESIAN_POINT('',(81.7510004003203,33.0634042407839,80.));
#2817=CARTESIAN_POINT('',(81.7510004003203,32.4999865174686,79.1003356649981));
#2818=CARTESIAN_POINT('',(-41.5,33.0634042407839,80.));
#2819=CARTESIAN_POINT('',(-41.5,32.4999865174686,79.1003356649981));
#2820=CARTESIAN_POINT('Origin',(81.7510004003203,31.2510004003203,79.5501678324991));
#2821=CARTESIAN_POINT('',(82.9999865174686,31.2510004003203,79.1003356649981));
#2822=CARTESIAN_POINT('Origin',(81.7510004003203,31.2510004003203,79.1003356649981));
#2823=CARTESIAN_POINT('',(83.5634042407839,31.2510004003203,80.));
#2824=CARTESIAN_POINT('',(82.9999865174686,31.2510004003203,79.1003356649981));
#2825=CARTESIAN_POINT('Origin',(81.7510004003203,31.2510004003203,80.));
#2826=CARTESIAN_POINT('Origin',(83.2816953791263,16.25,79.5501678324991));
#2827=CARTESIAN_POINT('',(82.9999865174686,-31.2510004003203,79.1003356649981));
#2828=CARTESIAN_POINT('',(83.5634042407839,-31.2510004003203,80.));
#2829=CARTESIAN_POINT('',(82.9999865174686,-31.2510004003203,79.1003356649981));
#2830=CARTESIAN_POINT('',(83.5634042407839,16.25,80.));
#2831=CARTESIAN_POINT('',(82.9999865174686,16.25,79.1003356649981));
#2832=CARTESIAN_POINT('Origin',(81.7510004003203,-31.2510004003203,79.5501678324991));
#2833=CARTESIAN_POINT('',(81.7510004003203,-32.4999865174686,79.1003356649981));
#2834=CARTESIAN_POINT('Origin',(81.7510004003203,-31.2510004003203,79.1003356649981));
#2835=CARTESIAN_POINT('',(81.7510004003203,-33.0634042407839,80.));
#2836=CARTESIAN_POINT('',(81.7510004003203,-32.4999865174686,79.1003356649981));
#2837=CARTESIAN_POINT('Origin',(81.7510004003203,-31.2510004003203,80.));
#2838=CARTESIAN_POINT('Origin',(41.5,-32.7816953791263,79.5501678324991));
#2839=CARTESIAN_POINT('',(-81.7510004003203,-32.4999865174686,79.1003356649981));
#2840=CARTESIAN_POINT('',(-81.7510004003203,-33.0634042407839,80.));
#2841=CARTESIAN_POINT('',(-81.7510004003203,-32.4999865174686,79.1003356649981));
#2842=CARTESIAN_POINT('',(41.5,-33.0634042407839,80.));
#2843=CARTESIAN_POINT('',(41.5,-32.4999865174686,79.1003356649981));
#2844=CARTESIAN_POINT('Origin',(-81.7510004003203,-31.2510004003203,79.5501678324991));
#2845=CARTESIAN_POINT('Origin',(-81.7510004003203,-31.2510004003203,79.1003356649981));
#2846=CARTESIAN_POINT('Origin',(-81.7510004003203,-31.2510004003203,80.));
#2847=CARTESIAN_POINT('Origin',(81.7510004003203,31.2510004003203,79.05));
#2848=CARTESIAN_POINT('',(81.7510004003203,31.2510004003203,77.8));
#2849=CARTESIAN_POINT('Origin',(81.7510004003203,31.2510004003203,79.05));
#2850=CARTESIAN_POINT('Origin',(81.7510004003203,31.2510004003203,79.05));
#2851=CARTESIAN_POINT('Origin',(-41.5,31.2510004003203,79.05));
#2852=CARTESIAN_POINT('',(-81.7510004003204,31.2510004003203,77.8));
#2853=CARTESIAN_POINT('Origin',(-81.7510004003204,31.2510004003203,79.05));
#2854=CARTESIAN_POINT('',(-41.5,31.2510004003203,77.8));
#2855=CARTESIAN_POINT('Origin',(-81.7510004003204,31.2510004003203,79.05));
#2856=CARTESIAN_POINT('Origin',(-81.7510004003204,31.2510004003203,79.05));
#2857=CARTESIAN_POINT('Origin',(-81.7510004003203,-16.25,79.05));
#2858=CARTESIAN_POINT('',(-81.7510004003203,-31.2510004003203,77.8));
#2859=CARTESIAN_POINT('Origin',(-81.7510004003203,-31.2510004003203,79.05));
#2860=CARTESIAN_POINT('',(-81.7510004003203,-16.25,77.8));
#2861=CARTESIAN_POINT('Origin',(-1.77635683940025E-14,-8.88178419700125E-15,
80.));
#2862=CARTESIAN_POINT('',(-84.,33.5,80.));
#2863=CARTESIAN_POINT('',(84.,-33.5,80.));
#2864=CARTESIAN_POINT('Ctrl Pts',(81.7489995996797,-31.2489995996797,77.8));
#2865=CARTESIAN_POINT('Ctrl Pts',(81.4756450188867,-30.7022904380936,77.8));
#2866=CARTESIAN_POINT('Ctrl Pts',(81.0215839791061,-29.7941683585325,77.9554354081253));
#2867=CARTESIAN_POINT('Ctrl Pts',(80.602971929093,-28.9569442585062,78.4576007771487));
#2868=CARTESIAN_POINT('Ctrl Pts',(80.5072894554878,-28.7655793112959,78.8179094602768));
#2869=CARTESIAN_POINT('Ctrl Pts',(80.5,-28.7510004003203,79.));
#2870=CARTESIAN_POINT('Ctrl Pts',(81.7489995996797,-31.2489995996797,77.8));
#2871=CARTESIAN_POINT('Ctrl Pts',(81.423577479688,-30.7543579772923,77.8));
#2872=CARTESIAN_POINT('Ctrl Pts',(80.8836870758998,-29.9318431051116,78.0253970389178));
#2873=CARTESIAN_POINT('Ctrl Pts',(80.5324746106264,-29.2550582503124,78.6109007308955));
#2874=CARTESIAN_POINT('Ctrl Pts',(80.5021936715996,-29.1338854096487,78.887690881035));
#2875=CARTESIAN_POINT('Ctrl Pts',(80.4994026885815,-29.1243200368618,79.014920834451));
#2876=CARTESIAN_POINT('Ctrl Pts',(81.7489995996797,-31.2489995996797,77.8000000000001));
#2877=CARTESIAN_POINT('Ctrl Pts',(81.3324592860903,-30.84547617089,77.8000000000001));
#2878=CARTESIAN_POINT('Ctrl Pts',(80.6412282221232,-30.1762639781239,78.0767116821201));
#2879=CARTESIAN_POINT('Ctrl Pts',(80.2038785664393,-29.7755758314317,78.738806487624));
#2880=CARTESIAN_POINT('Ctrl Pts',(80.1873996442342,-29.7717229697725,78.9480693193293));
#2881=CARTESIAN_POINT('Ctrl Pts',(80.1851705781605,-29.7704149129216,79.0282059774456));
#2882=CARTESIAN_POINT('Ctrl Pts',(81.7489995996797,-31.2489995996797,77.8));
#2883=CARTESIAN_POINT('Ctrl Pts',(81.2413410924926,-30.9365943644877,77.8));
#2884=CARTESIAN_POINT('Ctrl Pts',(80.3984934299129,-30.4193467427738,78.008186060072));
#2885=CARTESIAN_POINT('Ctrl Pts',(79.6809457655615,-30.0505501572542,78.5716265917122));
#2886=CARTESIAN_POINT('Ctrl Pts',(79.5418820853704,-30.0035478099309,78.8697043462744));
#2887=CARTESIAN_POINT('Ctrl Pts',(79.5309901277264,-29.9995520164362,79.0111906258382));
#2888=CARTESIAN_POINT('Ctrl Pts',(81.7489995996797,-31.2489995996797,77.8));
#2889=CARTESIAN_POINT('Ctrl Pts',(81.2022904380936,-30.9756450188867,77.8));
#2890=CARTESIAN_POINT('Ctrl Pts',(80.2941683585324,-30.5215839791061,77.9554354081253));
#2891=CARTESIAN_POINT('Ctrl Pts',(79.4569442585062,-30.102971929093,78.4576007771487));
#2892=CARTESIAN_POINT('Ctrl Pts',(79.2655793112959,-30.0072894554878,78.8179094602768));
#2893=CARTESIAN_POINT('Ctrl Pts',(79.2510004003203,-30.,79.));
#2894=CARTESIAN_POINT('',(80.5,-28.7510004003203,79.));
#2895=CARTESIAN_POINT('',(79.2510004003203,-30.,79.));
#2896=CARTESIAN_POINT('Ctrl Pts',(80.5,-28.7510004003203,79.));
#2897=CARTESIAN_POINT('Ctrl Pts',(80.5,-28.9140440233518,79.));
#2898=CARTESIAN_POINT('Ctrl Pts',(80.4681764172923,-29.0755761979032,79.));
#2899=CARTESIAN_POINT('Ctrl Pts',(80.3445701937446,-29.3767490741029,79.));
#2900=CARTESIAN_POINT('Ctrl Pts',(80.2541335979502,-29.513619855346,79.));
#2901=CARTESIAN_POINT('Ctrl Pts',(80.0258948012532,-29.7446340808665,79.));
#2902=CARTESIAN_POINT('Ctrl Pts',(79.8904759489319,-29.8365648395893,79.));
#2903=CARTESIAN_POINT('Ctrl Pts',(79.6639829994396,-29.9329507303928,79.));
#2904=CARTESIAN_POINT('Ctrl Pts',(79.5835792384899,-29.9579669832416,78.9999999999798));
#2905=CARTESIAN_POINT('Ctrl Pts',(79.4189198689176,-29.9915402604094,78.9999999999798));
#2906=CARTESIAN_POINT('Ctrl Pts',(79.3350639605527,-30.,79.));
#2907=CARTESIAN_POINT('Ctrl Pts',(79.2510004003203,-30.,79.));
#2908=CARTESIAN_POINT('',(81.7489995996797,-31.2489995996797,77.8));
#2909=CARTESIAN_POINT('Origin',(81.7489995996797,-31.2489995996797,79.05));
#2910=CARTESIAN_POINT('Origin',(81.7489995996797,-31.2489995996797,79.05));
#2911=CARTESIAN_POINT('Origin',(-1.77635683940025E-14,-8.88178419700125E-15,
79.));
#2912=CARTESIAN_POINT('',(80.5,28.7510004003203,79.));
#2913=CARTESIAN_POINT('',(80.5,-15.,79.));
#2914=CARTESIAN_POINT('',(79.2510004003203,30.,79.));
#2915=CARTESIAN_POINT('Ctrl Pts',(79.2510004003203,30.,79.));
#2916=CARTESIAN_POINT('Ctrl Pts',(79.4140440233517,30.,79.));
#2917=CARTESIAN_POINT('Ctrl Pts',(79.5755761979032,29.9681764172924,79.));
#2918=CARTESIAN_POINT('Ctrl Pts',(79.8767490741029,29.8445701937446,79.));
#2919=CARTESIAN_POINT('Ctrl Pts',(80.013619855346,29.7541335979502,79.));
#2920=CARTESIAN_POINT('Ctrl Pts',(80.2446340808665,29.5258948012532,79.));
#2921=CARTESIAN_POINT('Ctrl Pts',(80.3365648395892,29.390475948932,79.));
#2922=CARTESIAN_POINT('Ctrl Pts',(80.4329507303928,29.1639829994396,79.));
#2923=CARTESIAN_POINT('Ctrl Pts',(80.4579669832416,29.08357923849,78.9999999999798));
#2924=CARTESIAN_POINT('Ctrl Pts',(80.4915402604094,28.9189198689175,78.9999999999798));
#2925=CARTESIAN_POINT('Ctrl Pts',(80.5,28.8350639605524,79.));
#2926=CARTESIAN_POINT('Ctrl Pts',(80.5,28.7510004003203,79.));
#2927=CARTESIAN_POINT('',(-79.2510004003204,30.,79.));
#2928=CARTESIAN_POINT('',(40.25,30.,79.));
#2929=CARTESIAN_POINT('',(-80.5,28.7510004003203,79.));
#2930=CARTESIAN_POINT('Ctrl Pts',(-80.5,28.7510004003203,79.));
#2931=CARTESIAN_POINT('Ctrl Pts',(-80.5,28.9140440233518,79.));
#2932=CARTESIAN_POINT('Ctrl Pts',(-80.4681764172923,29.0755761979032,79.));
#2933=CARTESIAN_POINT('Ctrl Pts',(-80.3445701937446,29.3767490741029,79.));
#2934=CARTESIAN_POINT('Ctrl Pts',(-80.2541335979502,29.5136198553459,79.));
#2935=CARTESIAN_POINT('Ctrl Pts',(-80.0258948012532,29.7446340808664,79.));
#2936=CARTESIAN_POINT('Ctrl Pts',(-79.890475948932,29.8365648395892,79.));
#2937=CARTESIAN_POINT('Ctrl Pts',(-79.6639829994396,29.9329507303928,79.));
#2938=CARTESIAN_POINT('Ctrl Pts',(-79.5835792384899,29.9579669832415,78.9999999999798));
#2939=CARTESIAN_POINT('Ctrl Pts',(-79.4189198689176,29.9915402604094,78.9999999999798));
#2940=CARTESIAN_POINT('Ctrl Pts',(-79.3350639605527,30.,79.));
#2941=CARTESIAN_POINT('Ctrl Pts',(-79.2510004003204,30.,79.));
#2942=CARTESIAN_POINT('',(-80.5,-28.7510004003203,79.));
#2943=CARTESIAN_POINT('',(-80.5,15.,79.));
#2944=CARTESIAN_POINT('',(-79.2510004003203,-30.,79.));
#2945=CARTESIAN_POINT('Ctrl Pts',(-79.2510004003203,-30.,79.));
#2946=CARTESIAN_POINT('Ctrl Pts',(-79.4140440233517,-30.,79.));
#2947=CARTESIAN_POINT('Ctrl Pts',(-79.5755761979032,-29.9681764172923,79.));
#2948=CARTESIAN_POINT('Ctrl Pts',(-79.8767490741029,-29.8445701937446,79.));
#2949=CARTESIAN_POINT('Ctrl Pts',(-80.0136198553459,-29.7541335979502,79.));
#2950=CARTESIAN_POINT('Ctrl Pts',(-80.2446340808664,-29.5258948012532,79.));
#2951=CARTESIAN_POINT('Ctrl Pts',(-80.3365648395892,-29.390475948932,79.));
#2952=CARTESIAN_POINT('Ctrl Pts',(-80.4329507303927,-29.1639829994397,79.));
#2953=CARTESIAN_POINT('Ctrl Pts',(-80.4579669832415,-29.08357923849,78.9999999999798));
#2954=CARTESIAN_POINT('Ctrl Pts',(-80.4915402604094,-28.9189198689176,78.9999999999798));
#2955=CARTESIAN_POINT('Ctrl Pts',(-80.5,-28.8350639605526,79.));
#2956=CARTESIAN_POINT('Ctrl Pts',(-80.5,-28.7510004003203,79.));
#2957=CARTESIAN_POINT('',(-40.25,-30.,79.));
#2958=CARTESIAN_POINT('',(-79.,28.5,79.));
#2959=CARTESIAN_POINT('',(79.,28.5,79.));
#2960=CARTESIAN_POINT('',(-79.,28.5,79.));
#2961=CARTESIAN_POINT('',(79.,-28.5,79.));
#2962=CARTESIAN_POINT('',(79.,28.5,79.));
#2963=CARTESIAN_POINT('',(-79.,-28.5,79.));
#2964=CARTESIAN_POINT('',(79.,-28.5,79.));
#2965=CARTESIAN_POINT('',(-79.,-28.5,79.));
#2966=CARTESIAN_POINT('Origin',(81.7489995996797,-15.,79.05));
#2967=CARTESIAN_POINT('',(81.7489995996797,31.2489995996797,77.8));
#2968=CARTESIAN_POINT('',(81.7489995996797,-15.,77.8));
#2969=CARTESIAN_POINT('Origin',(81.7489995996797,31.2489995996797,79.05));
#2970=CARTESIAN_POINT('Origin',(81.7510004003203,-31.2510004003203,79.05));
#2971=CARTESIAN_POINT('',(81.7510004003203,-31.2510004003203,77.8));
#2972=CARTESIAN_POINT('Origin',(81.7510004003203,-31.2510004003203,79.05));
#2973=CARTESIAN_POINT('Origin',(81.7510004003203,-31.2510004003203,79.05));
#2974=CARTESIAN_POINT('Origin',(41.5,-31.2510004003203,79.05));
#2975=CARTESIAN_POINT('',(41.5,-31.2510004003203,77.8));
#2976=CARTESIAN_POINT('Origin',(-81.7510004003203,-31.2510004003203,79.05));
#2977=CARTESIAN_POINT('Origin',(81.7510004003203,16.25,79.05));
#2978=CARTESIAN_POINT('',(81.7510004003203,16.25,77.8));
#2979=CARTESIAN_POINT('Ctrl Pts',(81.7489995996797,31.2489995996797,77.8));
#2980=CARTESIAN_POINT('Ctrl Pts',(81.2022904380936,30.9756450188867,77.8));
#2981=CARTESIAN_POINT('Ctrl Pts',(80.2941683585325,30.5215839791061,77.9554354081253));
#2982=CARTESIAN_POINT('Ctrl Pts',(79.4569442585062,30.1029719290929,78.4576007771487));
#2983=CARTESIAN_POINT('Ctrl Pts',(79.2655793112959,30.0072894554878,78.8179094602768));
#2984=CARTESIAN_POINT('Ctrl Pts',(79.2510004003203,30.,79.));
#2985=CARTESIAN_POINT('Ctrl Pts',(81.7489995996797,31.2489995996797,77.8));
#2986=CARTESIAN_POINT('Ctrl Pts',(81.2543579772923,30.923577479688,77.8));
#2987=CARTESIAN_POINT('Ctrl Pts',(80.4318431051116,30.3836870758999,78.0253970389178));
#2988=CARTESIAN_POINT('Ctrl Pts',(79.7550582503124,30.0324746106264,78.6109007308954));
#2989=CARTESIAN_POINT('Ctrl Pts',(79.6338854096487,30.0021936715996,78.887690881035));
#2990=CARTESIAN_POINT('Ctrl Pts',(79.6243200368617,29.9994026885815,79.014920834451));
#2991=CARTESIAN_POINT('Ctrl Pts',(81.7489995996797,31.2489995996797,77.8000000000001));
#2992=CARTESIAN_POINT('Ctrl Pts',(81.34547617089,30.8324592860903,77.8000000000001));
#2993=CARTESIAN_POINT('Ctrl Pts',(80.6762639781239,30.1412282221232,78.07671168212));
#2994=CARTESIAN_POINT('Ctrl Pts',(80.2755758314317,29.7038785664393,78.738806487624));
#2995=CARTESIAN_POINT('Ctrl Pts',(80.2717229697725,29.6873996442342,78.9480693193292));
#2996=CARTESIAN_POINT('Ctrl Pts',(80.2704149129216,29.6851705781605,79.0282059774456));
#2997=CARTESIAN_POINT('Ctrl Pts',(81.7489995996797,31.2489995996797,77.8));
#2998=CARTESIAN_POINT('Ctrl Pts',(81.4365943644876,30.7413410924926,77.8));
#2999=CARTESIAN_POINT('Ctrl Pts',(80.9193467427738,29.898493429913,78.008186060072));
#3000=CARTESIAN_POINT('Ctrl Pts',(80.5505501572542,29.1809457655615,78.5716265917122));
#3001=CARTESIAN_POINT('Ctrl Pts',(80.5035478099309,29.0418820853704,78.8697043462744));
#3002=CARTESIAN_POINT('Ctrl Pts',(80.4995520164361,29.0309901277264,79.0111906258382));
#3003=CARTESIAN_POINT('Ctrl Pts',(81.7489995996797,31.2489995996797,77.8));
#3004=CARTESIAN_POINT('Ctrl Pts',(81.4756450188867,30.7022904380936,77.8));
#3005=CARTESIAN_POINT('Ctrl Pts',(81.0215839791061,29.7941683585325,77.9554354081253));
#3006=CARTESIAN_POINT('Ctrl Pts',(80.6029719290929,28.9569442585062,78.4576007771487));
#3007=CARTESIAN_POINT('Ctrl Pts',(80.5072894554878,28.7655793112959,78.8179094602768));
#3008=CARTESIAN_POINT('Ctrl Pts',(80.5,28.7510004003203,79.));
#3009=CARTESIAN_POINT('Origin',(81.7489995996797,31.2489995996797,79.05));
#3010=CARTESIAN_POINT('Ctrl Pts',(-81.7489995996797,31.2489995996796,77.8));
#3011=CARTESIAN_POINT('Ctrl Pts',(-81.4756450188867,30.7022904380936,77.8));
#3012=CARTESIAN_POINT('Ctrl Pts',(-81.0215839791061,29.7941683585324,77.9554354081252));
#3013=CARTESIAN_POINT('Ctrl Pts',(-80.602971929093,28.9569442585062,78.4576007771487));
#3014=CARTESIAN_POINT('Ctrl Pts',(-80.5072894554878,28.7655793112959,78.8179094602768));
#3015=CARTESIAN_POINT('Ctrl Pts',(-80.5,28.7510004003203,79.));
#3016=CARTESIAN_POINT('Ctrl Pts',(-81.7489995996797,31.2489995996796,77.8));
#3017=CARTESIAN_POINT('Ctrl Pts',(-81.423577479688,30.7543579772923,77.8));
#3018=CARTESIAN_POINT('Ctrl Pts',(-80.8836870758999,29.9318431051116,78.0253970389178));
#3019=CARTESIAN_POINT('Ctrl Pts',(-80.5324746106264,29.2550582503124,78.6109007308954));
#3020=CARTESIAN_POINT('Ctrl Pts',(-80.5021936715996,29.1338854096487,78.887690881035));
#3021=CARTESIAN_POINT('Ctrl Pts',(-80.4994026885815,29.1243200368617,79.014920834451));
#3022=CARTESIAN_POINT('Ctrl Pts',(-81.7489995996797,31.2489995996797,77.8000000000001));
#3023=CARTESIAN_POINT('Ctrl Pts',(-81.3324592860904,30.84547617089,77.8000000000001));
#3024=CARTESIAN_POINT('Ctrl Pts',(-80.6412282221232,30.1762639781239,78.07671168212));
#3025=CARTESIAN_POINT('Ctrl Pts',(-80.2038785664393,29.7755758314316,78.738806487624));
#3026=CARTESIAN_POINT('Ctrl Pts',(-80.1873996442343,29.7717229697725,78.9480693193292));
#3027=CARTESIAN_POINT('Ctrl Pts',(-80.1851705781605,29.7704149129215,79.0282059774456));
#3028=CARTESIAN_POINT('Ctrl Pts',(-81.7489995996797,31.2489995996797,77.8));
#3029=CARTESIAN_POINT('Ctrl Pts',(-81.2413410924927,30.9365943644876,77.8));
#3030=CARTESIAN_POINT('Ctrl Pts',(-80.3984934299129,30.4193467427738,78.008186060072));
#3031=CARTESIAN_POINT('Ctrl Pts',(-79.6809457655615,30.0505501572542,78.5716265917122));
#3032=CARTESIAN_POINT('Ctrl Pts',(-79.5418820853705,30.0035478099309,78.8697043462744));
#3033=CARTESIAN_POINT('Ctrl Pts',(-79.5309901277264,29.9995520164361,79.0111906258382));
#3034=CARTESIAN_POINT('Ctrl Pts',(-81.7489995996797,31.2489995996797,77.8));
#3035=CARTESIAN_POINT('Ctrl Pts',(-81.2022904380937,30.9756450188866,77.8));
#3036=CARTESIAN_POINT('Ctrl Pts',(-80.2941683585325,30.521583979106,77.9554354081252));
#3037=CARTESIAN_POINT('Ctrl Pts',(-79.4569442585063,30.1029719290929,78.4576007771487));
#3038=CARTESIAN_POINT('Ctrl Pts',(-79.265579311296,30.0072894554878,78.8179094602768));
#3039=CARTESIAN_POINT('Ctrl Pts',(-79.2510004003204,30.,79.));
#3040=CARTESIAN_POINT('',(-81.7489995996797,31.2489995996797,77.8));
#3041=CARTESIAN_POINT('Origin',(-81.7489995996797,31.2489995996797,79.05));
#3042=CARTESIAN_POINT('Origin',(-81.7489995996797,31.2489995996797,79.05));
#3043=CARTESIAN_POINT('Origin',(-81.7489995996797,15.,79.05));
#3044=CARTESIAN_POINT('',(-81.7489995996796,-31.2489995996797,77.8));
#3045=CARTESIAN_POINT('',(-81.7489995996797,15.,77.8));
#3046=CARTESIAN_POINT('Origin',(-81.7489995996797,-31.2489995996797,79.05));
#3047=CARTESIAN_POINT('Ctrl Pts',(-81.7489995996796,-31.2489995996797,77.8));
#3048=CARTESIAN_POINT('Ctrl Pts',(-81.2022904380936,-30.9756450188867,77.8));
#3049=CARTESIAN_POINT('Ctrl Pts',(-80.2941683585325,-30.5215839791061,77.9554354081253));
#3050=CARTESIAN_POINT('Ctrl Pts',(-79.4569442585062,-30.1029719290929,78.4576007771487));
#3051=CARTESIAN_POINT('Ctrl Pts',(-79.2655793112959,-30.0072894554878,78.8179094602768));
#3052=CARTESIAN_POINT('Ctrl Pts',(-79.2510004003203,-30.,79.));
#3053=CARTESIAN_POINT('Ctrl Pts',(-81.7489995996796,-31.2489995996797,77.8));
#3054=CARTESIAN_POINT('Ctrl Pts',(-81.2543579772923,-30.923577479688,77.8));
#3055=CARTESIAN_POINT('Ctrl Pts',(-80.4318431051116,-30.3836870758999,78.0253970389178));
#3056=CARTESIAN_POINT('Ctrl Pts',(-79.7550582503124,-30.0324746106264,78.6109007308954));
#3057=CARTESIAN_POINT('Ctrl Pts',(-79.6338854096487,-30.0021936715996,78.887690881035));
#3058=CARTESIAN_POINT('Ctrl Pts',(-79.6243200368617,-29.9994026885815,79.014920834451));
#3059=CARTESIAN_POINT('Ctrl Pts',(-81.7489995996797,-31.2489995996797,77.8));
#3060=CARTESIAN_POINT('Ctrl Pts',(-81.34547617089,-30.8324592860903,77.8));
#3061=CARTESIAN_POINT('Ctrl Pts',(-80.6762639781239,-30.1412282221232,78.07671168212));
#3062=CARTESIAN_POINT('Ctrl Pts',(-80.2755758314317,-29.7038785664393,78.738806487624));
#3063=CARTESIAN_POINT('Ctrl Pts',(-80.2717229697725,-29.6873996442342,78.9480693193292));
#3064=CARTESIAN_POINT('Ctrl Pts',(-80.2704149129215,-29.6851705781605,79.0282059774456));
#3065=CARTESIAN_POINT('Ctrl Pts',(-81.7489995996796,-31.2489995996797,77.8));
#3066=CARTESIAN_POINT('Ctrl Pts',(-81.4365943644876,-30.7413410924926,77.8));
#3067=CARTESIAN_POINT('Ctrl Pts',(-80.9193467427738,-29.898493429913,78.008186060072));
#3068=CARTESIAN_POINT('Ctrl Pts',(-80.5505501572542,-29.1809457655615,78.5716265917122));
#3069=CARTESIAN_POINT('Ctrl Pts',(-80.5035478099309,-29.0418820853704,78.8697043462744));
#3070=CARTESIAN_POINT('Ctrl Pts',(-80.4995520164361,-29.0309901277264,79.0111906258382));
#3071=CARTESIAN_POINT('Ctrl Pts',(-81.7489995996796,-31.2489995996797,77.8));
#3072=CARTESIAN_POINT('Ctrl Pts',(-81.4756450188866,-30.7022904380936,77.8));
#3073=CARTESIAN_POINT('Ctrl Pts',(-81.0215839791061,-29.7941683585325,77.9554354081253));
#3074=CARTESIAN_POINT('Ctrl Pts',(-80.6029719290929,-28.9569442585062,78.4576007771487));
#3075=CARTESIAN_POINT('Ctrl Pts',(-80.5072894554878,-28.765579311296,78.8179094602768));
#3076=CARTESIAN_POINT('Ctrl Pts',(-80.5,-28.7510004003203,79.));
#3077=CARTESIAN_POINT('Origin',(-81.7489995996796,-31.2489995996797,79.05));
#3078=CARTESIAN_POINT('Origin',(-40.25,-31.2489995996797,79.05));
#3079=CARTESIAN_POINT('',(-40.25,-31.2489995996797,77.8));
#3080=CARTESIAN_POINT('Origin',(-81.7510004003203,-31.2510004003203,79.05));
#3081=CARTESIAN_POINT('Origin',(40.25,31.2489995996797,79.05));
#3082=CARTESIAN_POINT('',(40.25,31.2489995996797,77.8));
#3083=CARTESIAN_POINT('Origin',(-1.77635683940025E-14,0.,77.8));
#3084=CARTESIAN_POINT('Origin',(115.999964824147,-0.000236254145931092,
83.5));
#3085=CARTESIAN_POINT('',(-109.000002100037,-1.99999999999899,83.5));
#3086=CARTESIAN_POINT('Origin',(-109.,-9.09887874138253E-14,83.5000000000001));
#3087=CARTESIAN_POINT('',(-116.000002100033,-1.99999264986886,83.5));
#3088=CARTESIAN_POINT('',(115.99996272411,-2.00023625414483,83.5));
#3089=CARTESIAN_POINT('Origin',(-115.999999999997,7.35013003979748E-6,83.5000000000001));
#3090=CARTESIAN_POINT('Origin',(115.999964824147,-0.000236254145931092,
83.5));
#3091=CARTESIAN_POINT('',(115.99996272411,-2.00023625414483,83.5));
#3092=CARTESIAN_POINT('Origin',(115.999964824147,-0.000236254145931092,
83.5));
#3093=CARTESIAN_POINT('',(108.999962724114,-2.0002289040147,83.5));
#3094=CARTESIAN_POINT('',(115.99996272411,-2.00023625414483,83.5));
#3095=CARTESIAN_POINT('Origin',(108.999964824151,-0.000228904015800306,
83.5));
#3096=CARTESIAN_POINT('Origin',(115.999913373236,-49.000236254119,34.5));
#3097=CARTESIAN_POINT('',(-109.000051450911,-48.9999999999732,32.5));
#3098=CARTESIAN_POINT('Origin',(-109.000051450911,-48.9999999999732,34.5));
#3099=CARTESIAN_POINT('',(-116.000051450907,-48.999992649843,32.5));
#3100=CARTESIAN_POINT('',(115.999913373236,-49.000236254119,32.5));
#3101=CARTESIAN_POINT('Origin',(-116.000051450908,-48.999992649843,34.5));
#3102=CARTESIAN_POINT('Origin',(115.999913373236,-49.000236254119,34.5));
#3103=CARTESIAN_POINT('',(115.999913373236,-49.000236254119,32.5));
#3104=CARTESIAN_POINT('Origin',(115.999913373236,-49.000236254119,34.5));
#3105=CARTESIAN_POINT('',(108.99991337324,-49.0002289039889,32.5));
#3106=CARTESIAN_POINT('',(115.999913373236,-49.000236254119,32.5));
#3107=CARTESIAN_POINT('Origin',(108.99991337324,-49.0002289039889,34.5));
#3108=CARTESIAN_POINT('Origin',(115.999964824147,-0.00023625414597106,-14.5));
#3109=CARTESIAN_POINT('',(-108.999997899963,1.99999999999878,-14.5));
#3110=CARTESIAN_POINT('Origin',(-109.,-1.12963701977623E-13,-14.5));
#3111=CARTESIAN_POINT('',(-115.999997899959,2.00000735012892,-14.5));
#3112=CARTESIAN_POINT('',(115.999966924184,1.99976374585293,-14.5));
#3113=CARTESIAN_POINT('Origin',(-115.999999999996,7.35013001838239E-6,-14.5));
#3114=CARTESIAN_POINT('Origin',(115.999964824147,-0.00023625414597106,-14.5));
#3115=CARTESIAN_POINT('',(115.999966924184,1.99976374585293,-14.5));
#3116=CARTESIAN_POINT('Origin',(115.999964824147,-0.00023625414597106,-14.5));
#3117=CARTESIAN_POINT('',(108.999966924188,1.99977109598306,-14.5));
#3118=CARTESIAN_POINT('',(115.999966924184,1.99976374585293,-14.5));
#3119=CARTESIAN_POINT('Origin',(108.999964824151,-0.000228904015839714,
-14.5));
#3120=CARTESIAN_POINT('Origin',(116.000016275058,48.999763745827,34.5));
#3121=CARTESIAN_POINT('',(-108.999948549089,48.9999999999729,36.5));
#3122=CARTESIAN_POINT('Origin',(-108.999948549089,48.9999999999729,34.5));
#3123=CARTESIAN_POINT('',(-115.999948549085,49.000007350103,36.5));
#3124=CARTESIAN_POINT('',(116.000016275058,48.999763745827,36.5));
#3125=CARTESIAN_POINT('Origin',(-115.999948549085,49.000007350103,34.5));
#3126=CARTESIAN_POINT('Origin',(116.000016275058,48.999763745827,34.5));
#3127=CARTESIAN_POINT('',(116.000016275058,48.999763745827,36.5));
#3128=CARTESIAN_POINT('Origin',(116.000016275058,48.999763745827,34.5));
#3129=CARTESIAN_POINT('',(109.000016275062,48.9997710959572,36.5));
#3130=CARTESIAN_POINT('',(116.000016275058,48.999763745827,36.5));
#3131=CARTESIAN_POINT('Origin',(109.000016275062,48.9997710959572,34.5));
#3132=CARTESIAN_POINT('Origin',(108.999964824151,-0.000228904015842427,
-0.499999999999998));
#3133=CARTESIAN_POINT('',(108.999964824151,-0.000228904015800204,89.5));
#3134=CARTESIAN_POINT('Origin',(108.999964824151,-0.000228904015828626,
34.5));
#3135=CARTESIAN_POINT('',(109.,26.0923205935129,61.434008354594));
#3136=CARTESIAN_POINT('',(109.,26.092320593513,7.56599164540601));
#3137=CARTESIAN_POINT('Origin',(109.,0.,34.5));
#3138=CARTESIAN_POINT('',(109.,-26.092320593513,61.434008354594));
#3139=CARTESIAN_POINT('Origin',(109.,0.,34.5));
#3140=CARTESIAN_POINT('',(109.,-26.0923205935129,7.56599164540595));
#3141=CARTESIAN_POINT('Origin',(109.,0.,34.5));
#3142=CARTESIAN_POINT('Origin',(109.,0.,34.5));
#3143=CARTESIAN_POINT('Origin',(112.499964824149,-0.000232579080894523,
34.5));
#3144=CARTESIAN_POINT('',(115.999964824147,-0.000236254145931999,89.5));
#3145=CARTESIAN_POINT('',(112.499964824149,-0.000232579080866101,89.5));
#3146=CARTESIAN_POINT('Origin',(115.999964824147,-0.000236254145960421,
34.5));
#3147=CARTESIAN_POINT('Origin',(110.94996482415,-0.000230951552079626,34.5));
#3148=CARTESIAN_POINT('',(109.,0.00106839653715163,-0.499422070053597));
#3149=CARTESIAN_POINT('',(109.000000000008,-17.1099488685124,3.97088391742061));
#3150=CARTESIAN_POINT('Ctrl Pts',(109.,0.00106839653715315,-0.499422070053598));
#3151=CARTESIAN_POINT('Ctrl Pts',(109.,-3.83966613686048,-0.496441079489874));
#3152=CARTESIAN_POINT('Ctrl Pts',(109.,-9.8009847853556,0.487470473685266));
#3153=CARTESIAN_POINT('Ctrl Pts',(109.,-15.2612826870954,2.93403789268291));
#3154=CARTESIAN_POINT('Ctrl Pts',(109.,-17.1094135966172,3.97056680824125));
#3155=CARTESIAN_POINT('',(109.,-24.3184207325274,9.32830134703299));
#3156=CARTESIAN_POINT('Ctrl Pts',(109.,-17.1100163710052,3.97090488355225));
#3157=CARTESIAN_POINT('Ctrl Pts',(109.,-19.7283123971763,5.43945031311233));
#3158=CARTESIAN_POINT('Ctrl Pts',(109.,-22.1594587041354,7.24252447214582));
#3159=CARTESIAN_POINT('Ctrl Pts',(109.,-24.3184207325274,9.32830134703299));
#3160=CARTESIAN_POINT('',(109.,-29.7235192198945,16.0161534256444));
#3161=CARTESIAN_POINT('Ctrl Pts',(109.,-24.3184207325275,9.32830134703302));
#3162=CARTESIAN_POINT('Ctrl Pts',(109.,-26.2425881325102,11.1872427334571));
#3163=CARTESIAN_POINT('Ctrl Pts',(109.,-28.0818796120315,13.4201924448322));
#3164=CARTESIAN_POINT('Ctrl Pts',(109.,-29.6189790229538,15.8478609425914));
#3165=CARTESIAN_POINT('Ctrl Pts',(109.,-29.7235192198945,16.0161534256444));
#3166=CARTESIAN_POINT('',(109.,-29.7182984696346,52.980600380947));
#3167=CARTESIAN_POINT('Ctrl Pts',(109.,-29.7235192198945,16.0161534256444));
#3168=CARTESIAN_POINT('Ctrl Pts',(109.,-32.4421387387817,20.3926826717999));
#3169=CARTESIAN_POINT('Ctrl Pts',(109.,-35.9896987460171,30.5530777918071));
#3170=CARTESIAN_POINT('Ctrl Pts',(109.,-34.4627753908168,43.7937114083027));
#3171=CARTESIAN_POINT('Ctrl Pts',(109.,-31.0272124284905,50.8764947914111));
#3172=CARTESIAN_POINT('Ctrl Pts',(109.,-29.7182984696346,52.980600380947));
#3173=CARTESIAN_POINT('',(109.,-24.3184207325274,59.671698652967));
#3174=CARTESIAN_POINT('Ctrl Pts',(109.,-29.7182984696346,52.980600380947));
#3175=CARTESIAN_POINT('Ctrl Pts',(109.,-28.2005015928255,55.4204894742424));
#3176=CARTESIAN_POINT('Ctrl Pts',(109.,-26.3847766068557,57.6753887404803));
#3177=CARTESIAN_POINT('Ctrl Pts',(109.,-24.3184207325274,59.671698652967));
#3178=CARTESIAN_POINT('',(109.,-17.1121862277141,65.0330088516501));
#3179=CARTESIAN_POINT('Ctrl Pts',(109.,-24.3184207325274,59.671698652967));
#3180=CARTESIAN_POINT('Ctrl Pts',(109.,-22.476910819818,61.4507845008388));
#3181=CARTESIAN_POINT('Ctrl Pts',(109.,-20.0893413856018,63.3012925471385));
#3182=CARTESIAN_POINT('Ctrl Pts',(109.,-17.4976250116195,64.8173030618957));
#3183=CARTESIAN_POINT('Ctrl Pts',(109.,-17.1121862277141,65.0330088516501));
#3184=CARTESIAN_POINT('',(109.,-0.00121943978059345,69.4994323717116));
#3185=CARTESIAN_POINT('Ctrl Pts',(109.,-17.1121862277141,65.0330088516501));
#3186=CARTESIAN_POINT('Ctrl Pts',(109.,-13.0290837633997,67.3180639070578));
#3187=CARTESIAN_POINT('Ctrl Pts',(109.,-7.23993201492707,69.1785698753972));
#3188=CARTESIAN_POINT('Ctrl Pts',(109.,-1.28073159722075,69.5005684802479));
#3189=CARTESIAN_POINT('Ctrl Pts',(109.,-0.000229209262793018,69.4995974633623));
#3190=CARTESIAN_POINT('',(112.899964824149,-0.000232999088312539,69.5));
#3191=CARTESIAN_POINT('',(110.94996482415,-0.000230951552061539,69.5));
#3192=CARTESIAN_POINT('Origin',(112.899964824148,-0.000232999088330626,
34.5));
#3193=CARTESIAN_POINT('',(108.999999999946,17.1097691413865,65.0292719611339));
#3194=CARTESIAN_POINT('Ctrl Pts',(109.,-0.00128267975732482,69.4995982463908));
#3195=CARTESIAN_POINT('Ctrl Pts',(109.,3.8394760308966,69.4968011751396));
#3196=CARTESIAN_POINT('Ctrl Pts',(109.,9.80061531038242,68.5131112873909));
#3197=CARTESIAN_POINT('Ctrl Pts',(109.,15.2611250197861,66.0662695704601));
#3198=CARTESIAN_POINT('Ctrl Pts',(109.,17.1092995396508,65.029656606204));
#3199=CARTESIAN_POINT('',(109.,24.3184207325275,59.671698652967));
#3200=CARTESIAN_POINT('Ctrl Pts',(109.,17.1101048455249,65.0292049085359));
#3201=CARTESIAN_POINT('Ctrl Pts',(109.,19.7283689562486,63.560570299731));
#3202=CARTESIAN_POINT('Ctrl Pts',(109.,22.1595200130684,61.7574162971901));
#3203=CARTESIAN_POINT('Ctrl Pts',(109.,24.3184207325275,59.671698652967));
#3204=CARTESIAN_POINT('',(109.,29.723481313254,52.9839075976562));
#3205=CARTESIAN_POINT('Ctrl Pts',(109.,24.3184207325275,59.6716986529669));
#3206=CARTESIAN_POINT('Ctrl Pts',(109.,26.2425881325103,57.8127572665429));
#3207=CARTESIAN_POINT('Ctrl Pts',(109.,28.0818642831565,55.5798261648374));
#3208=CARTESIAN_POINT('Ctrl Pts',(109.,29.6189534021925,53.1521795223537));
#3209=CARTESIAN_POINT('Ctrl Pts',(109.,29.723481313254,52.9839075976562));
#3210=CARTESIAN_POINT('',(109.,29.7182605308118,16.0193386317682));
#3211=CARTESIAN_POINT('Ctrl Pts',(109.,29.723481313254,52.9839075976562));
#3212=CARTESIAN_POINT('Ctrl Pts',(109.,32.4421225615388,48.6073636605854));
#3213=CARTESIAN_POINT('Ctrl Pts',(109.,35.9897015629746,38.4469466352877));
#3214=CARTESIAN_POINT('Ctrl Pts',(109.,34.4627725750095,25.2062641745762));
#3215=CARTESIAN_POINT('Ctrl Pts',(109.,31.027191417373,18.1234618919623));
#3216=CARTESIAN_POINT('Ctrl Pts',(109.,29.7182605308118,16.0193386317682));
#3217=CARTESIAN_POINT('',(109.,24.3184207325274,9.32830134703299));
#3218=CARTESIAN_POINT('Ctrl Pts',(109.,29.7182605308118,16.0193386317682));
#3219=CARTESIAN_POINT('Ctrl Pts',(109.,28.2004713356386,13.5794729502232));
#3220=CARTESIAN_POINT('Ctrl Pts',(109.,26.3847593900194,11.3245946263049));
#3221=CARTESIAN_POINT('Ctrl Pts',(109.,24.3184207325274,9.32830134703299));
#3222=CARTESIAN_POINT('',(109.,17.1122747131464,3.96692393255504));
#3223=CARTESIAN_POINT('Ctrl Pts',(109.,24.3184207325274,9.328301347033));
#3224=CARTESIAN_POINT('Ctrl Pts',(109.,22.476910819818,7.54921549916114));
#3225=CARTESIAN_POINT('Ctrl Pts',(109.,20.0893310009,5.69865536460633));
#3226=CARTESIAN_POINT('Ctrl Pts',(109.,17.497685465917,4.18262351712308));
#3227=CARTESIAN_POINT('Ctrl Pts',(109.,17.1122747131464,3.96692393255504));
#3228=CARTESIAN_POINT('Ctrl Pts',(109.,17.1122747131464,3.96692393255504));
#3229=CARTESIAN_POINT('Ctrl Pts',(109.,13.0292508773283,1.68181242791678));
#3230=CARTESIAN_POINT('Ctrl Pts',(109.,7.2401608667216,-0.178717212967911));
#3231=CARTESIAN_POINT('Ctrl Pts',(109.,1.28055050363504,-0.500462491532602));
#3232=CARTESIAN_POINT('Ctrl Pts',(109.,-0.000228433301031949,-0.499421039533778));
#3233=CARTESIAN_POINT('Origin',(112.899964824148,-0.000232999088344714,
-1.23000000000001));
#3234=CARTESIAN_POINT('',(112.899964824148,-0.000232999088344714,-1.23000000000001));
#3235=CARTESIAN_POINT('Origin',(112.899964824148,-0.000232999088330626,
34.5));
#3236=CARTESIAN_POINT('Origin',(113.124964824148,-0.000233235342513434,
34.5));
#3237=CARTESIAN_POINT('',(112.993529777814,-0.000233097333285531,-1.41261935438236));
#3238=CARTESIAN_POINT('Origin',(113.124964824148,-0.000233235342517809,
-1.23));
#3239=CARTESIAN_POINT('',(112.993529777814,-0.000233097333252813,70.4126193543823));
#3240=CARTESIAN_POINT('Origin',(112.993529777814,-0.000233097333271371,
34.5));
#3241=CARTESIAN_POINT('Origin',(112.993529777814,-0.000233097333271371,
34.5));
#3242=CARTESIAN_POINT('Origin',(113.899964824148,-0.000234049106920882,
34.5));
#3243=CARTESIAN_POINT('',(114.806399870482,-0.000235000880551161,71.7173806456176));
#3244=CARTESIAN_POINT('',(113.899964824148,-0.000234049106901987,71.065));
#3245=CARTESIAN_POINT('',(114.806399870482,-0.000235000880585068,-2.71738064561764));
#3246=CARTESIAN_POINT('Origin',(114.806399870482,-0.000235000880570393,
34.5));
#3247=CARTESIAN_POINT('Origin',(114.806399870482,-0.000235000880570393,
34.5));
#3248=CARTESIAN_POINT('Origin',(114.674964824148,-0.000234862871328331,
34.5));
#3249=CARTESIAN_POINT('',(114.899964824147,-0.000235099125525885,-2.90000000000001));
#3250=CARTESIAN_POINT('Origin',(114.674964824148,-0.000234862871332911,
-2.90000000000001));
#3251=CARTESIAN_POINT('Origin',(114.899964824147,-0.000235099125511139,
34.5));
#3252=CARTESIAN_POINT('Origin',(114.899964824147,-0.000235099125526398,
-4.20000000000001));
#3253=CARTESIAN_POINT('',(114.899964824147,-0.000235099125526398,-4.20000000000001));
#3254=CARTESIAN_POINT('Origin',(114.899964824147,-0.000235099125511139,
34.5));
#3255=CARTESIAN_POINT('Origin',(114.674964824148,-0.000234862871328331,
34.5));
#3256=CARTESIAN_POINT('',(114.860517064406,-0.000235057704645376,-4.32726101577023));
#3257=CARTESIAN_POINT('Origin',(114.674964824148,-0.00023486287133307,-4.20000000000001));
#3258=CARTESIAN_POINT('',(114.860517064406,-0.000235057704610002,73.3272610157702));
#3259=CARTESIAN_POINT('Origin',(114.860517064406,-0.000235057704630067,
34.5));
#3260=CARTESIAN_POINT('Origin',(114.860517064406,-0.000235057704630067,
34.5));
#3261=CARTESIAN_POINT('Origin',(114.774964824147,-0.000234967873187357,
34.5));
#3262=CARTESIAN_POINT('',(114.689412583888,-0.000234878041760055,-4.57673898422972));
#3263=CARTESIAN_POINT('',(114.689412583888,-0.000234878041724453,73.5767389842297));
#3264=CARTESIAN_POINT('Origin',(114.689412583888,-0.000234878041744647,
34.5));
#3265=CARTESIAN_POINT('Origin',(114.689412583888,-0.000234878041744647,
34.5));
#3266=CARTESIAN_POINT('',(114.774964824147,-0.000234967873167228,73.452));
#3267=CARTESIAN_POINT('Origin',(114.874964824147,-0.000235072875046382,
34.5));
#3268=CARTESIAN_POINT('',(114.649964824148,-0.000234836620879033,-4.70400000000001));
#3269=CARTESIAN_POINT('Origin',(114.874964824147,-0.000235072875051183,
-4.70400000000001));
#3270=CARTESIAN_POINT('Origin',(114.649964824148,-0.000234836620863575,
34.5));
#3271=CARTESIAN_POINT('Origin',(114.649964824147,-0.000234836620879741,
-6.50000000000001));
#3272=CARTESIAN_POINT('',(114.649964824148,-0.000234836620842387,75.5));
#3273=CARTESIAN_POINT('Origin',(114.649964824147,-0.000234836620863575,
34.5));
#3274=CARTESIAN_POINT('Origin',(115.089115295846,-0.000235297737022778,
34.5));
#3275=CARTESIAN_POINT('',(115.528265767544,-0.000235758853160794,75.5));
#3276=CARTESIAN_POINT('',(115.089115295846,-0.000235297737001591,75.5));
#3277=CARTESIAN_POINT('',(115.528265767544,-0.000235758853198148,-6.5));
#3278=CARTESIAN_POINT('Origin',(115.528265767544,-0.000235758853181981,
34.5));
#3279=CARTESIAN_POINT('Origin',(115.528265767544,-0.000235758853181981,
34.5));
#3280=CARTESIAN_POINT('Origin',(115.999964824147,-0.000236254145960421,
34.5));
#3281=CARTESIAN_POINT('',(115.999964824147,-0.000236254145978342,-10.95));
#3282=CARTESIAN_POINT('Origin',(115.999964824147,-0.000236254145965711,
-8.70000000000001));
#3283=CARTESIAN_POINT('Origin',(115.999964824147,-0.000236254145960421,
34.5));
#3284=CARTESIAN_POINT('Origin',(115.999964824147,-0.000236254145982107,
-20.5));
#3285=CARTESIAN_POINT('Origin',(-109.,-6.62229365338674E-14,89.5));
#3286=CARTESIAN_POINT('',(-109.,-1.1633140597893E-13,-20.5));
#3287=CARTESIAN_POINT('Origin',(-109.,-8.79093896049616E-14,34.5));
#3288=CARTESIAN_POINT('',(-109.,26.0923205935129,61.434008354594));
#3289=CARTESIAN_POINT('',(-109.,-26.0923205935131,61.434008354594));
#3290=CARTESIAN_POINT('Origin',(-109.,-1.11022302462516E-13,34.5));
#3291=CARTESIAN_POINT('',(-109.,26.0923205935129,7.56599164540599));
#3292=CARTESIAN_POINT('Origin',(-109.,-1.11022302462516E-13,34.5));
#3293=CARTESIAN_POINT('',(-109.,-26.0923205935131,7.56599164540598));
#3294=CARTESIAN_POINT('Origin',(-109.,-1.11022302462516E-13,34.5));
#3295=CARTESIAN_POINT('Origin',(-109.,-1.11022302462516E-13,34.5));
#3296=CARTESIAN_POINT('Origin',(-112.899999999998,4.09507242789087E-6,69.5));
#3297=CARTESIAN_POINT('',(-112.899999999998,4.09507240971474E-6,-1.23));
#3298=CARTESIAN_POINT('Origin',(-112.899999999998,4.0950724140904E-6,34.5));
#3299=CARTESIAN_POINT('',(-112.899999999998,4.09507239600367E-6,-0.499999999999998));
#3300=CARTESIAN_POINT('Origin',(-112.899999999998,4.0950724140904E-6,34.5));
#3301=CARTESIAN_POINT('Origin',(-110.949999999999,2.04753616309051E-6,34.5));
#3302=CARTESIAN_POINT('',(-109.,0.00129730164666331,-0.499422246971318));
#3303=CARTESIAN_POINT('',(-110.949999999999,2.04753614500377E-6,-0.499999999999998));
#3304=CARTESIAN_POINT('',(-109.,17.1122359970825,3.96690226469467));
#3305=CARTESIAN_POINT('Ctrl Pts',(-109.,4.66785904373879E-7,-0.49942122491428));
#3306=CARTESIAN_POINT('Ctrl Pts',(-109.,1.28070308965423,-0.500454253520354));
#3307=CARTESIAN_POINT('Ctrl Pts',(-109.,7.24022018789289,-0.178694193530403));
#3308=CARTESIAN_POINT('Ctrl Pts',(-109.,13.0292221458062,1.68180319403175));
#3309=CARTESIAN_POINT('Ctrl Pts',(-109.,17.1122359970825,3.96690226469467));
#3310=CARTESIAN_POINT('',(-109.,24.3184207325273,9.328301347033));
#3311=CARTESIAN_POINT('Ctrl Pts',(-109.,17.1122359970825,3.96690226469467));
#3312=CARTESIAN_POINT('Ctrl Pts',(-109.,17.4976599309184,4.18260857995597));
#3313=CARTESIAN_POINT('Ctrl Pts',(-109.,20.0893192387136,5.69864624799673));
#3314=CARTESIAN_POINT('Ctrl Pts',(-109.,22.4769108198179,7.54921549916115));
#3315=CARTESIAN_POINT('Ctrl Pts',(-109.,24.3184207325273,9.328301347033));
#3316=CARTESIAN_POINT('',(-109.,29.7182984696753,16.0193996191184));
#3317=CARTESIAN_POINT('Ctrl Pts',(-109.,24.3184207325273,9.32830134703299));
#3318=CARTESIAN_POINT('Ctrl Pts',(-109.,26.3847766068741,11.3246112595375));
#3319=CARTESIAN_POINT('Ctrl Pts',(-109.,28.2005015928579,13.5795105257979));
#3320=CARTESIAN_POINT('Ctrl Pts',(-109.,29.7182984696753,16.0193996191184));
#3321=CARTESIAN_POINT('',(-109.,29.7235192199351,52.9838465742901));
#3322=CARTESIAN_POINT('Ctrl Pts',(-109.,29.7182984696753,16.0193996191184));
#3323=CARTESIAN_POINT('Ctrl Pts',(-109.,31.0272124285129,18.1235052086354));
#3324=CARTESIAN_POINT('Ctrl Pts',(-109.,34.4627753908197,25.2062885917235));
#3325=CARTESIAN_POINT('Ctrl Pts',(-109.,35.9896987460139,38.4469222081666));
#3326=CARTESIAN_POINT('Ctrl Pts',(-109.,32.442138738799,48.6073173281504));
#3327=CARTESIAN_POINT('Ctrl Pts',(-109.,29.7235192199351,52.9838465742901));
#3328=CARTESIAN_POINT('',(-109.,24.3184207325273,59.671698652967));
#3329=CARTESIAN_POINT('Ctrl Pts',(-109.,29.7235192199351,52.9838465742901));
#3330=CARTESIAN_POINT('Ctrl Pts',(-109.,29.6189790229812,53.1521390573651));
#3331=CARTESIAN_POINT('Ctrl Pts',(-109.,28.0818796120478,55.5798075551478));
#3332=CARTESIAN_POINT('Ctrl Pts',(-109.,26.2425881325101,57.8127572665429));
#3333=CARTESIAN_POINT('Ctrl Pts',(-109.,24.3184207325273,59.671698652967));
#3334=CARTESIAN_POINT('',(-109.,17.1100661554422,65.029226610514));
#3335=CARTESIAN_POINT('Ctrl Pts',(-109.,24.3184207325273,59.671698652967));
#3336=CARTESIAN_POINT('Ctrl Pts',(-109.,22.1595093790484,61.7574265707348));
#3337=CARTESIAN_POINT('Ctrl Pts',(-109.,19.7283450061746,63.5605880631862));
#3338=CARTESIAN_POINT('Ctrl Pts',(-109.,17.1100661554422,65.029226610514));
#3339=CARTESIAN_POINT('',(-109.,-17.1122249436406,65.0329871847543));
#3340=CARTESIAN_POINT('Ctrl Pts',(-109.,17.1100661554422,65.029226610514));
#3341=CARTESIAN_POINT('Ctrl Pts',(-109.,15.2616618789664,66.0660290010305));
#3342=CARTESIAN_POINT('Ctrl Pts',(-109.,8.62796995950698,69.0386717182222));
#3343=CARTESIAN_POINT('Ctrl Pts',(-109.,-3.50944182708445,70.3774738248921));
#3344=CARTESIAN_POINT('Ctrl Pts',(-109.,-13.0291124956896,67.3180546731224));
#3345=CARTESIAN_POINT('Ctrl Pts',(-109.,-17.1122249436406,65.0329871847543));
#3346=CARTESIAN_POINT('',(-109.,-24.3184207325275,59.671698652967));
#3347=CARTESIAN_POINT('Ctrl Pts',(-109.,-17.1122249436406,65.0329871847543));
#3348=CARTESIAN_POINT('Ctrl Pts',(-109.,-17.4976505464407,64.8172881254288));
#3349=CARTESIAN_POINT('Ctrl Pts',(-109.,-20.0893531473384,63.3012834310945));
#3350=CARTESIAN_POINT('Ctrl Pts',(-109.,-22.4769108198181,61.4507845008389));
#3351=CARTESIAN_POINT('Ctrl Pts',(-109.,-24.3184207325275,59.671698652967));
#3352=CARTESIAN_POINT('',(-109.,-29.7182605308526,52.9806613681663));
#3353=CARTESIAN_POINT('Ctrl Pts',(-109.,-24.3184207325275,59.671698652967));
#3354=CARTESIAN_POINT('Ctrl Pts',(-109.,-26.3847593900379,57.6754053736773));
#3355=CARTESIAN_POINT('Ctrl Pts',(-109.,-28.2004713356712,55.4205270497364));
#3356=CARTESIAN_POINT('Ctrl Pts',(-109.,-29.7182605308526,52.9806613681663));
#3357=CARTESIAN_POINT('',(-109.,-29.7234813132948,16.0160924024093));
#3358=CARTESIAN_POINT('Ctrl Pts',(-109.,-29.7182605308526,52.9806613681663));
#3359=CARTESIAN_POINT('Ctrl Pts',(-109.,-31.0271914173957,50.8765381079912));
#3360=CARTESIAN_POINT('Ctrl Pts',(-109.,-34.4627725750126,43.7937358253976));
#3361=CARTESIAN_POINT('Ctrl Pts',(-109.,-35.9897015629717,30.5530533647384));
#3362=CARTESIAN_POINT('Ctrl Pts',(-109.,-32.4421225615563,20.3926363394643));
#3363=CARTESIAN_POINT('Ctrl Pts',(-109.,-29.7234813132948,16.0160924024093));
#3364=CARTESIAN_POINT('',(-109.,-24.3184207325276,9.32830134703301));
#3365=CARTESIAN_POINT('Ctrl Pts',(-109.,-29.7234813132948,16.0160924024093));
#3366=CARTESIAN_POINT('Ctrl Pts',(-109.,-29.6189534022201,15.8478204776897));
#3367=CARTESIAN_POINT('Ctrl Pts',(-109.,-28.0818642831731,13.4201738351825));
#3368=CARTESIAN_POINT('Ctrl Pts',(-109.,-26.2425881325103,11.1872427334571));
#3369=CARTESIAN_POINT('Ctrl Pts',(-109.,-24.3184207325276,9.32830134703302));
#3370=CARTESIAN_POINT('',(-109.,-17.1100369108906,3.97091640393723));
#3371=CARTESIAN_POINT('Ctrl Pts',(-109.,-24.3184207325276,9.32830134703301));
#3372=CARTESIAN_POINT('Ctrl Pts',(-109.,-22.1594643496445,7.24252992628155));
#3373=CARTESIAN_POINT('Ctrl Pts',(-109.,-19.7283251116716,5.43945974289682));
#3374=CARTESIAN_POINT('Ctrl Pts',(-109.,-17.1100369108906,3.97091640393723));
#3375=CARTESIAN_POINT('Ctrl Pts',(-109.,-17.1094341392905,3.97057832966071));
#3376=CARTESIAN_POINT('Ctrl Pts',(-109.,-15.2612970731291,2.93404433856145));
#3377=CARTESIAN_POINT('Ctrl Pts',(-109.,-9.80092272981459,0.487440446223205));
#3378=CARTESIAN_POINT('Ctrl Pts',(-109.,-3.83951349041755,-0.496466273427266));
#3379=CARTESIAN_POINT('Ctrl Pts',(-109.,0.00129730164666414,-0.499422246971318));
#3380=CARTESIAN_POINT('Origin',(-112.499999999998,3.67506497798786E-6,34.5));
#3381=CARTESIAN_POINT('',(-115.999999999996,7.35013001546312E-6,-20.5));
#3382=CARTESIAN_POINT('Origin',(-115.999999999996,7.35013004388512E-6,34.5));
#3383=CARTESIAN_POINT('',(-112.499999999998,3.67506494956585E-6,-20.5));
#3384=CARTESIAN_POINT('Origin',(-115.999999999996,7.35013006180602E-6,79.95));
#3385=CARTESIAN_POINT('',(-115.999999999996,7.35013003831912E-6,-10.95));
#3386=CARTESIAN_POINT('Origin',(-115.999999999996,7.35013004388514E-6,34.5));
#3387=CARTESIAN_POINT('Origin',(-115.999999999996,7.35013004388512E-6,34.5));
#3388=CARTESIAN_POINT('',(-115.528300943394,6.85483726042466E-6,-6.5));
#3389=CARTESIAN_POINT('Origin',(-115.999999999996,7.35013003859465E-6,-8.70000000000001));
#3390=CARTESIAN_POINT('Origin',(-115.528300943394,6.85483726544572E-6,34.5));
#3391=CARTESIAN_POINT('Origin',(-115.089150471695,6.39372110624239E-6,34.5));
#3392=CARTESIAN_POINT('',(-114.649999999997,5.93260492585172E-6,-6.5));
#3393=CARTESIAN_POINT('',(-115.089150471695,6.39372108505507E-6,-6.5));
#3394=CARTESIAN_POINT('Origin',(-114.649999999997,5.93260494703904E-6,34.5));
#3395=CARTESIAN_POINT('Origin',(-114.649999999997,5.93260496249557E-6,73.7));
#3396=CARTESIAN_POINT('',(-114.649999999997,5.93260494223843E-6,-4.70000000000001));
#3397=CARTESIAN_POINT('Origin',(-114.649999999997,5.93260494703904E-6,34.5));
#3398=CARTESIAN_POINT('Origin',(-114.874999999997,6.16885912984671E-6,34.5));
#3399=CARTESIAN_POINT('',(-114.690420866273,5.97504760327834E-6,-4.57133165348957));
#3400=CARTESIAN_POINT('Origin',(-114.874999999997,6.1688591250461E-6,-4.70000000000001));
#3401=CARTESIAN_POINT('Origin',(-114.690420866273,5.9750476080632E-6,34.5));
#3402=CARTESIAN_POINT('Origin',(-114.774999999997,6.06385727082108E-6,34.5));
#3403=CARTESIAN_POINT('',(-114.859579133721,6.15266691351372E-6,-4.32866834651044));
#3404=CARTESIAN_POINT('Origin',(-114.859579133721,6.15266693357897E-6,34.5));
#3405=CARTESIAN_POINT('',(-114.774999999997,6.06385725069313E-6,-4.45000000000001));
#3406=CARTESIAN_POINT('Origin',(-114.674999999997,5.95885541179544E-6,34.5));
#3407=CARTESIAN_POINT('',(-114.899999999997,6.19510958986373E-6,-4.20000000000001));
#3408=CARTESIAN_POINT('Origin',(-114.674999999997,5.95885540705606E-6,-4.20000000000001));
#3409=CARTESIAN_POINT('Origin',(-114.899999999997,6.19510959460313E-6,34.5));
#3410=CARTESIAN_POINT('Origin',(-114.899999999997,6.19510960934992E-6,71.9));
#3411=CARTESIAN_POINT('',(-114.899999999997,6.19510959002294E-6,-2.9));
#3412=CARTESIAN_POINT('Origin',(-114.899999999997,6.19510959460313E-6,34.5));
#3413=CARTESIAN_POINT('Origin',(-114.674999999997,5.95885541179544E-6,34.5));
#3414=CARTESIAN_POINT('',(-114.806435046331,6.09686464930013E-6,-2.71738064561763));
#3415=CARTESIAN_POINT('Origin',(-114.674999999997,5.95885540721526E-6,-2.9));
#3416=CARTESIAN_POINT('Origin',(-114.806435046331,6.09686465385794E-6,34.5));
#3417=CARTESIAN_POINT('Origin',(-113.899999999997,5.14509100434676E-6,34.5));
#3418=CARTESIAN_POINT('',(-112.993564953663,4.19331733627724E-6,-1.41261935438237));
#3419=CARTESIAN_POINT('',(-113.899999999997,5.14509098545129E-6,-2.065));
#3420=CARTESIAN_POINT('Origin',(-112.993564953663,4.19331735483559E-6,34.5));
#3421=CARTESIAN_POINT('Origin',(-113.124999999998,4.33132659689807E-6,34.5));
#3422=CARTESIAN_POINT('Origin',(-113.124999999998,4.33132659252241E-6,-1.23));
#3423=CARTESIAN_POINT('Ctrl Pts',(-109.,24.3184207325273,9.32830134703299));
#3424=CARTESIAN_POINT('Ctrl Pts',(-100.666666666667,25.7122804883515,7.88553423135533));
#3425=CARTESIAN_POINT('Ctrl Pts',(-92.3333333333334,27.1061402441757,6.44276711567766));
#3426=CARTESIAN_POINT('Ctrl Pts',(-84.,28.4999999999999,4.99999999999999));
#3427=CARTESIAN_POINT('Ctrl Pts',(-109.,28.1667555324929,13.0461841198811));
#3428=CARTESIAN_POINT('Ctrl Pts',(-100.666666666667,28.2769084351134,12.2385436382271));
#3429=CARTESIAN_POINT('Ctrl Pts',(-92.3333333333334,28.3898470973794,11.4266881007016));
#3430=CARTESIAN_POINT('Ctrl Pts',(-84.,28.4999999999999,10.6190476190476));
#3431=CARTESIAN_POINT('Ctrl Pts',(-109.,34.1248236450145,22.2757582340456));
#3432=CARTESIAN_POINT('Ctrl Pts',(-100.666666666667,32.2495015192436,22.1362754241877));
#3433=CARTESIAN_POINT('Ctrl Pts',(-92.3333333333333,30.3753221257708,21.9966256670007));
#3434=CARTESIAN_POINT('Ctrl Pts',(-84.,28.4999999999999,21.8571428571428));
#3435=CARTESIAN_POINT('Ctrl Pts',(-109.,36.0130048826763,38.6490201166908));
#3436=CARTESIAN_POINT('Ctrl Pts',(-100.666666666667,33.5081194742831,38.6714935159439));
#3437=CARTESIAN_POINT('Ctrl Pts',(-92.3333333333334,31.0048854083932,38.6918123150326));
#3438=CARTESIAN_POINT('Ctrl Pts',(-84.,28.4999999999999,38.7142857142857));
#3439=CARTESIAN_POINT('Ctrl Pts',(-109.,31.3799915927668,51.5758102130047));
#3440=CARTESIAN_POINT('Ctrl Pts',(-100.666666666667,30.4197435291273,51.9705781567691));
#3441=CARTESIAN_POINT('Ctrl Pts',(-92.3333333333333,29.4602480636394,52.3671368181404));
#3442=CARTESIAN_POINT('Ctrl Pts',(-84.,28.4999999999999,52.7619047619048));
#3443=CARTESIAN_POINT('Ctrl Pts',(-109.,26.2425881325101,57.8127572665429));
#3444=CARTESIAN_POINT('Ctrl Pts',(-100.666666666667,26.995843505321,58.9394489301827));
#3445=CARTESIAN_POINT('Ctrl Pts',(-92.3333333333334,27.746744627189,60.0637845268364));
#3446=CARTESIAN_POINT('Ctrl Pts',(-84.,28.4999999999999,61.1904761904762));
#3447=CARTESIAN_POINT('Ctrl Pts',(-109.,24.3184207325273,59.671698652967));
#3448=CARTESIAN_POINT('Ctrl Pts',(-100.666666666667,25.7122804883515,61.1144657686447));
#3449=CARTESIAN_POINT('Ctrl Pts',(-92.3333333333334,27.1061402441757,62.5572328843223));
#3450=CARTESIAN_POINT('Ctrl Pts',(-84.,28.4999999999999,64.));
#3451=CARTESIAN_POINT('',(-84.,28.4999999999999,5.));
#3452=CARTESIAN_POINT('',(-109.,24.3184207325273,9.328301347033));
#3453=CARTESIAN_POINT('',(-84.,28.4999999999999,11.7384106643966));
#3454=CARTESIAN_POINT('',(-84.,28.4999999999999,2.5));
#3455=CARTESIAN_POINT('',(-84.,28.4999999999999,57.2615893356034));
#3456=CARTESIAN_POINT('',(-84.,28.4999999999999,2.5));
#3457=CARTESIAN_POINT('',(-84.,28.4999999999999,64.));
#3458=CARTESIAN_POINT('',(-84.,28.4999999999999,2.5));
#3459=CARTESIAN_POINT('',(-109.,24.3184207325273,59.671698652967));
#3460=CARTESIAN_POINT('Ctrl Pts',(-109.,24.3184207325273,59.671698652967));
#3461=CARTESIAN_POINT('Ctrl Pts',(-100.666666666667,25.7122804883515,61.1144657686446));
#3462=CARTESIAN_POINT('Ctrl Pts',(-92.3333333333334,27.1061402441757,62.5572328843223));
#3463=CARTESIAN_POINT('Ctrl Pts',(-84.,28.4999999999999,64.));
#3464=CARTESIAN_POINT('Ctrl Pts',(-109.,20.6354009071084,63.2298703487107));
#3465=CARTESIAN_POINT('Ctrl Pts',(-100.666666666667,21.4462798834151,63.4857845796953));
#3466=CARTESIAN_POINT('Ctrl Pts',(-92.3333333333334,22.2605495951218,63.7440857690154));
#3467=CARTESIAN_POINT('Ctrl Pts',(-84.,23.0714285714285,64.));
#3468=CARTESIAN_POINT('Ctrl Pts',(-109.,11.6846826552171,68.7015048272527));
#3469=CARTESIAN_POINT('Ctrl Pts',(-100.666666666667,11.8612577249552,67.1339824682807));
#3470=CARTESIAN_POINT('Ctrl Pts',(-92.3333333333334,12.0377106445475,65.567522358972));
#3471=CARTESIAN_POINT('Ctrl Pts',(-84.,12.2142857142856,64.));
#3472=CARTESIAN_POINT('Ctrl Pts',(-109.,-3.95922061218942,70.4270861142024));
#3473=CARTESIAN_POINT('Ctrl Pts',(-100.666666666667,-3.99704327604574,68.2846011792312));
#3474=CARTESIAN_POINT('Ctrl Pts',(-92.3333333333333,-4.03360590757234,66.1424849349712));
#3475=CARTESIAN_POINT('Ctrl Pts',(-84.,-4.07142857142867,64.));
#3476=CARTESIAN_POINT('Ctrl Pts',(-109.,-16.3680543563066,66.1855109039388));
#3477=CARTESIAN_POINT('Ctrl Pts',(-100.666666666667,-16.7925228046566,65.4566872717556));
#3478=CARTESIAN_POINT('Ctrl Pts',(-92.3333333333333,-17.2183886945073,64.7288236321833));
#3479=CARTESIAN_POINT('Ctrl Pts',(-84.,-17.6428571428572,64.));
#3480=CARTESIAN_POINT('Ctrl Pts',(-109.,-22.4769108198181,61.4507845008389));
#3481=CARTESIAN_POINT('Ctrl Pts',(-100.666666666667,-23.5804629104126,62.3012543677252));
#3482=CARTESIAN_POINT('Ctrl Pts',(-92.3333333333333,-24.6821621951198,63.1495301331136));
#3483=CARTESIAN_POINT('Ctrl Pts',(-84.,-25.7857142857144,64.));
#3484=CARTESIAN_POINT('Ctrl Pts',(-109.,-24.3184207325275,59.671698652967));
#3485=CARTESIAN_POINT('Ctrl Pts',(-100.666666666667,-25.7122804883517,61.1144657686447));
#3486=CARTESIAN_POINT('Ctrl Pts',(-92.3333333333333,-27.1061402441759,62.5572328843223));
#3487=CARTESIAN_POINT('Ctrl Pts',(-84.,-28.5000000000001,64.));
#3488=CARTESIAN_POINT('',(-84.,21.0821481886109,64.));
#3489=CARTESIAN_POINT('',(-84.,30.9999999999999,64.));
#3490=CARTESIAN_POINT('',(-84.,-21.0821481886112,64.));
#3491=CARTESIAN_POINT('',(-84.,30.9999999999999,64.));
#3492=CARTESIAN_POINT('',(-84.,-28.5,64.));
#3493=CARTESIAN_POINT('',(-84.,30.9999999999999,64.));
#3494=CARTESIAN_POINT('',(-109.,-24.3184207325275,59.671698652967));
#3495=CARTESIAN_POINT('Ctrl Pts',(-109.,-24.3184207325275,59.671698652967));
#3496=CARTESIAN_POINT('Ctrl Pts',(-100.666666666667,-25.7122804883517,61.1144657686447));
#3497=CARTESIAN_POINT('Ctrl Pts',(-92.3333333333333,-27.1061402441759,62.5572328843223));
#3498=CARTESIAN_POINT('Ctrl Pts',(-84.,-28.5000000000001,64.));
#3499=CARTESIAN_POINT('Ctrl Pts',(-109.,-28.1667555324931,55.9538158801189));
#3500=CARTESIAN_POINT('Ctrl Pts',(-100.666666666667,-28.2769084351136,56.7614563617728));
#3501=CARTESIAN_POINT('Ctrl Pts',(-92.3333333333333,-28.3898470973796,57.5733118992984));
#3502=CARTESIAN_POINT('Ctrl Pts',(-84.,-28.5000000000001,58.3809523809524));
#3503=CARTESIAN_POINT('Ctrl Pts',(-109.,-34.1248236450147,46.7242417659544));
#3504=CARTESIAN_POINT('Ctrl Pts',(-100.666666666667,-32.2495015192438,46.8637245758123));
#3505=CARTESIAN_POINT('Ctrl Pts',(-92.3333333333333,-30.375322125771,47.0033743329993));
#3506=CARTESIAN_POINT('Ctrl Pts',(-84.,-28.5000000000001,47.1428571428571));
#3507=CARTESIAN_POINT('Ctrl Pts',(-109.,-36.0130048826766,30.3509798833092));
#3508=CARTESIAN_POINT('Ctrl Pts',(-100.666666666667,-33.5081194742833,30.3285064840561));
#3509=CARTESIAN_POINT('Ctrl Pts',(-92.3333333333333,-31.0048854083934,30.3081876849674));
#3510=CARTESIAN_POINT('Ctrl Pts',(-84.,-28.5000000000001,30.2857142857143));
#3511=CARTESIAN_POINT('Ctrl Pts',(-109.,-31.379991592767,17.4241897869953));
#3512=CARTESIAN_POINT('Ctrl Pts',(-100.666666666667,-30.4197435291275,17.0294218432309));
#3513=CARTESIAN_POINT('Ctrl Pts',(-92.3333333333333,-29.4602480636396,16.6328631818596));
#3514=CARTESIAN_POINT('Ctrl Pts',(-84.,-28.5000000000001,16.2380952380952));
#3515=CARTESIAN_POINT('Ctrl Pts',(-109.,-26.2425881325103,11.1872427334571));
#3516=CARTESIAN_POINT('Ctrl Pts',(-100.666666666667,-26.9958435053212,10.0605510698173));
#3517=CARTESIAN_POINT('Ctrl Pts',(-92.3333333333333,-27.7467446271892,8.93621547316358));
#3518=CARTESIAN_POINT('Ctrl Pts',(-84.,-28.5000000000001,7.80952380952379));
#3519=CARTESIAN_POINT('Ctrl Pts',(-109.,-24.3184207325276,9.32830134703302));
#3520=CARTESIAN_POINT('Ctrl Pts',(-100.666666666667,-25.7122804883517,7.88553423135534));
#3521=CARTESIAN_POINT('Ctrl Pts',(-92.3333333333333,-27.1061402441759,6.44276711567766));
#3522=CARTESIAN_POINT('Ctrl Pts',(-84.,-28.5000000000001,4.99999999999998));
#3523=CARTESIAN_POINT('',(-84.,-28.5000000000001,57.2615893356034));
#3524=CARTESIAN_POINT('',(-84.,-28.5,32.));
#3525=CARTESIAN_POINT('',(-84.,-28.5000000000001,11.7384106643965));
#3526=CARTESIAN_POINT('',(-84.,-28.5,32.));
#3527=CARTESIAN_POINT('',(-84.,-28.5,5.));
#3528=CARTESIAN_POINT('',(-84.,-28.5,32.));
#3529=CARTESIAN_POINT('',(-109.,-24.3184207325276,9.32830134703301));
#3530=CARTESIAN_POINT('Ctrl Pts',(-109.,-24.3184207325276,9.32830134703301));
#3531=CARTESIAN_POINT('Ctrl Pts',(-100.666666666667,-25.7122804883517,7.88553423135534));
#3532=CARTESIAN_POINT('Ctrl Pts',(-92.3333333333333,-27.1061402441759,6.44276711567767));
#3533=CARTESIAN_POINT('Ctrl Pts',(-84.,-28.5000000000001,4.99999999999999));
#3534=CARTESIAN_POINT('Ctrl Pts',(-109.,-20.6354009071086,5.7701296512893));
#3535=CARTESIAN_POINT('Ctrl Pts',(-100.666666666667,-21.4462684485062,5.51437795169098));
#3536=CARTESIAN_POINT('Ctrl Pts',(-92.3333333333333,-22.2605610300311,5.25575169959831));
#3537=CARTESIAN_POINT('Ctrl Pts',(-84.,-23.0714285714287,4.99999999999999));
#3538=CARTESIAN_POINT('Ctrl Pts',(-109.,-11.6851571398936,0.299211221611232));
#3539=CARTESIAN_POINT('Ctrl Pts',(-100.666666666667,-11.861737651532,1.86649469394908));
#3540=CARTESIAN_POINT('Ctrl Pts',(-92.3333333333333,-12.0377052026474,3.43271652766214));
#3541=CARTESIAN_POINT('Ctrl Pts',(-84.,-12.2142857142858,4.99999999999999));
#3542=CARTESIAN_POINT('Ctrl Pts',(-109.,3.95988686011705,-1.42714423080127));
#3543=CARTESIAN_POINT('Ctrl Pts',(-100.666666666667,3.99764332976817,0.71520598298143));
#3544=CARTESIAN_POINT('Ctrl Pts',(-92.3333333333333,4.03367210177734,2.85764978621729));
#3545=CARTESIAN_POINT('Ctrl Pts',(-84.,4.07142857142847,4.99999999999999));
#3546=CARTESIAN_POINT('Ctrl Pts',(-109.,16.3679838724469,2.81432178623145));
#3547=CARTESIAN_POINT('Ctrl Pts',(-100.666666666667,16.7925039018195,3.54327606130237));
#3548=CARTESIAN_POINT('Ctrl Pts',(-92.3333333333334,17.2183371134844,4.27104572492907));
#3549=CARTESIAN_POINT('Ctrl Pts',(-84.,17.642857142857,4.99999999999999));
#3550=CARTESIAN_POINT('Ctrl Pts',(-109.,22.4769108198179,7.54921549916115));
#3551=CARTESIAN_POINT('Ctrl Pts',(-100.666666666667,23.580436226071,6.69867405013804));
#3552=CARTESIAN_POINT('Ctrl Pts',(-92.3333333333333,24.682188879461,5.8505414490231));
#3553=CARTESIAN_POINT('Ctrl Pts',(-84.,25.7857142857142,4.99999999999999));
#3554=CARTESIAN_POINT('Ctrl Pts',(-109.,24.3184207325273,9.328301347033));
#3555=CARTESIAN_POINT('Ctrl Pts',(-100.666666666667,25.7122804883515,7.88553423135533));
#3556=CARTESIAN_POINT('Ctrl Pts',(-92.3333333333334,27.1061402441757,6.44276711567766));
#3557=CARTESIAN_POINT('Ctrl Pts',(-84.,28.4999999999999,4.99999999999999));
#3558=CARTESIAN_POINT('',(-84.,-21.0821481886111,4.99999999999999));
#3559=CARTESIAN_POINT('',(-84.,2.49999999999999,5.));
#3560=CARTESIAN_POINT('',(-84.,21.0821481886109,4.99999999999999));
#3561=CARTESIAN_POINT('',(-84.,2.49999999999999,5.));
#3562=CARTESIAN_POINT('',(-84.,2.49999999999999,5.));
#3563=CARTESIAN_POINT('Ctrl Pts',(-109.,26.0923205935129,61.434008354594));
#3564=CARTESIAN_POINT('Ctrl Pts',(-100.666666666667,27.7282137290086,63.122672236396));
#3565=CARTESIAN_POINT('Ctrl Pts',(-92.3333333333334,29.3641068645042,64.811336118198));
#3566=CARTESIAN_POINT('Ctrl Pts',(-84.,30.9999999999999,66.5));
#3567=CARTESIAN_POINT('Ctrl Pts',(-109.,22.1444286597362,65.2585286654401));
#3568=CARTESIAN_POINT('Ctrl Pts',(-100.666666666667,23.1268103272591,65.6714956939257));
#3569=CARTESIAN_POINT('Ctrl Pts',(-92.3333333333334,24.1128564277151,66.0870329715143));
#3570=CARTESIAN_POINT('Ctrl Pts',(-84.,25.095238095238,66.5));
#3571=CARTESIAN_POINT('Ctrl Pts',(-109.,12.5422484697031,71.1413507021706));
#3572=CARTESIAN_POINT('Ctrl Pts',(-100.666666666667,12.7901237793562,69.593861701854));
#3573=CARTESIAN_POINT('Ctrl Pts',(-92.3333333333333,13.0378389760611,68.0474890003166));
#3574=CARTESIAN_POINT('Ctrl Pts',(-84.,13.2857142857142,66.4999999999999));
#3575=CARTESIAN_POINT('Ctrl Pts',(-109.,-4.25002744328038,72.996920470937));
#3576=CARTESIAN_POINT('Ctrl Pts',(-100.666666666667,-4.30999189430269,70.8311544378776));
#3577=CARTESIAN_POINT('Ctrl Pts',(-92.3333333333333,-4.36860697754922,68.6657660330594));
#3578=CARTESIAN_POINT('Ctrl Pts',(-84.,-4.42857142857153,66.5));
#3579=CARTESIAN_POINT('Ctrl Pts',(-109.,-17.5673506968169,68.4360629261118));
#3580=CARTESIAN_POINT('Ctrl Pts',(-100.666666666667,-18.1078866144232,67.7903660909368));
#3581=CARTESIAN_POINT('Ctrl Pts',(-92.3333333333333,-18.64994027287,67.145696835175));
#3582=CARTESIAN_POINT('Ctrl Pts',(-84.,-19.1904761904763,66.5));
#3583=CARTESIAN_POINT('Ctrl Pts',(-109.,-24.1183746266247,63.3462685100171));
#3584=CARTESIAN_POINT('Ctrl Pts',(-100.666666666667,-25.4287903941537,64.3983011610035));
#3585=CARTESIAN_POINT('Ctrl Pts',(-92.3333333333333,-26.7372032800902,65.4479673490135));
#3586=CARTESIAN_POINT('Ctrl Pts',(-84.,-28.0476190476192,66.5));
#3587=CARTESIAN_POINT('Ctrl Pts',(-109.,-26.0923205935131,61.434008354594));
#3588=CARTESIAN_POINT('Ctrl Pts',(-100.666666666667,-27.7282137290087,63.122672236396));
#3589=CARTESIAN_POINT('Ctrl Pts',(-92.3333333333333,-29.3641068645044,64.811336118198));
#3590=CARTESIAN_POINT('Ctrl Pts',(-84.,-31.0000000000001,66.5));
#3591=CARTESIAN_POINT('',(-84.,-31.0000000000001,66.5));
#3592=CARTESIAN_POINT('',(-109.,-26.0923205935131,61.434008354594));
#3593=CARTESIAN_POINT('',(-84.,30.9999999999999,66.4999999999999));
#3594=CARTESIAN_POINT('Ctrl Pts',(-84.,30.9999999999999,66.5));
#3595=CARTESIAN_POINT('Ctrl Pts',(-84.,25.095238095238,66.5));
#3596=CARTESIAN_POINT('Ctrl Pts',(-84.,13.2857142857142,66.4999999999999));
#3597=CARTESIAN_POINT('Ctrl Pts',(-84.,-4.42857142857153,66.5));
#3598=CARTESIAN_POINT('Ctrl Pts',(-84.,-19.1904761904763,66.5));
#3599=CARTESIAN_POINT('Ctrl Pts',(-84.,-28.0476190476192,66.5));
#3600=CARTESIAN_POINT('Ctrl Pts',(-84.,-31.0000000000001,66.5));
#3601=CARTESIAN_POINT('',(-109.,26.0923205935129,61.434008354594));
#3602=CARTESIAN_POINT('Ctrl Pts',(-109.,-26.0923205935131,61.434008354594));
#3603=CARTESIAN_POINT('Ctrl Pts',(-100.666666666667,-27.7282137290087,63.122672236396));
#3604=CARTESIAN_POINT('Ctrl Pts',(-92.3333333333333,-29.3641068645044,64.811336118198));
#3605=CARTESIAN_POINT('Ctrl Pts',(-84.,-31.0000000000001,66.5));
#3606=CARTESIAN_POINT('Ctrl Pts',(-109.,-30.2030651148334,57.4517245995649));
#3607=CARTESIAN_POINT('Ctrl Pts',(-100.666666666667,-30.4677197083376,58.4345773680683));
#3608=CARTESIAN_POINT('Ctrl Pts',(-92.3333333333333,-30.735345406496,59.4219091362585));
#3609=CARTESIAN_POINT('Ctrl Pts',(-84.,-31.0000000000001,60.4047619047619));
#3610=CARTESIAN_POINT('Ctrl Pts',(-109.,-36.5656654812597,47.5744517653537));
#3611=CARTESIAN_POINT('Ctrl Pts',(-100.666666666667,-34.7100536286653,47.7876856172173));
#3612=CARTESIAN_POINT('Ctrl Pts',(-92.3333333333333,-32.8556118525945,48.0010518624221));
#3613=CARTESIAN_POINT('Ctrl Pts',(-84.,-31.0000000000001,48.2142857142857));
#3614=CARTESIAN_POINT('Ctrl Pts',(-109.,-38.5816402191483,30.0627292275102));
#3615=CARTESIAN_POINT('Ctrl Pts',(-100.666666666667,-36.0538517138029,30.0172545593793));
#3616=CARTESIAN_POINT('Ctrl Pts',(-92.3333333333333,-33.5277885053456,29.9740460967024));
#3617=CARTESIAN_POINT('Ctrl Pts',(-84.,-31.0000000000001,29.9285714285714));
#3618=CARTESIAN_POINT('Ctrl Pts',(-109.,-33.6346955904358,16.2345138117694));
#3619=CARTESIAN_POINT('Ctrl Pts',(-100.666666666667,-32.7562010808007,15.7204731629953));
#3620=CARTESIAN_POINT('Ctrl Pts',(-92.3333333333333,-31.8784945096353,15.2045168392502));
#3621=CARTESIAN_POINT('Ctrl Pts',(-84.,-31.0000000000001,14.6904761904762));
#3622=CARTESIAN_POINT('Ctrl Pts',(-109.,-28.1476928541732,9.55713352292052));
#3623=CARTESIAN_POINT('Ctrl Pts',(-100.666666666667,-29.0992974747292,8.21979438954496));
#3624=CARTESIAN_POINT('Ctrl Pts',(-92.3333333333333,-30.0483953794441,6.88495818099461));
#3625=CARTESIAN_POINT('Ctrl Pts',(-84.,-31.0000000000001,5.54761904761905));
#3626=CARTESIAN_POINT('Ctrl Pts',(-109.,-26.0923205935131,7.56599164540596));
#3627=CARTESIAN_POINT('Ctrl Pts',(-100.666666666667,-27.7282137290087,5.87732776360398));
#3628=CARTESIAN_POINT('Ctrl Pts',(-92.3333333333333,-29.3641068645044,4.18866388180199));
#3629=CARTESIAN_POINT('Ctrl Pts',(-84.,-31.0000000000001,2.5));
#3630=CARTESIAN_POINT('',(-84.,-31.0000000000001,2.5));
#3631=CARTESIAN_POINT('',(-109.,-26.0923205935131,7.56599164540598));
#3632=CARTESIAN_POINT('Ctrl Pts',(-84.,-31.0000000000001,66.5));
#3633=CARTESIAN_POINT('Ctrl Pts',(-84.,-31.0000000000001,60.4047619047619));
#3634=CARTESIAN_POINT('Ctrl Pts',(-84.,-31.0000000000001,48.2142857142857));
#3635=CARTESIAN_POINT('Ctrl Pts',(-84.,-31.0000000000001,29.9285714285714));
#3636=CARTESIAN_POINT('Ctrl Pts',(-84.,-31.0000000000001,14.6904761904762));
#3637=CARTESIAN_POINT('Ctrl Pts',(-84.,-31.0000000000001,5.54761904761905));
#3638=CARTESIAN_POINT('Ctrl Pts',(-84.,-31.0000000000001,2.5));
#3639=CARTESIAN_POINT('Ctrl Pts',(-109.,-26.0923205935131,7.56599164540598));
#3640=CARTESIAN_POINT('Ctrl Pts',(-100.666666666667,-27.7282137290088,5.87732776360399));
#3641=CARTESIAN_POINT('Ctrl Pts',(-92.3333333333333,-29.3641068645044,4.18866388180199));
#3642=CARTESIAN_POINT('Ctrl Pts',(-84.,-31.0000000000001,2.5));
#3643=CARTESIAN_POINT('Ctrl Pts',(-109.,-22.1444286597364,3.74147133455986));
#3644=CARTESIAN_POINT('Ctrl Pts',(-100.666666666667,-23.1268103272593,3.32850430607424));
#3645=CARTESIAN_POINT('Ctrl Pts',(-92.3333333333333,-24.1128564277153,2.91296702848562));
#3646=CARTESIAN_POINT('Ctrl Pts',(-84.,-25.0952380952382,2.5));
#3647=CARTESIAN_POINT('Ctrl Pts',(-109.,-12.5424323526421,-2.14155063080781));
#3648=CARTESIAN_POINT('Ctrl Pts',(-100.666666666667,-12.7903076622953,-0.594061630491179));
#3649=CARTESIAN_POINT('Ctrl Pts',(-92.3333333333333,-13.0378389760613,0.952510999683367));
#3650=CARTESIAN_POINT('Ctrl Pts',(-84.,-13.2857142857144,2.5));
#3651=CARTESIAN_POINT('Ctrl Pts',(-109.,4.24995623723294,-3.99703614742224));
#3652=CARTESIAN_POINT('Ctrl Pts',(-100.666666666667,4.30992068825525,-1.83127011436286));
#3653=CARTESIAN_POINT('Ctrl Pts',(-92.3333333333334,4.36860697754902,0.334233966940616));
#3654=CARTESIAN_POINT('Ctrl Pts',(-84.,4.42857142857133,2.5));
#3655=CARTESIAN_POINT('Ctrl Pts',(-109.,17.5673082009194,0.563893721527416));
#3656=CARTESIAN_POINT('Ctrl Pts',(-100.666666666667,18.1078441185257,1.2095905567024));
#3657=CARTESIAN_POINT('Ctrl Pts',(-92.3333333333334,18.6499402728698,1.85430316482501));
#3658=CARTESIAN_POINT('Ctrl Pts',(-84.,19.1904761904761,2.5));
#3659=CARTESIAN_POINT('Ctrl Pts',(-109.,24.1183746266245,5.65373148998293));
#3660=CARTESIAN_POINT('Ctrl Pts',(-100.666666666667,25.4287903941535,4.60169883899647));
#3661=CARTESIAN_POINT('Ctrl Pts',(-92.3333333333334,26.73720328009,3.55203265098646));
#3662=CARTESIAN_POINT('Ctrl Pts',(-84.,28.047619047619,2.5));
#3663=CARTESIAN_POINT('Ctrl Pts',(-109.,26.0923205935129,7.56599164540599));
#3664=CARTESIAN_POINT('Ctrl Pts',(-100.666666666667,27.7282137290085,5.87732776360399));
#3665=CARTESIAN_POINT('Ctrl Pts',(-92.3333333333334,29.3641068645042,4.188663881802));
#3666=CARTESIAN_POINT('Ctrl Pts',(-84.,30.9999999999999,2.5));
#3667=CARTESIAN_POINT('',(-84.,30.9999999999999,2.5));
#3668=CARTESIAN_POINT('',(-109.,26.0923205935129,7.56599164540599));
#3669=CARTESIAN_POINT('Ctrl Pts',(-84.,-31.0000000000001,2.5));
#3670=CARTESIAN_POINT('Ctrl Pts',(-84.,-25.0952380952382,2.5));
#3671=CARTESIAN_POINT('Ctrl Pts',(-84.,-13.2857142857144,2.5));
#3672=CARTESIAN_POINT('Ctrl Pts',(-84.,4.42857142857133,2.5));
#3673=CARTESIAN_POINT('Ctrl Pts',(-84.,19.1904761904761,2.5));
#3674=CARTESIAN_POINT('Ctrl Pts',(-84.,28.047619047619,2.5));
#3675=CARTESIAN_POINT('Ctrl Pts',(-84.,30.9999999999999,2.5));
#3676=CARTESIAN_POINT('Ctrl Pts',(-109.,26.0923205935129,7.56599164540599));
#3677=CARTESIAN_POINT('Ctrl Pts',(-100.666666666667,27.7282137290085,5.87732776360399));
#3678=CARTESIAN_POINT('Ctrl Pts',(-92.3333333333334,29.3641068645042,4.188663881802));
#3679=CARTESIAN_POINT('Ctrl Pts',(-84.,30.9999999999999,2.5));
#3680=CARTESIAN_POINT('Ctrl Pts',(-109.,30.2030651148332,11.5482754004351));
#3681=CARTESIAN_POINT('Ctrl Pts',(-100.666666666667,30.4677197083374,10.5654226319317));
#3682=CARTESIAN_POINT('Ctrl Pts',(-92.3333333333334,30.7353454064958,9.57809086374148));
#3683=CARTESIAN_POINT('Ctrl Pts',(-84.,30.9999999999999,8.59523809523809));
#3684=CARTESIAN_POINT('Ctrl Pts',(-109.,36.5656654812595,21.4255482346463));
#3685=CARTESIAN_POINT('Ctrl Pts',(-100.666666666667,34.7100536286651,21.2123143827827));
#3686=CARTESIAN_POINT('Ctrl Pts',(-92.3333333333333,32.8556118525943,20.9989481375779));
#3687=CARTESIAN_POINT('Ctrl Pts',(-84.,30.9999999999999,20.7857142857143));
#3688=CARTESIAN_POINT('Ctrl Pts',(-109.,38.5816402191481,38.9372707724897));
#3689=CARTESIAN_POINT('Ctrl Pts',(-100.666666666667,36.0538517138027,38.9827454406207));
#3690=CARTESIAN_POINT('Ctrl Pts',(-92.3333333333334,33.5277885053454,39.0259539032976));
#3691=CARTESIAN_POINT('Ctrl Pts',(-84.0000000000001,30.9999999999999,39.0714285714286));
#3692=CARTESIAN_POINT('Ctrl Pts',(-109.,33.6346955904356,52.7654861882306));
#3693=CARTESIAN_POINT('Ctrl Pts',(-100.666666666667,32.7562010808005,53.2795268370046));
#3694=CARTESIAN_POINT('Ctrl Pts',(-92.3333333333333,31.878494509635,53.7954831607497));
#3695=CARTESIAN_POINT('Ctrl Pts',(-84.,30.9999999999999,54.3095238095238));
#3696=CARTESIAN_POINT('Ctrl Pts',(-109.,28.1476928541731,59.4428664770794));
#3697=CARTESIAN_POINT('Ctrl Pts',(-100.666666666667,29.099297474729,60.780205610455));
#3698=CARTESIAN_POINT('Ctrl Pts',(-92.3333333333334,30.0483953794439,62.1150418190053));
#3699=CARTESIAN_POINT('Ctrl Pts',(-84.,30.9999999999999,63.4523809523809));
#3700=CARTESIAN_POINT('Ctrl Pts',(-109.,26.0923205935129,61.434008354594));
#3701=CARTESIAN_POINT('Ctrl Pts',(-100.666666666667,27.7282137290086,63.122672236396));
#3702=CARTESIAN_POINT('Ctrl Pts',(-92.3333333333334,29.3641068645042,64.811336118198));
#3703=CARTESIAN_POINT('Ctrl Pts',(-84.,30.9999999999999,66.4999999999999));
#3704=CARTESIAN_POINT('Ctrl Pts',(-84.,30.9999999999999,2.5));
#3705=CARTESIAN_POINT('Ctrl Pts',(-84.,30.9999999999999,8.59523809523809));
#3706=CARTESIAN_POINT('Ctrl Pts',(-84.,30.9999999999999,20.7857142857143));
#3707=CARTESIAN_POINT('Ctrl Pts',(-84.0000000000001,30.9999999999999,39.0714285714286));
#3708=CARTESIAN_POINT('Ctrl Pts',(-84.,30.9999999999999,54.3095238095238));
#3709=CARTESIAN_POINT('Ctrl Pts',(-84.,30.9999999999999,63.4523809523809));
#3710=CARTESIAN_POINT('Ctrl Pts',(-84.,30.9999999999999,66.4999999999999));
#3711=CARTESIAN_POINT('Origin',(-84.,28.4999999999999,64.));
#3712=CARTESIAN_POINT('',(-79.,-28.5,64.));
#3713=CARTESIAN_POINT('',(-79.,28.4999999999999,64.));
#3714=CARTESIAN_POINT('',(-79.,-5.91729394528285E-14,64.));
#3715=CARTESIAN_POINT('',(-84.,-28.5,64.));
#3716=CARTESIAN_POINT('',(-84.,28.4999999999999,64.));
#3717=CARTESIAN_POINT('Ctrl Pts',(84.,-28.5,64.));
#3718=CARTESIAN_POINT('Ctrl Pts',(92.3333333333333,-27.1061402441758,62.5572328843223));
#3719=CARTESIAN_POINT('Ctrl Pts',(100.666666666667,-25.7122804883516,61.1144657686447));
#3720=CARTESIAN_POINT('Ctrl Pts',(109.,-24.3184207325274,59.671698652967));
#3721=CARTESIAN_POINT('Ctrl Pts',(84.,-28.5,58.3809523809524));
#3722=CARTESIAN_POINT('Ctrl Pts',(92.3333333333333,-28.3898470973795,57.5733118992984));
#3723=CARTESIAN_POINT('Ctrl Pts',(100.666666666667,-28.2769084351135,56.7614563617728));
#3724=CARTESIAN_POINT('Ctrl Pts',(109.,-28.166755532493,55.9538158801189));
#3725=CARTESIAN_POINT('Ctrl Pts',(84.,-28.5,47.1428571428571));
#3726=CARTESIAN_POINT('Ctrl Pts',(92.3333333333333,-30.3753221257709,47.0033743329993));
#3727=CARTESIAN_POINT('Ctrl Pts',(100.666666666667,-32.2495015192437,46.8637245758123));
#3728=CARTESIAN_POINT('Ctrl Pts',(109.,-34.1248236450146,46.7242417659544));
#3729=CARTESIAN_POINT('Ctrl Pts',(84.,-28.5,30.2857142857143));
#3730=CARTESIAN_POINT('Ctrl Pts',(92.3333333333333,-31.0048854083933,30.3081876849674));
#3731=CARTESIAN_POINT('Ctrl Pts',(100.666666666667,-33.5081194742832,30.3285064840561));
#3732=CARTESIAN_POINT('Ctrl Pts',(109.,-36.0130048826764,30.3509798833092));
#3733=CARTESIAN_POINT('Ctrl Pts',(84.,-28.5,16.2380952380952));
#3734=CARTESIAN_POINT('Ctrl Pts',(92.3333333333333,-29.4602480636396,16.6328631818596));
#3735=CARTESIAN_POINT('Ctrl Pts',(100.666666666667,-30.4197435291274,17.0294218432309));
#3736=CARTESIAN_POINT('Ctrl Pts',(109.,-31.3799915927669,17.4241897869953));
#3737=CARTESIAN_POINT('Ctrl Pts',(84.,-28.5,7.80952380952379));
#3738=CARTESIAN_POINT('Ctrl Pts',(92.3333333333333,-27.7467446271891,8.93621547316358));
#3739=CARTESIAN_POINT('Ctrl Pts',(100.666666666667,-26.9958435053211,10.0605510698173));
#3740=CARTESIAN_POINT('Ctrl Pts',(109.,-26.2425881325102,11.1872427334571));
#3741=CARTESIAN_POINT('Ctrl Pts',(84.,-28.5,4.99999999999998));
#3742=CARTESIAN_POINT('Ctrl Pts',(92.3333333333333,-27.1061402441758,6.44276711567766));
#3743=CARTESIAN_POINT('Ctrl Pts',(100.666666666667,-25.7122804883516,7.88553423135534));
#3744=CARTESIAN_POINT('Ctrl Pts',(109.,-24.3184207325275,9.32830134703302));
#3745=CARTESIAN_POINT('',(84.,-28.5,57.2615893356034));
#3746=CARTESIAN_POINT('',(84.,-28.5,64.));
#3747=CARTESIAN_POINT('',(84.,-28.5,2.49999999999998));
#3748=CARTESIAN_POINT('',(84.,-28.5,64.));
#3749=CARTESIAN_POINT('',(84.,-28.5,4.99999999999996));
#3750=CARTESIAN_POINT('',(84.,-28.5,4.99999999999999));
#3751=CARTESIAN_POINT('',(84.,-28.5,11.7384106643966));
#3752=CARTESIAN_POINT('',(84.,-28.5,2.49999999999998));
#3753=CARTESIAN_POINT('',(84.,-28.5,2.49999999999998));
#3754=CARTESIAN_POINT('Ctrl Pts',(84.,-28.5,4.99999999999999));
#3755=CARTESIAN_POINT('Ctrl Pts',(92.3333333333333,-27.1061402441758,6.44276711567766));
#3756=CARTESIAN_POINT('Ctrl Pts',(100.666666666667,-25.7122804883516,7.88553423135533));
#3757=CARTESIAN_POINT('Ctrl Pts',(109.,-24.3184207325274,9.32830134703299));
#3758=CARTESIAN_POINT('Ctrl Pts',(84.,-23.0714285714286,4.99999999999999));
#3759=CARTESIAN_POINT('Ctrl Pts',(92.3333333333333,-22.260561030031,5.2557516995983));
#3760=CARTESIAN_POINT('Ctrl Pts',(100.666666666667,-21.4462684485061,5.51437795169097));
#3761=CARTESIAN_POINT('Ctrl Pts',(109.,-20.6354009071085,5.77012965128929));
#3762=CARTESIAN_POINT('Ctrl Pts',(84.,-12.2142857142857,4.99999999999999));
#3763=CARTESIAN_POINT('Ctrl Pts',(92.3333333333333,-12.0377052026473,3.43271652766214));
#3764=CARTESIAN_POINT('Ctrl Pts',(100.666666666667,-11.8617376515319,1.86649469394908));
#3765=CARTESIAN_POINT('Ctrl Pts',(109.,-11.6851571398935,0.299211221611232));
#3766=CARTESIAN_POINT('Ctrl Pts',(83.9999999999999,4.07142857142856,4.99999999999999));
#3767=CARTESIAN_POINT('Ctrl Pts',(92.3333333333333,4.03367210177744,2.85764978621728));
#3768=CARTESIAN_POINT('Ctrl Pts',(100.666666666667,3.99764332976828,0.715205982981434));
#3769=CARTESIAN_POINT('Ctrl Pts',(109.,3.95988686011716,-1.42714423080127));
#3770=CARTESIAN_POINT('Ctrl Pts',(84.,17.6428571428571,4.99999999999999));
#3771=CARTESIAN_POINT('Ctrl Pts',(92.3333333333333,17.2183371134845,4.27104572492907));
#3772=CARTESIAN_POINT('Ctrl Pts',(100.666666666667,16.7925039018196,3.54327606130237));
#3773=CARTESIAN_POINT('Ctrl Pts',(109.,16.367983872447,2.81432178623145));
#3774=CARTESIAN_POINT('Ctrl Pts',(84.,25.7857142857143,4.99999999999999));
#3775=CARTESIAN_POINT('Ctrl Pts',(92.3333333333333,24.6821888794611,5.8505414490231));
#3776=CARTESIAN_POINT('Ctrl Pts',(100.666666666667,23.5804362260711,6.69867405013803));
#3777=CARTESIAN_POINT('Ctrl Pts',(109.,22.476910819818,7.54921549916114));
#3778=CARTESIAN_POINT('Ctrl Pts',(84.,28.5,4.99999999999999));
#3779=CARTESIAN_POINT('Ctrl Pts',(92.3333333333333,27.1061402441758,6.44276711567766));
#3780=CARTESIAN_POINT('Ctrl Pts',(100.666666666667,25.7122804883516,7.88553423135533));
#3781=CARTESIAN_POINT('Ctrl Pts',(109.,24.3184207325274,9.328301347033));
#3782=CARTESIAN_POINT('',(84.,-21.0821481886111,4.99999999999999));
#3783=CARTESIAN_POINT('',(84.,-2.5,4.99999999999998));
#3784=CARTESIAN_POINT('',(84.,28.5,4.99999999999999));
#3785=CARTESIAN_POINT('',(84.,28.5,4.99999999999999));
#3786=CARTESIAN_POINT('',(84.,21.082148188611,4.99999999999999));
#3787=CARTESIAN_POINT('',(84.,-2.5,4.99999999999998));
#3788=CARTESIAN_POINT('',(84.,-2.5,4.99999999999998));
#3789=CARTESIAN_POINT('Ctrl Pts',(84.,28.5,4.99999999999999));
#3790=CARTESIAN_POINT('Ctrl Pts',(92.3333333333333,27.1061402441758,6.44276711567766));
#3791=CARTESIAN_POINT('Ctrl Pts',(100.666666666667,25.7122804883516,7.88553423135532));
#3792=CARTESIAN_POINT('Ctrl Pts',(109.,24.3184207325274,9.32830134703299));
#3793=CARTESIAN_POINT('Ctrl Pts',(84.,28.5,10.6190476190476));
#3794=CARTESIAN_POINT('Ctrl Pts',(92.3333333333333,28.3898470973795,11.4266881007016));
#3795=CARTESIAN_POINT('Ctrl Pts',(100.666666666667,28.2769084351135,12.2385436382271));
#3796=CARTESIAN_POINT('Ctrl Pts',(109.,28.166755532493,13.0461841198811));
#3797=CARTESIAN_POINT('Ctrl Pts',(84.,28.5,21.8571428571428));
#3798=CARTESIAN_POINT('Ctrl Pts',(92.3333333333333,30.3753221257709,21.9966256670007));
#3799=CARTESIAN_POINT('Ctrl Pts',(100.666666666667,32.2495015192437,22.1362754241877));
#3800=CARTESIAN_POINT('Ctrl Pts',(109.,34.1248236450146,22.2757582340456));
#3801=CARTESIAN_POINT('Ctrl Pts',(84.,28.5,38.7142857142857));
#3802=CARTESIAN_POINT('Ctrl Pts',(92.3333333333333,31.0048854083933,38.6918123150326));
#3803=CARTESIAN_POINT('Ctrl Pts',(100.666666666667,33.5081194742832,38.6714935159439));
#3804=CARTESIAN_POINT('Ctrl Pts',(109.,36.0130048826765,38.6490201166907));
#3805=CARTESIAN_POINT('Ctrl Pts',(84.,28.5,52.7619047619048));
#3806=CARTESIAN_POINT('Ctrl Pts',(92.3333333333333,29.4602480636395,52.3671368181404));
#3807=CARTESIAN_POINT('Ctrl Pts',(100.666666666667,30.4197435291274,51.9705781567691));
#3808=CARTESIAN_POINT('Ctrl Pts',(109.,31.3799915927669,51.5758102130047));
#3809=CARTESIAN_POINT('Ctrl Pts',(84.,28.5,61.1904761904762));
#3810=CARTESIAN_POINT('Ctrl Pts',(92.3333333333333,27.7467446271891,60.0637845268364));
#3811=CARTESIAN_POINT('Ctrl Pts',(100.666666666667,26.9958435053211,58.9394489301827));
#3812=CARTESIAN_POINT('Ctrl Pts',(109.,26.2425881325103,57.8127572665429));
#3813=CARTESIAN_POINT('Ctrl Pts',(84.,28.5,64.));
#3814=CARTESIAN_POINT('Ctrl Pts',(92.3333333333333,27.1061402441758,62.5572328843223));
#3815=CARTESIAN_POINT('Ctrl Pts',(100.666666666667,25.7122804883516,61.1144657686446));
#3816=CARTESIAN_POINT('Ctrl Pts',(109.,24.3184207325275,59.6716986529669));
#3817=CARTESIAN_POINT('',(84.,28.5,11.7384106643966));
#3818=CARTESIAN_POINT('',(84.,28.5,32.));
#3819=CARTESIAN_POINT('',(84.,28.5,64.));
#3820=CARTESIAN_POINT('',(84.,28.5,64.));
#3821=CARTESIAN_POINT('',(84.,28.5,57.2615893356035));
#3822=CARTESIAN_POINT('',(84.,28.5,32.));
#3823=CARTESIAN_POINT('',(84.,28.5,32.));
#3824=CARTESIAN_POINT('Ctrl Pts',(84.,28.5,64.));
#3825=CARTESIAN_POINT('Ctrl Pts',(92.3333333333333,27.1061402441758,62.5572328843223));
#3826=CARTESIAN_POINT('Ctrl Pts',(100.666666666667,25.7122804883516,61.1144657686446));
#3827=CARTESIAN_POINT('Ctrl Pts',(109.,24.3184207325275,59.671698652967));
#3828=CARTESIAN_POINT('Ctrl Pts',(84.,23.0714285714286,64.));
#3829=CARTESIAN_POINT('Ctrl Pts',(92.3333333333333,22.2605495951219,63.7440857690154));
#3830=CARTESIAN_POINT('Ctrl Pts',(100.666666666667,21.4462798834152,63.4857845796953));
#3831=CARTESIAN_POINT('Ctrl Pts',(109.,20.6354009071085,63.2298703487107));
#3832=CARTESIAN_POINT('Ctrl Pts',(84.,12.2142857142857,64.));
#3833=CARTESIAN_POINT('Ctrl Pts',(92.3333333333333,12.0377106445476,65.567522358972));
#3834=CARTESIAN_POINT('Ctrl Pts',(100.666666666667,11.8612577249553,67.1339824682806));
#3835=CARTESIAN_POINT('Ctrl Pts',(109.,11.6846826552172,68.7015048272526));
#3836=CARTESIAN_POINT('Ctrl Pts',(84.,-4.07142857142858,64.));
#3837=CARTESIAN_POINT('Ctrl Pts',(92.3333333333333,-4.03360590757224,66.1424849349712));
#3838=CARTESIAN_POINT('Ctrl Pts',(100.666666666667,-3.99704327604564,68.2846011792312));
#3839=CARTESIAN_POINT('Ctrl Pts',(109.,-3.9592206121893,70.4270861142024));
#3840=CARTESIAN_POINT('Ctrl Pts',(84.,-17.6428571428571,64.));
#3841=CARTESIAN_POINT('Ctrl Pts',(92.3333333333333,-17.2183886945072,64.7288236321832));
#3842=CARTESIAN_POINT('Ctrl Pts',(100.666666666667,-16.7925228046565,65.4566872717556));
#3843=CARTESIAN_POINT('Ctrl Pts',(109.,-16.3680543563065,66.1855109039388));
#3844=CARTESIAN_POINT('Ctrl Pts',(84.,-25.7857142857143,64.));
#3845=CARTESIAN_POINT('Ctrl Pts',(92.3333333333333,-24.6821621951197,63.1495301331136));
#3846=CARTESIAN_POINT('Ctrl Pts',(100.666666666667,-23.5804629104125,62.3012543677252));
#3847=CARTESIAN_POINT('Ctrl Pts',(109.,-22.476910819818,61.4507845008388));
#3848=CARTESIAN_POINT('Ctrl Pts',(84.,-28.5,64.));
#3849=CARTESIAN_POINT('Ctrl Pts',(92.3333333333333,-27.1061402441758,62.5572328843223));
#3850=CARTESIAN_POINT('Ctrl Pts',(100.666666666667,-25.7122804883516,61.1144657686447));
#3851=CARTESIAN_POINT('Ctrl Pts',(109.,-24.3184207325274,59.671698652967));
#3852=CARTESIAN_POINT('',(84.,21.082148188611,64.));
#3853=CARTESIAN_POINT('',(84.,-31.,64.));
#3854=CARTESIAN_POINT('',(84.,-21.0821481886111,64.));
#3855=CARTESIAN_POINT('',(84.,-31.,64.));
#3856=CARTESIAN_POINT('',(84.,-31.,64.));
#3857=CARTESIAN_POINT('Ctrl Pts',(109.,26.0923205935129,61.434008354594));
#3858=CARTESIAN_POINT('Ctrl Pts',(100.666666666667,27.7282137290086,63.122672236396));
#3859=CARTESIAN_POINT('Ctrl Pts',(92.3333333333333,29.3641068645043,64.811336118198));
#3860=CARTESIAN_POINT('Ctrl Pts',(84.,31.,66.5));
#3861=CARTESIAN_POINT('Ctrl Pts',(109.,30.2030651148333,57.4517245995649));
#3862=CARTESIAN_POINT('Ctrl Pts',(100.666666666667,30.4677197083374,58.4345773680683));
#3863=CARTESIAN_POINT('Ctrl Pts',(92.3333333333333,30.7353454064959,59.4219091362585));
#3864=CARTESIAN_POINT('Ctrl Pts',(84.,31.,60.4047619047619));
#3865=CARTESIAN_POINT('Ctrl Pts',(109.,36.5656654812596,47.5744517653537));
#3866=CARTESIAN_POINT('Ctrl Pts',(100.666666666667,34.7100536286652,47.7876856172173));
#3867=CARTESIAN_POINT('Ctrl Pts',(92.3333333333333,32.8556118525944,48.0010518624221));
#3868=CARTESIAN_POINT('Ctrl Pts',(83.9999999999999,31.,48.2142857142857));
#3869=CARTESIAN_POINT('Ctrl Pts',(109.,38.5816402191482,30.0627292275103));
#3870=CARTESIAN_POINT('Ctrl Pts',(100.666666666667,36.0538517138028,30.0172545593793));
#3871=CARTESIAN_POINT('Ctrl Pts',(92.3333333333333,33.5277885053455,29.9740460967024));
#3872=CARTESIAN_POINT('Ctrl Pts',(84.,31.,29.9285714285714));
#3873=CARTESIAN_POINT('Ctrl Pts',(109.,33.6346955904357,16.2345138117694));
#3874=CARTESIAN_POINT('Ctrl Pts',(100.666666666667,32.7562010808005,15.7204731629954));
#3875=CARTESIAN_POINT('Ctrl Pts',(92.3333333333333,31.8784945096351,15.2045168392503));
#3876=CARTESIAN_POINT('Ctrl Pts',(84.,31.,14.6904761904762));
#3877=CARTESIAN_POINT('Ctrl Pts',(109.,28.1476928541732,9.55713352292057));
#3878=CARTESIAN_POINT('Ctrl Pts',(100.666666666667,29.0992974747291,8.21979438954499));
#3879=CARTESIAN_POINT('Ctrl Pts',(92.3333333333333,30.048395379444,6.88495818099462));
#3880=CARTESIAN_POINT('Ctrl Pts',(84.,31.,5.54761904761905));
#3881=CARTESIAN_POINT('Ctrl Pts',(109.,26.092320593513,7.56599164540601));
#3882=CARTESIAN_POINT('Ctrl Pts',(100.666666666667,27.7282137290087,5.87732776360401));
#3883=CARTESIAN_POINT('Ctrl Pts',(92.3333333333333,29.3641068645043,4.188663881802));
#3884=CARTESIAN_POINT('Ctrl Pts',(84.,31.,2.5));
#3885=CARTESIAN_POINT('',(84.,31.,2.49999999999999));
#3886=CARTESIAN_POINT('',(109.,26.092320593513,7.56599164540601));
#3887=CARTESIAN_POINT('',(84.,31.,66.5));
#3888=CARTESIAN_POINT('Ctrl Pts',(84.,31.,66.5));
#3889=CARTESIAN_POINT('Ctrl Pts',(84.,31.,60.4047619047619));
#3890=CARTESIAN_POINT('Ctrl Pts',(83.9999999999999,31.,48.2142857142857));
#3891=CARTESIAN_POINT('Ctrl Pts',(84.,31.,29.9285714285714));
#3892=CARTESIAN_POINT('Ctrl Pts',(84.,31.,14.6904761904762));
#3893=CARTESIAN_POINT('Ctrl Pts',(84.,31.,5.54761904761905));
#3894=CARTESIAN_POINT('Ctrl Pts',(84.,31.,2.5));
#3895=CARTESIAN_POINT('',(109.,26.0923205935129,61.434008354594));
#3896=CARTESIAN_POINT('Ctrl Pts',(109.,26.092320593513,7.56599164540601));
#3897=CARTESIAN_POINT('Ctrl Pts',(100.666666666667,27.7282137290087,5.877327763604));
#3898=CARTESIAN_POINT('Ctrl Pts',(92.3333333333333,29.3641068645043,4.18866388180199));
#3899=CARTESIAN_POINT('Ctrl Pts',(84.,31.,2.49999999999999));
#3900=CARTESIAN_POINT('Ctrl Pts',(109.,22.1444286597363,3.74147133455989));
#3901=CARTESIAN_POINT('Ctrl Pts',(100.666666666667,23.1268103272592,3.32850430607425));
#3902=CARTESIAN_POINT('Ctrl Pts',(92.3333333333333,24.1128564277152,2.91296702848562));
#3903=CARTESIAN_POINT('Ctrl Pts',(84.,25.0952380952381,2.49999999999998));
#3904=CARTESIAN_POINT('Ctrl Pts',(109.,12.542432352642,-2.14155063080779));
#3905=CARTESIAN_POINT('Ctrl Pts',(100.666666666667,12.7903076622952,-0.594061630491165));
#3906=CARTESIAN_POINT('Ctrl Pts',(92.3333333333333,13.0378389760612,0.952510999683355));
#3907=CARTESIAN_POINT('Ctrl Pts',(84.,13.2857142857143,2.49999999999998));
#3908=CARTESIAN_POINT('Ctrl Pts',(109.,-4.24995623723301,-3.99703614742224));
#3909=CARTESIAN_POINT('Ctrl Pts',(100.666666666667,-4.30992068825532,-1.83127011436288));
#3910=CARTESIAN_POINT('Ctrl Pts',(92.3333333333334,-4.36860697754911,0.334233966940607));
#3911=CARTESIAN_POINT('Ctrl Pts',(84.,-4.42857142857143,2.49999999999998));
#3912=CARTESIAN_POINT('Ctrl Pts',(109.,-17.5673082009194,0.563893721527395));
#3913=CARTESIAN_POINT('Ctrl Pts',(100.666666666667,-18.1078441185258,1.20959055670239));
#3914=CARTESIAN_POINT('Ctrl Pts',(92.3333333333333,-18.6499402728699,1.85430316482498));
#3915=CARTESIAN_POINT('Ctrl Pts',(84.,-19.1904761904762,2.49999999999997));
#3916=CARTESIAN_POINT('Ctrl Pts',(109.,-24.1183746266246,5.65373148998289));
#3917=CARTESIAN_POINT('Ctrl Pts',(100.666666666667,-25.4287903941536,4.60169883899644));
#3918=CARTESIAN_POINT('Ctrl Pts',(92.3333333333333,-26.7372032800901,3.55203265098643));
#3919=CARTESIAN_POINT('Ctrl Pts',(84.,-28.047619047619,2.49999999999997));
#3920=CARTESIAN_POINT('Ctrl Pts',(109.,-26.0923205935129,7.56599164540595));
#3921=CARTESIAN_POINT('Ctrl Pts',(100.666666666667,-27.7282137290086,5.87732776360396));
#3922=CARTESIAN_POINT('Ctrl Pts',(92.3333333333333,-29.3641068645043,4.18866388180196));
#3923=CARTESIAN_POINT('Ctrl Pts',(84.,-31.,2.49999999999997));
#3924=CARTESIAN_POINT('',(84.,-31.,2.49999999999997));
#3925=CARTESIAN_POINT('',(109.,-26.0923205935129,7.56599164540595));
#3926=CARTESIAN_POINT('Ctrl Pts',(84.,31.,2.49999999999999));
#3927=CARTESIAN_POINT('Ctrl Pts',(84.,25.0952380952381,2.49999999999998));
#3928=CARTESIAN_POINT('Ctrl Pts',(84.,13.2857142857143,2.49999999999998));
#3929=CARTESIAN_POINT('Ctrl Pts',(84.,-4.42857142857143,2.49999999999998));
#3930=CARTESIAN_POINT('Ctrl Pts',(84.,-19.1904761904762,2.49999999999997));
#3931=CARTESIAN_POINT('Ctrl Pts',(84.,-28.047619047619,2.49999999999997));
#3932=CARTESIAN_POINT('Ctrl Pts',(84.,-31.,2.49999999999997));
#3933=CARTESIAN_POINT('Ctrl Pts',(109.,-26.0923205935129,7.56599164540595));
#3934=CARTESIAN_POINT('Ctrl Pts',(100.666666666667,-27.7282137290086,5.87732776360395));
#3935=CARTESIAN_POINT('Ctrl Pts',(92.3333333333333,-29.3641068645043,4.18866388180196));
#3936=CARTESIAN_POINT('Ctrl Pts',(84.,-31.,2.49999999999997));
#3937=CARTESIAN_POINT('Ctrl Pts',(109.,-30.2030651148333,11.5482754004351));
#3938=CARTESIAN_POINT('Ctrl Pts',(100.666666666667,-30.4677197083374,10.5654226319317));
#3939=CARTESIAN_POINT('Ctrl Pts',(92.3333333333333,-30.7353454064959,9.57809086374145));
#3940=CARTESIAN_POINT('Ctrl Pts',(84.,-31.,8.59523809523807));
#3941=CARTESIAN_POINT('Ctrl Pts',(109.,-36.5656654812596,21.4255482346463));
#3942=CARTESIAN_POINT('Ctrl Pts',(100.666666666667,-34.7100536286652,21.2123143827827));
#3943=CARTESIAN_POINT('Ctrl Pts',(92.3333333333333,-32.8556118525944,20.9989481375778));
#3944=CARTESIAN_POINT('Ctrl Pts',(84.,-31.,20.7857142857143));
#3945=CARTESIAN_POINT('Ctrl Pts',(109.,-38.5816402191482,38.9372707724897));
#3946=CARTESIAN_POINT('Ctrl Pts',(100.666666666667,-36.0538517138028,38.9827454406207));
#3947=CARTESIAN_POINT('Ctrl Pts',(92.3333333333333,-33.5277885053455,39.0259539032976));
#3948=CARTESIAN_POINT('Ctrl Pts',(84.,-31.,39.0714285714286));
#3949=CARTESIAN_POINT('Ctrl Pts',(109.,-33.6346955904357,52.7654861882306));
#3950=CARTESIAN_POINT('Ctrl Pts',(100.666666666667,-32.7562010808006,53.2795268370047));
#3951=CARTESIAN_POINT('Ctrl Pts',(92.3333333333333,-31.8784945096352,53.7954831607497));
#3952=CARTESIAN_POINT('Ctrl Pts',(84.,-31.,54.3095238095238));
#3953=CARTESIAN_POINT('Ctrl Pts',(109.,-28.1476928541731,59.4428664770794));
#3954=CARTESIAN_POINT('Ctrl Pts',(100.666666666667,-29.0992974747291,60.780205610455));
#3955=CARTESIAN_POINT('Ctrl Pts',(92.3333333333333,-30.048395379444,62.1150418190054));
#3956=CARTESIAN_POINT('Ctrl Pts',(84.,-31.,63.4523809523809));
#3957=CARTESIAN_POINT('Ctrl Pts',(109.,-26.092320593513,61.434008354594));
#3958=CARTESIAN_POINT('Ctrl Pts',(100.666666666667,-27.7282137290086,63.122672236396));
#3959=CARTESIAN_POINT('Ctrl Pts',(92.3333333333333,-29.3641068645043,64.811336118198));
#3960=CARTESIAN_POINT('Ctrl Pts',(84.,-31.,66.5));
#3961=CARTESIAN_POINT('',(84.,-31.,66.5));
#3962=CARTESIAN_POINT('',(109.,-26.092320593513,61.434008354594));
#3963=CARTESIAN_POINT('Ctrl Pts',(84.,-31.,2.49999999999997));
#3964=CARTESIAN_POINT('Ctrl Pts',(84.,-31.,8.59523809523807));
#3965=CARTESIAN_POINT('Ctrl Pts',(84.,-31.,20.7857142857143));
#3966=CARTESIAN_POINT('Ctrl Pts',(84.,-31.,39.0714285714286));
#3967=CARTESIAN_POINT('Ctrl Pts',(84.,-31.,54.3095238095238));
#3968=CARTESIAN_POINT('Ctrl Pts',(84.,-31.,63.4523809523809));
#3969=CARTESIAN_POINT('Ctrl Pts',(84.,-31.,66.5));
#3970=CARTESIAN_POINT('Ctrl Pts',(109.,-26.092320593513,61.434008354594));
#3971=CARTESIAN_POINT('Ctrl Pts',(100.666666666667,-27.7282137290086,63.122672236396));
#3972=CARTESIAN_POINT('Ctrl Pts',(92.3333333333333,-29.3641068645043,64.811336118198));
#3973=CARTESIAN_POINT('Ctrl Pts',(84.,-31.,66.5));
#3974=CARTESIAN_POINT('Ctrl Pts',(109.,-22.1444286597363,65.2585286654401));
#3975=CARTESIAN_POINT('Ctrl Pts',(100.666666666667,-23.1268103272592,65.6714956939257));
#3976=CARTESIAN_POINT('Ctrl Pts',(92.3333333333333,-24.1128564277152,66.0870329715144));
#3977=CARTESIAN_POINT('Ctrl Pts',(84.,-25.0952380952381,66.5));
#3978=CARTESIAN_POINT('Ctrl Pts',(109.,-12.5422484697032,71.1413507021706));
#3979=CARTESIAN_POINT('Ctrl Pts',(100.666666666667,-12.7901237793563,69.593861701854));
#3980=CARTESIAN_POINT('Ctrl Pts',(92.3333333333333,-13.0378389760612,68.0474890003166));
#3981=CARTESIAN_POINT('Ctrl Pts',(84.,-13.2857142857143,66.5));
#3982=CARTESIAN_POINT('Ctrl Pts',(109.,4.25002744328027,72.996920470937));
#3983=CARTESIAN_POINT('Ctrl Pts',(100.666666666667,4.30999189430258,70.8311544378776));
#3984=CARTESIAN_POINT('Ctrl Pts',(92.3333333333334,4.3686069775491,68.6657660330594));
#3985=CARTESIAN_POINT('Ctrl Pts',(84.,4.4285714285714,66.5));
#3986=CARTESIAN_POINT('Ctrl Pts',(109.,17.5673506968168,68.4360629261119));
#3987=CARTESIAN_POINT('Ctrl Pts',(100.666666666667,18.1078866144231,67.7903660909369));
#3988=CARTESIAN_POINT('Ctrl Pts',(92.3333333333333,18.6499402728699,67.145696835175));
#3989=CARTESIAN_POINT('Ctrl Pts',(84.,19.1904761904762,66.5));
#3990=CARTESIAN_POINT('Ctrl Pts',(109.,24.1183746266246,63.3462685100171));
#3991=CARTESIAN_POINT('Ctrl Pts',(100.666666666667,25.4287903941536,64.3983011610035));
#3992=CARTESIAN_POINT('Ctrl Pts',(92.3333333333333,26.7372032800901,65.4479673490136));
#3993=CARTESIAN_POINT('Ctrl Pts',(84.,28.047619047619,66.5));
#3994=CARTESIAN_POINT('Ctrl Pts',(109.,26.0923205935129,61.434008354594));
#3995=CARTESIAN_POINT('Ctrl Pts',(100.666666666667,27.7282137290086,63.122672236396));
#3996=CARTESIAN_POINT('Ctrl Pts',(92.3333333333333,29.3641068645043,64.811336118198));
#3997=CARTESIAN_POINT('Ctrl Pts',(84.,31.,66.5));
#3998=CARTESIAN_POINT('Ctrl Pts',(84.,-31.,66.5));
#3999=CARTESIAN_POINT('Ctrl Pts',(84.,-25.0952380952381,66.5));
#4000=CARTESIAN_POINT('Ctrl Pts',(84.,-13.2857142857143,66.5));
#4001=CARTESIAN_POINT('Ctrl Pts',(84.,4.4285714285714,66.5));
#4002=CARTESIAN_POINT('Ctrl Pts',(84.,19.1904761904762,66.5));
#4003=CARTESIAN_POINT('Ctrl Pts',(84.,28.047619047619,66.5));
#4004=CARTESIAN_POINT('Ctrl Pts',(84.,31.,66.5));
#4005=CARTESIAN_POINT('Origin',(84.,-28.5,64.));
#4006=CARTESIAN_POINT('',(79.,28.5,64.));
#4007=CARTESIAN_POINT('',(79.,-28.5,64.));
#4008=CARTESIAN_POINT('',(79.,-3.17095277910483E-14,64.));
#4009=CARTESIAN_POINT('',(84.,28.5,64.));
#4010=CARTESIAN_POINT('',(84.,-28.5,64.));
#4011=CARTESIAN_POINT('Origin',(-79.,-28.5,5.));
#4012=CARTESIAN_POINT('',(-79.,28.5,5.));
#4013=CARTESIAN_POINT('',(-79.,-28.5,5.));
#4014=CARTESIAN_POINT('Origin',(79.,-28.5,5.));
#4015=CARTESIAN_POINT('',(39.5,-28.5,5.));
#4016=CARTESIAN_POINT('',(79.,-28.5,5.));
#4017=CARTESIAN_POINT('Origin',(79.,28.5,5.));
#4018=CARTESIAN_POINT('',(79.,28.5,5.));
#4019=CARTESIAN_POINT('Origin',(-79.,28.5,5.));
#4020=CARTESIAN_POINT('',(-84.,28.4999999999999,5.));
#4021=CARTESIAN_POINT('Origin',(-84.,33.5,0.));
#4022=CARTESIAN_POINT('',(-84.,33.5,0.));
#4023=CARTESIAN_POINT('Origin',(84.,-33.5,0.));
#4024=CARTESIAN_POINT('',(84.,-33.5,0.));
#4025=CARTESIAN_POINT('Origin',(-1.77635683940025E-14,-8.88178419700125E-15,
5.));
#4026=CARTESIAN_POINT('Origin',(-1.77635683940025E-14,-8.88178419700125E-15,
0.));
#4027=CARTESIAN_POINT('Origin',(-109.,-1.15463194561016E-13,34.5));
#4028=CARTESIAN_POINT('',(-109.,26.0923205935128,61.434008354594));
#4029=CARTESIAN_POINT('',(-109.,26.0923205935129,7.565991645406));
#4030=CARTESIAN_POINT('polyline point',(-109.,-28.5000000000001,64.));
#4031=CARTESIAN_POINT('polyline point',(-109.,-24.3184207325275,59.671698652967));
#4032=CARTESIAN_POINT('Origin',(-109.,-1.11022302462516E-13,34.5));
#4033=CARTESIAN_POINT('Origin',(-109.,-1.11022302462516E-13,34.5));
#4034=CARTESIAN_POINT('',(-109.,-5.77315972805081E-14,0.));
#4035=UNCERTAINTY_MEASURE_WITH_UNIT(LENGTH_MEASURE(0.01),#4039,
'DISTANCE_ACCURACY_VALUE',
'Maximum model space distance between geometric entities at asserted c
onnectivities');
#4036=UNCERTAINTY_MEASURE_WITH_UNIT(LENGTH_MEASURE(0.01),#4039,
'DISTANCE_ACCURACY_VALUE',
'Maximum model space distance between geometric entities at asserted c
onnectivities');
#4037=(
GEOMETRIC_REPRESENTATION_CONTEXT(3)
GLOBAL_UNCERTAINTY_ASSIGNED_CONTEXT((#4035))
GLOBAL_UNIT_ASSIGNED_CONTEXT((#4039,#4041,#4042))
REPRESENTATION_CONTEXT('','3D')
);
#4038=(
GEOMETRIC_REPRESENTATION_CONTEXT(3)
GLOBAL_UNCERTAINTY_ASSIGNED_CONTEXT((#4036))
GLOBAL_UNIT_ASSIGNED_CONTEXT((#4039,#4041,#4042))
REPRESENTATION_CONTEXT('','3D')
);
#4039=(
LENGTH_UNIT()
NAMED_UNIT(*)
SI_UNIT(.MILLI.,.METRE.)
);
#4040=(
LENGTH_UNIT()
NAMED_UNIT(*)
SI_UNIT(.CENTI.,.METRE.)
);
#4041=(
NAMED_UNIT(*)
PLANE_ANGLE_UNIT()
SI_UNIT($,.RADIAN.)
);
#4042=(
NAMED_UNIT(*)
SI_UNIT($,.STERADIAN.)
SOLID_ANGLE_UNIT()
);
#4043=SHAPE_DEFINITION_REPRESENTATION(#4044,#4045);
#4044=PRODUCT_DEFINITION_SHAPE('',$,#4047);
#4045=SHAPE_REPRESENTATION('',(#1986),#4037);
#4046=PRODUCT_DEFINITION_CONTEXT('part definition',#4051,'design');
#4047=PRODUCT_DEFINITION('radiator_case_bottom','radiator_case_bottom',
#4048,#4046);
#4048=PRODUCT_DEFINITION_FORMATION('',$,#4053);
#4049=PRODUCT_RELATED_PRODUCT_CATEGORY('radiator_case_bottom',
'radiator_case_bottom',(#4053));
#4050=APPLICATION_PROTOCOL_DEFINITION('international standard',
'automotive_design',2009,#4051);
#4051=APPLICATION_CONTEXT(
'Core Data for Automotive Mechanical Design Process');
#4052=PRODUCT_CONTEXT('part definition',#4051,'mechanical');
#4053=PRODUCT('radiator_case_bottom','radiator_case_bottom',$,(#4052));
#4054=PRESENTATION_STYLE_ASSIGNMENT((#4057));
#4055=PRESENTATION_STYLE_ASSIGNMENT((#4058));
#4056=PRESENTATION_STYLE_ASSIGNMENT((#4059));
#4057=SURFACE_STYLE_USAGE(.BOTH.,#4062);
#4058=SURFACE_STYLE_USAGE(.BOTH.,#4063);
#4059=SURFACE_STYLE_USAGE(.BOTH.,#4064);
#4060=SURFACE_STYLE_RENDERING_WITH_PROPERTIES($,#4074,(#4061));
#4061=SURFACE_STYLE_TRANSPARENT(0.);
#4062=SURFACE_SIDE_STYLE('',(#4065,#4060));
#4063=SURFACE_SIDE_STYLE('',(#4066));
#4064=SURFACE_SIDE_STYLE('',(#4067));
#4065=SURFACE_STYLE_FILL_AREA(#4068);
#4066=SURFACE_STYLE_FILL_AREA(#4069);
#4067=SURFACE_STYLE_FILL_AREA(#4070);
#4068=FILL_AREA_STYLE('',(#4071));
#4069=FILL_AREA_STYLE('',(#4072));
#4070=FILL_AREA_STYLE('',(#4073));
#4071=FILL_AREA_STYLE_COLOUR('',#4074);
#4072=FILL_AREA_STYLE_COLOUR('',#4075);
#4073=FILL_AREA_STYLE_COLOUR('',#4076);
#4074=COLOUR_RGB('',0.749019607843137,0.749019607843137,0.749019607843137);
#4075=COLOUR_RGB('',1.,1.,0.);
#4076=COLOUR_RGB('',0.,0.,0.);
ENDSEC;
END-ISO-10303-21;
