:020000040802F0
:100000004D4947490100000088DD00000100000063
:1000100000000100000000000000000000000000DF
:100020001099793D000000006DC92FD6C80A82B131
:10003000D9519CB659FBB85673D2DCC2ACECE34B39
:10004000AB6EFCC6E3846A5C0000000000000000A8
:1000500000000000000000000000000000000000A0
:100060000000000000000000000000000000000090
:100070000000000000000000000000000000000080
:100080000000000000000000000000000000000070
:100090000000000000000000000000000000000060
:1000A0000000000000000000000000000000000050
:1000B0000000000000000000000000000000000040
:1000C0000000000000000000000000000000000030
:1000D0000000000000000000000000000000000020
:1000E0000000000000000000000000000000000010
:1000F0000000000000000000000000000000000000
:1001000000000000000000000000000000000000EF
:1001100000000000000000000000000000000000DF
:1001200000000000000000000000000000000000CF
:1001300000000000000000000000000000000000BF
:1001400000000000000000000000000000000000AF
:10015000000000000000000000000000000000009F
:10016000000000000000000000000000000000008F
:10017000000000000000000000000000000000007F
:10018000000000000000000000000000000000006F
:10019000000000000000000000000000000000005F
:1001A000000000000000000000000000000000004F
:1001B000000000000000000000000000000000003F
:1001C000000000000000000000000000000000002F
:1001D000000000000000000000000000000000001F
:1001E000000000000000000000000000000000000F
:1001F00000000000000000000000000000000000FF
:100200000000022091130208E1130208E113020822
:10021000E1130208E1130208E113020800000000E4
:10022000000000000000000000000000E1130208D0
:10023000E113020800000000E1130208E50D0208C6
:10024000E1130208E1130208E1130208E1130208B6
:10025000E1130208E1130208E1130208E1130208A6
:10026000E1130208E1130208E1130208E113020896
:10027000E1130208E1130208E1130208E113020886
:10028000E1130208E1130208E1130208E113020876
:10029000E1130208E1130208E1130208E113020866
:1002A000E1130208E1130208E1130208E113020856
:1002B000E1130208E1130208E1130208E113020846
:1002C000E1130208E1130208E1130208E113020836
:1002D000E1130208E1130208E1130208E113020826
:1002E0002D490208E1130208E1130208E113020894
:1002F000E1130208E1130208E1130208E113020806
:10030000E1130208E1130208E1130208E1130208F5
:10031000E1130208E1130208E1130208E1130208E5
:10032000E1130208E1130208E1130208E1130208D5
:10033000E11302080000000000000000E1130208C1
:10034000E1130208E1130208E1130208E1130208B5
:10035000E1130208E1130208E1130208E1130208A5
:10036000E1130208E1130208E1130208E113020895
:10037000E1130208E1130208000000000000000081
:10038000E1130208E113020810B5054C237833B9D4
:10039000044B13B10448AFF300800123237010BD58
:1003A000500700200000000010C2020808B5034BEF
:1003B0001BB103490348AFF3008008BD00000000F3
:1003C0005407002010C2020853B94AB9002908BFD7
:1003D00000281CBF4FF0FF314FF0FF3000F0B4BADF
:1003E000ADF1080C6DE904CE00F026F8DDF804E06C
:1003F000DDE9022304B07047D0B500F00BFC0C4BD4
:10040000002206460F4600F075F900F05BFC04463A
:1004100000F0DEFB074B002200F06CF902460B46B1
:100420003046394600F096FA00F04CFC2146D0BD2B
:100430000000F03D0000F0412DE9F047089D0C461A
:10044000002B4ED194468C458646B2FA82F262D990
:100450004AB1C2F12003914020FA03F30CFA02FCE6
:10046000194300FA02FE4FEA1C471FFA8CF6B1FB53
:10047000F7F44FEA1E4307FB141143EA014304FB60
:1004800006F199420AD91CEB030304F1FF3080F016
:100490001281994240F20F81023C6344591A1FFABB
:1004A0008EF3B1FBF7F007FB101143EA014300FBA9
:1004B00006F69E420AD91CEB030300F1FF3180F0DF
:1004C000FC809E4240F2F980634402389B1B40EA64
:1004D000044000211DB1D3400022C5E90032BDE82F
:1004E000F0878B4205D90DB1C5E90001002108460E
:1004F000F5E7B3FA83F1002946D1A34202D3904233
:10050000C0F0F080861A64EB03030120002DE6D0D2
:10051000C5E90063E3E7002A40F09080A1EB0C04FA
:100520004FEA1C481FFA8CF70121B4FBF8F64FEA9A
:100530001E4308FB164443EA044307FB06F09842B7
:1005400008D91CEB030306F1FF3402D2984200F2F3
:10055000CD8026461C1A1FFA8EF3B4FBF8F008FB78
:10056000104443EA044300FB07F79F4208D91CEB01
:10057000030300F1FF3402D29F4200F2B080204614
:10058000DB1B40EA0640A5E7C1F120068B4022FABA
:1005900006F71F4320FA06FC04FA01F343EA0C03B2
:1005A000F44000FA01F8380C4FEA1349B4FBF0FEAE
:1005B0001FFA87FC00FB1E4449EA04440EFB0CF9B9
:1005C000A14502FA01F20AD93C190EF1FF3A80F076
:1005D0008480A14540F28180AEF1020E3C44A4EB40
:1005E00009041FFA83F9B4FBF0F300FB134449EA52
:1005F000044403FB0CFCA44507D93C1903F1FF306C
:1006000067D2A44565D9023B3C4443EA0E40A0FBB7
:100610000293A4EB0C049C42CE469C4651D34ED090
:1006200055B1B8EB0E0364EB0C0404FA06F6CB40AC
:100630001E43CC40C5E90064002150E7C2F120030D
:1006400020FA03F10CFA02FC24FA03F394400C4361
:100650004FEA1C4800FA02FE1FFA8CF7B3FBF8F0D1
:1006600008FB1031230C43EA014300FB07F19942D8
:1006700008D91CEB030300F1FF362CD299422AD98A
:10068000023863445B1AA4B2B3FBF8F108FB1133E0
:1006900044EA034401FB07F3A34208D91CEB04041A
:1006A00001F1FF3613D2A34211D902396444E41A8E
:1006B00041EA004139E70446F0E6084606E7C84546
:1006C000AED2B9EB020E63EB070C0138A8E7314656
:1006D000EDE7034699E73046D4E7D6467FE7634423
:1006E00002384DE70646234608460FE7023E6344BC
:1006F00030E700BF70B54FF0FF0C4CF4E06C1CEA23
:1007000011541DBF1CEA135594EA0C0F95EA0C0F07
:1007100000F0DEF82C4481EA030621EA4C5123EA7A
:100720004C5350EA013518BF52EA033541F48011A9
:1007300043F4801338D0A0FB02CE4FF00005E1FB5C
:1007400002E506F00042E0FB03E54FF00006E1FBA6
:1007500003569CF0000F18BF4EF0010EA4F1FF04E9
:10076000B6F5007F64F5407404D25FEA4E0E6D4129
:1007700046EB060642EAC62141EA55514FEAC5203A
:1007800040EA5E504FEACE2EB4F1FD0C88BFBCF5B6
:10079000E06F1ED8BEF1004F08BF5FEA500E50F167
:1007A000000041EB045170BD06F0004646EA01012D
:1007B00040EA020081EA0301B4EB5C04C2BFD4EB5F
:1007C0000C0541EA045170BD41F480114FF0000E58
:1007D000013C00F3AB8014F1360FDEBF002001F0C6
:1007E000004170BDC4F10004203C35DA0C341BDC40
:1007F00004F11404C4F1200500FA05F320FA04F012
:1008000001FA05F240EA020001F0004221F0004145
:1008100010EBD37021FA04F642EB06015EEA430EB8
:1008200008BF20EAD37070BDC4F10C04C4F12005E8
:1008300000FA04F320FA05F001FA04F240EA02009B
:1008400001F0004110EBD37041F100015EEA430E6C
:1008500008BF20EAD37070BDC4F1200500FA05F28C
:100860004EEA020E20FA04F301FA05F243EA02030B
:1008700021FA04F001F0004121FA04F220EA02001A
:1008800000EBD3705EEA430E08BF20EAD37070BD60
:1008900094F0000F0FD101F00046400041EB010140
:1008A00011F4801F08BF013CF7D041EA060195F022
:1008B000000F18BF704703F00046520043EB0303DC
:1008C00013F4801F08BF013DF7D043EA06037047C9
:1008D00094EA0C0F0CEA135518BF95EA0C0F0CD0D4
:1008E00050EA410618BF52EA4306D1D181EA03011A
:1008F00001F000414FF0000070BD50EA410606BF14
:100900001046194652EA430619D094EA0C0F02D158
:1009100050EA013613D195EA0C0F05D152EA03369D
:100920001CBF104619460AD181EA030101F00041BB
:1009300041F0FE4141F470014FF0000070BD41F004
:10094000FE4141F4780170BD704700BF81F0004165
:1009500002E000BF83F0004330B54FEA41044FEAA4
:10096000430594EA050F08BF90EA020F1FBF54EA3F
:10097000000C55EA020C7FEA645C7FEA655C00F0DB
:10098000E2804FEA5454D4EB5555B8BF6D420CDDAC
:100990002C4480EA020281EA030382EA000083EA2F
:1009A000010180EA020281EA0303362D88BF30BDCF
:1009B00011F0004F4FEA01314FF4801C4CEA113125
:1009C00002D0404261EB410113F0004F4FEA033384
:1009D0004CEA133302D0524263EB430394EA050F0F
:1009E00000F0A780A4F10104D5F1200E0DDB02FA7E
:1009F0000EFC22FA05F2801841F1000103FA0EF212
:100A0000801843FA05F359410EE0A5F120050EF1D7
:100A1000200E012A03FA0EFC28BF4CF0020C43FA08
:100A200005F3C01851EBE37101F0004507D54FF015
:100A3000000EDCF1000C7EEB00006EEB0101B1F565
:100A4000801F1BD3B1F5001F0CD349085FEA3000AB
:100A50004FEA3C0C04F101044FEA445212F5800FB6
:100A600080F09A80BCF1004F08BF5FEA500C50F153
:100A7000000041EB045141EA050130BD5FEA4C0C36
:100A8000404141EB0101013C28BFB1F5801FE9D293
:100A900091F0000F04BF01460020B1FA81F308BFB6
:100AA0002033A3F10B03B3F120020CDA0C3208DD82
:100AB00002F1140CC2F10C0201FA0CF021FA02F15D
:100AC0000CE002F11402D8BFC2F1200C01FA02F1CD
:100AD00020FA0CFCDCBF41EA0C019040E41AA2BFF2
:100AE00001EB0451294330BD6FEA04041F3C1CDABA
:100AF0000C340EDC04F11404C4F1200220FA04F0DA
:100B000001FA02F340EA030021FA04F345EA030183
:100B100030BDC4F10C04C4F1200220FA02F001FA45
:100B200004F340EA0300294630BD21FA04F02946C7
:100B300030BD94F0000F83F4801306BF81F4801160
:100B40000134013D4EE77FEA645C18BF7FEA655CD3
:100B500029D094EA050F08BF90EA020F05D054EAA5
:100B6000000C04BF1946104630BD91EA030F1EBFAA
:100B70000021002030BD5FEA545C05D140004941AE
:100B800028BF41F0004130BD14F580043CBF01F5A1
:100B9000801130BD01F0004545F0FE4141F4700187
:100BA0004FF0000030BD7FEA645C1ABF1946104662
:100BB0007FEA655C1CBF0B46024650EA013406BF63
:100BC00052EA033591EA030F41F4002130BD00BF22
:100BD00090F0000F04BF0021704730B54FF48064DF
:100BE00004F132044FF000054FF0000150E700BF60
:100BF00090F0000F04BF0021704730B54FF48064BF
:100C000004F1320410F0004548BF40424FF00001AB
:100C10003EE700BF42004FEAE2014FEA31014FEAEE
:100C200002701FBF12F07F4393F07F4F81F060513D
:100C3000704732F07F4208BF704793F07F4F04BF88
:100C400041F40021704730B54FF4607401F0004565
:100C500021F000411CE700BF50EA010208BF7047C5
:100C600030B54FF000050AE050EA010208BF7047B6
:100C700030B511F0004502D5404261EB41014FF41F
:100C8000806404F132045FEA915C3FF4D8AE4FF027
:100C900003025FEADC0C18BF03325FEADC0C18BF0A
:100CA000033202EBDC02C2F1200300FA03FC20FA5B
:100CB00002F001FA03FE40EA0E0021FA02F11444A8
:100CC000BDE600BF4A0011D212F5001211D20DD5B7
:100CD0006FF47873B3EB62520ED44FEAC12343F042
:100CE000004343EA505323FA02F070474FF00000EC
:100CF000704750EA013002D14FF0FF3070474FF09B
:100D000000007047034613F8012B002AFBD1181A84
:100D1000013870471F4B20491A6B42F003021A63D7
:100D20001B6B1E4B4FF400324FF480209A61986188
:100D30001A6822F00C0242F004021A601A6822F0CB
:100D4000300242F010021A6088610A6822F0300214
:100D500042F010020A601A6822F440621A601A68AF
:100D600022F440521A601A6822F440421A60DA688B
:100D700022F4406242F40062DA60DA6822F44052FF
:100D800042F40052DA60DA6822F4404242F400424F
:100D9000DA60704700380240000402400000024060
:100DA000064B1B69C3F340105A0648BF40F00200CF
:100DB0001B0648BF40F00400704700BF000002401F
:100DC0000028034B0CBF4FF4003202229A61704797
:100DD00000000240024A536983F0020353617047E6
:100DE00000000240024A136801331360704700BFDD
:100DF0006C070020014B1868704700BF6C0700208B
:100E0000044A116813685B1A834200D3704730BFED
:100E1000F8E700BF6C07002010B50B494FF0E02247
:100E2000086894690B688342FAD15069074A0849F7
:100E30001268B2FBF1F2001B0021B0FBF2F04FF49C
:100E40007A72E3FB020110BD6C0700200000002055
:100E500040420F00214B1A6842F480321A601A682F
:100E60009203FCD51A6C1E4942F080521A641A6C27
:100E70000A6842F480420A601A4A40F20571116021
:100E8000194A5A601A6842F080721A60134A13684D
:100E90009B01FCD5936823F47C4323F0F00343F4D7
:100EA00014439360936823F0030343F002039360B9
:100EB0000A4A936803F00C03082BFAD10B4B0C4A37
:100EC0001A604FF0E0230B4A5A610B4AF02182F876
:100ED000231000229A6107221A61704700380240ED
:100EE00000700040003C0240085440070000002011
:100EF000007A030A3F90020000ED00E0044B1A6BF9
:100F000042F480521A631B6B024B01229A607047B5
:100F1000003802400030024021F00301044B01443C
:100F2000884200D1704750F8042B1A60F8E700BFE0
:100F300000300240014B1868704700BF003002408B
:100F400008B58900FFF7DAFFFFF7E6FF014B1868E5
:100F500008BD00BF00300240054B1A69002ABFBF20
:100F6000044A5A6002F188325A601869C017704703
:100F7000003C02402301674510B50146EFF31084A1
:100F800072B6FFF7E9FF10B9054B08469847054AC6
:100F9000136943F00043136184F3108810BD00BF50
:100FA000C9060020003C024070B515468207044681
:100FB00013D191B18DB1EFF3108672B6FFF7CCFF6C
:100FC00018B9074B2A4620469847064A136943F04A
:100FD0000043136186F3108870BD4FF0FF30FBE7CC
:100FE00005070020003C02400B4B03F1774303F55B
:100FF0007E02B2F5C02F0BD303F57803B3F5C02FF3
:1010000008D206480268064B9A4218BF0020704773
:101010000448F7E700207047E90F020800000808BD
:101020004D494749000002082DE9F84F344CDFF8DC
:10103000D880DFF8D890DFF8D8A0002501222570ED
:101040006570A570E57025716271A571E571C8F8CC
:101050000050C9F800502E462F0207F1006707F52F
:1010600080373B68534522D17B68012B1FD13B7BE6
:10107000012B1CD87B7B012B19D87B7C012B16D82C
:1010800097F91230002B12DBFB7CDF2B0FD83F21AE
:101090003846D7F8FCB0FFF753FF834507D11EB1A0
:1010A000BA68B3689A4202D9C9F800503E46013581
:1010B000B5F5807FD0D106B3B368C8F80030337B74
:1010C0002370737B6370B37B0E485A1E53425341A7
:1010D000A370F37BE370337CF27C003B18BF0123E9
:1010E0002371737C637106F11401B37CA3710BF05F
:1010F00081F8F37C1C440023E371BDE8F88F00BF46
:10110000780700207F070020740700207007002068
:1011100053554749F0B5C61DC1B005463046FFF7E7
:10112000F1FDDF28044604D94FF0FF36304641B0C8
:10113000F0BDEC22002105A80BF02AF82C4F2D4A17
:101140008DF813400123CDE900233B68013302935E
:101150002B788DF80C306B788DF80D30AB788DF8DE
:101160000E30EB788DF80F302B798DF810306B79CD
:101170008DF811302246AB798DF81230314605A832
:101180000BF038F83F216846FFF7DAFE3C683F90E5
:1011900024B1194B1C680134FF2C22D804F500231C
:1011A00003F580731B0203F580721968013118D1B1
:1011B00004339342F9D104F5002000F580704022F9
:1011C00069460002FFF7F0FE06460028ACD1029BFC
:1011D0003B60094B09481C60E72229460BF00AF8DE
:1011E000A4E70420FFF7C8FE04460028E3D09BE7ED
:1011F00074070020535547497007002078070020E6
:1012000010B50E498B78012BBAB015D10C788442F9
:1012100012D1E72268460AF0EDFF00236846ADF8D8
:1012200002308DF80140FFF775FF002814BF4FF022
:10123000FF3001203AB010BD0020FBE77807002006
:1012400030B5BBB005460C46E722114968460AF0A6
:10125000D1FF01238DF804309DF800308DF8065041
:10126000B3FA83F35B0920468DF80530FFF74AFD9A
:10127000DF280AD8421C21460DF107000AF0BAFF08
:101280006846FFF747FF3BB030BD4FF0FF30FAE74D
:1012900078070020114B1A6B42F001021A635A6C56
:1012A00042F010025A645B6C0D4B1A6822F4701203
:1012B0001A601A6842F420121A605A6A22F47F6295
:1012C0005A625A6A42F4EE625A62A3F5704340F2DF
:1012D000D9229A6042F20C02DA607047003802406C
:1012E00000000240024B1A681206FCD55860704795
:1012F0000010014008B5411E11F8010F00B908BDEA
:10130000FFF7F0FFF8E77FB528B9302004B0BDE85B
:101310007040FFF7E7BF01AB00211E460A24B0FB77
:10132000F4F504FB1502303203F8012B0246092ABA
:1013300001F10101284601D90A29F0D10139705C77
:10134000FFF7D0FF0029F9D104B070BD10F0040FF1
:1013500008B5014614BF31203020FFF7C3FF11F05C
:10136000020F14BF31203020FFF7BCFF01F0010055
:10137000BDE808403030FFF7B5BF0000034AD2F89F
:10138000883043F47003C2F88830704700ED00E005
:10139000DFF834D0FFF7F2FF0C480D490D4A002367
:1013A00002E0D458C4500433C4188C42F9D30A4A1A
:1013B0000A4C002301E013600432A242FBD30AF07E
:1013C000F5FE00F00FF8704700000220000000203A
:1013D0005007002038D802085007002020BE002007
:1013E000FEE700002DE9F84F884B894D9D6000F025
:1013F000DFFBFFF72FFDFFF78DFCFFF74BFF854865
:10140000854FFFF777FF0020FFF77DFF2E20FFF7C6
:1014100069FF0120FFF777FFB7F5C02F05F177458A
:10142000C0F0908005F57803B3F5C02F0AD20124EF
:101430007A48FFF75FFF7A487A4B002C08BF1846BE
:10144000FFF758FF7848FFF755FF7848FFF752FF3E
:1014500000F0C2FBFFF74EFF7348FFF74BFFFFF7AB
:10146000E3FDFFF79DFC04467148FFF743FF20466C
:10147000FFF76CFF204602F01FFE0446002863D0F1
:101480006C48FFF737FF6068FFF734FF6648FFF7E7
:1014900031FFB4F1000818BF4FF001084046FFF7D4
:1014A0008FFC00F059FD644A644B002814BF1046BD
:1014B0001846FFF71FFF00F0F9F96148FFF71AFF20
:1014C00000F0BEFA002841D000F0C0FA06465D48A0
:1014D000DFF8A0A1FFF70EFF06F1FF3B08361BF86F
:1014E000019F4FEA191309F00F091AF80300FFF7DB
:1014F000F9FE1AF80900FFF7F5FE5E45EFD15248F4
:10150000FFF7F8FE00F0CCFA00F0E4FA81464F480D
:10151000FFF7F0FE00F034FBFFF7ECFE4C48FFF75E
:10152000E9FE4846FFF7EFFE3F48FFF7E3FE00F015
:10153000D7FA064660B16CB92646DFF83CA1DFF861
:101540003CB109E0002473E74248A0E74248D7E7EE
:10155000002CF2D0D4E901BA002000F0A9FB5A46D1
:101560005146484601F064FF00F0BAFA414602F0E5
:1015700007F93A48FFF7BEFE4846FFF7C4FE2A487F
:10158000FFF7B8FEB6B1E3689847B7F5C02F36D27B
:1015900000252846FFF734FE012818D13048FFF710
:1015A000A9FE1F4B1F48002D18BF1846FFF7A2FECB
:1015B0002C480AE02C48FFF79DFE00F091FA2B4AD8
:1015C0002B4B00280CBF10461846FFF793FE00F087
:1015D00037FBFFF70FFC054600F062FB0EB12369F5
:1015E000984702F025F9FFF705FC401BB0F5FA7F9C
:1015F000F2D3FFF7FFFB0546FFF7ECFBECE705F541
:101600007805B5F5C02FE2D20125C2E700ED00E074
:101610000002020811C302080002000047C30208CA
:1016200060C2020862C202081CD402084FC302084A
:101630005CC3020871C3020880C2020864C20208C7
:10164000A9C30208C6C30208D3C3020806C402081D
:1016500016C4020876C30208E8C3020821C40208BF
:101660005DC402087AC4020835C40208F8C2020840
:10167000D5C2020897C402089EC20208C1C202086D
:10168000F0B50246014448F2050700208A4213D013
:1016900012F8016B08250124430026424FEAD03C92
:1016A00098B214BF01230023634518BF784064003B
:1016B000013DE4B2F0D1E9E7F0BD0000104B1A683B
:1016C00022F470021A601A6842F420021A605A6802
:1016D00042F440625A609A6842F470029A60DA6892
:1016E00022F47002DA60DA6842F4A002DA605A6A20
:1016F00022F47F425A625A6A42F488425A62704720
:1017000000040240024A136843F4007313607047F8
:1017100000580040064B074AD2F81418014201D184
:10172000013BF9D1B3FA83F040094042704700BF52
:10173000A08601000050004038B5144C236843F4E3
:101740008073054623600120FFF7E4FF002814DBC7
:10175000C0350F4B256140F20242616911420FD141
:10176000013BFAD1636923F480636361236843F426
:10177000007323606FF0010038BD4FF0FF30FBE7CE
:10178000606910F48060F7D0ECE700BF00580040BB
:10179000A086010070B5044600200D46FFF7CCFF7F
:1017A00000281FDB114EB36925448020FFF7B2FFEC
:1017B000002804DAFFF7A6FF6FF0010070BD14F8EF
:1017C000013B3361AC42F0D10420FFF7A3FF0028B6
:1017D00004DAFFF797FF6FF00200EFE7FFF792FFE1
:1017E0000020EBE74FF0FF30E8E700BF0058004073
:1017F00007B501210DF107008DF80710FFF7CAFFAB
:1018000003B05DF804FB00002DE9F843264C236883
:1018100043F480630546236001208846FFF78CFF70
:1018200000283BDBA36905F1FF3900264020FFF7C4
:1018300071FF002807DAFFF765FF6FF00200BDE8CF
:10184000F8833E46F2E7236909F8013F771CA8EBCD
:101850000703032BF5D80420FFF75CFF002804DA08
:10186000FFF750FF6FF00300E9E7236823F480637C
:10187000236072B62369EB55236843F40073236039
:10188000F71C2E442369B37062B64020FFF742FF75
:10189000002806DB2369EB550020D0E76FF001003C
:1018A000CDE76FF00400CAE7005800402DE9F04F83
:1018B0005D4C5E4B5E4E5F4D002121606160217288
:1018C0001A6B317042F002021A631A6C42F4800201
:1018D0001A6491B01B6CFFF7F1FE574B4FF40042B6
:1018E0001A602A2219605A60D222DA612B221A6207
:1018F00001221A601A6822F001021A602B6823F490
:1019000040032B602B6843F480032B606B6823F447
:1019100000636B604FF00063AB61FFF77DFA074631
:101920008846FFF779FAC21B61EB0803502A73F16E
:101930000003F6D34FF40063AB61FFF7BFFE3E4BED
:1019400001251D600220FFF75BFA042104A8FFF7C0
:101950005BFF002804DA11B0BDE8F04FFFF748BF85
:101960009DF81030042BF6D19DF81130112BF2D1D7
:10197000324B0593052100230DF11500ADF8183009
:10198000FFF77EFE0821ADF81A0005A8FFF702FF59
:101990000028E0DB0520FFF733FA232107A8FFF733
:1019A00033FF0028D7DB9DF81C30232BD3D1212116
:1019B00007A8FFF765FE9DF83D20C3B29A42CAD141
:1019C0009DF83E30C0F307209842C4D19DF81D0019
:1019D0009DF81E109DF81F209DF820309DF825B021
:1019E0009DF826A09DF827909DF828809DF82970E5
:1019F0000390029101920093FFF7FAFE0398029977
:101A0000019A009B20706170A270E37084F804B0AA
:101A100084F805A084F8069084F807802772357052
:101A200011B0BDE8F08F00BF5F0800200038024011
:101A300068080020000402400058004003070280AC
:101A4000014B1878704700BF6808002000487047B5
:101A50005F08002030B50F4B1B7885B013B17F2095
:101A600005B030BD0C4C0D482168019162680292AE
:101A7000A36803938142F2D1012AF0D17E2BEED8E4
:101A8000032101A8E568FFF75BFA8542E7D1207AD8
:101A9000E6E700BF6908002000000E08444E4749F1
:101AA00008B5074A074B9B1A074A18BF0123137052
:101AB000FFF7D0FF054B1870054B187008BD00BF2D
:101AC00000000E0800000E08690800200400002035
:101AD00005000020014B1878704700BF050000206A
:101AE000024B18787F3818BF01207047050000208E
:101AF000014B1878704700BF04000020034B187892
:101B0000034B1B78C01A18BF012070470400002047
:101B10000500002030B5164B1B7885B004464BB944
:101B2000010607D40B20FFF727FA124D30B1FFF75B
:101B300091FF28704FF0FF3005B030BD7F2C0ED0E4
:101B40000D4A0294012303216846CDE90023FFF7E3
:101B5000F7F90422039069460848FFF725FAFFF7D2
:101B600079FF2870001B18BF4FF0FF30E4E700BF7B
:101B70006908002004000020444E474900000E0878
:101B8000064B1B783BB9064B06481A78064B7F2A52
:101B900018BF184670470548704700BF6908002005
:101BA00005000020DBC40208FFC40208A8C4020824
:101BB000044B05495A6F120E0A705A6F42F0807238
:101BC0005A677047003802406A080020014B1878B5
:101BD000704700BF6A080020104B1B78980610D48D
:101BE000590610D41A0610D4D80610D4590710D4A8
:101BF0001A0710D413F0020F094B0A4808BF184601
:101C000070470948704709487047094870470948B4
:101C10007047094870470948704700BF6A080020AC
:101C20006CC5020862C502080BC5020820C502087F
:101C300025C502082FC5020838C5020859C5020883
:101C4000134A936843F480539360124B5A6F42F0E7
:101C500001025A67104A596F890701D4013AFAD133
:101C60005B6F9B0713D50D4B45F255521A6004224A
:101C70005A604FF47A729A60074AD96809B1013AFA
:101C8000FBD14AF6AA221A604CF6CC421A60704781
:101C9000002004E000380240A1860100003000402E
:101CA000024B4AF6AA221A60704700BF003000407B
:101CB0003C4A136B43F002031363136B3A4B1968EE
:101CC00021F470211960196841F420211960996884
:101CD00041F470219960596A21F0FF015962596AF3
:101CE00041F099015962136C43F000731364136C53
:101CF0002E4B1A6822F002021A601A6842F00102A2
:101D00001A602B4A5968C90703D4013AFAD1012055
:101D100070471A68274942F040021A60264A002894
:101D200008BF0A46DA61D3F80022214842F00102D6
:101D3000C3F80022D3F81C2222F00102C3F81C22AF
:101D4000D3F80C2242F00102C3F80C22D3F804228B
:101D500022F00102C3F804220022C3F84022C3F893
:101D60004422D3F8142222F00102C3F81422D3F83B
:101D70001C2242F00102C3F81C22D3F8002222F0F8
:101D80000102C3F800221A6822F001021A60074B10
:101D90005A68D20701D50138FAD1B0FA80F040096B
:101DA00040007047003802400004024000640040D8
:101DB00040420F0005001A0005001AC0082AF0B5BD
:101DC00024D8154B9B685B0123D500231E461F4674
:101DD000DCB2A2420DD8104B400540F00100C3F820
:101DE0008421C3F88871C3F88C61C3F88001002096
:101DF000F0BD032BCC5C4FEAC3058BBF203DAC404C
:101E0000AC40274388BF26430133E1E74FF0FF3062
:101E1000EEE76FF00100EBE70064004070B5184C8E
:101E20000546E06810F0030018D0D4F8B031D4F8BB
:101E3000B401D4F8B861D4F8BC410DB15B0D2B806E
:101E400000F00F00082828BF082002B11070A9B9BF
:101E50000B4AD36843F02003D360012070BDD30048
:101E6000032A8ABF203B26FA03F324FA03F3DBB2EA
:101E70008B540132D3B29842F1D8E9E70022F9E756
:101E800000640040082AF0B524D8154B9B685B011C
:101E900023D500231E461F46DCB294420DD3104BBF
:101EA000C00040F00500C3F88421C3F88871C3F86E
:101EB0008C61C3F880010020F0BD032BCC5C4FEA9D
:101EC000C3058BBF203DAC40AC40274388BF2643B1
:101ED0000133E1E74FF0FF30EEE76FF00100EBE791
:101EE00000640040F0B51B4E0746F06810F0030098
:101EF00011D0D6F8B031D6F8B441D6F8B851D6F8EA
:101F0000BC6113F0040FC3F3800005D1114AD368FC
:101F100043F02003D360F0BD0FB1DB083B6004F059
:101F20000F04082C28BF082402B114700029EDD03A
:101F300000220AE0D300032A8ABF203B25FA03F3DC
:101F400026FA03F3DBB28B540132D3B29C42F1D8B0
:101F5000DCE700BF006400401FB50120FFF7A8FECA
:101F600050BB45F6A523022201A940F22310ADF88B
:101F70000430FFF723FF044600BB1B4B1B4AD1680C
:101F800089071FD1013BFAD10324204604B010BDBC
:101F9000BDF8062040F223139A4211D19DF8033078
:101FA000022B0DD19DF80830A52B09D19DF80930E1
:101FB0005A2B18BF0524E8E70124E6E71446E4E7B6
:101FC0000524E2E700230DF1030202A90DF106004A
:101FD000CDE90233ADF806308DF80330FFF71EFF70
:101FE0000128D5D00424D0E740420F00006400400F
:101FF0000D4B19681A6822F001021A602A225A60F1
:102000000A4A10680A4A90428BBF48F22302D22241
:10201000DA61DA618CBF0D222B221A621A6801F094
:1020200001010A431A607047005400400800002074
:102030007F1A0600064B5A69510542BF5A6922F4BD
:1020400080625A615A69920748BF9B69704700BF16
:1020500000540040024A136843F400731360704751
:1020600000540040074B084A40F480605169084220
:1020700004D1013BFAD14FF0FF307047506940F373
:1020800080207047A086010000540040074A136872
:10209000591C1CBF01331360002805DA044A136879
:1020A000591C1CBF01331360704700BF700800202B
:1020B0006C080020064B074AD2F81414014201D1E3
:1020C000013BF9D1B3FA83F040094042704700BFA9
:1020D000A086010000500040044B1860044B1B6CAC
:1020E0009B0201D5FFF784BF704700BF08000020A6
:1020F0000038024010B1044B1B68036011B1034B60
:102100001B680B60704700BF700800206C0800203F
:102110001C4B1A6B42F0020210B51A631A6C1A4C6F
:1021200042F400121A641B6C184B1A6822F47042B5
:102130001A601A6842F420421A605A6842F0C002DB
:102140005A609A6842F470429A60DA6822F47042E7
:10215000DA60DA6842F4A042DA601A6A22F07F425A
:102160001A621A6A42F088421A624FF400432360EE
:1021700000232360FFF73CFF236843F00103236043
:1021800010BD00BF0038024000540040000402406F
:1021900008B5094B09481A6842F400721A609A6936
:1021A000920701D50138FAD1FFF744FF18B9BDE80D
:1021B0000840FFF7ADBF08BD00540040A0860100F5
:1021C00070B5184D0C46FFF735FFAB6903F00303FC
:1021D000022B064601D1FFF79BFF2B6843F4807367
:1021E0002B600120FFF766FF002804DAFFF7D0FF1D
:1021F0004FF0FF3070BD44EA4604E4B20A4B094A8E
:102200002C6140F202415069084206D1013BFAD1EB
:10221000FFF7BEFF6FF00100ECE7506910F480603B
:10222000E8D0F5E700540040A086010070B50C46E8
:1022300000211546FFF7C4FF002816DB0E4EB369D8
:102240002544AC4208D10420FFF70CFF0028B4BF9E
:102250006FF00200002070BD8020FFF703FF002810
:1022600006DB14F8013B3361EBE74FF0FF30F2E798
:102270006FF00100EFE700BF00540040F8B50D46D5
:102280001746002A00F097804C4C012A23681CD185
:1022900023F4406323601146FFF792FF002822DBFE
:1022A00072B6A369236843F40073236062B64020CA
:1022B000FFF700FF002804DAFFF76AFF6FF0040061
:1022C00013E023692B7000200FE0022A30D143F481
:1022D000406323600121FFF773FF002806DA2368BB
:1022E00023F4006323606FF00300F8BD72B6A369A6
:1022F000236823F48063236062B60420FFF7DAFECC
:10230000002806DAFFF744FF236823F40063236004
:10231000D4E772B6236843F40073236023692B70FB
:1023200023696B7062B6236823F400632360CAE7F5
:1023300023F400632360236843F480632360012156
:10234000FFF73EFF0028CEDBA3690026BB1B032B53
:1023500009D80420FFF7AEFE00280DDAFFF718FFBA
:102360006FF00500C1E74020FFF7A4FE0028A3DBC3
:102370002369AB550136E9E7104C236823F48063E9
:1023800023602369AB550420FFF794FE002806F173
:10239000010704DAFFF7FCFE6FF00600A5E772B64E
:1023A000236843F4007323602369EB5535442369A4
:1023B000AB7062B687E74FF0FF3096E700540040FD
:1023C00008B50021FFF7FCFE002805DB034B9B69E5
:1023D000FFF740FE012008BD0020FCE7005400404C
:1023E00010B572B1FFF722FF041E06DAFFF7D0FE28
:1023F0002046FFF74BFE204610BDFFF72BFE0024C2
:10240000F6E74FF0FF34F6E708B5FFF737FFFFF7C1
:102410003DFE08BD70B505461E468AB1FFF706FFB2
:10242000041E06DAFFF7B4FE2046FFF72FFE204613
:1024300070BD049A31462846FFF720FF0446F3E7B3
:102440004FF0FF34F3E7000073B50D46002114464A
:10245000FFF7B6FE00282BDB174EB3698DF804504A
:10246000230A8DF806408DF8053001AD0024802048
:10247000FFF7F8FD002807DAFFF78AFE6FF001008A
:10248000FFF704FE02B070BD013415F8013B336163
:10249000032CECD10420FFF7E5FD002804DAFFF758
:1024A00077FE6FF00200EBE7FFF7D4FD0020E7E7CF
:1024B0004FF0FF30E4E700BF00540040F8B50F468E
:1024C000002106461546FFF77BFE00284EDB294C0F
:1024D0008020A369FFF7C6FD002806DAFFF758FE43
:1024E0006FF00100FFF7D2FDF8BD27610420FFF770
:1024F000B9FD002804DAFFF74BFE6FF00200F1E7A8
:10250000236843F44063236001213046FFF758FEFF
:10251000002806DA236823F4006323606FF00300C9
:10252000E0E772B6A369236823F48063236062B690
:102530000420FFF7BFFD002808DAFFF729FE236813
:1025400023F4006323606FF00400CBE772B6FFF75B
:1025500081FD2169236962B62268DBB222F4006240
:1025600043EA0123226000202B80BBE74FF0FF30BD
:10257000B8E700BF005400400649074B074A1B68F4
:10258000B3FBF2F310B54C6843434A68121B9A42FE
:10259000FBD310BD001000E00000002040420F00FF
:1025A00010B572B6094C4FF48033A3610620FFF7D3
:1025B000E3FF0123A3610920FFF7DEFF246962B670
:1025C0003720FFF7D9FF04F0010010BD00000240E2
:1025D00038B572B60B4C4FF48033A361012548B176
:1025E0000620FFF7C9FFA56162B64020BDE838406C
:1025F000FFF7C2BF3C20FFF7BFFFA56162B60A200C
:10260000F4E700BF00000240124AD2F8FC3043F069
:102610008073C2F8FC30104B00225A601A6842F0F6
:1026200001021A600D4A136B43F0010313630C4B54
:1026300001229A615A6842F001025A60DA6822F077
:102640000302DA601A6822F0030242F001021A6003
:10265000704700BF00ED00E0001000E000380240CD
:102660000000024010B572B60B4C4FF48033A361EA
:102670004FF4F070FFF780FF0123A3614620FFF7BE
:102680007BFF246962B64FF4CD70FFF775FF04F04D
:10269000010080F0010010BD0000024038B5054681
:1026A000002445FA04F000F001000134FFF790FF28
:1026B000082CF6D138BD70B500252C460126FFF751
:1026C0006FFF18B106FA05F31C43E4B20135082D7B
:1026D000F5D1204670BD30B50246014400208A4243
:1026E00000D130BD12F8015B082480EA050313F025
:1026F000010F4FEA50001CBF80F08C03D8B2013CA0
:102700004FEA5505F1D1EAE72DE9F04F87B0884649
:102710000290002900F081800025AA464FF0FF3B7F
:102720002E460127FFF79EFF019070B1F020FFF7C2
:10273000B5FF00244FF0FF39FFF732FF0390FFF79A
:102740002FFF039A2AB1002857D0304607B0BDE8C2
:10275000F08FC4F1200C78B95C454DDAA4F120006B
:1027600025FA04F10AFA0CFE41EA0E012AFA00F0F9
:102770000143CB0741D4A146A4F1200107FA01F19E
:1027800027FA0CFC41EA0C0107FA04F025EA0005DF
:102790002AEA010A10460134FFF71AFF402CCBD178
:1027A00004AC00222046C2F1200EA2F1200C25FA32
:1027B00002F10AFA0EFE41EA0E012AFA0CFC083276
:1027C00041EA0C01402A04F8011BECD10721FFF774
:1027D00082FF9DF81720824207D1029B03EBC602BD
:1027E00043F83650C2F804A00136B9F1FF3FACD02F
:1027F0004645AAD2CB4695E7BDD1A4F12002C4F14B
:10280000200127FA01F107FA02F20A4307FA04F15C
:1028100042EA0A0A0D43019ABCE70E4695E700001A
:10282000464B1A6B42F0060270B51A631A6C444E9E
:1028300042F002021A6400211B6CB6FBF0F3450063
:102840001A460C46B2F5803F72D8002918BF1346CD
:102850003C490B603C4B0021013A19609C62DA62F2
:1028600046F6680259639963D96319649A61DA611B
:1028700041F211121A6201225A6181221A6003F593
:102880000133A3F58063D3F8002422F4405242F4CC
:102890000052C3F80024D3F8082422F4405242F432
:1028A0008052C3F80824D3F8202422F0706242F04A
:1028B0000072C3F82024D3F8002422F4404242F4EA
:1028C0000042C3F80024D3F8082422F4404242F422
:1028D0008042C3F80824D3F8202422F0704242F04A
:1028E0000052C3F820241A6822F0030242F00202C8
:1028F0001A609A6822F0030242F001029A601A6A92
:1029000022F00F0242F002021A621A6822F00C0250
:1029100042F008021A609A6822F00C0242F00402A7
:102920009A601A6A22F0F00242F020021A6270BD28
:10293000B6FBF5F201340544012183E7003802407B
:1029400000BD01057408002000040040174BB5EEDF
:10295000C00AF1EE10FA1B6819DDF7EE007AB4EE4A
:10296000E70AF1EE10FA0BDA07EE903AF8EE677A22
:10297000B6EE007AA7EE807AFCEEC77A17EE903AB0
:102980000138032811D8DFE800F005080B0E9FED91
:10299000080AE9E7074A53637047064A936370479A
:1029A000044AD3637047034A1364704774080020D5
:1029B0000000000000040040006809F03CB9006815
:1029C00009F0C0B87FB5164604460D46FEF724FA56
:1029D000064A0094821841F10003CDE901560449EA
:1029E000044808F05DFC04B070BD00BF40420F0019
:1029F000AC480020984800202DE9F0411546D70842
:102A0000069A00EBD10603EBD20841463A4630461F
:102A100009F0A4FB15F007050BD00124AC4018F811
:102A20000730E4B2621E1340F25D64422240134359
:102A3000F355BDE8F0812DE9F04311F0070F079D34
:102A400007460E469C4604D10795BDE8F043FFF7C4
:102A5000D3BFAA184FF0010E954201D3BDE8F08311
:102A600005F0070806F00709C84541464FEAD504B6
:102A700038BF4946C1F10801531BF0081CF8044057
:102A8000994228BF194644FA08F43B5C0EFA01F853
:102A900004FA09F408F1FF385C4008FA09F804EA7E
:102AA000080463403B540D440E44D5E72DE9F04142
:102AB000D400A342069D94BFE41A241BAC4205F146
:102AC000070228BF2C46D208984606460F46A2EBBE
:102AD000D402002100EBD40009F05AFBCDF8188095
:102AE0003B46224630460021BDE8F041FFF7A3BF38
:102AF0001FB5CC00944294BF241BA41A102C03468B
:102B00004FF0000100920DF10E00224628BF102266
:102B1000ADF80E10FFF78FFFBDF80E0004B010BD2A
:102B200007B58DF8000001208DF801008DF8041024
:102B30008DF805206846DDE90421ADF80230FFF785
:102B400041FF03B05DF804FB70B50446D0E9041002
:102B5000ADF5047D08B931BB14480022FFF7C8FF6A
:102B60004FF482720546002143A809F011FB284664
:102B700043A901F07FF9839DFF2D14D803AE0023F4
:102B8000EA008DF80C500093082143AB3046013524
:102B9000FFF732FFCDE9006540F2811362792179B8
:102BA0002078FFF7BDFF0DF5047D70BD1ED402082F
:102BB000F0B54FF4A872ADF5297D0124054600213A
:102BC0000DEB020009F0E4FA8DF850418DF8524106
:102BD000FEF70AFA002800F08880038A8DF8543145
:102BE000438A8DF85531D0E90623CDE95623036A8F
:102BF0006A9300236C946B931022002158A809F06B
:102C0000C7FAFEF71DFF002878D0FEF71FFF024627
:102C10000068516858AB03C3127A1A70414B1C68A4
:102C20002046FEF76FF832280246214628BF32229E
:102C30005CA8699209F0DEFA549B0593BDF8543103
:102C4000ADF81830DDE956230026CDF81A20CDF86E
:102C50001E30009658AB8022702105A8FFF7EBFECE
:102C6000699C322C3ED88DF83240E4005CAB009673
:102C70002246F82105A8FFF7DEFE6C9F012F04F124
:102C8000F8032FD8DB0805AA04F58074D754BF01D8
:102C90003A46214600966AAB05A8FFF7CCFE3C44B5
:102CA000A69FDE2F1ED8E30805AA0834D754FF00DC
:102CB0006EAB3A46214605A80096FFF7BCFE2B787E
:102CC0008DF80C3001238DF80D30E1194FF4D773D6
:102CD000ADF80E3005AAAB88ADF81030C90803A8CE
:102CE000FFF770FE0DF5297DF0BD4FF48073ADF850
:102CF000543100220023CDE956237DE70A490B48D1
:102D000054AB51F8042B1A74140A5C7481424FEAD4
:102D100012444FEA12629C74DA7403F10403F0D196
:102D20007CE700BF10000020107AFF1F1C7AFF1FF5
:102D30002DE9FF4D90F800340B7004460D46164601
:102D40006BB901464FF48062681C09F007FA42F241
:102D50000803DB083360002004B0BDE8F08D012BD0
:102D600025D1D0F80032FF2B25D84B7041F6FF78E3
:102D700000214FF0000A4FF0000BD4F800224F1C46
:102D80003B0191424FEAD300E3D234F8113043457E
:102D900028BF43462B52002300930D2102AB032290
:102DA0002844CDE902ABFFF746FE3946E5E7022BA2
:102DB00004D10823CDE76FF00900CDE76FF00A00DA
:102DC000CAE700002DE9F041ADF6980D40F6880203
:102DD000002104A809F0DCF901238DF810346D4BB3
:102DE000049341F6F873ADF814306B4B1C786B4BC1
:102DF000186805A90022D3B29C4200F2C6800333B2
:102E0000DBB24FF4E05284936548ADF814240123FB
:102E10008DF81438002230F8121031B104AD5C1C6A
:102E200005EB4303A3F80414E3B202F58C72B2F588
:102E3000D26FF0D101250DF658040026CDF81436D6
:102E40002A4602AB4FF4D77120460096554F8DF8B5
:102E50000850FFF7F0FD02AB2A464FF4C071204640
:102E600000968DF80850FFF7E6FD40F2B31100968A
:102E700002AB2A4620468DF80850FFF7DCFD398862
:102E800051B1B1F5007F07D2009602AB2A46204629
:102E90008DF80850FFF7CFFDB7F8301259B1B1F5F2
:102EA000007F08D2002301220093204602AB8DF858
:102EB0000820FFF7C0FD3C4D40F2014802AA294618
:102EC00004A8CDF80880FFF733FF002853DB029BEE
:102ED00045F8043CDB002E1F03F1400502AA06EB77
:102EE000D5010DF2144003F12007CDF80880FFF75B
:102EF0001FFF00283FDB029BFF084021F35105EB39
:102F0000C303DA080DF61807B15003F1200206EBEF
:102F1000D2023D4603CDA542106051602F4602F11A
:102F20000802F6D103F50872D2084021B15003F52A
:102F3000107206EBD2020DF69806254603CDB54277
:102F4000106051602C4602F10802F6D1174C184A65
:102F50000292FF2203F588618DF80C2022788DF80B
:102F60000D20C908134A02A8FFF72CFD237801336E
:102F700003F01F0323700DF6980DBDE8F08130F8C3
:102F8000123021F8023F013235E7FC2AF7D1FF2346
:102F900037E700BF551D561D662E0020682E002005
:102FA000702E0020903B0020BC090020652E0020E0
:102FB0000700561DB80900202DE9F047D0E9044666
:102FC0002DED028B0546ADF5CD6D002E75D0E700D9
:102FD000072F78D80023CDF85034DB000093224629
:102FE00008233146D4A8FFF761FDDDF85024D30053
:102FF0000833BB4228BF3B46DB089C4294BF221BE0
:10300000E21AD100072960D800238DF860364CAE53
:103010004FF408720021304609F0BAF80DF10F04A0
:103020000023009450AA8DF80E308DF80F300DF566
:103030008B610DF10E03D4A800F038FF9DF80E301F
:1030400033729DF80F307372FDF7E6FEC6E900019A
:1030500096E80300727A0990337AADF82810090CCB
:1030600009AC8DF82A10E37112B143F00203E37149
:1030700000220023CDE9042300230093062204ABA1
:103080003A212046FFF7D7FC96F818322372002B1E
:1030900000F0CB81013B0D2B58D8DFE813F026015F
:1030A0002601D8003D014501130126013D014501DE
:1030B000130126013D0145014D01002C46D1AD4EC5
:1030C0002746234687E7337885E7F018F35C8DF8C9
:1030D0006036002B9BD0013B0D2B37D8DFE803F087
:1030E0003C3C074E63203C4E63203C4E6378012AF3
:1030F00094BF941A02F1FF34461C00222146304648
:10310000FFF7F6FCB0F5006FCDF858051ED800901B
:103110001023224631460DF58B60FFF7C7FC76E79A
:10312000012A94BF921A02F1FF32D300072B00F15B
:10313000010106D80023CDF858351B010093082360
:10314000E9E74378CDF85835802BF6D90DF5CD6DEC
:10315000BDEC028BBDE8F087012A94BF941A02F1FE
:10316000FF34461C002221463046FFF7C1FCB0F573
:10317000807FCDF85805E9D8C000C8E7012A94BF80
:10318000921A02F1FF32D300072B00F1010104D89B
:103190000023CDF858359B01D0E74378CDF858355A
:1031A000202BF8D9D2E7012A94BF921A02F1FF32FC
:1031B000D300072B00F1010104D80023CDF85835C6
:1031C0005B01BBE74378CDF85835402BF8D9BDE714
:1031D000012A94BF941A02F1FF34E300072B00F197
:1031E00001072ED80026CDF858663601DFF8A091E9
:1031F0009FED618ADFED618A0DF58B6808364FF02F
:10320000080AB2453FF403AF524621463846FFF75D
:103210006FFC09EA403307EE903A67EE887A0004C3
:1032200017EE903AF4EEE87AF1EE10FAA8BF43F008
:10323000FF4300F00040184348F8040B0AF1100A5D
:10324000DFE74678CDF85866802ECED97EE7D6F8EF
:103250001071B7F5006F3FF679AFB6F81031A4F8EA
:10326000093000263A461021009650AB0DF12D0092
:10327000FFF7C2FB07F1100117F0070713D0002278
:10328000C7F108070023CDE90623FAB251FA87F700
:10329000B7F5016F3FF65AAF009606AB0DF12D0062
:1032A000FFF7C9FB394621F0070208324032D20845
:1032B000CDE900424FF4C0736A7929792878FFF785
:1032C0002FFC43E7D6F81061802E3FF63FAF6672C1
:1032D000360100230093324650AB08210DF12D003A
:1032E000FFF78AFB06F11002E0E7D6F81021B2F5ED
:1032F000807F3FF62BAFB6F81031A4F80930D60026
:1033000000230093324650AB10210DF12D00FFF742
:1033100073FB06F11802C9E7D6F81061202E3FF6BC
:1033200015AF6672B601D4E7D6F81061402E3FF6AD
:103330000DAF66727601CCE7D6F8100280283FF612
:1033400005AF6072DFED0E6A9FED126A9FED0D7A98
:103350000D4FDFED0E5A000150AB0830082647F63E
:10336000FF7C0DF12D0E86424FEAD60214D10132B8
:10337000D2009BE71ED4020800008077000080473F
:10338000FFFF7F7F00E07F4700F0FF7F00008007A6
:1033900000E0FF0F00E07FC7F3EC017AB0EEE75AE0
:1033A000B4EE665AF1EE10FA0BD8F4EEC67AF1EEEE
:1033B00010FA22D4F4EE477AF1EE10FAC8BFF0EE1C
:1033C000477A17EE908A28F00041B1F1FF4F17D3EA
:1033D000C8F31609B9F1000F24D1B1F1FF4F0CBFAA
:1033E0004FF4F84161464FEA184808F4004841EAB2
:1033F00008012EF802101036B5E75FED1A7AE0E703
:1034000008EA070107EE901A67EEA57A17EE901A00
:1034100001F58051B1F1786F28BF4FF07861C1F3A9
:103420004F31E0E74FF4FC41DDE708223EE700BF03
:103430002DE9F047074692B089464148DFF844A19C
:10344000404E4FF40051904608F04AFB0AACCAF8CF
:1034500000003D4A3D490AA807F010FF0FCC354651
:103460000FC594E80700DAF80030336085E80700FC
:103470003771FEF7E5FA364B364D1870082204A86E
:10348000282104AC07F005FF0FCC0FC52368324C90
:103490002B600025314B0293CDE9004500234FF40A
:1034A000D7720221304608F0A3FA2D4B0293CDE9E2
:1034B000004540F203234FF4C0720221304608F069
:1034C00097FA284B02930223CDE90045194640F2B2
:1034D0008112304608F08CFA234B0293CDE9004567
:1034E0004FF4967340F2B3120221304608F080FA8E
:1034F0001E4B02934FF4E052CDE900450723002113
:10350000304608F075FA1A4B41463846C3F8009029
:1035100000F096FCFDF780FC164B174AC3E900014A
:10352000164BC31841F10004C2E900340A4A144B97
:10353000801841F10001C3E9000112B0BDE8F08735
:10354000D0480020AC480020B9290208BF29020851
:10355000E02B00209848002080841E007046002048
:103560004844002020420020F83F0020182C002072
:1035700010000020482E0020402E002040420F0066
:10358000582E0020C848002030B50B46144685B0A0
:10359000024618B314B3124805884DB1AA4206D0AA
:1035A000B0F8301209B18A4218D1012500E0002597
:1035B0004FF40C714D4341194253083528444C6077
:1035C000029008480021CDE900010748022108F0D7
:1035D0000FFAC043C0F3C01005B030BD0020FBE7B8
:1035E000903B002080841E00AC480020F0B50B46C4
:1035F000144685B0024668B114B3124800254FF452
:103600000C7101FB05F6875B3FB1974205D0013590
:10361000062DF6D1002005B0F0BD4D434119083606
:10362000425330444C60029007480021CDE900012C
:103630000648002108F0DCF9C043C0F3C010EAE7F7
:103640002046E8E7702E002080841E00AC48002051
:1036500013B50C460421ADF80010FF218DF80410BD
:103660002178ADF802008DF8051068461946FFF77D
:10367000A9F92378013303F01F03237002B010BDB2
:1036800008B5084B187850B1FDF7C6FB064BD3E9D7
:103690000023801843EB0101002901DA00200146D4
:1036A00008BD00BFF02B0020F82B0020014B187044
:1036B000704700BF6C2E0020014B1860704700BFA0
:1036C000602E002070B5CAB004464FF488720D46D3
:1036D00006A8002108F05CFDFFF7D2FFCDE9060146
:1036E0008DF820400DF1230200242B5D0BB1FF2C3F
:1036F0003BD1204D9DF81E30AB719DF820300698CF
:103700002860072B284628BF0723BDF81C20AA8065
:10371000002600F8073F00220023CDE9042300968D
:1037200004AB052203214994FFF785F92C72E400CC
:10373000009609AB224628464821FFF77CF90E4E39
:103740000E4B02934834FF238DF80C302A46337811
:103750008DF80D30E10802A8FFF734F93378013312
:1037600003F01F0333704AB070BD02F8013F01340B
:10377000BBE700BFCA2A0020642E00200700F81F04
:10378000044B1870044B197018B904490420FFF752
:1037900099BF70470D0000200C00002074C502087E
:1037A000F0B5A5B004AB0D46002419462E5D671C8C
:1037B0000EB1722C24D104F190036B44202503F840
:1037C000805C4FF00A0E00231D4690356D44B2FB1D
:1037D000FEFC0EFB1C26303605F88C6C15460133BA
:1037E000092DDBB26246EFD80C441A4662B9903319
:1037F0006B443B4403F8802CFFF764FF25B0F0BD19
:1038000003F8016B3C46D1E7551E24AEEAB256FAE6
:1038100085F515F88C5C04F8015FE7E7024B18604A
:10382000024B1970704700BF682E0020662E0020E2
:103830002DE9F04FEFB0FDF7EFFA9E4AD2E90034E0
:103840009842A14107D39C495B1844F10004C2E9A6
:103850000034FFF7B7FAFDF7DFFA984AD2E90034EF
:103860009842A1415AD396495B1844F10004C2E939
:103870000034FDF7D1FA934AD2E90034C01A904AD5
:103880004FF0000361EB0401FCF79EFD8E4B1B78AB
:10389000064623B18D4B1B780BB18D4B1B7803F083
:1038A00001048C4B1B7884F001049C4238BF1C46F9
:1038B000FEF78CF9032C28BF03248DF8DC4000248C
:1038C0000546369600270026009408AB0622022102
:1038D00037A8CDE90867FFF7AEF800940AAB0522D8
:1038E00003210DF1DD008DF8DD40CDE90A677A4C4A
:1038F000FFF7A1F8794B1893FF238DF8643036AAAF
:1039000023788DF86530072118A88DF8DE50FFF771
:1039100059F82378013303F01F032370FDF77CFA75
:103920006F4DDFF8C08106460F46284607F04EFE71
:103930000446C8B1D4E9062352EA03010CD0B242CE
:10394000BB4109D221462846D8F80C9007F046FE24
:1039500001466448C847E8E794F82420A16A206A31
:10396000FEF790FA0028EDD00DF11B020DA907A873
:10397000FEF7B8FA01284DD05B4C237873B1FDF700
:103980004BFA5A4AD2E90032C01A61EB0201584A96
:103990000023824273EB010138BF2370FEF7AEF8BB
:1039A000B0B1544CFDF738FAD4E900239042994164
:1039B0000ED3FDF731FA404BC01841F10001C4E9C4
:1039C0000001FEF795F84C4902460320FFF7E8FE98
:1039D0004A4B1B78002B00F0C781414807F0F6FDE9
:1039E000002840F0C181464B46498A6802F0E05207
:1039F000B2F1E05F01D0013BF7D1BFF34F8F4249F5
:103A0000424BCA6802F4E0621343CB60BFF34F8FAE
:103A100000BFFDE7079B0F939DF81B3010930DAB84
:103A20001193FDF7F9F90FAD002312ACCDE9013484
:103A30000393024600952B480B4607F0DFFD012853
:103A400092D16378022B40F0E7806388B3F5D77F8B
:103A500000F09C8060D8B3F5C07F00F0A08040F2F9
:103A60008112934200F09F80294F3A8812B193420D
:103A700000F0D080B7F83022002A00F08A8093420C
:103A800040F0878001254FF40C735D437B194FF4A0
:103A9000A072DFF880800092D3F804902079D4E9F6
:103AA00004214346C847002873D0CDE900807B5BE2
:103AB00066E000BF582E002080969800402E00201F
:103AC00040420F00482E0020E02B00200D00002077
:103AD0000C0000206C2E0020502E00200400551DEC
:103AE00098480020AC480020F02B0020E82B002054
:103AF000C0C62D00D82B0020A8C502086D2E0020BE
:103B0000400D03000064004000ED00E00400FA05F1
:103B1000903B00207808002040F2B3129342A3D1DA
:103B2000D4E904750DB9A7BB914D0022394628464A
:103B3000FEF7DEFFFB00172BADF8600037D800233F
:103B40003593DB0000933A46182319A82946FEF75F
:103B5000ADFFBDF860004FF6FF734FF000089842CC
:103B60008DF8188036AF27D1824B01221A709DF84C
:103B700018308DF8D8300123CDE9007340F2B3132B
:103B8000627921792078FEF7CBFF02E02046FFF72B
:103B90000FF8794B6169DB6877489847E4E620467F
:103BA000FFF70AFAF5E72046FEF7CEFFF1E7AB781C
:103BB0003593702BC5D9ECE74FF6FD7398421ED1B3
:103BC000359D94F804906B1EDE2B03D904238DF8E9
:103BD0001830CCE72A4619A9384608F00BFB05F542
:103BE000DC730DEB0305394605F8E08C4846FDF71C
:103BF00027FB01230028EAD15E4A1370B7E75F4B29
:103C00001B682BB1359A19A998478DF81800AEE7B3
:103C10000323DCE7002536E76169002B40F0908044
:103C20006288B2F5E05F76D194F904302779002BF1
:103C3000AFDB226911B9002AABD14D49D200382A35
:103C40004FF000050B4628BF38224FF000084FF018
:103C50000009294636A80095CDE93689FEF7CCFE45
:103C6000DDE93613DFF83CE10593BEF80080444BF4
:103C7000BEF900604745D4E90220D3E900CA0FFA33
:103C800087F909D3DFF820B1B2EB0C0860EB0A0723
:103C9000C34575EB070B12D23A49AEF80090C3E961
:103CA0000020002594F805900D70374B012583F80E
:103CB0000090364B1D70364BC3E9002069E7B145D3
:103CC0007FF467AFDFF8C4E094F805909EF800E059
:103CD000BEF1000F45D0059E51EA060E41D0DFF837
:103CE000A8E09EF800E00EF1010E0EF01F0EF14567
:103CF00037D1DFF8B8E0C64575EB070731D3059B30
:103D0000244FB1EB0C0163EB0A03C7E900131D4B11
:103D100001211970CDE720484FF40C7707FB03F51C
:103D200005EB000C455B3DB1AA4205D1DCF804303F
:103D30002269207998472CE70133062BEED128E73A
:103D4000164B1D68002D3FF424AF154B62881B886D
:103D50009A427FF41EAF0A46236961792079A84709
:103D600017E7C3E90020A0E76FB0BDE8F08F00BF00
:103D70001ED402086D2E0020AC480020602E0020CA
:103D8000082C0020F02B0020002C0020102C0020FC
:103D9000E82B0020F82B0020702E0020F03F0020A0
:103DA000F43F00200E000020C0C62D0040420F004E
:103DB000F0B50F4E0346084631680F2915D8A3B158
:103DC00090B1541E0F2C10D80A4F5C254D437C191E
:103DD0007B514FF48173A38001310023E064A37110
:103DE00084F8502031600120F0BD0020FCE700BFC6
:103DF0001400002018000020F0B50F4E03460846BE
:103E000031680F2915D8A3B190B1541E072C10D8D2
:103E10000A4F5C254D437C197B5140F20313A3806C
:103E2000013100236065A37184F8582031600120BE
:103E3000F0BD0020FCE700BF1400002018000020A7
:103E400070B50B4C0D46208181B10846FCF75AFF36
:103E50003F2828BF3F2006460246294604F1660057
:103E6000344408F0C7F9002384F8663070BD00BF01
:103E7000180000200B4B1B68834270B50D460FD90C
:103E80005C235843084B1E583046FCF73BFF314635
:103E900004460246284608F0ADF9C5F8004170BD59
:103EA0000024FAE714000020180000202DE9F74F45
:103EB00099467F4B7F4F1B68009382460D46144600
:103EC0000026009BB34207D100230CB184F80832CE
:103ED00089F80030002332E05C2303FB06F808EB8E
:103EE000070B57F8081001910846FCF70BFF024634
:103EF000DAF800010199824226D1504608F01EF9F5
:103F000010BB9BF805209BF80410FAB95C2303FB57
:103F100006721279002A40F0838014B10A2284F8D4
:103F2000082203FB06731B8923800123C4F8003198
:103F30005C2303FB06735A7989F800209B790C9A5D
:103F4000137003B0BDE8F08F0136BAE7002DDDD065
:103F500095F80822002AD9D0A9B90A2AD6D1D5F8CD
:103F60000031002BD2D0288846B97F2802D8C0B2B1
:103F7000FDF7D0FDFDF7BCFD3881C7E75C2303FBEF
:103F800006731881C2E7022917D10D2ABED19BF80A
:103F90005000D5F800318342B8D15C22002302FBE7
:103FA0000672D9B28842B1D9D16C55F804CB01EB75
:103FB00083010133C1F800C0F3E7032918D1082AAF
:103FC000A4D15C2202FB0672D5F8003192F85800A9
:103FD00083429BD1083D0023D9B2884296D9516DC6
:103FE000F5E902AB01EBC301C1E900AB0133F3E733
:103FF00001298BD1012A89D1D5F800313F2B28BF67
:104000003F2308F10A001A46294638449A4608F028
:10401000F1F85C2303FB0673534400229A7275E7A0
:10402000022A18D114B10D2384F808325C2202FB55
:104030000672254692F850000023D9B2884202D871
:10404000C4F8000174E7D16C01EB83010133096806
:1040500045F8041BF1E7032A17D114B1082384F8AB
:1040600008325C2202FB0672A4F1080592F858009F
:104070000023D9B28842E3D9516D01EBC301D1E9E4
:1040800000AB0133E5E902ABF3E714B1012384F897
:10409000083208F10A08B8444046FCF733FE4146AE
:1040A00005460246204608F0A5F8C4F800513FE74F
:1040B0001400002018000020431EDBB2FD2B13D893
:1040C00005280DD0012806D0022804D0042809D0E4
:1040D000802809D10420054B142202FB00307047D0
:1040E0000020F8E70320F6E700207047ECC602083E
:1040F00010B52DED048B022882B00ED003281AD003
:10410000012850D100F06AFC29490320FFF7DAFAB0
:10411000002002B0BDEC048B10BD0DF106010020A3
:10412000ADF8060000F09AFCBDF8062021490320F6
:10413000FFF736FBECE7204B1B78B3B31F4C22682C
:104140009AB31F4B9FED1F9AD3ED008A1E4B1F4958
:1041500093ED008AF5EEC08AF1EE10FAD8BFDFEDDC
:104160001C8AB5EEC08AF1EE10FA4FF00300D8BFFA
:104170009FED178AFFF714FB68EE898A1549FCEE5C
:10418000E87A032017EE902AFFF70AFB28EE098A47
:104190001149FCEEC87A032017EE902AFFF700FBC6
:1041A00000232360B4E70320B3E70520B1E700BF95
:1041B00050C702086EC7020810690020D8680020A6
:1041C000E068002000247449DC68002081C70208F0
:1041D00000000000A2C70208C2C7020838B5442088
:1041E000FEF7EEF80D4D044618B12B780BB900F030
:1041F0000FFB48202C70FEF7E3F8094B1870094BB1
:104200001A784AB92A7802F001021A705A78002AFC
:1042100018BF1046587038BD0122F4E7106900201D
:104220000F690020D368002038B50B4604461546B8
:1042300001460722184607F091FFA268C0F8072040
:104240000B232B60002038BD2DE9F8431E464B0799
:104250000C46154640D100EBD104D7083A4631460A
:10426000204607F07BFF15F007030AD001259D408B
:10427000EDB2F35D6A1E1340E25D6D422A401343C6
:10428000E355BDE8F88301F0070804F00709C845C5
:10429000434638BF4B46C3F108036A1A934228BF0E
:1042A0001346CA084FEAD40CB25C10F80C7042FAFC
:1042B00008F20EFA03F802FA09F208F1FF387A4020
:1042C00008FA09F802EA0802574000F80C7019448D
:1042D0001C448D42D7D8D4E700214FF0010EF8E7F7
:1042E00008B507211848FFF799FA1848FFF7E4F9CD
:1042F0001748FCF7FFFFFDF70BFF00F027FB00F06E
:1043000073FB144B1A6822F040421A60DA6822F0FC
:104310004042DA60DA6842F08042DA60FFF75EFF1E
:10432000FCF77AFD0C4BC3E900010C4BC3E900011B
:104330000B4B0C491A780C4B1B78032043EA4202C2
:10434000BDE80840FFF72CBAB2C80208F1400208E5
:10435000E2C702080000024000690020F86800205F
:104360000F69002015C80208106900202DE9F04FE0
:104370008FB0FCF751FD1A4B0F46D3E900120546EA
:10438000691A41F2883067EB0202814272F1000241
:1043900045D3C3E9005700230A93124B1B78002B27
:1043A0003DD000220AA9104600F046FA002836D176
:1043B0000D4BDDED0A7A93ED007A0C4A0C4937EE8D
:1043C000277A83ED007A1368013313600B68094A7A
:1043D000A3B9C2ED007A084AC2ED007A1DE000BF21
:1043E000F068002010690020E8680020E4680020E0
:1043F000D8680020E0680020DC68002092ED007A98
:10440000F4EEC77AF1EE10FAE6D4BC4A92ED007AE7
:10441000F4EEC77AF1EE10FADEDC01330B60B84936
:10442000DFF828C3D1E90030EE1A67EB0004002260
:10443000B44572EB040480F0AE81B24CDFF8108317
:104440001B1940F10000C1E9003098F800300AACB7
:10445000002B78D0AC4EDFF8FC9233684FF0000AA6
:10446000CDF800A0CDF804A0CDF808A0002B00F0F6
:10447000A78107EE903AD9ED006AF8EE677A114607
:1044800086EEA77A68468DED017A00F0D5F9DDED6C
:10449000007A9DED017A67EE877A0146CDED027ACA
:1044A00000239A4AC9F800A03360002940F08F81A8
:1044B000117020461022009E07F06AFEFFF7E0F818
:1044C00004AACDE90A0107A920460C96FFF7ACFE25
:1044D000002806DB049B8E4907AA4FF48050FFF7A3
:1044E000B7F8102200212046019E07F051FEFFF789
:1044F000C7F804AACDE90A0107A920460C96FFF7E0
:1045000093FE002806DB049B824907AA41F20100C2
:10451000FFF79EF8102200212046029E07F038FE89
:10452000FFF7AEF804AACDE90A0107A920460C96C8
:10453000FFF77AFE002806DB049B774907AA41F2C1
:104540000200FFF785F8DFF8109299F8003013B3F6
:10455000002302A8029300F0C5F96C4A0146002826
:1045600040F03B81507010222046029E07F010FE62
:10457000FFF786F804AACDE90A0107A920460C96A0
:10458000FFF752FE002806DB049B644907AA41F2AC
:104590000300FFF75DF8624B624A1B691278DFF88F
:1045A000BCA113F400430CBF0126002662B19AF8A7
:1045B0000020B24208D0002B5B4B5C4912BF0420A4
:1045C00019460320FFF77EF88AF80060FFF758F8D5
:1045D000CDE90A0194E803000022ADF82010002381
:1045E000090CCDE9022307908DF8221046F002064F
:1045F00002AB06223A2107A88DF82360FFF724FEBC
:104600000026082307AA4A49DFF818A141F204004E
:10461000FFF71EF8CDE90C66FFF732F8CDE90A0185
:10462000314601A88DF8046000F018FA9AF80020CD
:104630009DF804603F4B834662B11A78B24209D0BC
:104640003D4A3E49002E16BF114603200420FFF7C5
:1046500039F8384B1E7094E80300ADF82010090CAF
:1046600007908DF82210BBF1000F01D046F0020632
:1046700000220023CDE904233A2104AB062207A837
:104680008DF82360FFF7E0FD08232D4907AA41F2CA
:104690000500FEF7DDFF10220021204607F078FD1F
:1046A000FEF7EEFFCDE90A0100F08AF901AA07A999
:1046B00020468DED0C0AFFF7B7FD002806DB019BB5
:1046C000204907AA41F20600FEF7C2FF98F8003021
:1046D00001268AF800601BB10C4A1278022A04D81D
:1046E000194A16780EB183F0010699F80030BBB371
:1046F000064A5278022A38D832E000BFDC6800202F
:104700000069002040420F00E4680020D5680020C6
:104710000E6900200D6900200C6900200B69002043
:1047200000000240D068002035C8020843C80208D3
:104730000A690020D168002051C802085EC802083A
:104740000969002008690020D36800203F420F005B
:1047500010690020E86800200F690020D8050020BB
:10476000254A547814B1002B3DD10124002EA046D7
:1047700018BF4FF002084046FEF798FF1F4B1A780B
:10478000424508D083F80080B8F1000F2DD11C49B4
:104790000320FEF797FF1B4A1B48D2E90031ED1AB0
:1047A00067EB0107854277F1000706D31B1841F13B
:1047B0000001C2E90031FFF711FD0FB0BDE8F08F35
:1047C00001A902AA684600F037F8014668E61378A6
:1047D000FF2B1CBF01331370B5E65378FF2B1CBFB2
:1047E00001335370D7E60024C0E7084946EA440283
:1047F0000420FEF7D5FFCEE7D3680020D268002062
:104800006BC80208F86800200087930381C802087B
:1048100008B544F2271200214420FDF715FE0028B8
:1048200007DBBDE808404FF4006205214420FDF796
:104830000BBE4FF0FF3008BD73B50D46144606465B
:1048400098B10DF1060202214420FDF737FE002841
:1048500039DBBDF806309FED207A07EE903AF8EE8E
:10486000677A67EE877AC6ED007A9DB10DF1060290
:1048700004214420FDF722FE002827DBBDF9063085
:104880009FED167A07EE903AF8EEE77A67EE877AB0
:10489000C5ED007A14B9002002B070BD0DF106021A
:1048A00003214420FDF70AFE002812DBBDF8063084
:1048B0009FED0B7A07EE903AF8EE677A67EE877A0B
:1048C000C4ED007AE7E74FF0FF30E5E76FF0010055
:1048D000E2E76FF00200DFE70AD7A33A17B7D13754
:1048E0000AD7233A13B504460DF1060200214820E9
:1048F000FDF7E4FD002812DB14B9002002B010BD62
:10490000BDF90630DFED076ADFED077A07EE103AF2
:10491000B8EEC77AE7EE267AC4ED007AEDE74FF0FD
:10492000FF30EBE70000003C33938843054B5A69A6
:10493000D20406D54FF480525A61034A13680133FA
:1049400013607047003C014014690020174B1A6B3C
:1049500042F002021A635A6C42F480425A645B6C61
:10496000134B1A6822F040721A60DA6822F0407223
:10497000DA60DA6842F08072DA600E4A536923F036
:104980000F0343F0010353610B4B1A6842F480524A
:104990001A60DA6842F48052DA609A6822F480522F
:1049A0009A60064B4FF480725A607047003802409C
:1049B0000004024000380140003C014000E100E0FA
:1049C000044BDFED057A93ED000AB8EE400A20EEC5
:1049D000270A70471469002000A00C45014B0022F3
:1049E0001A60704714690020184B1A6B42F00502D8
:1049F0001A635A6C42F480725A645B6C144B4FF029
:104A000000729A611A6822F440221A601A6842F40D
:104A100080221A605A6822F400725A60DA6822F41E
:104A20004022DA600B4A136843F4407313600A4B68
:104A3000DA6842F4E042DA600022DA620E225A6357
:104A40009A6842F001029A60704700BF0038024045
:104A5000000002400008024000200140164B4FF4C5
:104A6000007270B59A61044605200D46FCF7C8F93E
:104A7000124A136823F002031360936843F08043E3
:104A800093600F4B1168890701D4013BFAD1D26CB6
:104A90000949181E4FF0007618BF012092B28E61AE
:104AA00005B12A803CB12BB140F692439A428CBFAB
:104AB00000230123237070BD00000240002001404C
:104AC000A08601002DE9F84307464420FDF778FC55
:104AD00006467620FDF774FC04466220FDF770FC64
:104AE000DFF87490054634B199F800401CB900F025
:104AF00069FFC443E40FDFF864804DB198F80050BB
:104B000035B9114B3946188801F052FBC543ED0FFA
:104B10000E4B88F800501E700D4B89F800401A7833
:104B2000002A18BF16465A781E70002A08BF22466F
:104B30005A709A78002A18BF15469D700CB9054B1B
:104B40001C70BDE8F88300BFDA05002084690020EE
:104B500029690020606900208369002082690020A3
:104B6000034A135CFF2B1CBF01331354704700BF73
:104B70002C690020274B1B782DE9F041002B37D002
:104B8000DFF8BC8098F80030002B31D1FCF744F9F5
:104B9000214B224F1B783C7805460E46CBB194B989
:104BA0001F4B2048D3E90012691A66EB02028142CA
:104BB00072F100020FD31C49C3E900560C701B4967
:104BC00001223A700A70184B1A78194B33F81240C8
:104BD00001E0002CF7D1174B204693ED000A00F0BE
:104BE000DBFF002806DA0120FFF7BAFF00233B7045
:104BF000BDE8F081104B20461C80012388F800306E
:104C000000F0B6FF0D4B4FF47A72E0FB0256C3E999
:104C10000056EDE783690020E0050020426900208E
:104C20004869002080969800416900204069002072
:104C3000DCCC0208DC050020506900205869002007
:104C400060690020431E70B5062B7FD8DFE803F0B3
:104C5000041E274B4B596A003F4B1B78002B79D021
:104C60003E4C2378002B75D101F060FC002801DA5E
:104C7000012070BD01232370FCF7CEF8384A394B70
:104C8000801841F10001C3E9000106E0364B1B78B2
:104C9000002B5FD0354B01221A700020E9E72E4B24
:104CA0001B78002B56D02D4D2C78002C52D100298A
:104CB0004ED0002A4CD00A440A2011F8013B303B68
:104CC000DEB2092E44D800FB0434B4F5FA6F3FDCA1
:104CD0008A42F2D101F02AFC0028C9DB244B1C8057
:104CE00003232B70C8E70528224B23490CBF012260
:104CF00000221A70214B08BF19460320FEF7E2FC80
:104D0000CBE7154B1B782BB3144B1D7815BB1C4CF4
:104D10002378002BC1D001F009FC0028A8DB194939
:104D20002570EAE70C4B1B78A3B10C4B1A788AB9B3
:104D3000134A11780029B0D10121117005221A708F
:104D4000FCF76AF8074BC3E90001A6E7032090E7E8
:104D500004208EE705208CE7826900202869002066
:104D600020A1070020690020846900201969002023
:104D70001A690020E0050020D2C80208C0C8020855
:104D8000E1050020E5C802082DE9F8431E464B075F
:104D90000C46154640D100EBD104D7083A463146BF
:104DA000204607F0DBF915F007030AD001259D40E6
:104DB000EDB2F35D6A1E1340E25D6D422A4013437B
:104DC000E355BDE8F88301F0070804F00709C8457A
:104DD000434638BF4B46C3F108036A1A934228BFC3
:104DE0001346CA084FEAD40CB25C10F80C7042FAB1
:104DF00008F20EFA03F802FA09F208F1FF387A40D5
:104E000008FA09F802EA0802574000F80C70194441
:104E10001C448D42D7D8D4E700214FF0010EF8E7AB
:104E200038B50B460446154601460722184607F0DA
:104E300095F9A268C0F807200B232B60002038BD2D
:104E400030B52DED028B102289B004460D460DEBD6
:104E500002000021B0EE408A07F09AF9FEF710FC3C
:104E60006A46CDE9040101A904A88DED068AFFF781
:104E7000D7FF002805DB009B01AA29462046FEF744
:104E8000E7FB09B0BDEC028B30BD30B52DED028BD8
:104E9000102289B004460D460DEB02000021B0EE51
:104EA000408A07F075F9FEF7EBFB6A46CDE904018D
:104EB00001A904A88DED068AFFF7B2FF002805DBE3
:104EC000009B01AA29462046FEF7C2FB09B0BDECB3
:104ED000028B30BD30B52DED028B102289B0044617
:104EE0000D460DEB02000021B0EE408A07F050F9AC
:104EF000FEF7C6FB6A46CDE9040101A904A88DEDC1
:104F0000068AFFF78DFF002805DB009B01AA2946D2
:104F10002046FEF79DFB09B0BDEC028B30BD0000C2
:104F20002DE9FF470A218348834EFEF777FC83482B
:104F3000FEF7C2FBFDF7ECF80120FFF7C3FD804848
:104F4000FCF7D8F97F48FCF7D5F93378002B00F04F
:104F5000E280002302A8029300F0FAFC002840F04F
:104F6000D6807948FCF7C6F90298FCF7CCF9774867
:104F7000774FFCF7BFF97748FCF7BCF93B78002B7B
:104F800000F0CB8000F0ECFD734A744B00280CBF9E
:104F900010461846FCF7AEF97148FCF7ABF904204F
:104FA000FCF7B1F96F48FCF7A5F90A20FCF7ABF95B
:104FB0006D48DFF80882FCF79DF96C48FCF79AF918
:104FC00098F80030002B00F0B380694800220023DD
:104FD000CDE90223FCF78EF902A801F07BFA58B95B
:104FE0006448FCF787F90398FCF78DF93A20FCF741
:104FF00079F90298FCF787F9002301A8019301F0E1
:1050000011FA002840D1DDED017A9FED5B7A5B4813
:1050100067EE877AFDEEE77A17EE905AFCF76AF9A9
:10502000002D7CDA2D20FCF75DF96C424FF47A7A82
:10503000B4FBFAF94846FCF766F92E20FCF752F962
:105040000AFB19446420B4FBF0F030304FF00A0939
:10505000C0B2FCF747F9B4FBF9FABAFBF9F009FB67
:1050600010A03030C0B2FCF73DF909FB1A403030D7
:10507000C0B2FCF737F94248424BA5F69775122D9E
:1050800098BF1846FCF736F900230DF103010DF126
:1050900002008DF802308DF8033001F02FFA30B99C
:1050A0009DF80230002B3CD13748FCF723F9274804
:1050B000FCF720F9002302A901A8CDE90133FDF78F
:1050C00019F83248FCF716F90198FCF71CF930483A
:1050D000FCF710F90298FCF716F92E48FCF70AF9CC
:1050E000FBF79AFE2C4B98F80020C3E900012B4BEC
:1050F000C3E900013B782A495B0043EA8203327826
:1051000003201A4304B0BDE8F047FEF749BB254829
:10511000FCF7F0F82BE724482AE7244849E72C4617
:1051200084E79DF803300BB12148BEE72148BCE776
:105130002148BDE7C8CC020884690020454C02081C
:1051400097C90208ABC90208BEC902081CD40208EC
:105150008369002013CA020814C90208FCC80208A7
:1051600026CA020833CA020845CA020881CA0208D0
:1051700094CA0208C5C9020800007A449CCA020801
:105180006FC902083AC90208A8CA020840CB02083F
:1051900048CB020858CB02087069002068690020DB
:1051A00062CB0208CFC90208F7C902084ACA02083E
:1051B000CCCA0208FECA02082DCB02088269002070
:1051C0002DE9F04F2DED028BB3B0FBF725FEB74A6A
:1051D000DFF84CC30F46D2E900310646F41A67EBFC
:1051E00001000025A44575EB0000B14C80F08880DB
:1051F000B048DFF830831B1841F10001C2E90031EB
:1052000098F8003063B100231EA90CA80C931E93DC
:1052100000F046FBA84280F2C2802846FFF7A0FCBF
:10522000DFF804B39BF8003083B1A34B1B786BB15C
:1052300025785DB90DF107008DF8075001F070F881
:10524000002880F2E7800220FFF78AFC9B4B1A7847
:1052500072B198F800205AB122784AB91A7000F059
:105260008CFB0028964914BF05200320FEF72AFA7C
:10527000FFF780FC98F8003023B1924A1278022A96
:1052800000F20981904A1278002A00F0078183F029
:1052900001098E4B1A7822B18A4B5B78022B00F2FF
:1052A000FF80894B5B78002B00F0FD8082F0010AC3
:1052B0009BF8003023B1834A9278022A00F23881A9
:1052C000814A9278002A00F0368183F00108BAF111
:1052D000000F14BF55464546B9F1000F18BF02250F
:1052E000EDB22846FEF7E2F9794B1A78AA4207D0C8
:1052F0001D70002D40F0218176490320FEF7E2F970
:105300002378B3B1744DFBF787FDD5E900239042B4
:1053100099410ED32378012B40F0238101F00AF943
:10532000002880F2138100236C4923700520FEF7CA
:10533000C9F96B4B1A78D2B16A4AD2E900128E428F
:1053400077EB020213D300251422294607A81D700B
:1053500006F01EFF07A800F0C1FCA842DFF8CC81D0
:1053600080F24C810120FFF7FBFB88F800505E4A79
:105370005E48D2E90031F61A67EB0107864277F101
:10538000000707D31B1841F100010020C2E90031DA
:10539000FFF798FB33B0BDEC028BBDE8F08F494BB3
:1053A000DDED0C7A9FED520A1D70524B5249C3ED50
:1053B000007A37EE800A41F21000FFF741FD9DEDC3
:1053C0001E0A4E4941F21100FFF75FFDDDED0C7A38
:1053D0009FED4B7A9FED4B0A9DED1E8A27EE800ACA
:1053E00077EE877A80EE270A06F086FC464941F27E
:1053F0001200DFED467A20EE270AF7EE007A77EE0C
:10540000C87A20EE270ADFED427A20EE270AFFF75E
:1054100061FD05E79DF80730002B3FF417AF00232F
:1054200004AA03A902A802930393049300F096FF31
:105430000028FFF608AF234BDDF808909D7010227E
:1054400029461EA806F0A4FEFEF71AF907AACDE920
:105450001E010CA91EA8CDF88090FFF7E1FC0028E2
:1054600006DB079B2B490CAA41F21300FEF7F0F86C
:105470009DED030ADFED1E7A274930EE270A41F23F
:105480001800FFF7DDFC9DED040A244941F21900E4
:10549000FFF7FBFCDAE64FF00109FAE69146F8E681
:1054A0004FF0010A04E79A4602E700BF7069002046
:1054B0002869002040420F00E10500201969002002
:1054C00009CC02082C69002029690020836900208A
:1054D0001869002033CC0208206900207DCC020826
:1054E00060690020586900206869002000879303E4
:1054F00033938843DC050020816900208069002007
:10550000CD4C6D43F6288A417F690020145C1C3F16
:1055100000007A447E6900207969002078690020C3
:105520003F420F0084690020826900204269002008
:105530004FF00108CBE69046C9E649EA4A028D4998
:1055400042EA88020420FEF72BF9D9E602232370F1
:10555000FBF762FC884BC01841F10001C5E900016E
:10556000E7E6032B12D1854BB3F9000000F06CFF86
:10557000002804DA82490520FEF7A4F816E0042387
:105580002370FBF749FCC5E90001D2E6042B0FD1DB
:1055900000F090FF794B7B49B3F900207A4B00284B
:1055A0000ABF194605200320FEF7FAF80523E7E7AE
:1055B000022B13D100231EA88DF8783000F0BEFF17
:1055C000002801DA7149D6E79DF878307049002B40
:1055D000704B0EBF052019460320CDE76E4B1B789C
:1055E0004BB16E4B0021188800F0E2FD0028BEBFD1
:1055F0006B4B00221A70002323709AE6694B5D7092
:1056000098F8003023B1684B1B78B3FA83F35B0939
:10561000664A12880AB1002B42D09DED080A6449FF
:1056200041F21400FFF756FCDFED627A9DED070AA8
:10563000614930EE270A41F21600FFF701FC9DEDAB
:10564000090A5E4941F21700FFF71FFC9FED5C7AE3
:10565000DDED086AC6EE877AB6EE007A77EE877AD5
:10566000FCEEE77A17EE903A9DB2A5F59673B3F586
:10567000487F15D8DFF82491B9F80030AB420FD03D
:10568000474B1B7823B1444B1B780BB1237813B1E4
:10569000A9F8005004E0284600F0B4FE0028F7D036
:1056A00098F80030002B5CD03F4A464C13780A989B
:1056B00004EB830108609DF82C1009B94248017081
:1056C0000133DBB2032B13704BD90DF178090021A4
:1056D0005022484688F8001006F05AFDFDF7D0FF2A
:1056E0002368269363682793A3682893374A384B27
:1056F000CDE92023E3682993334BCDE91E011C78C3
:105700008DF8C44004252595309599E80300402282
:10571000ADF83410090C0C908DF8361020AB114602
:105720000CA88DF83750FFF72FFB26AB802288217D
:105730000CA88DF84050FFF727FB00220023CDE98D
:10574000042340F2091104AB07220CA88DF8514044
:10575000FFF71AFB1F4922230CAA41F21500FDF79F
:1057600077FF98F80030002B3FF401AEFFF702FA04
:10577000FDE500BF49CC0208809698001A69002018
:1057800098CC0208AECB020885CB0208B0CC020848
:10579000EFCB0208D2CB0208E1050020DA05002099
:1057A000826900202C690020416900205069002096
:1057B0007D690020339388437B6900207A6900204B
:1057C0000000C8423069002040690020C800FA008B
:1057D000400190017C69002030B502460144FF2061
:1057E0008A4200D130BD12F8013B0824584045B22E
:1057F0004300002DD8B2B8BF80F03100013CF6D193
:10580000EEE72DE9F04102EB420805460F4614464B
:1058100080440646464505D10023A3420ED1002010
:10582000BDE8F081304602210336FFF7D5FF16F8B8
:10583000013C8342EED04FF0FF30F1E703EB43022F
:10584000AA5A52BA27F813200133E6E730B585B0DB
:105850000D468DF8070014460DF107010122442082
:10586000FCF7BEFD002815DB2846FBF7C9FA062227
:1058700002A94420FCF7C8FD00280EDB02222146C5
:1058800002A8FFF7BEFF0028B4BF6FF0030000209E
:1058900005B030BD6FF00100FAE76FF00200F7E7E6
:1058A00037B505460C4601AA0A21FD20FFF7CEFFB9
:1058B000002834DBBDF80630DFED1F7A9FED1F6A4C
:1058C00007EE103AB8EE477A27EE277AC7EE067A47
:1058D000B1EE087A77EEC77AF5EEC07AF1EE10FAFB
:1058E0001FD49FED177AF4EE477AF1EE10FAC8BF95
:1058F000F0EE477A8DB1BDF80430DFED126A07EEA5
:10590000103AB8EE477A27EE267AC7EE066A9FED80
:105910000E7A36EEC77A85ED007A2CB9002003B0F6
:1059200030BDDFED0A7AE5E7DFED056A87EEA67A9E
:1059300084ED007AF2E700BF0000FA4200FF7F47E3
:105940000000C84200002F43000034420000000065
:1059500013B5044601AA01218920FFF777FF00282B
:1059600001DB14B9002002B010BDBDF80420BDF861
:10597000063043EA02432360F4E707B5732101AA26
:105980001520FFF763FF03B05DF804FB1FB50B465E
:105990008DF80F0000920DF10F0101227620FCF727
:1059A00039FD05B05DF804FB07B502228DF804004F
:1059B0008DF80510762001A9FCF712FD03B05DF803
:1059C00004FB000010B58CB0002401220DF103018E
:1059D000D0208DF80340FFF7D9FFA042C0F2A78086
:1059E0009DF80330612B40F0A580B621E020FFF741
:1059F000DBFFA042C0F2A1800A20FBF701FA564962
:105A00000122F020FFF7C2FFA042C0F299801722C6
:105A100001A98A20FFF7BAFFA04203DA6FF0040061
:105A20000CB010BD0E220DF11B01E120FFF7AEFFFF
:105A30000028F3DB05220DF129012046FFF7A6FF20
:105A40000028EBDB454BBDF823201A80BDF804206D
:105A50005A809DF806201A71BDF80820DA80BDF83A
:105A60000A201A819DF80C209A72BDF80E209A81A6
:105A7000BDF81020DA81BDF812209DF81D0052BA41
:105A80001A82BDF816205A82BDF818209A829DF815
:105A90001A209A759DF81C2002F00F0141EA0011AE
:105AA00019839DF81B10120942EA01125A83BDF8AE
:105AB0001E209A83BDF82020DA839DF8222083F8E7
:105AC00020209DF8272083F82120BDF825205A8426
:105AD0009DF8282083F824209DF82B20C2F3011282
:105AE00083F825209DF8292083F826209DF92D2074
:105AF00021461211742083F82720FFF755FF002854
:105B000021DB01217220FFF74FFF00281EDB214619
:105B10007520FFF749FF00281BDB54217420FFF795
:105B200043FF0028B4BF6FF00800002078E74FF073
:105B3000FF3075E76FF0010072E76FF002006FE76A
:105B40006FF003006CE76FF0050069E76FF0060087
:105B500066E76FF0070063E78C6900208E6900201C
:105B6000024B1878431E5842584170478C690020F8
:105B700000284AF2762249F6251314BF1346002066
:105B80004FF47A7218BF962003F5FA73B3FBF2F361
:105B9000013318447047000007B5002800F08180E9
:105BA000454B9FED466A93F921209FED457ADFED45
:105BB000455A06EE902AB3F92220F8EEE66AB0F5CF
:105BC000C87FA6EE867A06EE902A9FED3F6A93F98B
:105BD000242088BFDFED3D7AFAEEE86A98BF07EE31
:105BE000900AE6EE865A4FF05A0098BFF8EE677AB0
:105BF000F7EE006A06EE102A93F8252093F9263076
:105C0000B0EE665AA5EEA75A07EE902ABAEECB6A16
:105C1000F8EE677A20EE060AB1EE006A77EE867A31
:105C2000A7EE050A86EE277A07EE903A9FED286ADE
:105C3000F8EEE77AF0EE665AE7EE865A27EE007A3B
:105C400086EEA56AFBEE097AE7EE067A9FED217AE9
:105C500067EE877AFCEEE77ACDED017A9DF80410C5
:105C6000FFF7A2FE00281EDB65216420FFF79CFEE3
:105C700000281BDB184B1B78012B14BF102120219F
:105C80007120FFF791FE002813DB55217420FFF7E8
:105C90008BFE0028ACBF00206FF0030003B05DF85E
:105CA00004FB0146ECE74FF0FF30F7E76FF001002F
:105CB000F4E76FF00200F1E78E6900200000803DFC
:105CC0000000444275021A3B6F12033A0000C843B9
:105CD0006F12033B9A9959408C6900202DE9F043DB
:105CE00087B00446112201A91D20FFF74FFE0028AE
:105CF000C0F2D8819DF90430002B80F2D6819DF846
:105D00000A309DF809209FEDEA6A9FEDEA7ADFEDFF
:105D1000EA6ADFEDEA3A9DF806609DF807709DF8A3
:105D20000800BDF80CE01B0143EA02339DF80B208C
:105D300043EA121307EE903AE14BE24AB3F80080CF
:105D400092F800C005EE908AB3F90280F8EE655A29
:105D5000F8EEE77A04EE908A26EE656A93F90480FD
:105D600027EE657AA7EEA66ABCF1010F0BBF9DF87E
:105D700014109DF812109DF813509DF81150A7EEC5
:105D8000A37A8A0942EA850207EE908AF8EEE77A5A
:105D9000B3EE005A67EE857A27EE077AF8EEE44A0A
:105DA00067EE877ADFF87083E6EE247A01F00F055C
:105DB000C8ED007A1CB9002007B0BDE8F083B3F944
:105DC0000C909FEDC14A9FEDC17A9FEDC12A93F9D6
:105DD000108001EE909A93F90A90F6EE004AA7EE31
:105DE000A44A06EE109AB3F90890C7EE875AB8EEA7
:105DF000C66A07EE109A26EE046AB8EEC77A26EE57
:105E0000046A27EE047AB3F80690C4ED005AA6EEB1
:105E1000267A9FEDB06A27EE067AB7EE006AB0EEFA
:105E2000463AA7EE023A02EE909AF8EE622A07EEA0
:105E3000908A62EE832AB3F90E80F5EE402AF1EEE5
:105E400010FA00F0C780000940EA071040EA063067
:105E500007EE100A9FEDA03A987DB8EEC77AF8EEEB
:105E6000E77A33EE477A67EEA37A24EE043AF8EE47
:105E7000E11A67EE837A03EE108AB8EEC33A23EE96
:105E8000044AB0EE003AE4EE037AB5EE004A67EE5B
:105E9000847A9FED924AE1EE847A9FED914AA7EED3
:105EA000C47ADFED907A67EE277A87EEA27ADFED8B
:105EB0008E7ADFED8E2A67EE277A27EEA73A23EE59
:105EC000273A07EE900AB3F91400F8EE677A04EE69
:105ED000100AB3F9120067EEA33A07EE900AB8EE83
:105EE000C44AF8EEE77A24EE074A67EE827A24EE97
:105EF000074A67EE877A93F91100E4EE227A04EEFE
:105F0000100AE3EE237AB8EEC44ADFED793AE4EE04
:105F1000237A9FED784AA7EE847A9EFA9EF080B2AB
:105F200084ED017A07EE100A188B04EE100A93F93B
:105F30001C0007EE900AF8EEE77AB8EE444A67EEE6
:105F4000A47A588B67EEA57AB8EE477AE4EE057A24
:105F5000F0EE464A37EE677A07EE900A93F91D0095
:105F600005EE100AB8EEC55A93F91E0025EE265A22
:105F7000FBEEC77AE5EE854A05EE100ABAEEC65A80
:105F8000D87F25EE255AE5EE854A05EE100A67EE24
:105F9000A47A93F9200067EE877A07EE100ABAEE2A
:105FA000E57AB8EE455A27EE257ADFED535AA5EE8D
:105FB000267A27EE877AE7EE877AF4EEE57AF1EE35
:105FC00010FA0ADCF5EEC07AF1EE10FA07D5DFED33
:105FD0004B7A04E09FED497A9FE7F0EE657A87EE11
:105FE000A57ABCF1010F84ED027A1ED14FF4802313
:105FF000EB4007EE903A9FED427AF8EEE77A02EB3B
:10600000420202F5206267EE877A07EE102AB8EEA8
:10601000C77AC7EE876A01F03001A1F13003594217
:1060200059412174C4ED036AC5E60120A84007EE7A
:10603000900A93F927309FED337AF8EEE76A07EE7E
:10604000903AF8EEE77AB1EE045A2F4BA7EE857A34
:1060500003EB850307EE902A9FED2C5AD3ED004AFF
:106060002B4BF8EE677A03EB850377EEC57A84EE67
:10607000A55A35EE065A25EE075A87EE857A93ED36
:10608000005AC5EE257ADFED235A77EE867A37EE91
:10609000067A67EEA57A67EEA67A67EE277AC6EEED
:1060A000276AB8E74FF0FF3086E66FF0010083E61D
:1060B0000000803A000000390000803800000037FE
:1060C0008E6900208C69002000007AC70000A0457E
:1060D00000000038000000360000804900008047C2
:1060E000000080390050C3450000803B00000030B4
:1060F000000000430000803D0000C8420000000096
:10610000002474490080A74424CD02080000004404
:10611000E4CC0208BD3706348869002007B549BAC7
:10612000ADF8021040BA0221ADF800000DEB0100FD
:10613000FFF752FB05228DF8040069466220FCF748
:106140004FF9C01703B05DF804FB07B540BAADF8CE
:106150000400022201A96220FCF742F9C01703B033
:106160005DF804FB7FB50D46144602EB4206FFF7CF
:10617000ECFF002815DB0220FAF742FE324601A9A7
:106180006220FCF741F900280EDB2246294601A8CF
:10619000FFF737FB0028ACBF00206FF0030004B00E
:1061A00070BD6FF00100FAE76FF00200F7E7000042
:1061B0002DE9FF47DFF85CA1DFF85C91DFF85C8137
:1061C0004E4F0024054643F686700E468AF800407E
:1061D00089F8004088F800403C70FFF7B6FFA04205
:1061E0007CDB4FF4FA70FAF70BFE032202A943F2AC
:1061F00082600294ADF80C40FFF7B4FF68B9BDF8B7
:106200000A00BDF80C303E4ABDF8081043EA0043CE
:10621000C2E9003101238AF80030012202A942F2CA
:106220001830FFF79FFF98B9BDF808309FED357A19
:10623000DFED356A07EE903AF8EE677A334B67EE9A
:10624000877A87EEA67A83ED007A012389F80030F9
:106250004FF0000901220DF1060142F21330ADF8B2
:106260000690FFF77FFF48453BDBBDF806304B4506
:10627000274B14BF01224A464FF001041A7088F8D8
:10628000004015D0494642F21640FFF747FF484507
:106290002ADB0220FAF7B4FD56B143F21560FFF78E
:1062A00054FF484523DB4FF44870FAF7A9FD3C70D2
:1062B00029464FF46040FFF731FF00281ADB022027
:1062C000FAF79EFD42F2B110FFF73FFF0028B4BF7E
:1062D0006FF00500002004B0BDE8F0874FF0FF30FC
:1062E000F9E76FF00100F6E76FF00200F3E76FF0F7
:1062F0000300F0E76FF00400EDE700BFB66900208F
:10630000C069002000002F4300FF7F47BC690020C8
:10631000B7690020BA690020B9690020B869002077
:1063200013B50023044601220DF106014EF2B840D8
:10633000ADF80630FFF716FF00280CDB14B900207B
:1063400002B010BDBDF80630C3F30A03003B18BF0E
:1063500001232370F3E74FF0FF30F1E773B50646F2
:106360000D461446694603224EF60540FFF7FAFE35
:1063700000283BDB5EB1BDF800309FED1E7A07EED2
:10638000903AF8EE677A67EE877AC6ED007A9DB1AB
:10639000BDF802309FED187ADFED186A07EE903AEB
:1063A000F8EE677A67EE877A87EEA67ADFED147AE1
:1063B00077EE677AC5ED007A14B9002002B070BD9F
:1063C000BDF80430DFED0D6A07EE103AB8EE477AFB
:1063D000C7EE267AB7EE007AF4EE477AF1EE10FABD
:1063E000C8BFF0EE477AC4ED007AE6E74FF0FF3021
:1063F000E4E700BFBD37863500002F4300FF7F472D
:1064000000003442014608B54FF46040FFF786FEB5
:10641000002804DB0220FAF7F3FC002008BD4FF04F
:10642000FF30FBE7064B1B7833B108B900207047FB
:10643000044B1B680360F9E74FF0FF30704700BF63
:10644000B9690020BC690020002808B502DA4FF0C5
:10645000FF3008BD07EE900ADFED136AF8EEE77A29
:1064600087EEA67ADFED116AB4EEE67AF1EE10FA65
:10647000EDDCDFED0F7A27EE277A42F21D40C7EE02
:10648000267AB6EE007A77EE877AFCEEE77A17EE98
:10649000903A99B2FFF742FE0028D8DB0220FAF7C3
:1064A000AFFC0020D5E700BF0000C84200002F432A
:1064B00000FF7F4708B543F21560FFF746FE00284E
:1064C00005DB4FF44870FAF79BFC002008BD4FF045
:1064D000FF30FBE7074B1B7843B108B9002070473A
:1064E000054BD3E90023C0E90023F7E74FF0FF3065
:1064F000704700BFBA690020C0690020084B1B78B4
:1065000053B110B1074B1B78037009B900207047D5
:10651000054B1B780B70F9E74FF0FF30704700BF59
:10652000B8690020B7690020B669002043F686707C
:10653000FFF70BBE43F23960FFF707BE13B5032226
:10654000044601A96220FBF75FFF002815DB00234A
:1065500001220DF1020101A8ADF80230FFF751F957
:1065600000280DDB14B9002002B010BDBDF80230C8
:10657000B3FA83F35B092370F5E74FF0FF30F3E7DD
:106580006FF00100F0E7000030B5012889B004D0B9
:10659000022836D0032009B030BD4A4B1B78002BAF
:1065A00000F08E80484B1C8B00221D4633F8021BE6
:1065B00001328C4238BF0C460C2AF7D1D5ED077A50
:1065C0004249FCEEE77A032017EE902AFDF7E8F83F
:1065D000D5ED087A9FED3E7A3E4967EE877A032033
:1065E000FCEEE77A17EE902AFDF7DAF83A496A8B63
:1065F0004FF47A735C43B4FBF2F20320FDF7D0F85A
:106600002EE0364B1B78002B5AD010220021684612
:1066100005F0BEFD012000F023FC08B10120BAE71F
:10662000684600F0A5FE04460028F7D1BDF800201A
:106630002B490320FDF7B4F8DDED027A2949FCEE81
:10664000E77A032017EE902AFDF7AAF810222146D8
:106650000DEB020005F09CFD04A800F003FF08B15B
:10666000002098E79DF811309DF810201E491B046A
:1066700043EA02639DF8142013439DF8122003207F
:1066800043EA0222FDF78CF89DF815309DF813209F
:1066900016491B0443EA02639DF8172013439DF833
:1066A0001620032043EA0222FDF77AF8069A1049E1
:1066B00012BA0320FDF774F8079A0E4912BA9CE744
:1066C000052068E7C8690020CC69002064CD020875
:1066D000002474497BCD020890CD0208116A002085
:1066E000B7CD0208CBCD0208DCCD0208F1CD0208FF
:1066F00006CE02081BCE020870B500F0C5FB234B86
:10670000234D244C187010B92870207070BD0020E3
:106710002E7800F0A5FBB0B100232B700120267865
:1067200000F09EFB00B3002323701B4B1A7842BB82
:106730002A7802F001021A705A7822BB227802F0FD
:1067400001025A70E2E700F013FC0028E4D00123B4
:106750002B70002EE2D1114B1978114B187800F0F4
:106760002AFC0028DADAD7E700F03FFD0028DAD06B
:1067700001232370002ED8D100F04CFD0028D4DA7C
:10678000D1E70122D5E70122D9E700BF106A002036
:10679000126A0020116A00200E6A0020E205002023
:1067A000E30500202DE9F8431E464B070C4615462D
:1067B00040D100EBD104D7083A463146204605F0D7
:1067C000CDFC15F007030AD001259D40EDB2F35D25
:1067D0006A1E1340E25D6D422A401343E355BDE853
:1067E000F88301F0070804F00709C845434638BF9D
:1067F0004B46C3F108036A1A934228BF1346CA08DE
:106800004FEAD40CB25C10F80C7042FA08F20EFA9F
:1068100003F802FA09F208F1FF387A4008FA09F899
:1068200002EA0802574000F80C7019441C448D42DB
:10683000D7D8D4E700214FF0010EF8E770B5042156
:106840003048FCF7EBFF3048FCF736FF2F49304863
:106850000A22FDF7ADFA18B92E490420FCF732FFE1
:10686000FBF756FC0120FAF7CBFAFFF745FFFAF7E2
:10687000D3FA294B294C2A4E2A4DC3E900012A4B51
:10688000C3E900012948FAF735FD294B2078002893
:106890000CBF18463046FAF72DFD2648FAF72AFDB8
:1068A000254B287800280CBF18463046234EFAF7AF
:1068B00021FD2348FAF71EFD224A234B3078002899
:1068C0000CBF10461846FAF715FD2B7832781F4991
:1068D0005B0043EA8203227803201A43FCF760FF3F
:1068E0000A4A0A23F2EC017AF5EE407AF1EE10FA48
:1068F00007D1013BF6D1BDE8704015490320FCF7F4
:10690000E1BE70BD80CF020889650208146A0020CC
:1069100051CE02087ACE0208006A0020106A0020D8
:1069200094CA0208126A0020F8690020A6CE020864
:1069300030CE0208B3CE020837CE0208116A00201A
:10694000C0CE020848CE02083ECE0208CECE0208D3
:10695000F4CE02082DE9F04FB1B0FAF75DFAC44A5F
:106960000190D2E900300C460199C24FCE1A64EB77
:1069700000010025B74275EB010180F0D581BE49C9
:106980005B1840F10000C2E90030294628220EA819
:1069900005F0FEFBB94B1E78002E00F0EC81284676
:1069A00000F05EFA002840F0E6810EA800F064FBDB
:1069B000B34A0546002840F0D9810DF1380C10701B
:1069C000BCE80F00AF4F0FC7BCE80F000FC79CE833
:1069D0000300AD4B87E80300012224AF1A7029465B
:1069E0003022384605F0D4FBFCF74AFE0DF1380C96
:1069F000CDE92401BCE80F000DF1980EAEE80F00C0
:106A00009CE803008EE80300BDF850B0DDF854A008
:106A1000DDF858909DF85C80ADF8B0B0CDF8B4A02A
:106A2000CDF8B8908DF8BC8097E80300ADF86410FD
:106A3000090C18908DF8661026ABC022382118A8D2
:106A4000FFF7B0FE00220023CDE9022340F24911F6
:106A500002AB072218A8ADF87FB0CDF881A0CDF821
:106A600085908DF88980FFF79DFE4FF4815087490E
:106A70002A2318AAFCF7ECFD0BA80B95ADF83050B3
:106A800000F06EFB00284ED1ADF89E00FCF7F8FD3B
:106A90000B9B2693CDE92401BDF83030ADF89C3036
:106AA00097E803009DF82D80ADF86410090C9DF85F
:106AB0002EE09DF82FC09DF830509DF831209DF8B4
:106AC0002C3018908DF86610B8F1000F01D043F00B
:106AD0000203BEF1000F00F03D8143F00403DBB27E
:106AE000BCF1000F00F0398143F00803002D00F0E5
:106AF000378143F01003002A00F0358143F0200372
:106B00008DF8673000220023CDE904233E2104AB39
:106B1000022218A8FFF746FE5D49082318AA41F291
:106B20002200FCF795FD554F3B78A3B30023CDE938
:106B30002633FCF7A5FDCDE92401002E00F062818B
:106B4000544A0A231146F1EC017AF5EE407AF1EE4F
:106B500010FA40F03C81013BF5D1DDE92401269A91
:106B6000ADF86410CDF86720090C8DF86B30002269
:106B70000023CDE9062318908DF8661006AB072296
:106B8000592118A8FFF70EFE43490C2318AA41F219
:106B90002100FCF75DFDDFF80C8198F80030A3B30D
:106BA000012000F05DF9014678BB102224A805F011
:106BB000EFFA24A800F0DCFB314A002840F0DD8029
:106BC0005070FCF75DFDCDE91801DDE918019DF875
:106BD0009C30259AADF83010CDF83320090C8DF893
:106BE000373000220023CDE908230B908DF83210B6
:106BF00008AB072259210BA8FFF7D4FD27490C2326
:106C00000BAA41F22300FCF723FD002E5ED00020EA
:106C100000F026F9002859D1BDF850300EAA32F8FC
:106C2000021B01308B4238BF0B460C28F7D1BDF850
:106C30005220DFF874A0DFF874909AF8006099F899
:106C4000005007EE102A9DF85C208ABB07EE903AB0
:106C5000B8EE477AF8EE677AC7EE876ADFED107A0A
:106C6000F4EEE76AF1EE10FA40F38D8020E000BF09
:106C7000006A00203F420F0040420F00126A0020CD
:106C80000C6A0020CC690020C86900200B6A002033
:106C9000096A0020146A00200A6A0020086A00209D
:106CA0006666663F116A0020E3050020E2050020C9
:106CB000092E77D155B1013DEDB22946304600F09D
:106CC000B5F918B98AF8006089F800503B781BB113
:106CD0004D4A1278022A67D84C4A17780FB183F0D0
:106CE000010798F800301BB1474A5278022A04D8AD
:106CF000464A557815B1002B58D101252E46002F54
:106D000056D1434B1B78002B08BF02263046FCF7B8
:106D1000CDFC404B1A78B24206D01E70002E49D1ED
:106D20003D490320FCF7CEFC3C4A0198D2E90031F2
:106D3000C51A3B4864EB0104854274F1000406D394
:106D40001B1841F10001C2E90031FFF7D5FC31B059
:106D5000BDE8F08F03F0FB03C2E603F0F703C5E6DE
:106D600003F0EF03C7E603F0DF03C9E61378FF2B58
:106D70001CBF013313700026D5E65378FF2B1CBFD0
:106D80000133537041E7DFED277AF4EEE76AF1EE65
:106D900010FA9BD50B2D01D801358DE7092E95D121
:106DA00040268AE7092688E701279AE70025A5E714
:106DB0000226ABE7164B1C491A7882F0010242EA20
:106DC000470242EA85020420FCF7EAFCACE7DDED6D
:106DD000167A9DED157A27EE277ADFED147A0EA943
:106DE000002331F8020BF2EC015A06EE900AF8EE9D
:106DF000666A013386EE876A0A2BE5EE867AF0D161
:106E0000CDED267A3346A8E60C6A00200E6A0020F3
:106E1000106A0020F469002033CF0208F8690020CE
:106E200000879303CDCCCC3D49CF02080000000081
:106E300007B501228DF807000DF107017020FBF75F
:106E4000CFFA0028A3BF9DF80720044B00204FF085
:106E5000FF30A8BF1A7003B05DF804FB3C6A002045
:106E6000012809D8012303FA00F0064B1B78C0B2B1
:106E7000834204D0FFF7DCBF4FF0FF3070470020A3
:106E8000704700BF3C6A002007B50020FFF7D0FF25
:106E9000002806DA0C4BFF221A70002003B05DF8C0
:106EA00004FBFF2301220DF1070170208DF807304C
:106EB000FBF7AAFA0028EDDB9DF8073013F0030F6B
:106EC0000CBF01200020E9E73C6A00201FB5012229
:106ED0000B468DF80F0000920DF10F013920FBF7E2
:106EE00099FA05B05DF804FB07B502228DF804009D
:106EF0008DF80510392001A9FBF772FA03B05DF88F
:106F000004FB00000C2928BF0C2138B505460C46AF
:106F100001468120FFF7E8FF002802DA4FF0FF303A
:106F200038BDE721D420FFF7DFFF0028F6DB03217F
:106F3000D520FFF7D9FF0028F0DB2146C620FFF758
:106F4000D3FF0028EADB034B1D70034B00201C70AD
:106F5000E6E700BFE5050020E40500200C2828BF77
:106F60000C200123834000EE103ABAEEEF0A70477E
:106F700037B500241021BF208DF80740FFF7B4FF7C
:106F8000A04202DA002003B030BD0DF107015A2003
:106F9000FFF79CFF21460546BF20FFF7A5FF00280D
:106FA000F0DB35B99DF80700A0F181035842584144
:106FB000E9E72046E7E7F7B504460D4680200121C2
:106FC000FFF792FF00282CDB142600270DF10701A4
:106FD000BC208DF80770FFF779FF002821DB9DF8B2
:106FE0000730DB0704D50120F9F70AFF013EEDD198
:106FF0000A21DE20FFF778FF002812DB6021D6206F
:10700000FFF772FF00280CDB29462046FFF77AFFC6
:10701000002806DB4321802003B0BDE8F040FFF7E5
:1070200063BF4FF0FF3003B0F0BD000038B5104B28
:107030001B78834204460D4603D10E4B1B788B42CE
:1070400014D041218020FFF74FFF002802DA4FF0D3
:10705000FF3038BD29462046FFF754FF0028F6DBF5
:10706000BDE8384043218020FFF73EBF0020F0E715
:10707000E5050020E405002030B58FB0002304466C
:107080000DF10E0190208DF80E30FFF71FFF002844
:1070900003DA4FF0FF300FB030BD9DF80E305B06C5
:1070A000F7D594238DF80F3025230093012204ABEC
:1070B0000DF10F013920FBF7ADF90028E9DB234979
:1070C000A21E04F1160011F8013B0EAD05EB4303BF
:1070D00013F8265C13F8273C43EA052322F8023F05
:1070E0008242F0D1BDF819302383194B9FED197AF4
:1070F0001878FFF733FF184B84ED070A1B7801332C
:1071000007EE903A4FF47A725343F8EEE77A4FF66F
:10711000FF72934228BF134667EE877A9FED0F7A7E
:1071200063839DF9103067EE877A002BC4ED087AEF
:107130000ADB9DF80E3013F0180F14BF0123002353
:1071400084F824300020A6E70123F9E788CF02085D
:10715000E405002000007A44E505002009903A3655
:1071600037B5002504460DF10701E3208DF80750DF
:10717000FFF7ACFEA8421ADB9DF80730C3F34012BC
:107180002270C3F300126270C3F38002A270C3F3D3
:10719000C002E27003F00102C3F340032271637185
:1071A0003F21E320FFF7A0FE284603B030BD4FF09B
:1071B000FF30FAE71FB501220B468DF80F00009251
:1071C0000DF10F013920FBF725F905B05DF804FB3F
:1071D00007B502228DF804008DF80510392001A9A9
:1071E000FBF7FEF803B05DF804FB13B500240DF1C6
:1071F000070192208DF80740FFF7DCFF38B99DF8B2
:107200000700A0F15C035842584102B010BD20466F
:10721000FBE7000007B500218020FFF7D9FF002819
:1072200004DA4FF0FF3003B05DF804FB0421812045
:10723000FFF7CEFF0028F4DB00214020FFF7C8FF56
:107240000028EEDBE621DC20FFF7C2FF0028E8DBA8
:107250000721DD20FFF7BCFF0028E2DB00230DF152
:107260000501DF208DF80530FFF7A4FF0028D8DBEB
:107270009DF80510DF2001F00F01FFF7A9FF00289E
:10728000CFDB0DF10501E120FFF794FF0028C8DBFB
:107290009DF80510E12001F00F01FFF799FF00288C
:1072A000BFDB8821D420FFF793FF0028B9DB0B2137
:1072B000D520FFF78DFF0028B3DB8F218520FFF756
:1072C00087FF0028ADDB01218620FFF781FF002822
:1072D000A7DB00230DF1060181208DF80630FFF7B2
:1072E00069FF00289DDB9DF806301C4A03F00F0360
:1072F00013700DF107017F2308208DF80730FFF789
:1073000059FF00288DDB9DF80730DFED157ADFEDA2
:10731000156A07EE103AB8EE477A134B37EE677AE4
:107320000121C7EE267A8020B7EE007A77EE677AE1
:10733000DFED0E6AF4EEE67AF1EE10FAD8BFF0EE69
:10734000477AC3ED007AFFF743FF0028FFF669AFE5
:1073500003218020FFF73CFF65E700BFE605002022
:107360000000FE420000C842E8050020CDCC4C3DA4
:1073700070B586B0002304460DF10A019D208DF8FA
:107380000A30FFF717FF002803DA4FF0FF3006B08E
:1073900070BD94238DF80B3009230093012203ABB9
:1073A0000DF10B013920FBF735F80028EDDBBDF8B6
:1073B00011209DF814009DF80C609DF80A304FF6DE
:1073C000FD718A4200F00F0040D806F0080503F076
:1073D0000401294314BF01250025F1075EBF1C49A4
:1073E00009788A400D2828BF0D200121814007EE31
:1073F000102A07EE901A1749B8EE476A91ED007A05
:10740000FAEEEF7AC6EE076A4FF6FF718A4228BF9E
:107410000A4613F0400318BFC5F1010303F001034E
:107420002280237300209FED0C6AC4ED027A86EE61
:10743000277A9FED0A6ADFED0A7A66EE876A86EEA2
:10744000867A67EE277AC4ED017AA0E70125C4E7C2
:10745000E6050020E8050020000080449A99A54236
:107460000AD7233C10B5014686B004469220FFF7A8
:10747000A1FE002803DA4FF0FF3006B010BD611CFA
:107480009D20FFF797FE0028F5DB94238DF80B3045
:1074900009230093012203AB0DF10B013920FAF708
:1074A000B9FF0028E7DB9DF80C30A3709DF813307E
:1074B000E3709DF814302371611D8020FFF77AFE80
:1074C0000028D8DBA11D8120FFF774FE0028D2DB45
:1074D000E11D4020FFF76EFE0028CCDB04F108011F
:1074E000D420FFF767FE0028C5DB04F10901D52091
:1074F000FFF760FE0028BEDB04F10A01DC20FFF785
:1075000059FE0028B7DB04F10B01DD20FFF752FE26
:107510000028B0DB04F10C018520FFF74BFE0028AA
:10752000A9DB04F10D018620FFF744FE0028A2DB51
:1075300004F10E01DF20FFF73DFE00289BDB04F184
:107540000F01E120FFF736FEC01796E70A4B93EDD7
:10755000000AB5EEC00AF1EE10FAF7EE007A07DD88
:10756000B4EEE70AF1EE10FA88BFB0EE670A704792
:10757000B0EE670A704700BFF805002038B5044632
:1075800008460D46F9F7BEFBD4F80021824207D128
:107590002946204604F0D2FDB0FA80F0400938BDFB
:1075A0000020FCE7022870B5044615D0032828D037
:1075B000012830D11A4B1B787BB301F09BFB194E8D
:1075C000851E041D35F8022F31460320FCF7E8F82C
:1075D000A542F7D1002070BD00F08EFF124902468F
:1075E0000320FCF7DDF8114B11491A680320FCF762
:1075F000D7F800F0AFFF0F4902460320FCF7D0F8A0
:10760000E8E701F017FA01462046FCF75BF80A4B61
:107610000A491A78F1E70320DDE70520DBE700BF20
:10762000866A002094CF0208A9CF0208406A002091
:10763000C4CF0208E4CF0208EC05002000D0020805
:1076400037B5204C6846257801F008FB207020B142
:10765000D5B901F041FB20B125701B4B00221A70F7
:1076600012E001F067FB60B900F0C2FE00F0BCFE62
:107670004FF4507101F064FB134BB0FA80F04009F5
:1076800018702378002BE8D002F093F90F4D287082
:1076900020B10F490122002002F074F90D4A13783D
:1076A00063B9237803F0010313700B4A13783BB9D5
:1076B0002B7803F00103137003B030BD0123F1E711
:1076C0000123F6E7866A0020826A0020856A00208E
:1076D000EC050020846A0020836A002010B52DED9F
:1076E000028B0446B0EE408A01F0AAF938EE400A57
:1076F000BDEC028B2046BDE8104000F09BBE2DE99A
:10770000F0411546D708069A00EBD10603EBD208E4
:1077100041463A46304604F021FD15F007050BD0EE
:107720000124AC4018F80730E4B2621E1340F25D49
:10773000644222401343F355BDE8F0812DE9F04344
:1077400011F0070F079D07460E469C4604D107958A
:10775000BDE8F043FFF7D3BFAA184FF0010E9542E2
:1077600001D3BDE8F08305F0070806F00709C84516
:1077700041464FEAD50438BF4946C1F10801531BC1
:10778000F0081CF80440994228BF194644FA08F44E
:107790003B5C0EFA01F804FA09F408F1FF385C408A
:1077A00008FA09F804EA080463403B540D440E4407
:1077B000D5E72DE9F041D400A342069D94BFE41A19
:1077C000241BAC4205F1070228BF2C46D20898467C
:1077D00006460F46A2EBD402002100EBD40004F0D1
:1077E000D7FCCDF818803B46224630460021BDE844
:1077F000F041FFF7A3BF73B515461268D600072EF8
:107800008CBF0B7800230446C0F80031DB000093E6
:107810000823FFF7CEFFD4F80031DB000833B34272
:1078200028BF3346DB0800202B6002B070BD00008B
:10783000F0B51446ADF5097D1F460D4629B91AB1BC
:1078400000200DF5097DF0BD3A4D00220023CDE961
:107850000423E200282A4FF000062B4628BF2822E6
:10786000314604A80096FFF74AFF052C94BF231B5E
:10787000631F03AA691D06A80393FFF7BCFFB0426C
:10788000DEDB039A0096D2002F32D208944294BFD6
:10789000241BA41A1544E200102A2B4628BF1022EC
:1078A000314603A8ADF80C60FFF729FFBDF80C3096
:1078B0008793B3F5807FC3D8DB000093294647A8A0
:1078C00010232246FFF775FF1B49ADF80C6006A890
:1078D000FFF754FE18B90223ADF80C3016E0174B31
:1078E0001B780BB90523F7E701F018F90028F9D147
:1078F000879AB2B901F0E2F840B11623ADF80C3026
:1079000001F098F801460420FBF7DCFE002F97D029
:107910008E9BDB000F2B93D9BDF80C303B800220EF
:107920008FE7049892B247A901F0A8F80028EDD09B
:107930001B23D1E71ED402081AD00208856A002052
:1079400010B5C0E90023DDE90223C0E902239DF858
:10795000103003740446F9F75FFA1A4AD2E900328C
:10796000C01A194B61EB0201984271F100012CBF62
:1079700001230023637401F057F8A074FFF7E6FDBC
:1079800084ED050A01F08EFE104BDFED117A93EDC8
:10799000007AB5EEC07AF1EE10FAD6BFB2EE007AF8
:1079A00037EE670A30EE470A30EE270A84ED060A02
:1079B00000F0A8FD84ED070A01F0A0F984F820008A
:1079C00010BD00BF586A0020001C4E0E886A0020BF
:1079D000339388432DE9F04FDFF874B0194D9BF8CD
:1079E00000408FB017461E469DF86080D5E9002301
:1079F000824689463CB1B8F1000F1DD052EA03011E
:107A000014BF0124002404A8CDE900760294FFF7F6
:107A100097FF00F071FD88B104A800F0F1FE0A4B59
:107A20008BF80080C3E900A9084B0022C5E9007665
:107A30001A700FB0BDE8F08F4446E4E700F0DEFCBA
:107A4000EDE700BF686A0020606A00204C6A0020F1
:107A50004D6A0020F0B51446ADF5097D1D460E4671
:107A600029B91AB100200DF5097DF0BD2A4E00227A
:107A70000023CDE94423E200282A4FF0000728BF65
:107A800028223346394644A80097FFF738FE052CD4
:107A900094BF241B053C02AA711D46A80294FFF75F
:107AA000AAFEB842DEDB39464FF4847202A804F025
:107AB0006FFB1A4946A8FFF761FD08BB0223ADF82A
:107AC0000830002DCED08E9BDB00B3F5026FC9D3FA
:107AD000439CBDF808302B80B4F5807FC2D828467F
:107AE000BDF80C3120F8023FE40000230093224649
:107AF00003AB1021FFF703FE04F12000C008B2E73A
:107B000000F02EFD0028D9D044984FF4807203A9CC
:107B100000F02CFD4390D4E71ED402082FD00208B9
:107B20002DE9F0412DED028BA74CA84FD4ED000AB2
:107B300097ED000AA64DF2B004A800F033FD00282E
:107B400000F0EF80A34B4FF0000883F8008001F0B5
:107B5000A9FD4AAEA02241463046B0EE408A04F06C
:107B600017FBFBF78DFD049B4C93059B4D93069BE8
:107B70004E93079B4F93089B50936022099B519310
:107B8000CDE94A010AA952A804F034FB9FED927A8C
:107B900078EE077ACDED6A7AFFF7D8FC8F4B8DED42
:107BA0006B0AD3ED007A3B686D93F5EEC07AF1EE87
:107BB00010FAD6BFF2EE007A37EEC78A38EE678A3F
:107BC00023686E9338EE078A8DED6C8A01F096F883
:107BD0008DF8BC01F9F720F9814AD2E90032C01AC8
:107BE000804B61EB0201984271F100012CBF01232F
:107BF00000238DF8BD3100F017FF8DF8BE0100F0B5
:107C0000A9FC709000F0ACFC4C9BCDF893304D9BE0
:107C10008DF8C401CDF8973004464E9BCDF89B30CB
:107C200096E803004F9BCDF89F30509BADF8901025
:107C3000CDF8A330090C519B239000268DF89210AB
:107C4000CDF8A7304FF4407252AB0096F82123A82C
:107C5000FFF774FD6A9BCDF80B316B9BCDF80F31AC
:107C60006C9BCDF813316D9BCDF817316E9BCDF821
:107C70001B319DF8BE219DF8BC318DF81F319DF858
:107C8000BD318DF820311AB143F002038DF8203157
:107C9000709B0096CDE90236202202AB40F2A24151
:107CA00023A8FFF74BFD9DF82431002C36D043F07C
:107CB00004038DF8243100220023CDE902230023A0
:107CC0000093052202AB40F2C34123A8FFF736FD23
:107CD000992323AA444941F23000FBF7B9FC434BF6
:107CE0001A78A2B9BDF88820072A0CD8DDED047AED
:107CF000B1EE047A77EE877A9DED067AB4EEE77AF4
:107D0000F1EE10FA03DD01221A7000F011FC384B7D
:107D10002C781B789BB19CB901241BE003F0FB037A
:107D2000C7E72B78002BF2D0324B1B78002BEED01C
:107D3000284A1378FF2B1CBF01331370E7E74CB1BF
:107D40002C4B1B78002BE7D0224B1C78022C94BFC5
:107D500000240124284B1E78284B1B78B6B1B3B9F8
:107D60000125002C18BF02252846FBF79FFC244B59
:107D70001A78AA4205D01D7095B922490320FBF755
:107D8000A1FC72B0BDEC028BBDE8F08133B100F014
:107D90004BFE80F00105EDB20026E2E73546E0E754
:107DA000144B1B7883F0010344EA430400F03CFECB
:107DB00080F0010244EA8604D2B2134944EAC202C6
:107DC0000420FBF7EDFCDCE7F0050020F4050020C3
:107DD000866A0020816A002033938843886A0020E5
:107DE000586A0020001C4E0E806A00204C6A002059
:107DF000846A0020826A0020836A0020856A00204D
:107E00003D6A002040D0020855D00208F8B5012193
:107E10006F48FBF703FD6F48FBF74EFC6E496F4858
:107E20000122FBF7C5FF002840F0AD806C4904201B
:107E3000FBF748FC6B4A4FF496714FF4CC70FBF79C
:107E4000A3FB002840F0B88067490420FBF73AFC08
:107E5000FAF75EF96548FAF73FF9F8F7CBFFCC2857
:107E6000FBD9F8F7D9FF624D624B634CC3E90001BF
:107E7000FFF7E6FB2B785BB123784BB900F0B4FA3F
:107E80004FF4507100F05CFFB0FA80F040092070B0
:107E90005A4E33780BB100F079FD00F0AFFAF8F7E5
:107EA000BBFF574B574FC3E90001574BC3E90001D4
:107EB000564BC3E90001FBF7E3FB554BC3E9000157
:107EC000FBF7DEFB534A0023F8F77EFA524BC3E977
:107ED0000001FBF7D5FB514B084314BF01220022E0
:107EE0004F481A70F9F706FA4E4B287800280CBF55
:107EF00018463846F9F7FEF94B48F9F7FBF94B4AB3
:107F00004B4B207800280CBF10461846F9F7F2F9C1
:107F10004848F9F7EFF9484B307800280CBF18466D
:107F20003846F9F7E7F94548F9F7E4F900F082FD3A
:107F3000F9F7E0F94248F9F7DDF92478337864007D
:107F400044EA83042B781C4300F06EFD3D4944EA6B
:107F5000C0020320FBF724FC33784BB13A4B1A786C
:107F6000FF2A05D0042A03D038490420FBF718FC67
:107F70002B7863B300F058FD48BBBDE8F8403449A6
:107F80000320FBF79FBB334933480122FBF710FF67
:107F900000283FF44BAF314931480122FBF708FF7D
:107FA00000283FF443AF2F492F480122FBF700FF81
:107FB00000283FF43BAF3DE72C4A4FF4167140F2E6
:107FC0009910FBF7E1FA00283FF43EAF40E7F8BD17
:107FD00072D20208A5750208F805002091D00208A7
:107FE000BAD00208557A020876D10208801A060033
:107FF000866A0020586A0020826A0020856A002074
:10800000786A002094CA0208706A0020606A002022
:10801000686A002000879303506A00204D6A0020A0
:10802000ABD1020830CE0208BDD1020884D00208CC
:1080300088D00208CCD1020837CE0208D8D1020875
:108040001CD40208E6D10208EC05002016D2020872
:108050003FD20208886A0020EAD00208F405002016
:108060001ED10208F005002046D10208317802082E
:108070002DE9F0412DED028B8EB0F8F7CDFE0446D0
:108080000D4600F04BFD08B100F04EFD684B1B782B
:108090005BB3684B1B7843B301F0B4F901280CD1F2
:1080A00001F040FA48B101F047FA01F055FA002812
:1080B00063D0614A13680133136000F045FAA0B140
:1080C000FBF7DEFA07460E46FBF7DAFA084314BF61
:1080D00001230023029304A8CDE9007622462B4613
:1080E000FFF72EFC04A800F0EDFB544A544FD2E9F0
:1080F0000031E01A65EB010687424FF00000B04105
:1081000007D250481B1841F10001C2E90031FFF7C6
:1081100007FDFBF7B5FA50EA01030746884672D01F
:10812000494A0023F8F750F9484BD3E900628A42E4
:1081300008BF864209D0C3E90001012300933A46F3
:10814000434620462946FFF745FC414E3E49D6E9C5
:108150000023A21A65EB03038A4273F1000362D382
:1081600001F0F2F900285ED1C6E900450EB0BDEC81
:10817000028BBDE8F041FFF763BA01F093FA354A8C
:10818000354B1178B0EE408AC9B1D3ED007A70EE6C
:10819000677AF5EEC07AF1EE10FA09D5B8EE007AFA
:1081A000F4EEC77AF1EE10FA09D583ED008A80E784
:1081B000B0EE007AF4EEC77AF1EE10FAF5DC83ED5A
:1081C000008A01231370FFF7C1F9244B2448D3ED33
:1081D000000AF5EEC00AF1EE10FACBBFDFED217A0E
:1081E000F2EE000A70EEE70A78EE600A002101F074
:1081F0005FFA00287FF45DAF9FED1A0A38EE000A9F
:1082000000F058F959E7184B0F49D3E90023A21A97
:1082100065EB03038A4273F1000396D300230093B6
:10822000002200238DE70EB0BDEC028BBDE8F0818B
:10823000866A0020826A0020406A0020786A002056
:108240003F420F0040420F0000879303506A002016
:10825000706A0020446A0020486A0020886A002072
:10826000DD76020833938843606A00202DE9F04FE1
:108270002DED028B2B4F87B04FF0000A0DF118083F
:1082800007F140091FFA8AF6304600F03DFD58B16B
:108290000AF1010ABAF5407F07F10407F2D107B0ED
:1082A000BDEC028BBDE8F08F1F4A02AC4FEA561BB3
:1082B00002F1100C06F01F0623461068516825468F
:1082C00003C5083262452C46F7D19FED188A002578
:1082D0001A885A4492B2172A15D85C883444A4B23A
:1082E0001F2C10D804EB4214A4B22046019300F0D6
:1082F0000BFD019B38B109EB8404D4ED007A013504
:1083000038EE278AEDB204334345E1D1002DBFD0CA
:1083100007EE905AF8EE677A88EE277A87ED107AA2
:10832000B6E700BFA08E002028C2020800000000AF
:1083300038B5274C274B05462748C4E90003274B8F
:108340001B68A3602B7C002B3ED0D5E90030C4E92C
:1083500003302B7C002B39D0D5E90230C4E905303D
:10836000A18395F82030A3776B7C0AB143F0020318
:108370002A7C0AB943F00403AA7C0AB143F008033B
:10838000E37700F0B7FC0388238443886384838801
:10839000A3840023E3846B69A362AB69E362EB69A6
:1083A00023630F4B0122C4E90D23F8F7A7FD08480A
:1083B0003C21F8F7B1FD0B484FF47061F8F7ACFDC4
:1083C000F8F7B8FDE06338BD1846C0E71846C5E7C2
:1083D000A08E002001032018494750319C8E0020B8
:1083E0000AD7A33CE08E002000487047A08E0020F2
:1083F000014B00221A707047988E002010B54FF480
:10840000406422460021074803F0C2FE2246064887
:10841000002103F0BDFE054B00221A80044B002210
:108420001A6010BD98820020987600209476002073
:1084300090760020B0F5407F2FD2184B184A1B8849
:1084400002EB8002013392ED006A07EE903A70EE83
:10845000466AB8EEE77A134BC6EE877A03EB8003E1
:10846000810093ED007A77EE867AC2ED007A70EEA5
:10847000677AA7EEA67A83ED007A0B4B03EB8003B5
:10848000D3ED007A77EE807AC3ED007A074B1B7844
:108490001BB1074B0B4483ED000A70479476002014
:1084A0009882002098760020906A00208D6A002033
:1084B000E08E00200B4A1388013313800A4A138888
:1084C00001331380094BD3ED007A77EE807AC3ED48
:1084D000007A074B1A7822B100221A70054B01224C
:1084E0001A707047947600208E6A002090760020E3
:1084F0008D6A00208C6A0020014B1888704700BFED
:1085000094760020074B1B884BB107EE903A064B40
:10851000F8EE677A93ED007A87EE270A70479FEDB1
:10852000030A704794760020907600200000000037
:10853000034B01221A70034B00221A70704700BFD0
:108540008D6A00208C6A0020014B1878704700BFAC
:108550008C6A0020014B1868704700BF9C8E002079
:10856000014B1878704700BF988E002003460846DC
:108570000A49097810B579B168B1B3F5746F0BD2B7
:10858000C3F574649442064928BF14462246194430
:1085900003F030FEA0B210BD0020FCE7988E002052
:1085A000A08E00202DE9F04704462DED108BF0EE53
:1085B00040AAB0EE609A00285CD08E4F3D88002D16
:1085C00058D007EE905ADFED8C8A8C4EF8EE677A21
:1085D000F7EE00BA7C2200214FF000098BEEA7AA2B
:1085E000B24603F0D5FDA4F87A504D46B0EE68CA05
:1085F000B0EE68DAF0EE68CAB0EE68BA1FFA89F831
:10860000404600F081FB30B3DAED007A6AEE277A5B
:10861000ADB3F4EE4C7AF1EE10FAF4EE687A48BF9E
:10862000B0EE67CAF1EE10FAC8BFF0EE678A08F044
:108630001F033BEE27BA07EE903AF8EE677A4FEA4F
:1086400058187CEEA7CA07EE908AF8EE677A0135D3
:108650003DEE27DAADB209F10109B9F5407F0AF123
:10866000040ACBD185B965483D804FF44062294664
:1086700003F08EFD0020BDEC108BBDE8F087B0EE5E
:1086800067CAF0EE678AD2E707EE905AF8EE677A8B
:108690009FED598ADFF86491CBEEA7EA4FF000080E
:1086A000F0EE489A2BEE2EBA6CEEAECA2DEE2EDA14
:1086B000F0EE48BAB0EE48EAF0EE48DAB0EE48FA2A
:1086C000F1EE4BFA1FFA88F5284600F01DFB00B3C7
:1086D000D9ED007A05F01F0307EE103AF0EE6F6A4D
:1086E0006B09E7EE8A6A07EE903AB8EE477AF8EE41
:1086F000677A37EE6C7A77EECD7AA6EEA6FAE7EED9
:1087000007DAA7EEA7EAE7EE27BAE6EE879AA6EE23
:10871000A78A08F10108B8F5407F09F10409D1D111
:108720002FEE2E0A84ED00BA84ED01CAC4ED028A50
:1087300003F018FB6BEEEB7A84ED030AEDEE8E7A14
:10874000F5EE407AF1EE10FA17D068EE6B6AEEEEB5
:10875000296A69EEEB9A86EEA77AEDEE889AF3EE37
:108760000F6A27EE267A84ED047A89EEA77AF3EE73
:10877000077A67EE277AC4ED057A20EE2A0A4FF0D1
:108780000008B4EEC90AF1EE10FA58BFB0EE409AF4
:1087900039EE0B9A4FF001091FFA88F5284600F0D0
:1087A000B3FAB0B1D6ED007A6AEE277AF4EEC97A60
:1087B000F1EE10FA0DDD04EBD50305F007051A7E86
:1087C00009FA05F515431D76B4F878300133A4F89D
:1087D000783008F10108B8F5407F06F10406DBD1D6
:1087E0000021064839804FF4406203F0D1FC01209B
:1087F00041E700BF8E6A002000000000906A002060
:108800002DE9F047274B284F1E88DFF8B090DFF89E
:10881000B0A02DED028B9FED258A054607F6FF38A7
:10882000002404EB0903012E1B6847F8043B34D9EC
:1088300007EE906A04EB0A0393ED007AF8EE677A8C
:1088400087EE270AB5EEC00AF1EE10FAD8BF9FED09
:10885000180A03F087FA80EE080A03F037FBFF28B6
:108860001DD8C3B20434B4F5406F08F8013FD8D125
:10887000104CFFF7FBFC23682846013300223146E9
:108880002360FFF755FD0C4B01221A70FFF7B6FD70
:10889000BDEC028B2068BDE8F0870020E1E7FF23F4
:1088A000E0E700BF94760020E08E00200AD7A33CCA
:1088B000000000009C8E0020988E002098820020EE
:1088C0009876002038B54FF44072054600210B48D9
:1088D0000B4C03F05DFCFFF7C9FC0A4B00221A7039
:1088E000236801220133114628462360FFF720FD4B
:1088F000054B206801221A7038BD00BFE09A0020A5
:108900009C8E00208C6A0020988E002010B51D4C93
:108910001D4B22689A422BD1A28840F201139A4241
:1089200026D1E388B3F5407F22D1F8F7E7FA1C217E
:108930002046F8F7F1FA4FF4C06104F12000F8F78F
:10894000EBFAF8F7F7FAE369984214D100F0D2F99C
:10895000228903889A4211D1628943889A420DD1B3
:108960008388A2899A420CBF00206FF0020010BDDC
:108970004FF0FF30FBE76FF00100F8E76FF0020007
:10898000F5E700BFE89D00204947464670B51D4EFB
:108990000023337001F00DF818B31B4D4FF4C4647D
:1089A000202CC4F5C6602246294628BF202280B26A
:1089B00000F0E8FFC8B9203CA4B22035002CEFD16C
:1089C000FFF7A4FF431C14D038B1023015D00F4B71
:1089D0006FF004000E4A136070BD012333700D4B1D
:1089E000F8E70D4B4FF0FF30F4E70C4B6FF0010050
:1089F000F0E70B4B6FF00200ECE70A4B6FF003005F
:108A0000E8E700BFE49D0020E89D0020B8D20208FE
:108A1000FC050020B0D2020874D2020885D20208F8
:108A20009ED20208D0D20208014B1878704700BFCE
:108A3000E49D0020014B1868704700BFFC05002032
:108A40000A4B1B7873B1B0F5407F0BD2084BDFEDBA
:108A5000097A33F9103000EE103AB8EEC00A20EE71
:108A6000270A70479FED040A704700BFE49D00206D
:108A7000089E00200AD7233C0000000010B589B1F1
:108A80001418B4F5C46F0DD80AB9002010BD074BF7
:108A900000241C70064B074C1C60074B184403F065
:108AA000A9FBF2E74FF0FF30F0E700BFE49D0020A4
:108AB000FC050020DDD20208E89D002070B5FFF71C
:108AC00025FF0E4E044678B1431C0BD00C4D0D4BC8
:108AD00010F1020F18BF1D463560FFF757FF3560D4
:108AE000204670BD084DF7E7084B094D01221A706A
:108AF000084B1870084B1880F1E700BFFC050020F8
:108B00001CD30208B8D20208FBD20208E39D002061
:108B100029D30208E29D0020E09D0020014B187837
:108B2000704700BFE39D0020F8B5204F3B78ABB104
:108B30001F4D2B782BB100F071FF002834D000239B
:108B40002B701C4E3388B3F5C46F09D300233B70E0
:108B5000194B01221A70194B194A1A600120F8BDED
:108B600003F1100000F01F04C4F12004C3F5C46237
:108B7000A4B292B29442134928BF14462246194423
:108B800080B200F027FF50B10C4C0F4D2560002340
:108B90003B70FFF7FBFE25604FF0FF30DFE73388C7
:108BA0001C44012334802B700020D8E7E39D002073
:108BB000E29D0020E09D0020E49D0020FC050020B7
:108BC000B0D20208E89D00203AD3020801EB9201DE
:108BD00002F0030230F811009200104140F303004C
:108BE0007047B7EE000A03F0DBB830B585B053002C
:108BF00040BA0C461546ADF80C00009302220B4615
:108C0000332003A9F9F706FC90B92346024691B236
:108C10008D4203F1020301D805B030BD13F8024CB8
:108C200013F8011C41EA042123F8021C0132EEE78B
:108C30004FF0FF30F0E70000B5EEC00AF1EE10FA99
:108C400008B505DD03F08EF8BDE8084003F08AB8EA
:108C50009FED010A08BD00BF000000001FB50446DB
:108C60000322694642F20740FFF7BFFF10B1002020
:108C700004B010BD032202A942F20740FFF7B5FF7E
:108C80000028F4D1062202A9684603F057FA00280A
:108C9000EDD1BDF80030013B9BB24FF6FD7293421F
:108CA0000BD9BDF80230013B9BB2934205D9BDF808
:108CB0000430013B9BB29342D9D8064A0098BDF8D4
:108CC0000430106093800CB90120D1E72060A380AC
:108CD000FAE700BFAAAA002007B50422044B0193BB
:108CE0000DEB02013320F9F77BFB03B05DF804FBC9
:108CF000800D1E0100487047AAAA0020014B187879
:108D0000704700BFA1AA002010B5084B084A1C7884
:108D10000023D9B28C4201D8012010BD32F8021BC9
:108D2000814203F10103F4D10020F6E7A1AA00205B
:108D3000A2AA0020014B1878704700BFB0AA0020FB
:108D40002DE9F04F2DED048B044693B0002800F080
:108D5000EC80B1F5507FC0F0E8807D4B00221A70A6
:108D6000074680464FF450764FF6C079802EC6F500
:108D70001D503246414628BF802280B2FFF735FFA2
:108D80000546002840F0D480803EB6B24E4508F536
:108D90008078EBD1228804F27E6337F8021F91427B
:108DA00040F0E080BB42F8D16FF00205284613B0D6
:108DB000BDEC048BBDE8F08F09F1010900E31F2F22
:108DC00040F00F837842FFF70CFF624B0999624A2B
:108DD00000261E70614B82ED000A1E70012303FA0B
:108DE00001F189B20991089903FA01F189B20A9156
:108DF0000B998B409BB20B93A2F6087302936FF40E
:108E00004073D3180893039AB3B232F802AF0D93AC
:108E100006F01F03039218211A462046FFF7D6FEDC
:108E2000099AC6F34A1B10FB02F812215A46204643
:108E3000FFF7CCFE4FEA9A220B9982F02002203AEB
:108E400012FB01F20C99A1F500410A441FFA88F8BF
:108E500090440A9A10FB0280029A2221A2F8080686
:108E60005A462046FFF7B2FE059A00FA02F8049A25
:108E70002821904420461A46FFF7A8FE07994AF396
:108E800005128A400699884040440244002AC8BF1F
:108E900042FA09F202990198CCBF92B200225B001B
:108EA00021F8022F03F002034AF342020BF0010BF8
:108EB00007EE902A43EA0B0312AA02EB830313ED99
:108EC000048A0291F8EEE77AA8EEA78AFFF789FEF6
:108ED000384628EE008AFFF784FE20EE080A02F0EA
:108EE000F5FF089B03F8010F0893BAF1000F02D0B9
:108EF0001AF0010F0DD017490B78032B9FBF5A1C96
:108F00000A70174A0D9989BF144A22F813100123D9
:108F100013700136B6F5407F7FF475AF0F4B1B78A9
:108F200093B90B4B01221A7040E74FF0FF353DE734
:108F30006FF001053AE76FF0030537E76FF00405BE
:108F400034E76FF0050531E76FF006052EE700BF47
:108F5000B0AA0020A1AA002028BA0020A0AA0020C0
:108F6000A2AA0020E548E3890380218A628A418021
:108F7000013B82809BB24FF6FD70834207D90139D5
:108F800089B2814203D9013A92B28242D3D8B4F86D
:108F90006620DFF87CB3B4F82080130A83F08003E6
:108FA000803BD2B25B01A2F5007207EE903A52010B
:108FB000B4F8643007EE102A9A0AB8EEC77A82F045
:108FC0002002203A8BED017A07EE102ABAEECA7A17
:108FD00043F309038BED027A07EE103AB4F96230DD
:108FE000B4F8782006EE903A4FEA183306EE103ABD
:108FF000F8EEE66AB8EE466AB4F96030CBED046A82
:10900000F5EE005AF2EE006AE6EE256A06EE103A38
:10901000130A83F08003803BCBED056A06EE903A9D
:10902000FAEEE96A52B2B8EEC66ACBED076A06EE0E
:10903000902AF8EEE77ABAEEEE7AFAEEED6AB5EE3D
:10904000406AF1EE10FACBED007A8BED037A8BEDEE
:10905000066ACBED1A6A3FF471AFB5EE407AF1EED5
:1090600010FA3FF46BAFF5EE407AF1EE10FA3FF4F0
:1090700065AFB4F87E000A23C0F301325A43A04B17
:10908000CBF830300023CBF83430C0F30313534314
:1090900007EE903AC0F30323534308EE103AB8EEBC
:1090A000E79AB8EEC88A6FF0070138EE098A00F037
:1090B0000F00081A8BED0F8A8BED0E9AFFF791FDCA
:1090C000B4F87A3094F97A20B4F87060B4F87290F9
:1090D0001B0A83F08003803B07EE903AB4F87C30A3
:1090E0001B0A06EE102A83F0800394F97C20803B53
:1090F00006EE902A07EE103AB8EEC66AB8EEC77AC6
:10910000F8EEE77AF8EEE66A26EE006A66EE806A26
:10911000F7EE008A67EE807A27EE000A9FED797AF3
:10912000CBED097AF0EE685AE6EE075A06F00F0327
:10913000029338EE498A88EEA57AC6F301338BF89C
:109140006C30B4F84070C9F309036FF01A0089F469
:109150000049A0EB17304FEA9929A9F120094FEAFD
:10916000173A8BED0B0A8BED107AB0EE687AA9EE08
:10917000277AF0EE687AE6EE887A00EE103A8BED08
:10918000127A27EE277A8BED086ACBED0A6AB8EEE1
:10919000408ACBED118A8BED137AFFF722FDB4F8EC
:1091A00074309FED597A07EE909A43F309029B0AB7
:1091B000F8EEE77A83F02003203BE7EE878AC6F3D8
:1091C0000329C9F1000907EE102A07EE903AB4F816
:1091D00076300193B8EEC77AF8EEE77A180A77EEA0
:1091E000877A28EE000A80F0800080388BED140A20
:1091F000CBED177A20EE280A07EE900A4846B8EE23
:10920000E78A8BED167A8BED150AFFF7EAFC019BD6
:10921000C6F303125BB26FF0070128EE008A07EE77
:10922000903A8B1A18468BED198A0193B8EEE78AAB
:10923000FFF7D7FC28EE008A0BF678728BED188AC0
:109240004FF00C0BB4F86830039243FA0BF343F37E
:10925000030307EE903A4846B8EEE78AFFF7C1FCF1
:10926000ABF1040B28EE008A039A1BF1040FA2EC69
:10927000018AE7D10EA90022C2F346033633D00794
:1092800034F8133054BF1B0ADBB283F08003803BF9
:1092900007EE903A0132F8EEE77A042AE1EC017A1F
:1092A000EAD1638C029A9FED199A83F400430C93E0
:1092B000C8F303230893C8F30313099308F00F03BB
:1092C0000B93B4F8423004930AF11E030A93C7F3D8
:1092D00003230593C7F30313069307F00F030793C4
:1092E0000123934007EE903A4FF0000804F17E030B
:1092F000F8EEE78A03939A460EE000BFAAAA002080
:10930000000020C2000020420000003C00000000DD
:10931000B4AA00200000FE42C146C9F34A173A46EB
:1093200022212046FFF752FC059A3AF8026F00FA14
:1093300002FB049A09F01F03934428211A46204691
:10934000FFF744FC079946F305128A4006998840C6
:10935000584402445B00904546F3420603F0020382
:1093600007F00107B8BF904607EE906A12AA3B4388
:1093700002EB8303F8EEE77A13ED040A0198A7EEF7
:10938000A80A09F10109B0EE408AFFF72AFC28EE8D
:10939000000AB5EEC00AF1EE10FA48BFB1EE400A7D
:1093A000B4EE490AF1EE10FAC8BFB0EE409AB9F532
:1093B000407FB2D1B8F1000F3FF4C3AD4FF00009C8
:1093C00048FA09F3B3F5803FBFF6F6AC0A9B1FEDF0
:1093D0002F8AA9EB0300FFF704FC094B002783ED5C
:1093E000000A3E4601373846FFF7FBFB20EE090A2C
:1093F000B4EEC80AF1EE10FA3FF5E1AC3746E1E40D
:1094000024B1002073B53F4D2B78FBB1012B4ED01A
:1094100000233D492B70012248F20D00FFF7E5FBC8
:10942000002865D1012201A94FF40040FFF7DDFBC0
:10943000002860D1BDF804301B075FD4334B344A99
:109440001B7803F001030120D05428E0314CF7F7DA
:10945000D1FC2368C01A002820DBF7F7CBFC0530CD
:10946000206001220DF102014FF40040FFF7BDFB27
:10947000B8B9BDF802301A0710D5244A03F0070323
:1094800013700422244B01930DEB02013320F8F7F3
:10949000A7FF48B9214B188001232B70002002B090
:1094A00070BD4FF0FF30FAE76FF00100F7E71B4E99
:1094B0001B493388C3F55074A4B2802C28BF802484
:1094C00003F58060224601EB430180B2FFF78DFB7C
:1094D00020B100232B706FF00200E0E733881C44BA
:1094E000A4B2B4F5507F3480D9D302232B70D6E7D1
:1094F0006FF00300D3E76FF00400D0E76FF00500D2
:10950000CDE700BF1AA400201EA400201DA4002047
:109510001BA4002014A400208000003018A4002008
:1095200020A40020034B187800B1587800F0010007
:10953000704700BF1BA40020024B00221A705A7013
:10954000704700BF1BA40020024B1878003818BFDA
:10955000012070471AA40020474B1B7810B5002B40
:109560007AD0464B464C1B8894F86C00C3F3812399
:10957000C01AFFF736FB434B94ED017AB3F954263A
:10958000D4ED006ADFED405A94ED056A07EE902AAB
:10959000F8EEE77A3D4A97EE807AC7EE267A77EEC4
:1095A000A57AC2ED007AB3F9402606EE902AB3F907
:1095B000002607EE102AF8EEE66AB8EEC77AA6EEA5
:1095C000267AB5EE407AF1EE10FA48D086EE876A38
:1095D0009FED2F7A77EEE57A66EE076A94ED026AE0
:1095E000B7EE007AA6EE277AB5EE407AF1EE10FAE1
:1095F00038D0C6EE877A274A94ED047AD4ED036A10
:1096000037EEC77AC7EE267AB3EE097A77EE877A15
:10961000C2ED007AB3F81426B3F9143607EE103A07
:10962000B8EEC77A0AB394ED066A1B4BC6EE076A1A
:109630009FED1A7AC3ED006AF4EEC77AF1EE10FAE4
:1096400016D49FED177AF4EEC77AF1EE10FACCBF7C
:109650006FF00400002010BD4FF0FF30FBE76FF00B
:109660000100F8E76FF00200F5E76FF00300F2E7A2
:109670006FF00400EFE700BFB0AA00201EA4002096
:10968000B4AA002020A40020333353400CA40020AF
:109690000000804810A4002008A40020000034C26C
:1096A0000000B442014B93ED000A704710A4002063
:1096B0002DE9F04F2DED0C8BA94B87B01B78019055
:1096C000F0EE40CA0391002B00F04681002800F024
:1096D0004381B5EEC00AF1EE10FAB7EE00CA40F2CF
:1096E0003181B4EE4C0AF1EE10FAC8BFF0EE4CCA6C
:1096F0009C4B9D4ED3ED007A9C4B9FED9D7A93ED54
:1097000000AAD6ED186A9B4DD6ED194AB5F9103668
:10971000DFF86C929FED989A99ED005ADFED97BAB9
:10972000F3EE099A77EEE99AB0EE4C6AA9EEA66AD2
:1097300006F16C0706F673483AEE47AAF0EE4C6A5B
:10974000EAEE246A002406F6747A96ED167A05EE9F
:10975000903A27EE067AF8EEE55A26EEC77AB5F982
:109760005036A5EE857A06F5CE6BD6ED175A8DEDFF
:10977000047A70EE898A07EE103A26EE256A68EEC2
:10978000A88A77EE897AB8EEC77A68EEA88A66EE7C
:10979000C66A67EEA77AE5EE076AB0EE687AA7EECA
:1097A000E77AF0EE4CAAC7EE2C7AB0EE4CBA78EE1F
:1097B000E78AD6ED077ACDED056AE7EEA9AAD6EDE0
:1097C000097AA7EEC9BAA3B2029335F9023BDAEDE2
:1097D000005A99ED006AD6ED09DA06EE903AB7F92B
:1097E000083607EE103A18F9013F07EE903AF8EE06
:1097F000E77AC4F34A1067EEA57A04F01F0280EA04
:109800000201F0EE4C5A5200E7EEA95A00F00100B6
:1098100002F002020243B8EEC77A02F2DE3206EB31
:10982000820227EE257AD2ED005AF0EE4C7AE5EE70
:109830008A7A01F0010106ABF8EEE66A67EEC77AB4
:1098400003EB8102E6EE867A37F8023F96ED1A7A4C
:1098500087EEACDA06EB810152ED027A91ED148AC3
:10986000A7EE67DA07EE903A28EE478AF8EE677AB5
:109870009BED007AA7EE878A28EE2A8A68EE087A9E
:1098800067EE887A28EE270A20EE280AADEE270A2E
:10989000FFF7D2F96BEE087AEDEE807AF5EEC07A3A
:1098A000F1EE10FA55DD8DEE270A30EE280AFFF7AB
:1098B000C3F996ED0D7A30EE490AB4EEC07AF1EEB6
:1098C00010FA42DC96ED0E7AB4EEC07AF1EE10FAA0
:1098D0003DDC96ED0F7AB4EEC07AF1EE10FACCBF13
:1098E0000222032206EB820191ED107A91ED086AC3
:1098F00028EE078A91ED0C7A30EE477AF0EE4C6A4A
:10990000E6EE076A28EE268AB5EEC08AF1EE10FA76
:1099100007DD8DEE080A30EE280AFFF78DF930EEEC
:10992000490ADDE90130039930EE090A013498470C
:10993000B4F5407F7FF447AF002007B0BDEC0C8B3F
:10994000BDE8F08FF0EE4CCAD2E60022CAE7012251
:10995000C8E7B0EE6B0AE4E74FF0FF30EDE700BF79
:10996000B0AA002010A40020B4AA00200CA400205B
:109970003333534020A4002033938843339388C368
:1099800008A400201FB50B4681B17AB18118B1F54A
:10999000005F0BD840BAADF80C00009203A9022278
:1099A0005020F8F737FD05B05DF804FB4FF0FF30AD
:1099B000F9E707B55020F8F703FD40B101220DF19A
:1099C00007010020FFF7DEFFB0FA80F0400903B086
:1099D0005DF804FB10B514468AB0C9B1531E1F2BA5
:1099E00016D88318B3F5005F12D800F01F03134494
:1099F000202B10D840BAADF804000DF1060002F09B
:109A0000F9FBA21C01A95020F8F7EAFC0AB010BD2E
:109A10004FF0FF30FAE76FF00100F7E75020F8F75A
:109A2000CFBC000037B514461D4600220023CDE907
:109A30000023134B03EBC00253F83030526813433A
:109A400002D1002003B030BD06996A4601F098FAB1
:109A50000028F6D0009BDFED0B7AE41A019B65EB42
:109A60000305094B93ED067A67EE277A17EE900A05
:109A7000F6F7C2FCA042A9412CBF01200020E1E77B
:109A800068BC002000247449140600202DE9F04D24
:109A90003B4EDFF8FCA02DED048BB0EE609AD6EDC6
:109AA000000A04460F46B0EE418A1546984601F07A
:109AB00031F804F1200BDDE90C23D6ED010A5846FC
:109AC000F0EE408A01F056F8637C002B41D19AF801
:109AD0000030002B3DD1002D3BD1B8F1000F38D123
:109AE000284B1B78ABBB5FB196ED021ADFED267AEF
:109AF000F0EE400A21EE271A94ED050A01F01EF857
:109B0000DDE90C2384ED050A584601F065F8D4ED33
:109B1000057A9AF80030F5EE407AF1EE10FAC8BFF7
:109B2000B0EE498A67EE887AC4ED067A0BBB15BBA6
:109B3000F5EE408AF1EE10FAF5EE407A0CD1F1EE36
:109B400010FA14BF012300232377BDEC048BBDE87A
:109B5000F08D9FED0E0AD3E7F1EE10FA0DD0F7EE7F
:109B6000007AB4EEE78AF1EE10FA4CBF032301232A
:109B7000EAE70523E8E70423E6E70223E4E700BF7A
:109B800030060020A8BA0020CDCCCC3D000000005B
:109B9000E1BA00200F4B58631A6822F002021A60E3
:109BA0009A6842F080429A600B4A1968890704D487
:109BB000013AFAD1BFEE000A7047DB6CDFED077A9D
:109BC000C3F30B0300EE103AB8EEC00A20EE270AEA
:109BD000704700BF00200140A08601006740533A53
:109BE0002DE9F0472DED048B01288AB007D002281B
:109BF0004FD003200AB0BDEC048BBDE8F0873E4E89
:109C00003E4932683E4C3F4F0320F9F7C9FD4FF003
:109C100000083368434501D80020EBE73A4B6A4619
:109C200003F1100E1546186859689446ACE8030015
:109C3000083373456246F6D11822002104A802F0C9
:109C4000A7FA2846F7F75EF82844D4E900A900F1FE
:109C5000FF3E08343C22C2F1200CA2F120012AFA76
:109C600002F309FA0CFC43EA0C0329FA01F10B4355
:109C700003F00F03043AFB5C0EF8013F131DEAD119
:109C80000023037429460320F9F71CFD08F101089D
:109C9000BFE70E20FFF77EFF0F20B0EE407AFFF700
:109CA00079FFB5EEC07AF1EE10FAB0EE408A21D419
:109CB000B5EEC00AF1EE10FA1CD49FED149ADFED58
:109CC000148A144927EE097A032027EE287AFCEE3D
:109CD000C77A17EE902AF9F763FD28EE098A0E4934
:109CE00028EE288A0320FCEEC87A17EE902AF9F7AE
:109CF00057FD91E701207DE760BA002056D30208A6
:109D000068BA002052D5020838C20208CF6F193F46
:109D100000007A4479D302088CD302082DE9F0417F
:109D20001546D708069A00EBD10603EBD208414648
:109D30003A46304602F012FA15F007050BD001241E
:109D4000AC4018F80730E4B2621E1340F25D644282
:109D500022401343F355BDE8F081000010B5144BC9
:109D60001B782DED028B0446B0EE408A4BB9114BA7
:109D700003EB8003D3ED007AF4EE407AF1EE10FAB3
:109D80000CD0B0EE480A204600F0CAFF0A4A40B99B
:109D9000084B107003EB840383ED008ABDEC028B4B
:109DA00010BD1378FF2B1CBF01331370F6E700BF03
:109DB00000060020ACBA0020A9BA002005282DE931
:109DC000FF4781460D4609D1364B93ED007AF6EEFA
:109DD000007AB4EEE77AF1EE10FA60DD15B9002AE8
:109DE0005DD1314DD400102C26464FF0000A28BF1B
:109DF00010262B463246514603A8CDF800A0ADF8F8
:109E00000CA0FFF78BFFBDF80C80284BDFED287A04
:109E1000CDF80CA003EA483307EE103A67EE277A34
:109E20009FED247A17EE907AF4EEC77AA21BF1EE3A
:109E300010FAA8BF47F0FF471023202A28BF20228E
:109E4000009300212B4603A8FFF768FF302C94BF36
:109E5000221BA4F13002102A4FF03003009328BFD8
:109E600010222B46002103A8134C039EADF80CA032
:109E7000FFF754FF4FEA084304EB891403F0004353
:109E80003B43BDF80C5023606660F6F7C5FF4FF406
:109E90007A73E3FB0501C4E902010123237404B0D2
:109EA000BDE8F087080600201ED4020800E0FF0F7E
:109EB0000000807700008047E8BA00200520FFF707
:109EC0007DBF0420FFF77ABF0320FFF777BF022092
:109ED000FFF774BF0120FFF771BF0020FFF76EBFCF
:109EE0002DE9F0470B216248624DF9F797FC624873
:109EF000F9F7E2FB614962480322F9F759FF61492A
:109F000061480722F9F754FF604961480222F9F7D6
:109F10004FFF604960480322F9F74AFF5F496048F4
:109F20000122F9F745FF5F495F480422F9F764FF12
:109F300044F62060F8F774FCF8F7EAF800F0B1FE98
:109F4000003818BF0120594B2870012258481A7058
:109F5000F7F7D0F9574A00200326116813790C68E7
:109F60005B0006FA03F324EA03040C60CC680130BA
:109F700024EA03030428CB6002F10802EDD14E4B22
:109F80004E4E1A684E4FDFF86091DFF808A122F4B8
:109F900040621A60DA6822F44062DA6003F56053C6
:109FA00000241A6B42F004021A635A6C42F4807265
:109FB0005A64444A5B6C136843F470631360A2F5FF
:109FC00065424FF00108536823F4403343F4803373
:109FD00053603D4BDA6842F47C32DA60DC629A68A6
:109FE00042F001029A60F8F70FFB08213748F8F7B2
:109FF0008BFB30602B4800F0E9FE384600F0B1FDE5
:10A00000052C07F80F8C08D19AED007AF6EE007A4D
:10A01000B4EEE77AF1EE10FA08DD04F5885010305E
:10A0200059F82420102180B2F9F7E0FA0134062C07
:10A0300007F14007E1D1F6F7EFFE254B3268C3E99F
:10A040000001244BC3E90001234BC3E90001234B6A
:10A05000C3E9000122490320F9F7A2FB2B782BB1B9
:10A06000BDE8F0471F490520F9F72CBBBDE8F08794
:10A0700064D50208A8BA0020E19B0208300600203F
:10A080009FD3020814060020A9D3020888BC002030
:10A09000B5D3020808060020BDD30208040600203C
:10A0A000C7D3020868BC0020D6D3020800060020EF
:10A0B000E1D3020894D502080000024060BA0020F3
:10A0C00008BB0020000802400020014068BA0020C0
:10A0D00058BA002050BA002048BA0020D0BA002058
:10A0E0001FD402083ED402087CD502082DE9F04FA7
:10A0F0002DED068B8DB000F079FEF6F78DFE0E4645
:10A10000C549DFF848C30546D1E90020AF1A66EB20
:10A1100000040023BC4573EB040480F00D83BF4CA6
:10A12000121940F10000C1E90020BD491A4601247E
:10A1300008680769087904FA00F0384204BF04FA95
:10A1400002F0034302F1010208BFDBB2042A01F16D
:10A150000801EDD1B34ADFF8F892117889F80030A0
:10A160000B431370B04B1B699B065EBFAF4B0122C4
:10A170001A70AF4B00221C46197C002900F0328176
:10A18000D3E90201854276EB01012CBF01210021B8
:10A190000132062A597403F14003EDD19FEDAF8AD5
:10A1A000DFF8B0A28DED048A04AB00932A46334653
:10A1B00000208DED058A8DED088AFFF733FC05AB95
:10A1C00000932A46334680460120FFF72BFC08AB5C
:10A1D000009307462A4633460220FFF723FC8346B6
:10A1E000B8F1000F0CD09348DAED021A9AED011A7B
:10A1F000DAED000A9DED040A00F004FDB0EE408A9D
:10A20000637CDAED059A002B40F0EE8094ED000AB5
:10A21000B7EE001AFFEE000A00F05EFCF0EE408A96
:10A22000D4ED017A9FED849ADAED030AB0EEE77A75
:10A23000B4EE497AF1EE10FA06D8F4EE670AF1EEC0
:10A2400010FA48BFF0EE670A002F00F0D0809DEDB5
:10A25000050AB0EE691A00F0F9FC99F8002012F036
:10A26000070228EE001A18BF0122B8F1000F00F013
:10A27000C18087F00103DBB203F00103CDE9005692
:10A280006B48F0EE480A0121B0EE680AFFF7FEFBCA
:10A2900094F85130002B40F0AF80DFED700A94ED60
:10A2A000100AB7EE001A00F017FC644F84ED160A8E
:10A2B0003B78002B40F0A380B5EEC00AF1EE10FA17
:10A2C000CCBF0123002384F85C3094F89130002B3C
:10A2D00040F09780DFED610A94ED200AB7EE001A96
:10A2E00000F0FAFBF0EE408AD4ED217ADAED040AB0
:10A2F000B0EEE7AAB4EE49AAF1EE10FA06D8F4EEF1
:10A30000607AF1EE10FAC8BFF0EE670ABBF1000FF9
:10A310007AD09DED080AB0EE691A00F097FC99F822
:10A32000002012F00F0268EE000A18BF0122B8F1F7
:10A33000000F6CD0BBF1000F69D0B4EE49AAF1EE6A
:10A3400010FA8CBF01230023CDE900569FED431A7C
:10A350003B480121B0EE680AFFF798FB94F81131F1
:10A3600094ED469A002B54D1DFED3C0A94ED400A5F
:10A37000B7EE001A00F0B0FBF0EE408ADFF8D8A08C
:10A38000DFED309ADAED007AF4EEE87AF1EE10FAC9
:10A3900000F31D83B5EEC09AF1EE10FAF5EEC08A17
:10A3A0005EDCF1EE10FA5EDDDAED017AF5EEC07AF0
:10A3B000F1EE10FA0CDD67EEA97ADFF88CB017EE3B
:10A3C000900AF6F719F8401946EB0101CBE90001B4
:10A3D0001D4BD3E90023954276EB030343D2F7EEFE
:10A3E000008A40E00121D3E6DFED1C8A18E79FEDEB
:10A3F0001B0A32E701233FE7B7EE000A55E70223C5
:10A4000061E7DFED168A6FE79FED140A87E7012306
:10A410009AE7F7EE008AB1E758BA0020A08601005B
:10A4200094D50208E2BA002000000240E1BA002000
:10A43000E8BA0020E0BA0020FFFF7F7FA8BA002022
:10A4400068BB002000247449D8BA00209F86010010
:10A45000E3BA00201406002088BC002000000000A1
:10A46000F1EE10FAB4DC3B78C4ED468A002B40F0E4
:10A47000B182F5EEC08AF1EE10FACCBF01230023C1
:10A4800084F81C3194F8D130002B40F0A5825FEDA8
:10A490000D0A94ED300AB7EE001A00F01DFB9AED9C
:10A4A000007AD4ED467AB5EEC07AF1EE10FA40F3B8
:10A4B0009682F4EEC77AF1EE10FA4CBF0123002326
:10A4C00099F800201FED1B1AD948DFF89CB3B8F1AA
:10A4D000000F08BF012312F00F02CDE9005618BF8C
:10A4E0000122F0EE480A0021FFF7D0FA94F851312A
:10A4F000002B40F07C829BED007AF6EE007AB4EE01
:10A50000E77AF1EE10FA40F37282DFEDCA0A94EDB9
:10A51000500AB7EE001A00F0DFFAF0EE408AD4EDF0
:10A52000467A9BED018A9FEDC39ADFF84083F5EEF2
:10A53000C07AF1EE10FAD4BF4FF0010A4FF0000AD2
:10A54000B5EEC08ABAF1000F08BFB0EE689AF1EE1E
:10A5500010FAD8E90032D8BFB7EE008A68EE297A3F
:10A56000EB1A17EE900A84ED569A66EB02090393F4
:10A57000F5F742FF039B9BED027A834279EB0101E1
:10A5800069EE087A28BFC8E90056F4EE477A9FEDD5
:10A59000A97ADFF8DC92F1EE10FAD8E9002348BF7F
:10A5A000F0EE477A67EEA97AB5EB020B17EE900A48
:10A5B00066EB0308F5F720FF834578EB010834BF0D
:10A5C0000123002389F80030BAF1000F05D0F5EE21
:10A5D000C08AF1EE10FA00F30D82B5EEC09AF1EEEA
:10A5E00010FACCBF0123002394ED068A9FED919AC7
:10A5F00084F85C31B5EE408AF7EE007AF1EE10FA9D
:10A6000018BFB0EE679AB0EE490A012094ED26AA71
:10A61000D4ED369ADFED87AAF8F798F9B5EEC08A3F
:10A62000F1EE10FA4CBFB1EE480AB0EE480A032032
:10A63000F8F78CF9B4EE6AAAF1EE10FAF7EE008A98
:10A6400014BFB0EE680AB0EE6A0A0220F8F77EF98D
:10A65000B0EE4A0A0420F8F779F93B78002B6BD169
:10A66000754BB4EEEA8AF1EE10FAD3ED007A40F3BE
:10A67000C381B6EE007AF4EEC77AF1EE10FAD4BFD9
:10A68000B0EE6A0AB0EE680A0420FFF767FBDFED60
:10A6900069AAB0EE690A0720FFF760FBF4EE6A9A38
:10A6A000F1EE10FAB7EE008A14BFB0EE480AB0EE31
:10A6B0006A0A0120FFF752FBB0EE490A0520FFF7B6
:10A6C0004DFBB4EE6AAAF1EE10FA40F0A381F4EE6D
:10A6D0006A9AF1EE10FA14BFB0EE480AB0EE6A0AB8
:10A6E000564C0620FFF73AFB94ED160A002038EE90
:10A6F000C00AFFF733FB94ED460A022038EEC00A89
:10A70000FFF72CFB99F800309FED4A0A002BF7EE7B
:10A71000007A18BFB0EE670A0320FFF71FFB484B13
:10A7200000221A70474B1B78022B05D9012346499A
:10A730003B700520F8F7C6FF444ADFF838C1D2E97C
:10A740000031EC1A66EB01000027A44577EB00000E
:10A7500016D23F483F4C1B1841F10001C2E90031BD
:10A7600000F0BFFA012840F05881237843B1354BFF
:10A7700039491F70324B277018700320F8F7A2FF79
:10A78000364ADFF8F0C0D2E90031EF1A66EB01007B
:10A790000024BC4574EB000080F079812C48DFF880
:10A7A000D8809FED248ADFF8D4A01B1841F1000166
:10A7B000C2E9003127460DF11009CDF800902A4674
:10A7C000334638468DED048AFFF72CF9002800F057
:10A7D0003C81DDF810B0F8F753FFCDE90801DDE961
:10A7E00008010590ADF8181007F58850090C8DF890
:10A7F0001A100B2305AA0AEB070180B2CDF81BB093
:10A80000F8F726FF0137042F08F10808D5D1144DB9
:10A810009FED148A0026052E36D1134B93ED007A56
:10A82000F6EE007AB4EEE77AF1EE10FA7EDD2BE078
:10A83000A8BB00200000000004060020E8BA0020A9
:10A8400000060020A9BA00205BD4020848BA002004
:10A8500040420F00A8BA0020A3D4020850BA00203A
:10A8600020BB0020FFFF7F7F08060020D0BA002019
:10A87000CCBA00203F420F0068BC00203FBA002045
:10A8800000E07FC700E07F47F8F7FAFECDE9080156
:10A8900055ED087A15F81CCC15F8277CDDE9080180
:10A8A000B0EEE77AB4EE487AADF81810F1EE10FA8F
:10A8B0004FEA114105908DF81A1010D81FED107A4B
:10A8C000F4EEC77AF1EE10FA00F1C5801FED137AAD
:10A8D000F4EE477AF1EE10FAC8BFF0EE477A17EEC1
:10A8E000902A22F00043B3F1FF4FC0F0B780C2F3CB
:10A8F0001601002940F0C680B3F1FF4F47F6FF7301
:10A9000008BF4FF4F843120C02F4004206F58850D9
:10A9100013430430ADF81B3005AA0B23294680B23F
:10A920008DF81DC08DF81E70F8F792FE0136062EC8
:10A9300005F140057FF46FAFF8F7A2FECDE90801FD
:10A94000DDE90801544D554B2A781B78ADF81810F5
:10A95000534E0590090C8DF81A108DF81B208DF8B8
:10A960001C3005AA09234F4941F20A10F8F770FE7E
:10A970002A783378934208D0002A4B4914BF042028
:10A980000320F8F70DFF2B783370484F3B7843B125
:10A99000474E33782BB947490520F8F793FE01233A
:10A9A0003370002C71D12878003818BF0120424B39
:10A9B0001B78002B3B7818BF0220002B18BF032008
:10A9C0000DB0BDEC068BBDE8F04FF8F76FBEDFEDC4
:10A9D0003B8A48E5022353E59FED380A5FE5F5EE33
:10A9E000C07AF1EE10FAD4BF0123002368E5DFED51
:10A9F000338A94E50223F7E57FF549AEB6EE007A97
:10AA0000F4EEC77AF1EE10FAD4BFB0EE680AB0EEF9
:10AA10006A0A39E6B0EE480A62E600F042F958B92F
:10AA2000274B01221A70274B18702378002B3FF414
:10AA3000A7AE25492070A0E62378002B7FF4A0AEB6
:10AA4000012322492370052098E6D8E900321343F8
:10AA500018BF0124D6E6F0EE477A40E71C4BDFED45
:10AA60001D7A134007EE103A67EE277A17EE903AF8
:10AA700003F58053B3F1786F28BF4FF07863C3F3C9
:10AA80004F3340E74FF4FC433DE701208FE70DB023
:10AA9000BDEC068BBDE8F08FE3BA0020E2BA0020DF
:10AAA0003DBA00203EBA0020DFD40208E1BA0020FF
:10AAB0003CBA002012D50208A8BA0020000000000D
:10AAC00000060020A9BA0020B4D40208CAD40208A3
:10AAD00000F0FF7F00008007F0EE407AF4EE677A26
:10AAE000F1EE10FAB0EE600A0ED1F4EEE07AF1EE7B
:10AAF00010FA0BD4F4EEC17AF1EE10FAD4BFB0EE36
:10AB0000670AB0EE410A70479FED010A704700BF27
:10AB100000000000B4EEE00AF1EE10FA0AD5F1EE02
:10AB2000600AF4EE400ADFED047AF1EE10FA48BF55
:10AB3000B0EE670A704700BF00000000F0EE407AF8
:10AB400030EE010AB4EEE00AF1EE10FA08D437EE66
:10AB5000C10AB4EEE00AF1EE10FAD8BFB0EE600A16
:10AB600070470023037000220023C0E90223012361
:10AB70000374704738B5B5EEC00AF1EE10FA2DED4A
:10AB8000028BB0EE408A1EDC18D54FF0FF3190F9F1
:10AB900000409CB18C4211D0017CB1B1DFED0C7A48
:10ABA000D0E9025460EEA77A551B17EE900A63EBCA
:10ABB0000404F5F721FC85428C4106D3B0EE480A27
:10ABC000BDEC028B38BD0121E1E79FED028AF5E77C
:10ABD0000024744900000000B5EEC00AF1EE10FA3E
:10ABE00007DC0BD4017C41B90121C0E902230174C7
:10ABF0007047012300220274037070474FF0FF3347
:10AC0000F8E70000037833B1B4EEE10AF1EE10FA90
:10AC100008D500230370B4EEC10AF1EE10FA04DB8C
:10AC2000012303709FED080A7047B4EEE00AF1EECD
:10AC300010FA83BF71EE407A31EE601A87EE810A16
:10AC4000B7EE000A704700BF00000000B4EEE00A53
:10AC5000F1EE10FA10D9B5EEC01AF1EE10FA0ED9D5
:10AC600070EE817AF4EEC07AF1EE10FA07D970EE48
:10AC7000600A80EE810A70479FED020A7047B7EEC6
:10AC8000000A70470000000007B502228DF804009A
:10AC90008DF80510402001A9F7F7A2FB03B05DF87D
:10ACA00004FB10B530210020FFF7EEFF18B14FF084
:10ACB000FF34204610BD0321FE20FFF7E5FF0028EA
:10ACC000F5D104210120FFF7DFFF0028EFD120217B
:10ACD000FFF7DAFF04460028E9D10120F6F790F8E3
:10ACE000E7E71FB5002301228DF80E308DF80F30F5
:10ACF00000920DF10F030DF10E014020F7F78AFBD2
:10AD000050B99DF80F0000F03000A0F12003584228
:10AD1000584105B05DF804FB4FF0FF30F9E7000043
:10AD20000F2807B53AD88000B5EEC00A00230630D8
:10AD3000F1EE10FA8DF800008DF80130ADF8023018
:10AD40008DF8043003DC10238DF8043009E0F7EEB1
:10AD5000007AB4EEE70AF1EE10FA0ADB10238DF860
:10AD60000230052269464020F7F73AFB03B05DF850
:10AD700004FB9FED0C7AF6EE007AE0EE077AFCEE2B
:10AD8000E77A17EE902A002ADDD040F6FF7393424F
:10AD900028BF13468DF803301B0AD5E74FF0FF306C
:10ADA000E4E700BF00008045074B1B6803EBC003CE
:10ADB000032805D8D3E900210A4303F1080300D092
:10ADC00070470130C0B2F3E7E4BC0020044B054AF1
:10ADD000186000231370044A1370F7F715BC00BF06
:10ADE000E4BC0020E2BC0020E1BC0020F8B5574DD7
:10ADF0002B78012B1CD0022B36D03BB9544C237836
:10AE00002BB9F7F72FFC237801332370F8BD012B02
:10AE100003D1CC20F7F742FCF5E74420F7F73EFCDE
:10AE2000F5F7FAFF4B4BC3E9000101232B70EAE76A
:10AE3000F5F7F2FF474AD2E90032C01A464B61EB00
:10AE400002010024834274EB0101DFD22046FFF7A8
:10AE5000ABFF424B032818703D4B8CBF00200120F4
:10AE600040001C702870D1E7394E3478002C41D155
:10AE7000F7F7F8FB3A4B187033780133DBB2132B3A
:10AE80003370C3D9364B354C1B783BB3354F082153
:10AE90003846F7F720FC3B7A83421FD1B7F90030E0
:10AEA0002778B3F5AA6F19D007EE903ADFED2E6A36
:10AEB0009FED2E7A2E4BF8EEE77A03EB8703A7EE91
:10AEC000A67A83ED007AF5F7A7FF2A4B2A4A03EB0F
:10AED000C703C3E9000123780121D1542078013050
:10AEE000C0B2FFF761FF002303282070337088BFD2
:10AEF0002B708BE7012C03D15520F7F7CFFBBBE775
:10AF0000092C17D8154B1A781C4B1B6803EBC20190
:10AF1000023C53F832004968E400C4F12002A4F175
:10AF20002003E04001FA02F2104321FA03F3184330
:10AF3000C0B2E2E70A2C01D1BE20DEE7F7F7BBFB87
:10AF4000084B234403F80B0C96E700BFE2BC00203B
:10AF5000E1BC0020D8BC0020AF710B00E0BC002099
:10AF6000C8BC0020C9BC00200000803D339388434A
:10AF7000B8BC002098BC002090BC0020E4BC00209D
:10AF8000032830B503460FD80848C05C58B1084CB8
:10AF900004EB830424680C60064901EBC303D3E986
:10AFA0000045C2E9004530BD0020FCE790BC002010
:10AFB000B8BC002098BC002030B581F0010400EB43
:10AFC0008404056863684DB1AA68A2EB000CDCF14B
:10AFD000000242EB0C0205EB820253601D6003602D
:10AFE00003EB81035A68626002B11060586030BDA3
:10AFF0002DE9F0410029037B0CBFFF2201221344FD
:10B0000059B2013303F0FF03022B044643D9002950
:10B010004FEAD1786FEA01014FEAD17100EB810369
:10B02000B8BF01255E6896F90C30A8BF4FF0FF3518
:10B0300013FB05F3002B10DC4146FFF7BDFF96F92B
:10B040000C303BB96B425BB22373374635733846DD
:10B05000BDE8F08100252B46F6E706EB8803304675
:10B060005F68FFF7A9FF41462046FFF7A5FF97F964
:10B070000C3013FB05F3002B04DA002325733B731C
:10B080003373E4E71DBF00236D42237323731CBF9A
:10B090003B736BB2F4E701730746D8E770472DE9BD
:10B0A000F041DDF818800D461E4608F13001836836
:10B0B0001746984768B10024C0E90044C0E9067605
:10B0C00000F13003846004730461C0F8248083625B
:10B0D0000562BDE8F081006A0B6A984234BF4FF008
:10B0E000FF300120704710B5C3680C4609699847C6
:10B0F0000023C4E9023323614FF6FF73A382A37DCB
:10B10000013303F01F03A3750123237610BD000054
:10B1100002888B8B9A4205D0034A8CBF01230023FF
:10B12000D056704700207047B4D502081C30FFF796
:10B13000EFBF70B5D1E901520446002D36D0002A88
:10B1400034D01046034640680028FBD191F90C002A
:10B1500018735D602B601868814222D09D6845603D
:10B1600005B128609A60136000220D681D60DDB192
:10B17000AE68A6EB010CDCF1000646EB0C0605EB15
:10B1800086056B6082F00101FFF732FF034600681D
:10B1900093F90C20FAB9F8B18268D31A5A425A418D
:10B1A000F0E718460122E0E72360EBE7003A18BF1A
:10B1B000012201EB82020868536803B1186058B19C
:10B1C0008268511A4A424A4100EB82014B60002BCF
:10B1D000D8D01860D6E700B9236070BD2DE9F843D8
:10B1E000056807468946144698460646316831B1D7
:10B1F0004846A0470028336808D11C461BB9B8F15F
:10B20000000F0BD100242046BDE8F883CCBF0126F7
:10B21000002601361D4603EB8606E7E74846C04791
:10B2200004460028EED000233060C0E901330560F9
:10B2300003730DB93860E6E7A9680B1A5942594102
:10B240002846FFF7D5FE90F90C300568002BF0D1A9
:10B25000002DD8D1EEE7000010B5074C11448A420A
:10B2600000D110BD12F8013B83EA102334F81330EB
:10B2700083EA002080B2F2E708D6020830B5002445
:10B28000FF25C0E90212C0E904440460057184612D
:10B2900030BDC0E900120022C0E9022202617047FD
:10B2A0002DE9F04F8FB0CDE90B23DDE9184681463B
:10B2B0008B46002900F08681002800F08381002C55
:10B2C00000F080811A9B13B9002E40F07B81D9F8E1
:10B2D0000430072B3ED9402B3ED8B54AD35CB54A43
:10B2E000D35C0593059B62789BF80410013B0393A4
:10B2F000002A44D12379FF2B40F064816588B5F59D
:10B30000005F80F05F810B0628D445F4C04041EA1D
:10B3100000202378072B00F2558140EA83630398CD
:10B320000993864263790A93D9F80810D9F8002066
:10B3300006F101036DD89E48C35C9E48C45C9142EF
:10B34000A4EB060505F1FF3538D36FF002000FB00E
:10B35000BDE8F08F0823C4E74023C2E7039B9E4269
:10B3600000F230811A9A31464FF6FF70FFF774FFF2
:10B3700000F07F0040EA052040F0B070C9E7531E9E
:10B38000012B00F21F8194F904302579002BC0F2C3
:10B3900019816388B3F5007F80F014810F0600F1F6
:10B3A0001181980340EAC510951E6A4240EA0100E7
:10B3B0006A4140EA026040F00070AAE7DDE90B2331
:10B3C000099900945846FFF76AFE07460028BCD04A
:10B3D00026B11A993246303000F00CFF06F13000E9
:10B3E0002A460021384400F0D3FE0A9B724A3C44AE
:10B3F00063F01F0384F82F303946704B09F10C00BD
:10B40000FFF7ECFED9F808300133C9F80830012005
:10B410009DE7B01C079003980344B3FBF0F30B4483
:10B42000934292D81A9A31464FF6FF70FFF714FFF5
:10B43000002401230490254606940893A046079B08
:10B44000434518D8069E002D00F0AE80DFF86C81D1
:10B45000594F09F10C05314643463A462846FFF755
:10B46000BDFE3669002EF6D1D9F808302344C9F85C
:10B47000083020466BE7079B0999A3EB0802039B62
:10B48000934289BF4A4BDDF814A09B18494A84BFF8
:10B490005B7812F803A0CDF800A0DDE90B23584635
:10B4A000FFF7FDFD069B01340746002B63D02861A2
:10B4B000002F70D046450AF1FF335ED9A6EB080590
:10B4C0009D4228BF1D461A990D932A4607F1300068
:10B4D00000F090FE1A9BA8442B4446451A930D9BFE
:10B4E0002DD8AAF1030AAA1CAAEB050A9A4288BF22
:10B4F0004FF0000A05F130005246002138440D9308
:10B5000000F046FE0D9B6A1C01329A4237D3554427
:10B51000AB4214D9464509D104997A190135090A73
:10B52000AB4282F8301006F1010808D9464506D230
:10B530007B19049A83F83020013508F101080A9B31
:10B54000089A03F01F0343EA4213069AB91A4A42C3
:10B550004A4143EAC213079A42453D448CBF002248
:10B56000012243EA821385F83030089B83F00103FF
:10B5700008933D4663E706909AE70025B1E70499F2
:10B580000F48C1F30F2130F81110049881EA00210F
:10B5900089B20491B8E73D4654E73146DBF80C30F8
:10B5A0003469584698472646002EF6D1CDE600BFAE
:10B5B000B6D50208F7D50208D7B002089DB0020838
:10B5C00008D602086FF00100C1E600BF10B1C368E1
:10B5D000002003B9704718465B68FAE738B50D4696
:10B5E000044640B129B10C30FFF7A3FDA368013B2D
:10B5F000A360284638BD0546FBE700002DE9F04F63
:10B6000089B09B469DF84C90129B149E14460746A9
:10B61000002800F0B581002E00F0B281002B00F070
:10B62000AF81D3F800A0BAF1005F80F0A981D3E91F
:10B630000158B8F1000F02D1002D40F0A181202265
:10B640000021684600F0A4FD25B90025284609B070
:10B65000BDE8F08F4FEA9A638DF808301AF0007F4A
:10B660000AF07F03CDE9004B8DF80C300AF08072B0
:10B6700040F0CB80002ACAF30C2118BFFF231AF038
:10B68000801FADF80A108DF80C300CBF012200228B
:10B69000FF21013DCDE905588DF80D1018F8053052
:10B6A00003F01F004FEAD31CC3F3801E8DF80E0079
:10B6B0008DF80FC058B203F0400C8DF810E003F085
:10B6C000200EC3F340138DF81130002ABDD000289E
:10B6D00005DABEF1000FB8D0BCF1000F0BD19DF818
:10B6E0000C30FF2BB1D0062D05D8BCF1000FACD02B
:10B6F0000DB90028A9DAFF2902D03B798B42A4D1E9
:10B700009DF80900A04A043000230DF10A0107EB5F
:10B710008000FFF763FD159B804603B11860B8F108
:10B72000000F92D09DF90C209DF80C30002AC0F239
:10B73000038108EB83035C6AF4B99DF80F30DBB139
:10B74000BB682021384698479DF80C3008EB8303EE
:10B75000586200286ED0DDE90023C0E90244C0E948
:10B7600000234FF6FF7383829DF80E30837501230B
:10B77000046180F81790037600259DF80C3008EBE3
:10B7800083035C6A002C3FF461AFDDE90021D4E95A
:10B790000003904273EB010ED8E904C5D8F8188075
:10B7A0004BD2101A61EB0303844575EB030334BFDE
:10B7B0004FF0010C4FF0000C9DF80E00A37D1B1AFA
:10B7C0009DB2002BBCBF05F120031BB2BCF1000FE2
:10B7D00008D1E57D4D4533D19DF80F5085B3DBB2DF
:10B7E000012B2DD90023C4E902334FF6FF73A38246
:10B7F000012323769DF80F30A07584F81790FBB9CC
:10B8000021463846FFF76FFC1FE7002A14BF0222CB
:10B8100001228DF809201AF4000FCAF38832ADF81E
:10B820000A20CAF3C61103D15A1A18BF012230E701
:10B8300000222EE76FF002059FE74FF0000CBBE7F8
:10B8400094F817E09DF811C0257EA37DCE457FF4C6
:10B85000FCAEAC457FF4F9AE98427FF4F6AE9DF8AD
:10B860000F30002B51D1DDE90512A08AFFF7F4FC5F
:10B870000025A082DDE9059AA3684B44A3602369F3
:10B880003BB9B8F1000F04D0BB6841463846984731
:10B8900020612069002840D0E36809EB030290454D
:10B8A00038BFA8EB030918444A46514600F0A2FCF1
:10B8B000E3684B44E3609DF81030002B37D00DB99E
:10B8C000A38AEBB99DF80C303371BDF808109DF8D0
:10B8D0000E3031807371BDF80A207280D4E90023E4
:10B8E000C6E90223E2682369326173612DB9A36856
:10B8F0009A1A012A9CBF023B336100232361012570
:10B9000021463846FFF7EFFBA0E69DF81030C4E96A
:10B910000021002BA7D00125ACE7B8F1000FCAD059
:10B9200021463846FFF7DFFB6FF002058EE6237EE7
:10B9300083F00103237688E6D8F81830059C9C42F2
:10B9400028BF1C462146BB68384698470028EBD0E4
:10B95000DDE900899DF80C20BDF80A10BDF80850FB
:10B9600032719DF80E20358071807271C6E90289AE
:10B97000C6E904400699224600F03CFC012565E634
:10B980006FF0010562E600BF11B10208F7B5064687
:10B9900048B3022927D8043100EB8105ADF8062011
:10B9A0000023124A0DF106012846FFF717FC044652
:10B9B000B8B101462846FFF7BCFB04F1200500277B
:10B9C00004F5087455F8041FF36801B1096930469D
:10B9D0009847F368296830469847A5422F60F1D10F
:10B9E000012003B0F0BD6FF00100FAE711B10208C9
:10B9F0002DE9F8430A9F0D4691461E46804610B336
:10BA00000FB302291FD8FFF7C1FF041E18DBDDE9C1
:10BA100008230021C7E90423BE614FF40072A7F890
:10BA20001C9007F12400043500F0B2FB074B084AD4
:10BA3000394608EB8500FFF7D1FBB4FA84F46409BA
:10BA40002046BDE8F8836FF00104F9E79DB00208D5
:10BA50002DB1020800B1016001B14860704710B516
:10BA60008A6800235209012A03F1010418D8D1E998
:10BA7000042402B154614C6904B12261DBB250F874
:10BA800023208A420BD10A6940F823203AB90122C7
:10BA90009A40D0F8803023EA0203C0F8803010BD0D
:10BAA00052082346DFE710B58A6800235209012AAD
:10BAB00003F1010411D8DBB2002450F823200A61FD
:10BAC0004C6102B15161012240F823109A40D0F834
:10BAD00080301343C0F8803010BD52082346E6E79B
:10BAE00070B50D46044628B310F00F0126D1BF2DC6
:10BAF00026D9A03DC0F88010802200F049FBB5F1A6
:10BB0000004F28BF4FF0004515F01F0614D1C4E9BF
:10BB10002866C4F8A85084F8AC6004F1A00120465F
:10BB2000FFF7C1FF00220023C4E92256C4E92466BE
:10BB3000C4E92623204670BD013DE5E70024F9E76E
:10BB40000C46F7E7F8B505460F4651B3D0F88830F4
:10BB5000103B8B4225D310310A460023012A03F102
:10BB6000010020D807F10F020A40002A18BF013354
:10BB7000DBB201269E4071090A460023012A03F127
:10BB8000010013D84A1E0A40002A18BF0133DAB256
:10BB90004FF0FF339340D5F8802013405C421C40A7
:10BBA00047D1002035E052080346D7E75208034644
:10BBB000E4E764081346012C03F10102F9D1DBB27A
:10BBC000284655F823402146FFF749FFA368A660A1
:10BBD0009B1B1F2B0DD9A0192168836000230373C1
:10BBE000FFF738FF01462046FFF734FF2846FFF7EE
:10BBF0005AFFD5F88C301E44D5F89030C5F88C60CB
:10BC00009E424FF0010388BFC5F8906004F1100018
:10BC10002373D5F89430BB4238BFC5F8947038B957
:10BC200037B1D5E92632013342F10002C5E92632A7
:10BC3000F8BD0023BFE72DE9F84305460C4600296F
:10BC400057D0002351F8089C01F8043C51E90476D0
:10BC5000D0F88C30A3EB0903C0F88C30F6B196F81D
:10BC60000C8088F00108002F3CD03B7B83F001035F
:10BC7000B8F1000F28D09BB131462846FFF7EFFE00
:10BC80003946FFF7ECFEB368BA6813444B44B3601F
:10BC9000002344F8083CBB6039680CE0B046E2E79A
:10BCA00031462846FFF7DBFEB3684B44B360002300
:10BCB00044F8083C39463046FFF7CCFE314628466A
:10BCC000BDE8F843FFF7EFBEA4F110067BB139469B
:10BCD0002846FFF7C4FEBB684B4444F8083CC7F84D
:10BCE0000880D9E7B8F1000FDAD1A4F11006314687
:10BCF000E5E7BDE8F883000008B52DED028BF0EE16
:10BD0000408A00F027F9B0EE408AB0EE680A00F0F1
:10BD10006DF860B1DFED0F7AF4EEE78AF1EE10FA1C
:10BD20000ADD00F03DFA9FED0C8A22230360B0EE9D
:10BD3000480ABDEC028B08BDDFED087AF4EEE78A15
:10BD4000F1EE10FAF3D500F02BFA22239FED048ACE
:10BD50000360ECE71772B1420000807FB5F1CFC2FB
:10BD60000000000008B52DED028BB0EE408A00F017
:10BD7000EDF8B4EE488AF1EE10FA0CD6DFED078A42
:10BD8000B4EEE88AF1EE10FA05D500F009FA88EE73
:10BD9000A80A21230360BDEC028B08BD000000004F
:10BDA00010B52DED028B0446B0EE408A00F01EF86F
:10BDB000B8B1B5EE408AF1EE10FA12D0B0EE480AF2
:10BDC000204600F01DF8B0EE408A00F00FF820B1D8
:10BDD000B5EE408AF1EE10FA03D100F0E1F922232A
:10BDE0000360B0EE480ABDEC028B10BD10EE103AB5
:10BDF00023F00040B0F1FF4FACBF0020012070479E
:10BE000010EE103A33F000422BD0B2F1FF4F02D3C4
:10BE100030EE000A704713F0FF4F23D1244BDFEDC3
:10BE2000257A984220EE270A17DB10EE103AC3F36A
:10BE3000C752193A4CF25031884215DDDFED1E7AB7
:10BE4000DFED1E6A10EE103AB0EE677A002BB8BF35
:10BE5000F0EE667A27EE870A7047DFED197A27EE53
:10BE6000800A7047D20DE5E71044FE28E6DC002882
:10BE700006DD23F0FF4343EAC05300EE103A70475B
:10BE800010F1160F09DADFED0E7ADFED0E6A10EE13
:10BE9000103AB0EE677A002BD9E7193023F0FF4350
:10BEA00043EAC0539FED080A07EE903AD7E700BF78
:10BEB000B03CFFFF0000004CCAF24971CAF249F1E0
:10BEC0006042A20D6042A28D0000003310EE103AD5
:10BED000C3F3C752A2F17F001E2882B02FDC411CA1
:10BEE00002DA002002B0704716284FEAD3710ADD4B
:10BEF000C3F3160343F40003963A03FA02F0002951
:10BF0000F0D04042EEE7104B03EB810393ED007A53
:10BF100037EE000A8DED010ADDED017A77EEC77A82
:10BF200017EE903A33F00042DBD0C3F31600C3F3B0
:10BF3000C75340F40000C3F19603D840DFE7FDEE9D
:10BF4000C07A17EE900ACDE708D80208B1EEC00A11
:10BF50007047000010EE102A22F00043B3F1FF4FAB
:10BF600002D930EE000A70474FEAD27106D1DFEDF8
:10BF70004E7A002918BFB0EE670A70474B488242DC
:10BF800002DD002000F0D4B8002A05DA484A9342C6
:10BF900002D9002000F0C6B8464A9342F7EE005A94
:10BFA00052D9454A93424FEA810234D8434B134455
:10BFB00093ED007A424B134430EE477AC1F101020F
:10BFC000D3ED007A521A37EE670A20EE006A9FED31
:10BFD0003D5ADFED3D6AE6EE056A9FED3C5AA6EE5E
:10BFE000865ADFED3B6AE5EE066A9FED3A5AA6EE09
:10BFF000865AF0EE406AE5EE466AB0EE006A20EE40
:10C00000265A92BB76EEC66AC5EE267A37EEC00A8D
:10C0100035EEC00A7047304B9FED307ADFED306A65
:10C020001344D3ED007AE0EE077AB0EE407AFDEEED
:10C03000E77A17EE902AF8EEE77AA7EEE67ADFEDD8
:10C04000296A67EEA67ABEE7B3F1505F0BD2DFED47
:10C05000266A70EE266AF4EEE56AF1EE10FA02DD69
:10C0600030EE250A70470022AFE736EE666A12F11D
:10C070007D0FC5EE066AB8BF643277EEE67A77EEDA
:10C08000C77A75EEE77A17EE903AABBF03EBC2536F
:10C0900003EBC25300EE103ADFED147ABCBF00EEA2
:10C0A000103A20EE270A7047000000001772B142D4
:10C0B000B5F1CF421872B13E9115853F18D80208EC
:10C0C00010D802084CBB31330EEADDB555B38A38BF
:10C0D000610B36BBABAA2A3E20D802083BAAB83F68
:10C0E0008071313FD1F71737CAF249710000800DD6
:10C0F00010B52DED028BB0EE408A044600F050F8EA
:10C10000B0EE480ABDEC028B046010BD30B1F1EE18
:10C11000407A27EE800A2220FFF7EABFF0EE407A4D
:10C12000F7E700009FED010AFFF7F0BF00000010E5
:10C130009FED010AFFF7EABF0000007010B501395A
:10C140000244904201D1002005E0037811F8014F2C
:10C15000A34201D0181B10BD0130F2E7884210B590
:10C1600001EB020402D98442234607D8431EA142B0
:10C1700008D011F8012B03F8012FF8E7024401461B
:10C180008A4200D110BD13F8014D02F8014DF7E7C6
:10C1900002440346934200D1704703F8011BF9E7BC
:10C1A000014B1868704700BF3C06002070B50D4D6C
:10C1B0000D4C641BA4100026A64209D10B4D0C4C5B
:10C1C00000F026F8641BA4100026A64205D170BD1D
:10C1D00055F8043B98470136EEE755F8043B98477D
:10C1E0000136F2E730D8020830D8020830D8020809
:10C1F00034D802080A44914200F1FF3300D170475D
:10C2000010B511F8014B03F8014F9142F9D110BD5F
:10C21000F8B500BFF8BC08BC9E467047F8B500BF33
:10C22000F8BC08BC9E467047FFFF000001000000FC
:10C230000000FFFF0000010041303120312D57691F
:10C24000726520524F4D20000000000000000000E9
:10C2500000000000000000000000000000000000DE
:10C260004200410043414E206C6F6F706261636B0E
:10C270002073656C662D74657374204F4B0D0A0036
:10C2800043414E206C6F6F706261636B2073656C0D
:10C29000662D74657374204641494C0D0A006F7217
:10C2A000672E696E64757374727967726F772E6E1C
:10C2B0006F64652E756E6964656E74696669656420
:10C2C00000756E6964656E746966696564206D6F7A
:10C2D00064756C65006E6F20706572736F6E616C53
:10C2E00069747920636C61696D7320746869732067
:10C2F00073747261700D0A006E6F204E6F64652D4D
:10C3000049442070726F766973696F6E65640D0AB7
:10C31000000D0A496E64757374727947726F7720E5
:10C320006E6F6465206669726D776172652028633F
:10C330006172726965722045303030312D30303095
:10C34000303033292076002C20736C6F7420006C01
:10C350006173742072657365743A20006D6F647543
:10C360006C652D6964207374726170203D203062A9
:10C3700000202D3E2000202D3E20554E4944454EA4
:10C3800054494649454420286E6F20706572736F8A
:10C390006E616C69747920636C61696D7320746877
:10C3A0006973204944290D0A0041544543433630FE
:10C3B00038206361727269657220494420284932CD
:10C3C0004332293A200070726573656E742C2053D5
:10C3D0004E3D00202D3E206E6F646520756E6971A4
:10C3E00075652D69640D0A00616273656E74202D98
:10C3F0003E2053544D333220666163746F7279204E
:10C400005549440D0A006E6F6465206964656E7459
:10C410006974793A20002C206E6F64652D69642060
:10C420000063797068616C2075703A206E6F646586
:10C430002D69642000736B656C65746F6E206F6E80
:10C440006C792C206E6F2073656E736F722070751F
:10C45000626C69636174696F6E733A20007472690B
:10C46000616C20696D61676520636F6E6669726DCE
:10C4700065643B20736C6F742000206973206E6FBD
:10C480007720746865206F6E65207468617420621F
:10C490006F6F74730D0A00303132333435363738EC
:10C4A000394142434445460053544F52452052417E
:10C4B0004E474520434F4E464C49435420286C6913
:10C4C0006E6B657220736372697074207673206975
:10C4D00064656E746974792E682900554E50524F08
:10C4E000564953494F4E454420286E6F204E6F6485
:10C4F000652D494420696E20666C6173682900705F
:10C50000726F766973696F6E65640049574447209E
:10C51000286669726D776172652068616E672900AF
:10C5200057574447006C6F772D706F7765720073B3
:10C530006F667477617265004E5253542070696E55
:10C54000202864656275672070726F6265206F7263
:10C5500020627574746F6E2900706F7765722D6F2D
:10C560006E0062726F776E2D6F757400756E6B6EF4
:10C570006F776E006E6F204E6F64652D494420709A
:10C58000726F766973696F6E65643A2072756E6E4C
:10C59000696E67206173203132372C206E6F2073F3
:10C5A00075626A65637473004E6F64652D4944203B
:10C5B000636F6D6D69747465642C2072657374614A
:10C5C000727420746F2061646F70743A006F7267C8
:10C5D0002E696E64757374727967726F772E6E6FE1
:10C5E00064650075617663616E2E6E6F64652E6999
:10C5F000640075617663616E2E6E6F64652E64658E
:10C60000736372697074696F6E004D30352D5341DC
:10C61000464554592028453030303629006F72671E
:10C620002E696E64757374727967726F772E6E6F90
:10C6300064652E6D3035004D30312D434C494D41F0
:10C6400054452028453030303229006F72672E69FA
:10C650006E64757374727967726F772E6E6F64652E
:10C660002E6D3031004D30322D4C49474854202832
:10C67000453030303329006F72672E696E647573F0
:10C6800074727967726F772E6E6F64652E6D3032BB
:10C69000004D30342D504C414E5420284530303020
:10C6A0003529006F72672E696E64757374727967CD
:10C6B000726F772E6E6F64652E6D303400413031AD
:10C6C0002D434C494D4154452028453030313129C6
:10C6D000006F72672E696E64757374727967726F1A
:10C6E000772E6E6F64652E6130310000050000000A
:10C6F0000AC602081DC60208E14202086D4302088C
:10C700000100000037C602084BC60208214F02088C
:10C71000C15102080200000065C6020877C602087F
:10C720003D680208556902080400000091C602082D
:10C73000A3C602080D7E0208718002088000000076
:10C74000BDC60208D1C60208E19E0208EDA002089B
:10C750004D303520656E6572677920616363756D54
:10C76000756C61746F72207A65726F6564004D300C
:10C7700035206C65616B2072617720414443203D18
:10C78000004D3035206275732063757272656E746A
:10C790002077696E646F772073616D706C657320AC
:10C7A0003D004D3035206275732063757272656E81
:10C7B000742077696E646F77206D696E20754120F3
:10C7C0003D004D3035206275732063757272656E61
:10C7D000742077696E646F77206D617820754120D1
:10C7E0003D00646562756720636F6E736F6C6520D2
:10C7F000656E647320686572652028504139202D6C
:10C800003E206C65616B2065786369746174696F43
:10C810006E290D0A004D30352075702C2070726520
:10C8200073656E74206269746D61736B2055327C20
:10C830005531203D004D303520646F6F7220736894
:10C840007574004D303520646F6F72204F50454E27
:10C85000004D3035206C65616B20574554004D30DC
:10C8600035206C65616B20647279004D3035207322
:10C87000656E736F7273207265636F76657265643F
:10C88000004D303520646576696365732066617597
:10C890006C746564206F722076616E69736865647C
:10C8A0002C206269746D61736B2055327C55312088
:10C8B0003D000010011002100310041005100610B6
:10C8C000553220676173207363616E2061726D65FC
:10C8D0006400553220676173207363616E2070615C
:10C8E000726B6564005533206D6561737572656D9B
:10C8F000656E742073746F70706564007072657318
:10C90000656E742C2076617269616E7420424D45AB
:10C910003638380070726573656E742C20766172DB
:10C9200069616E7420424D453638302028616C7440
:10C9300065726E61746976652900204320286661FE
:10C9400063746F72792064656661756C74202D2D37
:10C95000206E6F74207468697320626F617264273F
:10C96000732076616C75652C204F2D34352900209D
:10C970004320287472696D6D6564202D2D207365C8
:10C9800065207468697320696E7374616E636527CE
:10C9900073202D434329004D30312073656E736F32
:10C9A000722070726F62653A0D0A002020553120A6
:10C9B00053485434352020307834343A2000707293
:10C9C0006573656E742C2073657269616C2000411B
:10C9D000434B20627574206E6F2076616C69642011
:10C9E000616E73776572202D3E204E4F5420616E2C
:10C9F00020534854343500616273656E74202D3EB7
:10CA0000206E6F20542F52482C206E6F20565044B9
:10CA10000D0A002020553220424D4536387820300E
:10CA20007837363A20002C2067617320737765656C
:10CA300070200020736574706F696E747320657662
:10CA4000657279200020730D0A00616273656E744F
:10CA5000202D3E20434F32207072657373757265CE
:10CA60002066616C6C73206261636B20746F20318F
:10CA70003031332068506120284F2D3438290D0A79
:10CA80000020205533205343443431202030783661
:10CA9000323A200070726573656E74002C20542049
:10CAA0006F666673657420002C2041534320616CCF
:10CAB0007265616479206F666620286E6F20454537
:10CAC00050524F4D20777269746529002C204153D4
:10CAD0004320776173204F4E202D3E206F66662CD9
:10CAE0002070657273697374656420286F6E6520A9
:10CAF000454550524F4D206379636C6529002C20C9
:10CB000041534320776173204F4E202D3E206F66A6
:10CB10006620696E2052414D206F6E6C792C204E3C
:10CB20004F54207065727369737465640061627339
:10CB3000656E74202D3E206E6F20434F320D0A002B
:10CB400020204932433A2000207472616E73616381
:10CB500074696F6E732C2000206661696C65640DCA
:10CB60000A004D30312075702C2070726573656E2F
:10CB700074206269746D61736B2055317C55327C11
:10CB80005533203D0055332074656D7065726174B6
:10CB9000757265206F666673657420777269747448
:10CBA000656E2C2063656E74692D43203D005533FE
:10CBB000206F666673657420706572736973742084
:10CBC0004641494C45442C2063656E74692D4320D1
:10CBD0003D0055332073656C662D746573743A207F
:10CBE0006E6F206D616C66756E6374696F6E005553
:10CBF000332073656C662D746573743A204D414C17
:10CC000046554E4354494F4E00553120636F6E6474
:10CC1000656E736174652D7265636F7665727920D8
:10CC200070756C73652C203230206D5720302E319A
:10CC30002073004D30312073656E736F72732072F4
:10CC400065636F7665726564004D3031206465768A
:10CC500069636573206661756C746564206F72200A
:10CC600076616E69736865642C206269746D6173A6
:10CC70006B2055317C55327C5533203D0055332097
:10CC800073656C662D7465737420646964206E6FBF
:10CC900074207374617274005533206F6666736517
:10CCA00074207772697465207265667573656400B7
:10CCB00055332073656C662D7465737420756E72C0
:10CCC00065616461626C6500101011101210131020
:10CCD000141015101610171018101910C800FA00AB
:10CCE0004001900100000000000000000000000072
:10CCF00000000000CDCCCC3D3333333F00000000BA
:10CD0000CDCC4CBFCDCCCCBD00000000000000005D
:10CD10000000000000000000000000000000000013
:10CD20000000000000000000000000000000000003
:10CD30000000000000000000000080BF00000000B4
:10CD4000CDCC4CBF00000000000000009A9999BEB5
:10CD5000000000BF00000000000080BF00000000D5
:10CD6000000000004D303220737065637472616C96
:10CD7000206761696E207831203D004D3032206996
:10CD80006E746567726174696F6E207573203D0003
:10CD90004D30322062726967687465737420706503
:10CDA000726D696C6C65206F662066756C6C2073A3
:10CDB00063616C65203D004D303220555620726114
:10CDC0007720636F756E7473203D004D30322055AF
:10CDD00056206761696E207831203D004D30322049
:10CDE00055562039322C39442C39342C3943203DC6
:10CDF000004D30322055562039422C38302C3831F5
:10CE00002C3430203D004D30322055562044342CF7
:10CE100044352C44432C4444203D004D30322055B1
:10CE2000562038352C38362C44462C4531203D00D0
:10CE3000414253454E5400616273656E74007072D6
:10CE40006573656E740D0A00616273656E740D0A18
:10CE500000696E647573747279666C6F772E677291
:10CE600065656E686F7573652E6C696768742E7082
:10CE70007066645F636F656666004D3032205050A7
:10CE8000464420636F656666696369656E742072E7
:10CE900065676973746572206E6F7420617661696D
:10CEA0006C61626C65004D30323A2073776974634F
:10CEB0006820002C20553420415337333433200070
:10CEC0002C2055332054534C3235383520004D300A
:10CED000322075702C20313D70726573656E742C34
:10CEE000206269746D61736B2055317C55347C55BB
:10CEF00033203D004D3032205050464420756E6343
:10CF00006F6D6D697373696F6E65643A206E6F2023
:10CF1000636F656666696369656E74732C207375EB
:10CF2000626A656374203431323920696E76616CCF
:10CF30006964004D30322073656E736F72732072B6
:10CF400065636F7665726564004D30322064657686
:10CF500069636573206C6F7374206F7220666175EE
:10CF60006C7465642C20313D6261642C20626974AC
:10CF70006D61736B2055317C55347C5533203D00F9
:10CF800020102110221023100C060007080F0102A8
:10CF9000090D0E034D3034206465766963652D49B3
:10CFA0004420776F7264203D004D303420667261FA
:10CFB0006D6573207468697320696E74657276613B
:10CFC0006C203D004D3034206672616D65732064C5
:10CFD000726F707065642073696E636520626F6F35
:10CFE00074203D004D303420736572766564206690
:10CFF00072616D652073657175656E6365203D00B6
:10D000004D30342073746F726520636C6173732DBF
:10D0100049442062797465203D002F706C616E7404
:10D020002F666C61746669656C642E62696E002F90
:10D03000706C616E742F6672616D652E62696E0030
:10D040004D303420696D61676572207265636F765B
:10D0500065726564004D3034206661756C742C20F7
:10D06000313D6261642C206269746D61736B20557F
:10D07000317C726573746F72657C55327C74726931
:10D080006D203D004E4F5420726573746F7265645D
:10D0900000696E647573747279666C6F772E67724F
:10D0A00065656E686F7573652E706C616E742E6544
:10D0B0006D6973736976697479004D3034206465E5
:10D0C000706C6F796D656E742D636F6E7374616EC5
:10D0D0007420726567697374657273206E6F742053
:10D0E000617661696C61626C6500696E6475737408
:10D0F0007279666C6F772E677265656E686F75738F
:10D10000652E706C616E742E7265666C65637465F5
:10D11000645F74656D706572617475726500696EC7
:10D12000647573747279666C6F772E677265656E5D
:10D13000686F7573652E706C616E742E686F747392
:10D14000706F745F6B00696E647573747279666C6E
:10D150006F772E677265656E686F7573652E706C7C
:10D16000616E742E686F7473706F745F64656C7435
:10D17000615F6D696E004D30342066696C652073A7
:10D1800065727669636573206E6F74207265676976
:10D190007374657265643A206E6F206672616D65A6
:10D1A00020697320736572766564004D30343A20CF
:10D1B0005531204D4C58393036343020002C206306
:10D1C000616C6962726174696F6E20002C20553247
:10D1D0002073746F726520002C20666C6174206669
:10D1E00069656C6420004D30342075702C20313D11
:10D1F00070726573656E742C206269746D61736BF7
:10D200002055317C726573746F72657C55327C7405
:10D2100072696D203D004D30342073746F7265204B
:10D220006361727269657320616E6F7468657220E4
:10D230006D6F64756C6520636C617373203D004D88
:10D240003034207075626C697368696E6720756E22
:10D25000636F727265637465643A206E6F20666CEA
:10D260006174206669656C6420696E20666F726304
:10D2700065003010616273656E743A206E6F2073C2
:10D28000746F726500616273656E743A2073746FB7
:10D29000726520756E7265616461626C65006162C1
:10D2A00073656E743A206E6F207265636F726400EE
:10D2B0006170706C69656400726566757365643A67
:10D2C00020616E6F7468657220696D6167657200B8
:10D2D000636F72727570743A20435243006F6666D2
:10D2E000657265643A207472616E73666572206956
:10D2F0006E2070726F677265737300726566757306
:10D3000065643A206E6F74206120666C61742D66CE
:10D3100069656C64207265636F726400726566751E
:10D320007365643A20435243006F666665726564B4
:10D330003A2077726974696E670072656675736505
:10D34000643A2073746F7265207772697465206621
:10D3500061696C65640041303120312D5769726517
:10D36000206465766963657320666F756E642061FD
:10D370007420626F6F74203D0041303120453120B0
:10D38000737472696E67206D41203D004130312019
:10D39000453320737472696E67206D41203D0061D2
:10D3A00030312E6472697665006130312E746865A3
:10D3B000726D616C006130312E66616E00613031DA
:10D3C0002E76616C7665006130312E65312E686590
:10D3D00061745F7068006130312E6F772E726F6DEF
:10D3E00000646562756720636F6E736F6C6520659E
:10D3F0006E6473206865726520285041392F504152
:10D400003130202D3E20696E7465726C6F636B2025
:10D410006C696E65732054322F5433290D0A004114
:10D4200030312075702C20312D576972652064656C
:10D43000766963657320666F756E64203D004130C8
:10D4400031205539206E6F7420616E737765726973
:10D450006E6720617420626F6F7400413031205517
:10D4600039206C6F73743A20453120616E64204519
:10D47000332073746F707065642066726F6D2074F2
:10D480006865206865616465723B20453420686F7B
:10D490006C647320697473206C61737420647269A6
:10D4A000766500413031205539207265636F7665AD
:10D4B000726564004130312055392072652D696EE6
:10D4C000697469616C697A6564004130312055394D
:10D4D000206E6F7420616E73776572696E670041AC
:10D4E000303120696E7465726C6F636B206C696E8D
:10D4F000657320747269707065642C206269746D44
:10D5000061736B2054357C54347C54337C5432200A
:10D510003D0041303120647269766572206E46416B
:10D52000554C543A20746865726D6F656C65637410
:10D53000726963206472697665206C6174636865E2
:10D5400064206F666620756E74696C207265736501
:10D550007400303132333435363738394142434440
:10D5600045460000001101110211031104110511BB
:10D5700006110711081109110A110000DB9E0208AB
:10D58000D59E0208CF9E0208C99E0208C39E0208CB
:10D59000BD9E020800000240090000000000024099
:10D5A0000A000000000002400F00000000040240DA
:10D5B0000C000000FF010001020304050607080932
:10D5C0000909090A0A0A0A0B0B0B0B0C0C0C0C0DAF
:10D5D0000D0D0D0D0D0D0D0E0E0E0E0E0E0E0E0E72
:10D5E0000E0E0E0E0E0E0E0F0F0F0F0F0F0F0F0F52
:10D5F0000F0F0F0F0F0F0F0001020304050607089E
:10D600000C1014182030400000002110422063301C
:10D610008440A550C660E770088129914AA16BB18A
:10D620008CC1ADD1CEE1EFF1311210027332522232
:10D63000B5529442F772D662399318837BB35AA3DA
:10D64000BDD39CC3FFF3DEE3622443342004011402
:10D65000E664C774A44485546AA54BB5288509952A
:10D66000EEE5CFF5ACC58DD55336722611163006D2
:10D67000D776F6669556B4465BB77AA7199738877A
:10D68000DFF7FEE79DD7BCC7C448E5588668A77892
:10D690004008611802282338CCC9EDD98EE9AFF9CA
:10D6A000488969990AA92BB9F55AD44AB77A966A72
:10D6B000711A500A333A122AFDDBDCCBBFFB9EEB1A
:10D6C000799B588B3BBB1AABA66C877CE44CC55C42
:10D6D000222C033C600C411CAEED8FFDECCDCDDD6A
:10D6E0002AAD0BBD688D499D977EB66ED55EF44E12
:10D6F000133E322E511E700E9FFFBEEFDDDFFCCFBA
:10D700001BBF3AAF599F788F8891A981CAB1EBA10D
:10D710000CD12DC14EF16FE18010A100C230E32089
:10D720000450254046706760B9839893FBA3DAB331
:10D730003DC31CD37FE35EF3B1029012F322D232D9
:10D740003542145277625672EAB5CBA5A895898501
:10D750006EF54FE52CD50DC5E234C324A014810429
:10D760006674476424540544DBA7FAB79987B897D1
:10D770005FE77EF71DC73CD7D326F2369106B01679
:10D7800057667676154634564CD96DC90EF92FE991
:10D79000C899E9898AB9ABA94458654806782768C9
:10D7A000C018E1088238A3287DCB5CDB3FEB1EFB71
:10D7B000F98BD89BBBAB9ABB754A545A376A167A19
:10D7C000F10AD01AB32A923A2EFD0FED6CDD4DCD41
:10D7D000AABD8BADE89DC98D267C076C645C454C69
:10D7E000A23C832CE01CC10C1FEF3EFF5DCF7CDF11
:10D7F0009BAFBABFD98FF89F176E367E554E745EB9
:10D80000932EB23ED10EF01E0000004B000000CB64
:10D81000D1F71737D1F717B78071313F807131BF1A
:10D820000000003F000000BF102CFF7F010000003F
:10D83000AD030208890302080024F4007F7F000082
:10D84000A08601000101FFFFCDC502080200000013
:10D85000E3C5020800010100000000000000000014
:10D8600000000000000000000000000000000000B8
:10D8700000000000000000000000000000000000A8
:10D880000000000000000000000000000000000098
:10D890000000000000000000000000000000000088
:10D8A000000000000000000000000000F2C50208B7
:10D8B000010100000000496E64757374727947724B
:10D8C0006F77206E6F6465000000000000000000AC
:10D8D0000000000000000000000000000000000048
:10D8E0000000000000000000000000000000000038
:10D8F0000000000000000000000000000000000028
:10D900000000000000000000000000000000000017
:10D910000000000000000000000000000000000007
:10D9200000000000000000000000000000000000F7
:10D9300000000000000000000000000000000000E7
:10D9400000000000000000000000000000000000D7
:10D9500000000000000000000000000000000000C7
:10D9600000000000000000000000000000000000B7
:10D9700000000000000000000000000000000000A7
:10D980000000000000000000000000000000000097
:10D990000000000000000000000000000000000087
:10D9A0000000000000000000000000000000000077
:10D9B0000000000000000000000000000000000067
:10D9C0000000000000000000000000000000000057
:10D9D0000000000000000000000000000000000047
:10D9E0000000000000000000000000000000000037
:10D9F0000000000000000000000000000000000027
:10DA00000000000000000000000000000000000016
:10DA10000000000000000000000000000000000006
:10DA200000000000000000000000000000000000F6
:10DA300000000000000000000000000000000000E6
:10DA400000000000000000000000000000000000D6
:10DA500000000000000000000000000000000000C6
:10DA600000000000000000000000000000000000B6
:10DA700000000000000000000000000000000000A6
:10DA80000000000000000000000000000000000096
:10DA90000000000000000000000000000000000086
:10DAA0000000000000000000000000000000000076
:10DAB0000000000000000000000000000000000066
:10DAC0000000000000000000000000000000000056
:10DAD0000000000000000000000000000000000046
:10DAE0000000000000000000000000000000000036
:10DAF0000000000000000000000000000000000026
:10DB00000000000000000000000000000000000015
:10DB10000000000000000000000000000000000005
:10DB200000000000000000000000000000000000F5
:10DB300000000000000000000000000000000000E5
:10DB400000000000000000000000000000000000D5
:10DB500000000000000000000000000000000000C5
:10DB600000000000000000000000000000000000B5
:10DB700000000000000000000000000000000000A5
:10DB80000000000000000000000000000000000095
:10DB90000000000000000000000000000000000085
:10DBA0000000000000000000000000000000000075
:10DBB0000000000000000000000000000000000065
:10DBC0000000000000000000000000000000000055
:10DBD0000000000000000000000000000000000045
:10DBE0000000000000000000000000000000000035
:10DBF0000000000000000000000000000000000025
:10DC00000000000000000000000000000000000014
:10DC10000000000000000000000000000000000004
:10DC200000000000000000000000000000000000F4
:10DC300000000000000000000000000000000000E4
:10DC400000000000000000000000000000000000D4
:10DC500000000000000000000000000000000000C4
:10DC600000000000000000000000000000000000B4
:10DC700000000000000000000000000000000000A4
:10DC80000000000000000000000000000000000094
:10DC90000000000000000000000000000000000084
:10DCA0000000000000000000000000000000000074
:10DCB0000000000000000000000000000000000064
:10DCC0000000000000000000000000000000000054
:10DCD0000000000000000000000000000000000044
:10DCE0000000000000000000000000000000000034
:10DCF0000000000000000000000000000000000024
:10DD00000000000000000000000000000000000013
:10DD10000000000000000000000000000000000003
:10DD200000000000000000000000000000000000F3
:10DD300000000000000000000000000000000000E3
:10DD400000000000000000000000000000000000D3
:10DD500000000000000000000000000000000000C3
:10DD600000000000000000000000000000000000B3
:10DD700000000000000000000000000000000000A3
:10DD80000000000000000000000000000000000093
:10DD90000000000000000000000000000000000083
:10DDA0000000000000000000000000000000000073
:10DDB0000000000000000000000000000000000063
:10DDC0000000000000000000000000000000000053
:10DDD0000000000000000000000000000000000043
:10DDE0000000000000000000000000000000000033
:10DDF0000000000000000000000000000000000023
:10DE00000000000000000000000000000000000012
:10DE10000100F5030000C8410101070907090400DA
:10DE20000000803FFF0000000000803F00004040F5
:10DE30000000803F37CE0208010000000000803F54
:10DE400000000000000020410000000033139A434E
:10DE500033139F433393984333138A4333138943D4
:10DE60000000803F0000A040CDCC4C3D000070423F
:10DE7000CDCC4C3D4006002000000000E8BC002056
:10DE800050BD0020B8BD00200000000000000000D0
:10DE90000000000000000000000000000000000082
:10DEA0000000000000000000000000000000000072
:10DEB0000000000000000000000000000000000062
:10DEC000000000000B4B0C4A0C4810B54AF6AA247F
:10DED000D168C90307D4D36813F0F20F14BF4FF011
:10DEE000FF30002010BD013B0460F1D14FF0FF3046
:10DEF000F8E700BF00A3E111003C02400030004001
:10DF000010B50D4CF323E360236923F47E7323F0F3
:10DF1000020343EAC00343F4007343F002032361A6
:10DF2000236943F480332361FFF7CCFF236923F097
:10DF3000FA03236110BD00BF003C0240F8B517464C
:10DF4000104AF323D360136923F4407323F00103D1
:10DF500043F4007343F00103002405460E461361A9
:10DF60002046BC4200D028B1064A136923F00103C1
:10DF70001361F8BD56F8243045F82430FFF7A2FFAE
:08DF80000134EEE7003C024011
:0400000508020000ED
:00000001FF
