:020000040808EA
:100000004D49474901000000B4B50000010000005F
:1000100000000100000000000000000000000000DF
:10002000BBBCFD7C000000000061D9FED191CD3E3B
:1000300030F2828964E9978FB48335B2E3828155C7
:10004000AA3317931A96D39700000000000000000F
:1000500000000000000000000000000000000000A0
:100060000000000000000000000000000000000090
:100070000000000000000000000000000000000080
:100080000000000000000000000000000000000070
:100090000000000000000000000000000000000060
:1000A0000000000000000000000000000000000050
:1000B0000000000000000000000000000000000040
:1000C0000000000000000000000000000000000030
:1000D0000000000000000000000000000000000020
:1000E0000000000000000000000000000000000010
:1000F0000000000000000000000000000000000000
:1001000000000000000000000000000000000000EF
:1001100000000000000000000000000000000000DF
:1001200000000000000000000000000000000000CF
:1001300000000000000000000000000000000000BF
:1001400000000000000000000000000000000000AF
:10015000000000000000000000000000000000009F
:10016000000000000000000000000000000000008F
:10017000000000000000000000000000000000007F
:10018000000000000000000000000000000000006F
:10019000000000000000000000000000000000005F
:1001A000000000000000000000000000000000004F
:1001B000000000000000000000000000000000003F
:1001C000000000000000000000000000000000002F
:1001D000000000000000000000000000000000001F
:1001E000000000000000000000000000000000000F
:1001F00000000000000000000000000000000000FF
:1002000000000220450D0808950D0808950D080806
:10021000950D0808950D0808950D080800000000C8
:10022000000000000000000000000000950D08081C
:10023000950D080800000000950D080899070808AA
:10024000950D0808950D0808950D0808950D0808E6
:10025000950D0808950D0808950D0808950D0808D6
:10026000950D0808950D0808950D0808950D0808C6
:10027000950D0808950D0808950D0808950D0808B6
:10028000950D0808950D0808950D0808950D0808A6
:10029000950D0808950D0808950D0808950D080896
:1002A000950D0808950D0808950D0808950D080886
:1002B000950D0808950D0808950D0808950D080876
:1002C000950D0808950D0808950D0808950D080866
:1002D000950D0808950D0808950D0808950D080856
:1002E000193D0808950D0808950D0808950D080892
:1002F000950D0808950D0808950D0808950D080836
:10030000950D0808950D0808950D0808950D080825
:10031000950D0808950D0808950D0808950D080815
:10032000950D0808950D0808950D0808950D080805
:10033000950D08080000000000000000950D080859
:10034000950D0808950D0808950D0808950D0808E5
:10035000950D0808950D0808950D0808950D0808D5
:10036000950D0808950D0808950D0808950D0808C5
:10037000950D0808950D0808000000000000000019
:10038000950D0808950D080810B5054C237833B96C
:10039000044B13B10448AFF300800123237010BD58
:1003A000000400200000000064A0080808B5034B0A
:1003B0001BB103490348AFF3008008BD00000000F3
:1003C0000404002064A0080853B94AB9002908BFF2
:1003D00000281CBF4FF0FF314FF0FF3000F06AB92A
:1003E000ADF1080C6DE904CE00F006F8DDF804E08C
:1003F000DDE9022304B070472DE9F047089D0C4663
:10040000002B4ED194468C458646B2FA82F262D9D0
:100410004AB1C2F12003914020FA03F30CFA02FC26
:10042000194300FA02FE4FEA1C471FFA8CF6B1FB93
:10043000F7F44FEA1E4307FB141143EA014304FBA0
:1004400006F199420AD91CEB030304F1FF3080F056
:100450001281994240F20F81023C6344591A1FFAFB
:100460008EF3B1FBF7F007FB101143EA014300FBE9
:1004700006F69E420AD91CEB030300F1FF3180F01F
:10048000FC809E4240F2F980634402389B1B40EAA4
:10049000044000211DB1D3400022C5E90032BDE86F
:1004A000F0878B4205D90DB1C5E90001002108464E
:1004B000F5E7B3FA83F1002946D1A34202D3904273
:1004C000C0F0F080861A64EB03030120002DE6D013
:1004D000C5E90063E3E7002A40F09080A1EB0C043B
:1004E0004FEA1C481FFA8CF70121B4FBF8F64FEADB
:1004F0001E4308FB164443EA044307FB06F09842F8
:1005000008D91CEB030306F1FF3402D2984200F233
:10051000CD8026461C1A1FFA8EF3B4FBF8F008FBB8
:10052000104443EA044300FB07F79F4208D91CEB41
:10053000030300F1FF3402D29F4200F2B080204654
:10054000DB1B40EA0640A5E7C1F120068B4022FAFA
:1005500006F71F4320FA06FC04FA01F343EA0C03F2
:10056000F44000FA01F8380C4FEA1349B4FBF0FEEE
:100570001FFA87FC00FB1E4449EA04440EFB0CF9F9
:10058000A14502FA01F20AD93C190EF1FF3A80F0B6
:100590008480A14540F28180AEF1020E3C44A4EB80
:1005A00009041FFA83F9B4FBF0F300FB134449EA92
:1005B000044403FB0CFCA44507D93C1903F1FF30AC
:1005C00067D2A44565D9023B3C4443EA0E40A0FBF8
:1005D0000293A4EB0C049C42CE469C4651D34ED0D1
:1005E00055B1B8EB0E0364EB0C0404FA06F6CB40ED
:1005F0001E43CC40C5E90064002150E7C2F120034E
:1006000020FA03F10CFA02FC24FA03F394400C43A1
:100610004FEA1C4800FA02FE1FFA8CF7B3FBF8F011
:1006200008FB1031230C43EA014300FB07F1994218
:1006300008D91CEB030300F1FF362CD299422AD9CA
:10064000023863445B1AA4B2B3FBF8F108FB113320
:1006500044EA034401FB07F3A34208D91CEB04045A
:1006600001F1FF3613D2A34211D902396444E41ACE
:1006700041EA004139E70446F0E6084606E7C84586
:10068000AED2B9EB020E63EB070C0138A8E7314696
:10069000EDE7034699E73046D4E7D6467FE7634463
:1006A00002384DE70646234608460FE7023E6344FC
:1006B00030E700BF704700BF034613F8012B002A44
:1006C000FBD1181A013870471F4B20491A6B42F0B2
:1006D00003021A631B6B1E4B4FF400324FF4802051
:1006E0009A6198611A6822F00C0242F004021A60C2
:1006F0001A6822F0300242F010021A6088610A681B
:1007000022F0300242F010020A601A6822F44062BD
:100710001A601A6822F440521A601A6822F44042A1
:100720001A60DA6822F4406242F40062DA60DA6841
:1007300022F4405242F40052DA60DA6822F4404275
:1007400042F40042DA607047003802400004024080
:1007500000000240064B1B69C3F340105A0648BF15
:1007600040F002001B0648BF40F00400704700BF85
:10077000000002400028034B0CBF4FF4003202225D
:100780009A61704700000240024A536983F00203F5
:100790005361704700000240024A1368013313603E
:1007A000704700BF1C040020014B1868704700BF51
:1007B0001C040020044A116813685B1A834200D3AA
:1007C000704730BFF8E700BF1C04002010B50B498C
:1007D0004FF0E022086894690B688342FAD15069AF
:1007E000074A08491268B2FBF1F2001B0021B0FB76
:1007F000F2F04FF47A72E3FB020110BD1C040020FA
:100800000000002040420F00214B1A6842F4803261
:100810001A601A689203FCD51A6C1E4942F0805285
:100820001A641A6C0A6842F480420A601A4A40F25A
:1008300005711160194A5A601A6842F080721A6094
:10084000134A13689B01FCD5936823F47C4323F07F
:10085000F00343F414439360936823F0030343F0DD
:10086000020393600A4A936803F00C03082BFAD141
:100870000B4B0C4A1A604FF0E0230B4A5A610B4AAB
:10088000F02182F8231000229A6107221A61704732
:100890000038024000700040003C0240085440070D
:1008A00000000020007A030A3F90020000ED00E003
:1008B000044B1A6B42F480521A631B6B024B0122E9
:1008C0009A607047003802400030024021F0030176
:1008D000044B0144884200D1704750F8042B1A6041
:1008E000F8E700BF00300240014B1868704700BFB6
:1008F0000030024008B58900FFF7DAFFFFF7E6FF96
:10090000014B186808BD00BF00300240054B1A6952
:10091000002ABFBF044A5A6002F188325A6018693F
:10092000C0177047003C02402301674510B50146DF
:10093000EFF3108472B6FFF7E9FF10B9054B0846D4
:100940009847054A136943F00043136184F3108804
:1009500010BD00BF6D030020003C024070B515467D
:100960008207044613D191B18DB1EFF3108672B6B0
:10097000FFF7CCFF18B9074B2A4620469847064A8E
:10098000136943F00043136186F3108870BD4FF084
:10099000FF30FBE7A9030020003C02400B4B03F1B2
:1009A000774303F57E02B2F5C02F0BD303F578032E
:1009B000B3F5C02F08D206480268064B9A4218BF0A
:1009C000002070470448F7E7002070479D09080899
:1009D000000008084D494749000002082DE9F84F7A
:1009E000344CDFF8D880DFF8D890DFF8D8A00025A5
:1009F000012225706570A570E57025716271A57181
:100A0000E571C8F80050C9F800502E462F0207F1D2
:100A1000006707F580373B68534522D17B68012B7F
:100A20001FD13B7B012B1CD87B7B012B19D87B7CF6
:100A3000012B16D897F91230002B12DBFB7CDF2B31
:100A40000FD83F213846D7F8FCB0FFF753FF834556
:100A500007D11EB1BA68B3689A4202D9C9F80050EA
:100A60003E460135B5F5807FD0D106B3B368C8F8EE
:100A70000030337B2370737B6370B37B0E485A1E48
:100A800053425341A370F37BE370337CF27C003B11
:100A900018BF01232371737C637106F11401B37CC9
:100AA000A37109F0D1FAF37C1C440023E371BDE883
:100AB000F88F00BF280400202F0400202404002009
:100AC0002004002053554749F0B5C61DC1B0054666
:100AD0003046FFF7F1FDDF28044604D94FF0FF361A
:100AE000304641B0F0BDEC22002105A809F07AFAA9
:100AF0002C4F2D4A8DF813400123CDE900233B688C
:100B0000013302932B788DF80C306B788DF80D3013
:100B1000AB788DF80E30EB788DF80F302B798DF89F
:100B200010306B798DF811302246AB798DF8123088
:100B3000314605A809F088FA3F216846FFF7DAFE3A
:100B40003C683F9024B1194B1C680134FF2C22D81B
:100B500004F5002303F580731B0203F58072196806
:100B6000013118D104339342F9D104F5002000F586
:100B70008070402269460002FFF7F0FE064600281A
:100B8000ACD1029B3B60094B09481C60E722294617
:100B900009F05AFAA4E70420FFF7C8FE044600282B
:100BA000E3D09BE72404002053554749200400204C
:100BB0002804002010B50E498B78012BBAB015D14E
:100BC0000C78844212D1E722684609F03DFA0023EE
:100BD0006846ADF802308DF80140FFF775FF002838
:100BE00014BF4FF0FF3001203AB010BD0020FBE7EA
:100BF0002804002030B5BBB005460C46E722114959
:100C0000684609F021FA01238DF804309DF8003080
:100C10008DF80650B3FA83F35B0920468DF8053052
:100C2000FFF74AFDDF280AD8421C21460DF10700D4
:100C300009F00AFA6846FFF747FF3BB030BD4FF0B6
:100C4000FF30FAE728040020114B1A6B42F0010232
:100C50001A635A6C42F010025A645B6C0D4B1A68AE
:100C600022F470121A601A6842F420121A605A6A4A
:100C700022F47F625A625A6A42F4EE625A62A3F523
:100C8000704340F2D9229A6042F20C02DA60704757
:100C90000038024000000240024B1A681206FCD5E0
:100CA000586070470010014008B5411E11F8010F4F
:100CB00000B908BDFFF7F0FFF8E77FB528B930208D
:100CC00004B0BDE87040FFF7E7BF01AB00211E464E
:100CD0000A24B0FBF4F504FB1502303203F8012BB3
:100CE0000246092A01F10101284601D90A29F0D159
:100CF0000139705CFFF7D0FF0029F9D104B070BD55
:100D000010F0040F08B5014614BF31203020FFF762
:100D1000C3FF11F0020F14BF31203020FFF7BCFFDA
:100D200001F00100BDE808403030FFF7B5BF00001A
:100D3000034AD2F8883043F47003C2F88830704711
:100D400000ED00E0DFF834D0FFF7F2FF0C480D496A
:100D50000D4A002302E0D458C4500433C4188C4216
:100D6000F9D30A4A0A4C002301E013600432A2427C
:100D7000FBD309F045F900F00FF87047000002209E
:100D800000000020F4030020C0B308080004002085
:100D900004AB0020FEE700002DE9F84F884B894D99
:100DA0009D6000F0DFFBFFF72FFDFFF78DFCFFF7E5
:100DB0004BFF8548854FFFF777FF0020FFF77DFF4A
:100DC0002E20FFF769FF0120FFF777FFB7F5C02F4F
:100DD00005F17745C0F08F8005F57803B3F5C02F96
:100DE0000AD201247A48FFF75FFF7A487A4B002C39
:100DF00008BF1846FFF758FF7848FFF755FF7848B7
:100E0000FFF752FF00F0C2FBFFF74EFF7348FFF7FA
:100E10004BFFFFF7E3FDFFF79DFC064602F046FBA4
:100E200004467048FFF740FF3046FFF769FF002C8B
:100E300063D06D48FFF738FF6068FFF735FF6748FC
:100E4000FFF732FFB4F1000818BF4FF00108404629
:100E5000FFF790FC00F05AFD644A654B002814BF70
:100E600010461846FFF720FF00F0FAF96148FFF737
:100E70001BFF00F0BFFA002841D000F0C1FA06467F
:100E80005D48DFF8A4A1FFF70FFF06F1FF3B08362E
:100E90001BF8019F4FEA191309F00F091AF8030014
:100EA000FFF7FAFE1AF80900FFF7F6FE5E45EFD1EC
:100EB0005248FFF7F9FE00F0CDFA00F0E5FA81465E
:100EC0004F48FFF7F1FE00F035FBFFF7EDFE4D4810
:100ED000FFF7EAFE4846FFF7F0FE4048FFF7E4FE62
:100EE00000F0D8FA064660B16CB92646DFF83CA19E
:100EF000DFF83CB109E0002474E74348A0E7434829
:100F0000D7E7002CF2D0D4E901BA002000F0AAFB08
:100F10005A465146484601F02BFD00F0BBFA4146C7
:100F200001F09CFE3A48FFF7BFFE4846FFF7C5FEBA
:100F30002A48FFF7B9FEB6B1E3689847B7F5C02F66
:100F400036D200252846FFF735FE012818D1314852
:100F5000FFF7AAFE1F4B2048002D18BF1846FFF7C9
:100F6000A3FE2D480AE02D48FFF79EFE00F092FAFE
:100F70002B4A2C4B00280CBF10461846FFF794FE56
:100F800000F038FBFFF710FC054600F063FB0EB1E4
:100F90002369984701F0BAFEFFF706FC401BB0F545
:100FA000FA7FF2D3FFF700FC0546FFF7EDFBECE715
:100FB00005F57805B5F5C02FE2D20125C2E700BFDF
:100FC00000ED00E0000208083DA10808000206004C
:100FD0006CA108088CA008088EA0080862A8080860
:100FE00074A1080881A1080896A10808ACA0080807
:100FF00090A00808CEA10808EBA10808F8A10808ED
:101000002BA208083BA208089BA108080DA208080B
:1010100046A2080882A208089FA208085AA2080847
:1010200024A1080801A10808BCA20808CAA0080851
:10103000EDA00808F0B50246014448F2050700207B
:101040008A4213D012F8016B08250124430026427E
:101050004FEAD03C98B214BF01230023634518BF68
:1010600078406400013DE4B2F0D1E9E7F0BD000052
:10107000104B1A6822F470021A601A6842F42002B7
:101080001A605A6842F440625A609A6842F47002E8
:101090009A60DA6822F47002DA60DA6842F4A00238
:1010A000DA605A6A22F47F425A625A6A42F48842EB
:1010B0005A62704700040240024A136843F4007306
:1010C0001360704700580040064B074AD2F81418C6
:1010D000014201D1013BF9D1B3FA83F0400940420A
:1010E000704700BFA08601000050004038B5144C86
:1010F000236843F48073054623600120FFF7E4FF73
:10110000002814DBC0350F4B256140F202426169B3
:1011100011420FD1013BFAD1636923F4806363610B
:10112000236843F4007323606FF0010038BD4FF073
:10113000FF30FBE7606910F48060F7D0ECE700BF98
:1011400000580040A086010070B5044600200D46FE
:10115000FFF7CCFF00281FDB114EB3692544802028
:10116000FFF7B2FF002804DAFFF7A6FF6FF00100D7
:1011700070BD14F8013B3361AC42F0D10420FFF79D
:10118000A3FF002804DAFFF797FF6FF00200EFE7F4
:10119000FFF792FF0020EBE74FF0FF30E8E700BFDA
:1011A0000058004007B501210DF107008DF8071028
:1011B000FFF7CAFF03B05DF804FB00002DE9F84318
:1011C000264C236843F4806305462360012088464B
:1011D000FFF78CFF00283BDBA36905F1FF390026F0
:1011E0004020FFF771FF002807DAFFF765FF6FF077
:1011F0000200BDE8F8833E46F2E7236909F8013FA3
:10120000771CA8EB0703032BF5D80420FFF75CFF3E
:10121000002804DAFFF750FF6FF00300E9E72368C6
:1012200023F48063236072B62369EB55236843F48B
:1012300000732360F71C2E442369B37062B640200C
:10124000FFF742FF002806DB2369EB550020D0E7BB
:101250006FF00100CDE76FF00400CAE700580040CE
:101260002DE9F04F5D4C5E4B5E4E5F4D00212160DD
:10127000616021721A6B317042F002021A631A6CBB
:1012800042F480021A6491B01B6CFFF7F1FE574BD9
:101290004FF400421A602A2219605A60D222DA61A1
:1012A0002B221A6201221A601A6822F001021A60C7
:1012B0002B6823F440032B602B6843F480032B60DE
:1012C0006B6823F400636B604FF00063AB61FFF762
:1012D0007DFA07468846FFF779FAC21B61EB0803DF
:1012E000502A73F10003F6D34FF40063AB61FFF7AC
:1012F000BFFE3E4B01251D600220FFF75BFA042173
:1013000004A8FFF75BFF002804DA11B0BDE8F04F36
:10131000FFF748BF9DF81030042BF6D19DF811302F
:10132000112BF2D1324B0593052100230DF115004D
:10133000ADF81830FFF77EFE0821ADF81A0005A8B9
:10134000FFF702FF0028E0DB0520FFF733FA232137
:1013500007A8FFF733FF0028D7DB9DF81C30232BAD
:10136000D3D1212107A8FFF765FE9DF83D20C3B228
:101370009A42CAD19DF83E30C0F307209842C4D1AA
:101380009DF81D009DF81E109DF81F209DF820302F
:101390009DF825B09DF826A09DF827909DF82880FF
:1013A0009DF829700390029101920093FFF7FAFED5
:1013B00003980299019A009B20706170A270E370FB
:1013C00084F804B084F805A084F8069084F80780B7
:1013D0002772357011B0BDE8F08F00BF0F050020F7
:1013E0000038024018050020000402400058004068
:1013F00003070280014B1878704700BF18050020D2
:10140000004870470F05002030B50F4B1B7885B0A2
:1014100013B17F2005B030BD0C4C0D4821680191FF
:1014200062680292A36803938142F2D1012AF0D14B
:101430007E2BEED8032101A8E568FFF75BFA854211
:10144000E7D1207AE6E700BF1905002000000E086A
:10145000444E474908B5074A074B9B1A074A18BF2D
:1014600001231370FFF7D0FF054B1870054B187060
:1014700008BD00BF00000E0800000E08190500207E
:101480000400002005000020014B1878704700BFC1
:1014900005000020024B18787F3818BF01207047E4
:1014A00005000020014B1878704700BF04000020A1
:1014B000034B1878034B1B78C01A18BF01207047E4
:1014C000040000200500002030B5164B1B7885B0C5
:1014D00004464BB9010607D40B20FFF727FA124D3B
:1014E00030B1FFF791FF28704FF0FF3005B030BDED
:1014F0007F2C0ED00D4A0294012303216846CDE9CA
:101500000023FFF7F7F90422039069460848FFF724
:1015100025FAFFF779FF2870001B18BF4FF0FF3046
:10152000E4E700BF1905002004000020444E4749AD
:1015300000000E08064B1B783BB9064B06481A788C
:10154000064B7F2A18BF184670470548704700BFF2
:10155000190500200500002000A3080824A308089E
:10156000CDA20808044B05495A6F120E0A705A6F33
:1015700042F080725A677047003802401A05002016
:10158000014B1878704700BF1A050020104B1B78DC
:10159000980610D4590610D41A0610D4D80610D4C0
:1015A000590710D41A0710D413F0020F094B0A4838
:1015B00008BF1846704709487047094870470948EE
:1015C000704709487047094870470948704700BF8D
:1015D0001A05002091A3080887A3080830A308086B
:1015E00045A308084AA3080854A308085DA30808EF
:1015F0007EA30808134A936843F480539360124B08
:101600005A6F42F001025A67104A596F890701D494
:10161000013AFAD15B6F9B0713D50D4B45F255523A
:101620001A6004225A604FF47A729A60074AD968A5
:1016300009B1013AFBD14AF6AA221A604CF6CC4213
:101640001A607047002004E000380240A1860100C3
:1016500000300040024B4AF6AA221A60704700BFD1
:10166000003000403C4A136B43F002031363136BDA
:101670003A4B196821F470211960196841F420214E
:101680001960996841F470219960596A21F0FF014D
:101690005962596A41F099015962136C43F0007321
:1016A0001364136C2E4B1A6822F002021A601A6837
:1016B00042F001021A602B4A5968C90703D4013A63
:1016C000FAD1012070471A68274942F040021A6097
:1016D000264A002808BF0A46DA61D3F800222148CA
:1016E00042F00102C3F80022D3F81C2222F00102CA
:1016F000C3F81C22D3F80C2242F00102C3F80C22DA
:10170000D3F8042222F00102C3F804220022C3F815
:101710004022C3F84422D3F8142222F00102C3F875
:101720001422D3F81C2242F00102C3F81C22D3F881
:10173000002222F00102C3F800221A6822F00102FE
:101740001A60074B5A68D20701D50138FAD1B0FAAE
:1017500080F0400940007047003802400004024019
:101760000064004040420F0005001A0005001AC046
:10177000082AF0B524D8154B9B685B0123D50023BC
:101780001E461F46DCB2A2420DD8104B400540F069
:101790000100C3F88421C3F88871C3F88C61C3F8D1
:1017A00080010020F0BD032BCC5C4FEAC3058BBF4A
:1017B000203DAC40AC40274388BF26430133E1E7DE
:1017C0004FF0FF30EEE76FF00100EBE70064004000
:1017D00070B5184C0546E06810F0030018D0D4F836
:1017E000B031D4F8B401D4F8B861D4F8BC410DB12B
:1017F0005B0D2B8000F00F00082828BF082002B1E5
:101800001070A9B90B4AD36843F02003D3600120BC
:1018100070BDD300032A8ABF203B26FA03F324FAC3
:1018200003F3DBB28B540132D3B29842F1D8E9E72B
:101830000022F9E700640040082AF0B524D8154BCF
:101840009B685B0123D500231E461F46DCB29442F1
:101850000DD3104BC00040F00500C3F88421C3F83D
:101860008871C3F88C61C3F880010020F0BD032BA0
:10187000CC5C4FEAC3058BBF203DAC40AC40274356
:1018800088BF26430133E1E74FF0FF30EEE76FF00A
:101890000100EBE700640040F0B51B4E0746F0681E
:1018A00010F0030011D0D6F8B031D6F8B441D6F814
:1018B000B851D6F8BC6113F0040FC3F3800005D112
:1018C000114AD36843F02003D360F0BD0FB1DB08A9
:1018D0003B6004F00F04082C28BF082402B11470E8
:1018E0000029EDD000220AE0D300032A8ABF203B62
:1018F00025FA03F326FA03F3DBB28B540132D3B299
:101900009C42F1D8DCE700BF006400401FB5012015
:10191000FFF7A8FE50BB45F6A523022201A940F21D
:101920002310ADF80430FFF723FF044600BB1B4B28
:101930001B4AD16889071FD1013BFAD103242046F5
:1019400004B010BDBDF8062040F223139A4211D115
:101950009DF80330022B0DD19DF80830A52B09D13D
:101960009DF809305A2B18BF0524E8E70124E6E763
:101970001446E4E70524E2E700230DF1030202A97F
:101980000DF10600CDE90233ADF806308DF80330D5
:10199000FFF71EFF0128D5D00424D0E740420F00F6
:1019A000006400400D4B19681A6822F001021A60A9
:1019B0002A225A600A4A10680A4A90428BBF48F2AB
:1019C0002302D222DA61DA618CBF0D222B221A6245
:1019D0001A6801F001010A431A6070470054004080
:1019E000080000207F1A0600064B5A69510542BFC5
:1019F0005A6922F480625A615A69920748BF9B690A
:101A0000704700BF00540040024A136843F400735B
:101A10001360704700540040074B084A40F4806050
:101A20005169084204D1013BFAD14FF0FF307047B1
:101A3000506940F380207047A086010000540040A8
:101A4000074A1368591C1CBF01331360002805DACC
:101A5000044A1368591C1CBF01331360704700BF50
:101A6000200500201C050020064B074AD2F814145C
:101A7000014201D1013BF9D1B3FA83F04009404260
:101A8000704700BFA086010000500040044B186062
:101A9000044B1B6C9B0201D5FFF784BF704700BF4E
:101AA000080000200038024010B1044B1B6803609E
:101AB00011B1034B1B680B60704700BF200500206D
:101AC0001C0500201C4B1A6B42F0020210B51A6371
:101AD0001A6C1A4C42F400121A641B6C184B1A68E8
:101AE00022F470421A601A6842F420421A605A685E
:101AF00042F0C0025A609A6842F470429A60DA6812
:101B000022F47042DA60DA6842F4A042DA601A6ABB
:101B100022F07F421A621A6A42F088421A624FF437
:101B20000043236000232360FFF73CFF236843F05A
:101B30000103236010BD00BF003802400054004084
:101B40000004024008B5094B09481A6842F40072C3
:101B50001A609A69920701D50138FAD1FFF744FF5C
:101B600018B9BDE80840FFF7ADBF08BD00540040FC
:101B7000A086010070B5184D0C46FFF735FFAB6924
:101B800003F00303022B064601D1FFF79BFF2B68EE
:101B900043F480732B600120FFF766FF002804DA0E
:101BA000FFF7D0FF4FF0FF3070BD44EA4604E4B2C7
:101BB0000A4B094A2C6140F202415069084206D1A1
:101BC000013BFAD1FFF7BEFF6FF00100ECE750696F
:101BD00010F48060E8D0F5E700540040A0860100D2
:101BE00070B50C4600211546FFF7C4FF002816DB30
:101BF0000E4EB3692544AC4208D10420FFF70CFF18
:101C00000028B4BF6FF00200002070BD8020FFF7F5
:101C100003FF002806DB14F8013B3361EBE74FF0CC
:101C2000FF30F2E76FF00100EFE700BF0054004023
:101C3000F8B50D461746002A00F097804C4C012A53
:101C400023681CD123F4406323601146FFF792FF01
:101C5000002822DB72B6A369236843F40073236073
:101C600062B64020FFF700FF002804DAFFF76AFFA2
:101C70006FF0040013E023692B7000200FE0022AAC
:101C800030D143F4406323600121FFF773FF002844
:101C900006DA236823F4006323606FF00300F8BDC5
:101CA00072B6A369236823F48063236062B60420BC
:101CB000FFF7DAFE002806DAFFF744FF236823F473
:101CC00000632360D4E772B6236843F40073236093
:101CD00023692B7023696B7062B6236823F4006359
:101CE0002360CAE723F400632360236843F480631E
:101CF00023600121FFF73EFF0028CEDBA369002609
:101D0000BB1B032B09D80420FFF7AEFE00280DDA19
:101D1000FFF718FF6FF00500C1E74020FFF7A4FEB2
:101D20000028A3DB2369AB550136E9E7104C236893
:101D300023F4806323602369AB550420FFF794FEEE
:101D4000002806F1010704DAFFF7FCFE6FF0060039
:101D5000A5E772B6236843F4007323602369EB554B
:101D600035442369AB7062B687E74FF0FF3096E7E2
:101D70000054004008B50021FFF7FCFE002805DBF9
:101D8000034B9B69FFF740FE012008BD0020FCE7E4
:101D90000054004010B572B1FFF722FF041E06DAAE
:101DA000FFF7D0FE2046FFF74BFE204610BDFFF7A1
:101DB0002BFE0024F6E74FF0FF34F6E708B5FFF7F7
:101DC00037FFFFF73DFE08BD70B505461E468AB1D8
:101DD000FFF706FF041E06DAFFF7B4FE2046FFF702
:101DE0002FFE204670BD049A31462846FFF720FF9B
:101DF0000446F3E74FF0FF34F3E7000073B50D46F8
:101E000000211446FFF7B6FE00282BDB174EB369FE
:101E10008DF80450230A8DF806408DF8053001AD89
:101E200000248020FFF7F8FD002807DAFFF78AFE7C
:101E30006FF00100FFF704FE02B070BD013415F829
:101E4000013B3361032CECD10420FFF7E5FD0028B2
:101E500004DAFFF777FE6FF00200EBE7FFF7D4FD3F
:101E60000020E7E74FF0FF30E4E700BF00540040F8
:101E7000F8B50F46002106461546FFF77BFE002801
:101E80004EDB294C8020A369FFF7C6FD002806DA47
:101E9000FFF758FE6FF00100FFF7D2FDF8BD276194
:101EA0000420FFF7B9FD002804DAFFF74BFE6FF0BE
:101EB0000200F1E7236843F44063236001213046C8
:101EC000FFF758FE002806DA236823F40063236036
:101ED0006FF00300E0E772B6A369236823F4806320
:101EE000236062B60420FFF7BFFD002808DAFFF781
:101EF00029FE236823F4006323606FF00400CBE71E
:101F000072B6FFF781FD2169236962B62268DBB2F0
:101F100022F4006243EA0123226000202B80BBE709
:101F20004FF0FF30B8E700BF00540040006807F0F2
:101F3000ACBD006807F030BD7FB5164604460D46BF
:101F4000FEF744FC064A0094821841F10003CDE9F3
:101F500001560449044807F0CDF804B070BD00BF35
:101F600040420F0034380020203800202DE9F04195
:101F70001546D708069A00EBD10603EBD208414676
:101F80003A46304608F014F815F007050BD0012446
:101F9000AC4018F80730E4B2621E1340F25D6442B0
:101FA00022401343F355BDE8F0812DE9F04311F0D1
:101FB000070F079D07460E469C4604D10795BDE8CE
:101FC000F043FFF7D3BFAA184FF0010E954201D39B
:101FD000BDE8F08305F0070806F00709C84541464B
:101FE0004FEAD50438BF4946C1F10801531BF00838
:101FF0001CF80440994228BF194644FA08F43B5C97
:102000000EFA01F804FA09F408F1FF385C4008FA06
:1020100009F804EA080463403B540D440E44D5E734
:102020002DE9F041D400A342069D94BFE41A241B7D
:10203000AC4205F1070228BF2C46D2089846064656
:102040000F46A2EBD402002100EBD40007F0CAFF38
:10205000CDF818803B46224630460021BDE8F041CD
:10206000FFF7A3BF1FB5CC00944294BF241BA41A52
:10207000102C03464FF0000100920DF10E00224695
:1020800028BF1022ADF80E10FFF78FFFBDF80E002D
:1020900004B010BD07B58DF8000001208DF80100D7
:1020A0008DF804108DF805206846DDE90421ADF8AF
:1020B0000230FFF741FF03B05DF804FB70B5044642
:1020C000D0E90410ADF5047D08B931BB14480022F5
:1020D000FFF7C8FF4FF482720546002143A807F0BE
:1020E00081FF284643A901F0F5F8839DFF2D14D800
:1020F00003AE0023EA008DF80C500093082143AB97
:1021000030460135FFF732FFCDE9006540F281131B
:10211000627921792078FFF7BDFF0DF5047D70BD50
:1021200064A80808F0B54FF4A872ADF5297D012424
:10213000054600210DEB020007F054FF8DF85041D9
:102140008DF85241FEF72AFC002800F08880038AAF
:102150008DF85431438A8DF85531D0E90623CDE905
:102160005623036A6A9300236C946B931022002118
:1021700058A807F037FFFFF73DF9002878D0FFF7A0
:102180003FF902460068516858AB03C3127A1A70CF
:10219000414B1C682046FEF78FFA32280246214642
:1021A00028BF32225CA8699207F04EFF549B05932A
:1021B000BDF85431ADF81830DDE956230026CDF8CE
:1021C0001A20CDF81E30009658AB8022702105A849
:1021D000FFF7EBFE699C322C3ED88DF83240E400CC
:1021E0005CAB00962246F82105A8FFF7DEFE6C9F47
:1021F000012F04F1F8032FD8DB0805AA04F5807439
:10220000D754BF013A46214600966AAB05A8FFF7AE
:10221000CCFE3C44A69FDE2F1ED8E30805AA083456
:10222000D754FF006EAB3A46214605A80096FFF74B
:10223000BCFE2B788DF80C3001238DF80D30E119A0
:102240004FF4D773ADF80E3005AAAB88ADF8103057
:10225000C90803A8FFF770FE0DF5297DF0BD4FF406
:102260008073ADF8543100220023CDE956237DE779
:102270000A490B4854AB51F8042B1A74140A5C74C5
:1022800081424FEA12444FEA12629C74DA7403F1FD
:102290000403F0D17CE700BF10000020107AFF1F7C
:1022A0001C7AFF1F2DE9FF4D90F800340B70044697
:1022B0000D4616466BB901464FF48062681C07F064
:1022C00077FE42F20803DB083360002004B0BDE86B
:1022D000F08D012B25D1D0F80032FF2B25D84B7083
:1022E00041F6FF7800214FF0000A4FF0000BD4F8C0
:1022F00000224F1C3B0191424FEAD300E3D234F855
:102300001130434528BF43462B52002300930D2133
:1023100002AB03222844CDE902ABFFF746FE394663
:10232000E5E7022B04D10823CDE76FF00900CDE7E4
:102330006FF00A00CAE700002DE9F041ADF6980DF4
:1023400040F68802002104A807F04CFE01238DF816
:102350001034614B049341F6F873ADF814305F4BC1
:102360001C785F4B186805A90022D3B29C4200F28A
:10237000AE800333DBB201250DF6580400268493AA
:102380002A4602AB4FF4D77120460096554F8DF880
:1023900014588DF80850FFF708FE02AB2A464FF498
:1023A000C071204600968DF80850FFF7FEFD40F200
:1023B000B311009602AB2A4620468DF80850FFF76D
:1023C000F4FD398851B1B1F5007F07D2009602AB18
:1023D0002A4620468DF80850FFF7E7FDB7F830127F
:1023E00059B1B1F5007F08D20023012200932046A5
:1023F00002AB8DF80820FFF7D8FD3B4D40F20148B5
:1024000002AA294604A8CDF80880FFF74BFF002850
:1024100053DB029B45F8043CDB002E1F03F1400513
:1024200002AA06EBD5010DF2144003F12007CDF806
:102430000880FFF737FF00283FDB029BFF084021A1
:10244000F35105EBC303DA080DF61807B15003F199
:10245000200206EBD2023D4603CDA542106051603A
:102460002F4602F10802F6D103F50872D208402186
:10247000B15003F5107206EBD2020DF69806254610
:1024800003CDB542106051602C4602F10802F6D12E
:10249000164C174A0292FF2203F588618DF80C2032
:1024A00022788DF80D20C908124A02A8FFF744FDD2
:1024B0002378013303F01F0323700DF6980DBDE858
:1024C000F08130F8123021F8023F01324DE7FC2A4A
:1024D000F7D1FF234FE700BF551D561D0E2B0020DF
:1024E000102B0020182B0020680600200D2B002048
:1024F0000700561D640600202DE9F047D0E9044688
:102500002DED028B0546ADF5CD6D002E75D0E700A3
:10251000072F78D80023CDF85034DB0000932246F3
:1025200008233146D4A8FFF77BFDDDF85024D30003
:102530000833BB4228BF3B46DB089C4294BF221BAA
:10254000E21AD100072960D800238DF860364CAE1E
:102550004FF408720021304607F044FD0DF10F04DE
:102560000023009450AA8DF80E308DF80F300DF531
:102570008B610DF10E03D4A800F0C8FE9DF80E305B
:1025800033729DF80F307372FEF720F9C6E900012F
:1025900096E80300727A0990337AADF82810090C96
:1025A00009AC8DF82A10E37112B143F00203E37114
:1025B00000220023CDE9042300230093062204AB6C
:1025C0003A212046FFF7F1FC96F818322372002BCF
:1025D00000F0CB81013B0D2B58D8DFE813F026012A
:1025E0002601D8003D014501130126013D014501A9
:1025F000130126013D0145014D01002C46D1AD4E90
:102600002746234687E7337885E7F018F35C8DF893
:102610006036002B9BD0013B0D2B37D8DFE803F051
:102620003C3C074E63203C4E63203C4E6378012ABD
:1026300094BF941A02F1FF34461C00222146304612
:10264000FFF710FDB0F5006FCDF858051ED80090CB
:102650001023224631460DF58B60FFF7E1FC76E74B
:10266000012A94BF921A02F1FF32D300072B00F126
:10267000010106D80023CDF858351B01009308232B
:10268000E9E74378CDF85835802BF6D90DF5CD6DB7
:10269000BDEC028BBDE8F087012A94BF941A02F1C9
:1026A000FF34461C002221463046FFF7DBFCB0F524
:1026B000807FCDF85805E9D8C000C8E7012A94BF4B
:1026C000921A02F1FF32D300072B00F1010104D866
:1026D0000023CDF858359B01D0E74378CDF8583525
:1026E000202BF8D9D2E7012A94BF921A02F1FF32C7
:1026F000D300072B00F1010104D80023CDF8583591
:102700005B01BBE74378CDF85835402BF8D9BDE7DE
:10271000012A94BF941A02F1FF34E300072B00F161
:1027200001072ED80026CDF858663601DFF8A091B3
:102730009FED618ADFED618A0DF58B6808364FF0F9
:10274000080AB2453FF403AF524621463846FFF728
:1027500089FC09EA403307EE903A67EE887A000474
:1027600017EE903AF4EEE87AF1EE10FAA8BF43F0D3
:10277000FF4300F00040184348F8040B0AF1100A28
:10278000DFE74678CDF85866802ECED97EE7D6F8BA
:102790001071B7F5006F3FF679AFB6F81031A4F8B5
:1027A000093000263A461021009650AB0DF12D005D
:1027B000FFF7DCFB07F1100117F0070713D0002229
:1027C000C7F108070023CDE90623FAB251FA87F7CB
:1027D000B7F5016F3FF65AAF009606AB0DF12D002D
:1027E000FFF7E3FB394621F0070208324032D208F6
:1027F000CDE900424FF4C0736A7929792878FFF750
:1028000049FC43E7D6F81061802E3FF63FAF667271
:10281000360100230093324650AB08210DF12D0004
:10282000FFF7A4FB06F11002E0E7D6F81021B2F59D
:10283000807F3FF62BAFB6F81031A4F80930D600F0
:1028400000230093324650AB10210DF12D00FFF70D
:102850008DFB06F11802C9E7D6F81061202E3FF66D
:1028600015AF6672B601D4E7D6F81061402E3FF678
:102870000DAF66727601CCE7D6F8100280283FF6DD
:1028800005AF6072DFED0E6A9FED126A9FED0D7A63
:102890000D4FDFED0E5A000150AB0830082647F609
:1028A000FF7C0DF12D0E86424FEAD60214D1013283
:1028B000D2009BE764A808080000807700008047EA
:1028C000FFFF7F7F00E07F4700F0FF7F0000800771
:1028D00000E0FF0F00E07FC7F3EC017AB0EEE75AAB
:1028E000B4EE665AF1EE10FA0BD8F4EEC67AF1EEB9
:1028F00010FA22D4F4EE477AF1EE10FAC8BFF0EEE7
:10290000477A17EE908A28F00041B1F1FF4F17D3B4
:10291000C8F31609B9F1000F24D1B1F1FF4F0CBF74
:102920004FF4F84161464FEA184808F4004841EA7C
:1029300008012EF802101036B5E75FED1A7AE0E7CD
:1029400008EA070107EE901A67EEA57A17EE901ACB
:1029500001F58051B1F1786F28BF4FF07861C1F374
:102960004F31E0E74FF4FC41DDE708223EE700BFCE
:102970002DE9F047074692B089464148DFF844A167
:10298000404E4FF40051904606F0D4FF0AACCAF80E
:1029900000003D4A3D490AA806F09AFB0FCC354697
:1029A0000FC594E80700DAF80030336085E80700C7
:1029B0003771FEF71FFD364B364D1870082204A8FC
:1029C000282104AC06F08FFB0FCC0FC52368324CD6
:1029D0002B600025314B0293CDE9004500234FF4D5
:1029E000D7720221304606F02DFF2D4B0293CDE920
:1029F000004540F203234FF4C0720221304606F036
:102A000021FF284B02930223CDE90045194640F2ED
:102A10008112304606F016FF234B0293CDE90045A4
:102A20004FF4967340F2B3120221304606F00AFFCB
:102A30001E4B02934FF4E052CDE9004507230021DD
:102A4000304606F0FFFE1A4B41463846C3F8009068
:102A500000F026FCFDF7BAFE164B174AC3E9000149
:102A6000164BC31841F10004C2E900340A4A144B62
:102A7000801841F10001C3E9000112B0BDE8F08700
:102A800060380020343800202D1F0808331F080844
:102A9000882800202038002080841E00F83500207F
:102AA000D0330020A8310020802F0020C028002033
:102AB00010000020F02A0020E82A002040420F00E9
:102AC000002B00205038002030B50B46144685B04E
:102AD000024618B314B3124805884DB1AA4206D075
:102AE000B0F8301209B18A4218D1012500E0002562
:102AF0004FF40C714D4341194253083528444C6042
:102B0000029008480021CDE900010748022106F0A3
:102B100099FEC043C0F3C01005B030BD0020FBE7F4
:102B2000182B002080841E003438002013B50C467A
:102B30000421ADF80010FF218DF804102178ADF8C4
:102B400002008DF8051068461946FFF7F5F923785D
:102B5000013303F01F03237002B010BD08B5084B0A
:102B6000187850B1FDF732FE064BD3E900238018E8
:102B700043EB0101002901DA0020014608BD00BF36
:102B800098280020A0280020014B1870704700BF33
:102B9000142B0020014B1860704700BF082B002049
:102BA00070B5CAB004464FF488720D4606A80021DD
:102BB00007F018FAFFF7D2FFCDE906018DF82040A3
:102BC0000DF1230200242B5D0BB1FF2C3BD1204DD6
:102BD0009DF81E30AB719DF8203006982860072BB9
:102BE000284628BF0723BDF81C20AA80002600F82D
:102BF000073F00220023CDE90423009604AB052201
:102C000003214994FFF7D1F92C72E400009609AB37
:102C1000224628464821FFF7C8F90E4E0E4B029374
:102C20004834FF238DF80C302A4633788DF80D3068
:102C3000E10802A8FFF780F93378013303F01F039E
:102C400033704AB070BD02F8013F0134BBE700BFEA
:102C5000762700200C2B00200700F81F044B18706B
:102C6000044B197018B904490420FFF799BF704745
:102C70000D0000200C00002099A30808F0B5A5B0B5
:102C800004AB0D46002419462E5D671C0EB1722C54
:102C900024D104F190036B44202503F8805C4FF0AD
:102CA0000A0E00231D4690356D44B2FBFEFC0EFB60
:102CB0001C26303605F88C6C15460133092DDBB225
:102CC0006246EFD80C441A4662B990336B443B44D9
:102CD00003F8802CFFF764FF25B0F0BD03F8016B0B
:102CE0003C46D1E7551E24AEEAB256FA85F515F8F2
:102CF0008C5C04F8015FE7E7024B1860024B197027
:102D0000704700BF102B00200E2B00202DE9F04F44
:102D1000EFB0FDF75BFD9E4AD2E900349842A14135
:102D200007D39C495B1844F10004C2E90034FFF763
:102D300003FBFDF74BFD984AD2E900349842A141CC
:102D40005AD396495B1844F10004C2E90034FDF7F8
:102D50003DFD934AD2E90034C01A904A4FF0000377
:102D600061EB0401FDF730FB8E4B1B78064623B167
:102D70008D4B1B780BB18D4B1B7803F001048C4BF2
:102D80001B7884F001049C4238BF1C46FEF7F8FB18
:102D9000032C28BF03248DF8DC400024054636961A
:102DA00000270026009408AB0622022137A8CDE9AF
:102DB0000867FFF7FAF800940AAB052203210DF12A
:102DC000DD008DF8DD40CDE90A677A4CFFF7EDF8BC
:102DD000794B1893FF238DF8643036AA23788DF849
:102DE0006530072118A88DF8DE50FFF7A5F8237885
:102DF000013303F01F032370FDF7E8FC6F4DDFF88C
:102E0000C08106460F46284606F00AFB0446C8B1B4
:102E1000D4E9062352EA03010CD0B242BB4109D2E5
:102E200021462846D8F80C9006F002FB014664487B
:102E3000C847E8E794F82420A16A206AFEF7FCFC62
:102E40000028EDD00DF11B020DA907A8FEF724FD07
:102E500001284DD05B4C237873B1FDF7B7FC5A4A7B
:102E6000D2E90032C01A61EB0201584A00238242C3
:102E700073EB010138BF2370FEF71AFBB0B1544C5D
:102E8000FDF7A4FCD4E90023904299410ED3FDF74D
:102E90009DFC404BC01841F10001C4E90001FEF760
:102EA00001FB4C4902460320FFF7E8FE4A4B1B7822
:102EB000002B00F0AF81414806F0B2FA002840F044
:102EC000A981464B46498A6802F0E052B2F1E05FC0
:102ED00001D0013BF7D1BFF34F8F4249424BCA6843
:102EE00002F4E0621343CB60BFF34F8F00BFFDE7F6
:102EF000079B0F939DF81B3010930DAB1193FDF7BB
:102F000065FC0FAD002312ACCDE9013403930246FA
:102F100000952B480B4606F09BFA012892D1637866
:102F2000022B40F0E7806388B3F5D77F00F09C80E8
:102F300060D8B3F5C07F00F0A08040F281129342C8
:102F400000F09F80294F3A8812B1934200F0D08060
:102F5000B7F83022002A00F08A80934240F0878040
:102F600001254FF40C735D437B194FF4A072DFF819
:102F700080800092D3F804902079D4E9042143465C
:102F8000C847002873D0CDE900807B5B66E000BFB6
:102F9000002B002080969800E82A002040420F0075
:102FA000F02A0020882800200D0000200C000020BE
:102FB000142B0020F82A00200400551D2038002082
:102FC000343800209828002090280020C0C62D000A
:102FD00080280020CDA30808152B0020400D0300F9
:102FE0000064004000ED00E00400FA05182B00200A
:102FF0002405002040F2B3129342A3D1D4E9047512
:103000000DB9A7BB854D002239462846FFF72AF89F
:10301000FB00172BADF8600037D800233593DB0099
:1030200000933A46182319A82946FEF7F9FFBDF880
:1030300060004FF6FF734FF0000898428DF818803B
:1030400036AF27D1764B01221A709DF818308DF8D3
:10305000D8300123CDE9007340F2B31362792179AE
:103060002078FFF717F802E02046FFF75BF86D4B7A
:103070006169DB686B489847E4E62046FFF73CFA55
:10308000F5E72046FFF71AF8F1E7AB783593702B98
:10309000C5D9ECE74FF6FD7398421ED1359D94F8E3
:1030A00004906B1EDE2B03D904238DF81830CCE777
:1030B0002A4619A9384606F0C7FF05F5DC730DEB63
:1030C0000305394605F8E08C4846FDF793FD0123DA
:1030D0000028EAD1524A1370B7E7534B1B682BB153
:1030E000359A19A998478DF81800AEE70323DCE755
:1030F000002536E76269002B79D16388B3F5E05F7C
:10310000B5D194F904302779002BB0DB236912B9CB
:10311000002BACD1414A00200021CDE93601D90075
:1031200038294FF00005134636A80A46009528BFF7
:1031300038222946FEF71AFFDDE93613DFF80CE1E5
:103140000593BEF80080394BBEF900604745D4E9CD
:103150000220D3E900CA0FFA87F909D3DFF8F0B0EB
:10316000B2EB0C0860EB0A07C34575EB070B12D2F4
:103170002F49AEF80090C3E90020002594F805908F
:103180000D702C4B012583F800902B4B1D702B4BA1
:10319000C3E900206BE7B1457FF469AFDFF898E041
:1031A00094F805909EF800E0BEF1000F2FD0059E28
:1031B00051EA060E2BD0DFF87CE09EF800E00EF11D
:1031C000010E0EF01F0EF14521D1DFF888E0C64553
:1031D00075EB07071BD3059B194FB1EB0C0163EB94
:1031E0000A03C7E90013124B01211970CDE7154BF3
:1031F0001D68002D3FF43BAF134B61881B8899423B
:103200007FF435AF236961792079A8472FE7C3E9B7
:103210000020B6E76FB0BDE8F08F00BF64A80808D3
:10322000152B002034380020082B0020B028002067
:1032300098280020A8280020B828002090280020E6
:10324000A0280020782F00207C2F00200E000020D6
:10325000C0C62D0040420F00F0B50F4E0346084691
:103260003168072915D8A3B190B1541E0F2C10D87E
:103270000A4F54254D437C197B514FF48173A38031
:1032800001310023E064A37184F8502031600120F3
:10329000F0BD0020FCE700BF140000201800002053
:1032A00070B50B4C0D46208181B10846FDF704FA3C
:1032B0003F2828BF3F2006460246294604F15E000B
:1032C000344406F0C1FE002384F85E3070BD00BFB8
:1032D000180000200B4B1B68834270B50D460FD9B8
:1032E00054235843084B1E583046FDF7E5F9314644
:1032F00004460246284606F0A7FEC5F8004170BD08
:103300000024FAE714000020180000202DE9F74FF0
:103310009946644B644F1B68009382460D461446E1
:103320000026009BB34207D100230CB184F8083279
:1033300089F80030002331E0542303FB06F808EB42
:10334000070B57F8081001910846FDF7B5F902463A
:10335000DAF800010199824225D1504606F018FEA4
:1033600008BB9BF805209BF80410F2B9542303FB1B
:1033700006721279002A67D114B10A2284F8082251
:1033800003FB06731B8923800123C4F800315423F7
:1033900003FB06735A7989F800209B790C9A137005
:1033A00003B0BDE8F08F0136BBE7002DDED095F805
:1033B0000822002ADAD0A9B90A2AD7D1D5F80031D3
:1033C000002BD3D0288846B97F2802D8C0B2FEF798
:1033D0007BF8FEF767F83881C8E7542303FB0673D0
:1033E0001881C3E7022917D10D2ABFD19BF85000DD
:1033F000D5F800318342B9D15422002302FB067272
:10340000D9B28842B2D9D16C55F804CB01EB830113
:103410000133C1F800C0F3E70129A7D1012AA5D1E2
:10342000D5F800313F2B28BF3F2308F10A001A4688
:10343000294638449A4606F007FE542303FB0673D8
:10344000534400229A7291E7022A18D114B10D2335
:1034500084F80832542202FB0672254692F8500086
:103460000023D9B2884202D8C4F800018FE7D16C9A
:1034700001EB83010133096845F8041BF1E714B13E
:10348000012384F8083208F10A08B8444046FDF7E1
:1034900013F9414605460246204606F0D5FDC4F81C
:1034A000005174E71400002018000020431EDBB216
:1034B000FD2B0FD805280BD0012804D0022802D0FC
:1034C000042807D10320044B142202FB003070476C
:1034D0000020F8E700207047E4A4080810B52DED9F
:1034E000048B022882B00ED003281AD0012850D1B4
:1034F00000F06AFC29490320FFF752FB002002B0CC
:10350000BDEC048B10BD0DF106010020ADF80600E6
:1035100000F09AFCBDF8062021490320FFF7AEFB1E
:10352000ECE7204B1B78B3B31F4C22689AB31F4BB8
:103530009FED1F9AD3ED008A1E4B1F4993ED008A21
:10354000F5EEC08AF1EE10FAD8BFDFED1C8AB5EEB9
:10355000C08AF1EE10FA4FF00300D8BF9FED178A32
:10356000FFF78CFB68EE898A1549FCEEE87A0320A8
:1035700017EE902AFFF782FB28EE098A1149FCEE2C
:10358000C87A032017EE902AFFF778FB0023236008
:10359000B4E70320B3E70520B1E700BF34A508086E
:1035A00052A50808A0580020685800207058002034
:1035B000002474496C58002065A50808000000002C
:1035C00086A50808A6A5080838B54420FEF7D2FB52
:1035D0000D4D044618B12B780BB900F00FFB4820B5
:1035E0002C70FEF7C7FB094B1870094B1A784AB9C3
:1035F0002A7802F001021A705A78002A18BF104681
:10360000587038BD0122F4E7A05800209F580020D0
:103610006358002038B50B4604461546014607227C
:10362000184606F0C5FCA268C0F807200B232B60E3
:10363000002038BD2DE9F8431E464B070C461546C1
:1036400040D100EBD104D7083A463146204606F077
:10365000AFFC15F007030AD001259D40EDB2F35DE4
:103660006A1E1340E25D6D422A401343E355BDE8F4
:10367000F88301F0070804F00709C845434638BF3E
:103680004B46C3F108036A1A934228BF1346CA087F
:103690004FEAD40CB25C10F80C7042FA08F20EFA41
:1036A00003F802FA09F208F1FF387A4008FA09F83B
:1036B00002EA0802574000F80C7019441C448D427D
:1036C000D7D8D4E700214FF0010EF8E708B507215D
:1036D0001848FFF711FB1848FFF75CFA1748FDF789
:1036E000E3FAFEF7EFF900F027FB00F073FB144B51
:1036F0001A6822F040421A60DA6822F04042DA602A
:10370000DA6842F08042DA60FFF75EFFFDF75EF8AC
:103710000C4BC3E900010C4BC3E900010B4B0C49F6
:103720001A780C4B1B78032043EA4202BDE808409C
:10373000FFF7A4BA96A60808DD340808C6A508084D
:103740000000024090580020885800209F58002018
:10375000F9A50808A05800202DE9F04F8FB0FDF71B
:1037600035F81A4B0F46D3E900120546691A41F2A3
:10377000883067EB0202814272F1000245D3C3E94F
:10378000005700230A93124B1B78002B3DD00022D8
:103790000AA9104600F046FA002836D10D4BDDED9F
:1037A0000A7A93ED007A0C4A0C4937EE277A83EDBA
:1037B000007A1368013313600B68094AA3B9C2ED9C
:1037C000007A084AC2ED007A1DE000BF8058002050
:1037D000A058002078580020745800206858002015
:1037E000705800206C58002092ED007AF4EEC77AF1
:1037F000F1EE10FAE6D4BC4A92ED007AF4EEC77A04
:10380000F1EE10FADEDC01330B60B849DFF828C3B3
:10381000D1E90030EE1A67EB00040022B44572EBE8
:10382000040480F0AE81B24CDFF810831B1940F124
:103830000000C1E9003098F800300AAC002B78D0C5
:10384000AC4EDFF8FC9233684FF0000ACDF800A0D0
:10385000CDF804A0CDF808A0002B00F0A78107EE5A
:10386000903AD9ED006AF8EE677A114686EEA77AAB
:1038700068468DED017A00F0D5F9DDED007A9DED19
:10388000017A67EE877A0146CDED027A00239A4AE3
:10389000C9F800A03360002940F08F8111702046E4
:1038A0001022009E06F09EFBFFF758F904AACDE90E
:1038B0000A0107A920460C96FFF7ACFE002806DB9C
:1038C000049B8E4907AA4FF48050FFF72FF910226E
:1038D00000212046019E06F085FBFFF73FF904AA70
:1038E000CDE90A0107A920460C96FFF793FE0028B0
:1038F00006DB049B824907AA41F20100FFF716F993
:10390000102200212046029E06F06CFBFFF726F9EC
:1039100004AACDE90A0107A920460C96FFF77AFE12
:10392000002806DB049B774907AA41F20200FFF753
:10393000FDF8DFF8109299F8003013B3002302A8C5
:10394000029300F0C5F96C4A0146002840F03B8123
:10395000507010222046029E06F044FBFFF7FEF84E
:1039600004AACDE90A0107A920460C96FFF752FEEA
:10397000002806DB049B644907AA41F20300FFF715
:10398000D5F8624B624A1B691278DFF8BCA113F4C8
:1039900000430CBF0126002662B19AF80020B24213
:1039A00008D0002B5B4B5C4912BF04201946032052
:1039B000FFF7F6F88AF80060FFF7D0F8CDE90A01C2
:1039C00094E803000022ADF820100023090CCDE993
:1039D000022307908DF8221046F0020602AB062261
:1039E0003A2107A88DF82360FFF724FE002608235C
:1039F00007AA4A49DFF818A141F20400FFF796F838
:103A0000CDE90C66FFF7AAF8CDE90A01314601A815
:103A10008DF8046000F018FA9AF800209DF8046010
:103A20003F4B834662B11A78B24209D03D4A3E49C3
:103A3000002E16BF114603200420FFF7B1F8384BC3
:103A40001E7094E80300ADF82010090C07908DF863
:103A50002210BBF1000F01D046F002060022002325
:103A6000CDE904233A2104AB062207A88DF8236090
:103A7000FFF7E0FD08232D4907AA41F20500FFF7F3
:103A800055F810220021204606F0ACFAFFF766F840
:103A9000CDE90A0100F08AF901AA07A920468DEDB7
:103AA0000C0AFFF7B7FD002806DB019B204907AA97
:103AB00041F20600FFF73AF898F8003001268AF83C
:103AC00000601BB10C4A1278022A04D8194A1678F1
:103AD0000EB183F0010699F80030BBB3064A527864
:103AE000022A38D832E000BF6C58002090580020DD
:103AF00040420F0074580020655800209E58002056
:103B00009D5800209C5800209B5800200000024037
:103B10006058002019A6080827A608089A5800200F
:103B20006158002035A6080842A6080899580020C8
:103B300098580020635800203F420F00A0580020F2
:103B4000785800209F580020B8020020254A547859
:103B500014B1002B3DD10124002EA04618BF4FF018
:103B600002084046FFF710F81F4B1A78424508D06C
:103B700083F80080B8F1000F2DD11C490320FFF716
:103B80000FF81B4A1B48D2E90031ED1A67EB010719
:103B9000854277F1000706D31B1841F10001C2E905
:103BA0000031FFF711FD0FB0BDE8F08F01A902AAA7
:103BB000684600F037F8014668E61378FF2B1CBF13
:103BC00001331370B5E65378FF2B1CBF01335370DC
:103BD000D7E60024C0E7084946EA44020420FFF77C
:103BE0004DF8CEE763580020625800204FA6080821
:103BF000885800200087930365A6080808B544F29A
:103C0000271200214420FEF7F9F8002807DBBDE861
:103C100008404FF4006205214420FEF7EFB84FF052
:103C2000FF3008BD73B50D461446064698B10DF138
:103C3000060202214420FEF71BF9002839DBBDF8FB
:103C400006309FED207A07EE903AF8EE677A67EE3D
:103C5000877AC6ED007A9DB10DF106020421442059
:103C6000FEF706F9002827DBBDF906309FED167A2E
:103C700007EE903AF8EEE77A67EE877AC5ED007ABC
:103C800014B9002002B070BD0DF1060203214420DA
:103C9000FEF7EEF8002812DBBDF806309FED0B7A38
:103CA00007EE903AF8EE677A67EE877AC4ED007A0D
:103CB000E7E74FF0FF30E5E76FF00100E2E76FF074
:103CC0000200DFE70AD7A33A17B7D1370AD7233A5A
:103CD00013B504460DF1060200214820FEF7C8F88E
:103CE000002812DB14B9002002B010BDBDF9063067
:103CF000DFED076ADFED077A07EE103AB8EEC77A14
:103D0000E7EE267AC4ED007AEDE74FF0FF30EBE7FF
:103D10000000003C33938843054B5A69D20406D512
:103D20004FF480525A61034A13680133136070479D
:103D3000003C0140A4580020174B1A6B42F00202CD
:103D40001A635A6C42F480425A645B6C134B1A68D3
:103D500022F040721A60DA6822F04072DA60DA68A3
:103D600042F08072DA600E4A536923F00F0343F089
:103D7000010353610B4B1A6842F480521A60DA68EF
:103D800042F48052DA609A6822F480529A60064BBC
:103D90004FF480725A6070470038024000040240BD
:103DA00000380140003C014000E100E0044BDFED41
:103DB000057A93ED000AB8EE400A20EE270A704714
:103DC000A458002000A00C45014B00221A60704747
:103DD000A4580020184B1A6B42F005021A635A6C63
:103DE00042F480725A645B6C144B4FF000729A611B
:103DF0001A6822F440221A601A6842F480221A607B
:103E00005A6822F400725A60DA6822F44022DA60BA
:103E10000B4A136843F4407313600A4BDA6842F4A8
:103E2000E042DA600022DA620E225A639A6842F0B7
:103E300001029A60704700BF003802400000024053
:103E40000008024000200140164B4FF4007270B58C
:103E50009A61044605200D46FCF7ACFC124A136833
:103E600023F002031360936843F0804393600F4B89
:103E70001168890701D4013BFAD1D26C0949181E97
:103E80004FF0007618BF012092B28E6105B12A80F2
:103E90003CB12BB140F692439A428CBF00230123E0
:103EA000237070BD0000024000200140A086010088
:103EB0002DE9F84307464420FDF75CFF06467620CF
:103EC000FDF758FF04466220FDF754FFDFF87490B9
:103ED000054634B199F800401CB900F069FFC443AD
:103EE000E40FDFF864804DB198F8005035B9114BFC
:103EF0003946188801F052FBC543ED0F0E4B88F888
:103F000000501E700D4B89F800401A78002A18BF27
:103F100016465A781E70002A08BF22465A709A78B0
:103F2000002A18BF15469D700CB9054B1C70BDE8E2
:103F3000F88300BFBA02002014590020B9580020AD
:103F4000F05800201359002012590020034A135C36
:103F5000FF2B1CBF01331354704700BFBC58002017
:103F6000274B1B782DE9F041002B37D0DFF8BC80C0
:103F700098F80030002B31D1FCF728FC214B224F60
:103F80001B783C7805460E46CBB194B91F4B2048B0
:103F9000D3E90012691A66EB0202814272F1000253
:103FA0000FD31C49C3E900560C701B4901223A701B
:103FB0000A70184B1A78194B33F8124001E0002CA4
:103FC000F7D1174B204693ED000A00F0DBFF0028E5
:103FD00006DA0120FFF7BAFF00233B70BDE8F0814D
:103FE000104B20461C80012388F8003000F0B6FFFB
:103FF0000D4B4FF47A72E0FB0256C3E90056EDE731
:1040000013590020C0020020D2580020D8580020A8
:1040100080969800D1580020D0580020C0AA0808E7
:10402000BC020020E0580020E8580020F058002092
:10403000431E70B5062B7FD8DFE803F0041E274B24
:104040004B596A003F4B1B78002B79D03E4C2378AC
:10405000002B75D101F060FC002801DA012070BD51
:1040600001232370FCF7B2FB384A394B801841F129
:104070000001C3E9000106E0364B1B78002B5FD03E
:10408000354B01221A700020E9E72E4B1B78002BDC
:1040900056D02D4D2C78002C52D100294ED0002A1C
:1040A0004CD00A440A2011F8013B303BDEB2092E05
:1040B00044D800FB0434B4F5FA6F3FDC8A42F2D1F5
:1040C00001F02AFC0028C9DB244B1C8003232B7041
:1040D000C8E70528224B23490CBF012200221A7091
:1040E000214B08BF19460320FEF75AFDCBE7154BBD
:1040F0001B782BB3144B1D7815BB1C4C2378002B5D
:10410000C1D001F009FC0028A8DB19492570EAE7B5
:104110000C4B1B78A3B10C4B1A788AB9134A11784F
:104120000029B0D10121117005221A70FCF74EFB55
:10413000074BC3E90001A6E7032090E704208EE7C0
:1041400005208CE712590020B858002020A1070054
:10415000B058002014590020A9580020AA58002067
:10416000C0020020B6A60808A4A60808C1020020C4
:10417000C9A608082DE9F8431E464B070C4615460C
:1041800040D100EBD104D7083A463146204605F02D
:104190000FFF15F007030AD001259D40EDB2F35D36
:1041A0006A1E1340E25D6D422A401343E355BDE8A9
:1041B000F88301F0070804F00709C845434638BFF3
:1041C0004B46C3F108036A1A934228BF1346CA0834
:1041D0004FEAD40CB25C10F80C7042FA08F20EFAF6
:1041E00003F802FA09F208F1FF387A4008FA09F8F0
:1041F00002EA0802574000F80C7019441C448D4232
:10420000D7D8D4E700214FF0010EF8E738B50B46B8
:104210000446154601460722184605F0C9FEA26865
:10422000C0F807200B232B60002038BD30B52DEDE2
:10423000028B102289B004460D460DEB02000021CE
:10424000B0EE408A05F0CEFEFEF788FC6A46CDE966
:10425000040101A904A88DED068AFFF7D7FF002805
:1042600005DB009B01AA29462046FEF75FFC09B04A
:10427000BDEC028B30BD30B52DED028B102289B024
:1042800004460D460DEB02000021B0EE408A05F019
:10429000A9FEFEF763FC6A46CDE9040101A904A862
:1042A0008DED068AFFF7B2FF002805DB009B01AA0F
:1042B00029462046FEF73AFC09B0BDEC028B30BD22
:1042C00030B52DED028B102289B004460D460DEB62
:1042D00002000021B0EE408A05F084FEFEF73EFCAD
:1042E0006A46CDE9040101A904A88DED068AFFF70D
:1042F0008DFF002805DB009B01AA29462046FEF71A
:1043000015FC09B0BDEC028B30BD00002DE9FF4764
:104310000A218348834EFEF7EFFC8348FEF73AFC00
:10432000FDF7D0FB0120FFF7C3FD8048FCF7BCFC84
:104330007F48FCF7B9FC3378002B00F0E2800023C3
:1043400002A8029300F0FAFC002840F0D6807948D9
:10435000FCF7AAFC0298FCF7B0FC7748774FFCF713
:10436000A3FC7748FCF7A0FC3B78002B00F0CB8047
:1043700000F0ECFD734A744B00280CBF1046184641
:10438000FCF792FC7148FCF78FFC0420FCF795FCCD
:104390006F48FCF789FC0A20FCF78FFC6D48DFF8BA
:1043A0000882FCF781FC6C48FCF77EFC98F8003032
:1043B000002B00F0B380694800220023CDE90223DE
:1043C000FCF772FC02A801F07BFA58B96448FCF7CC
:1043D0006BFC0398FCF771FC3A20FCF75DFC02983B
:1043E000FCF76BFC002301A8019301F011FA0028EF
:1043F00040D1DDED017A9FED5B7A5B4867EE877A0D
:10440000FDEEE77A17EE905AFCF74EFC002D7CDAB1
:104410002D20FCF741FC6C424FF47A7AB4FBFAF998
:104420004846FCF74AFC2E20FCF736FC0AFB1944F0
:104430006420B4FBF0F030304FF00A09C0B2FCF752
:104440002BFCB4FBF9FABAFBF9F009FB10A03030F1
:10445000C0B2FCF721FC09FB1A403030C0B2FCF7B7
:104460001BFC4248424BA5F69775122D98BF184683
:10447000FCF71AFC00230DF103010DF102008DF889
:1044800002308DF8033001F02FFA30B99DF8023078
:10449000002B3CD13748FCF707FC2748FCF704FC0D
:1044A000002302A901A8CDE90133FDF7FDFA324846
:1044B000FCF7FAFB0198FCF700FC3048FCF7F4FB32
:1044C0000298FCF7FAFB2E48FCF7EEFBFCF77EF9AE
:1044D0002C4B98F80020C3E900012B4BC3E90001E5
:1044E0003B782A495B0043EA8203327803201A436F
:1044F00004B0BDE8F047FEF7C1BB2548FCF7D4FB8C
:104500002BE724482AE7244849E72C4684E79DF80E
:1045100003300BB12148BEE72148BCE72148BDE785
:10452000ACAA080814590020314008087BA70808E5
:104530008FA70808A2A7080862A808081359002036
:10454000F7A70808F8A60808E0A608080AA80808B7
:1045500017A8080829A8080865A8080878A808085E
:10456000A9A7080800007A4480A8080853A70808EB
:104570001EA708088CA8080824A908082CA9080860
:104580003CA9080800590020F858002046A908084E
:10459000B3A70808DBA708082EA80808B0A80808D1
:1045A000E2A8080811A90808125900202DE9F04FC7
:1045B0002DED028BB3B0FCF709F9B74ADFF84CC315
:1045C0000F46D2E900310646F41A67EB01000025D8
:1045D000A44575EB0000B14C80F08880B048DFF84E
:1045E00030831B1841F10001C2E9003198F8003016
:1045F00063B100231EA90CA80C931E9300F046FB88
:10460000A84280F2C2802846FFF7A0FCDFF804B37E
:104610009BF8003083B1A34B1B786BB125785DB953
:104620000DF107008DF8075001F070F8002880F2B6
:10463000E7800220FFF78AFC9B4B1A7872B198F84A
:1046400000205AB122784AB91A7000F08CFB002879
:10465000964914BF05200320FEF7A2FAFFF780FC5D
:1046600098F8003023B1924A1278022A00F20981A8
:10467000904A1278002A00F0078183F001098E4BDE
:104680001A7822B18A4B5B78022B00F2FF80894BAB
:104690005B78002B00F0FD8082F0010A9BF800306F
:1046A00023B1834A9278022A00F23881814A9278B3
:1046B000002A00F0368183F00108BAF1000F14BF20
:1046C00055464546B9F1000F18BF0225EDB2284600
:1046D000FEF75AFA794B1A78AA4207D01D70002DBE
:1046E00040F0218176490320FEF75AFA2378B3B1CE
:1046F000744DFCF76BF8D5E90023904299410ED335
:104700002378012B40F0238101F00AF9002880F280
:10471000138100236C4923700520FEF741FA6B4B8F
:104720001A78D2B16A4AD2E900128E4277EB0202BD
:1047300013D300251422294607A81D7005F052FC4A
:1047400007A800F0C1FCA842DFF8CC8180F24C81C0
:104750000120FFF7FBFB88F800505E4A5E48D2E973
:104760000031F61A67EB0107864277F1000707D39D
:104770001B1841F100010020C2E90031FFF798FB4E
:1047800033B0BDEC028BBDE8F08F494BDDED0C7A08
:104790009FED520A1D70524B5249C3ED007A37EE1D
:1047A000800A41F21000FFF741FD9DED1E0A4E49BF
:1047B00041F21100FFF75FFDDDED0C7A9FED4B7AC2
:1047C0009FED4B0A9DED1E8A27EE800A77EE877AD1
:1047D00080EE270A05F0BAF9464941F21200DFEDF2
:1047E000467A20EE270AF7EE007A77EEC87A20EEB6
:1047F000270ADFED427A20EE270AFFF761FD05E781
:104800009DF80730002B3FF417AF002304AA03A93B
:1048100002A802930393049300F096FF0028FFF68A
:1048200008AF234BDDF808909D70102229461EA882
:1048300005F0D8FBFEF792F907AACDE91E010CA9F5
:104840001EA8CDF88090FFF7E1FC002806DB079B4F
:104850002B490CAA41F21300FEF768F99DED030AFB
:10486000DFED1E7A274930EE270A41F21800FFF7E4
:10487000DDFC9DED040A244941F21900FFF7FBFC21
:10488000DAE64FF00109FAE69146F8E64FF0010A40
:1048900004E79A4602E700BF00590020B8580020FC
:1048A00040420F00C1020020A9580020EDA90808CD
:1048B000BC580020B958002013590020A8580020E7
:1048C00017AA0808B058002061AA0808F05800206C
:1048D000E8580020F858002000879303339388435A
:1048E000BC0200201159002010590020CD4C6D430E
:1048F000F6288A410F590020145C1C3F00007A44BE
:104900000E59002009590020085900203F420F008D
:104910001459002012590020D25800204FF00108ED
:10492000CBE69046C9E649EA4A028D4942EA880246
:104930000420FEF7A3F9D9E602232370FBF746FF14
:10494000884BC01841F10001C5E90001E7E6032BDF
:1049500012D1854BB3F9000000F06CFF002804DA97
:1049600082490520FEF71CF916E004232370FBF7AB
:104970002DFFC5E90001D2E6042B0FD100F090FF16
:10498000794B7B49B3F900207A4B00280ABF1946BE
:1049900005200320FEF772F90523E7E7022B13D168
:1049A00000231EA88DF8783000F0BEFF002801DA41
:1049B0007149D6E79DF878307049002B704B0EBFD7
:1049C000052019460320CDE76E4B1B784BB16E4B8B
:1049D0000021188800F0E2FD0028BEBF6B4B0022CA
:1049E0001A70002323709AE6694B5D7098F80030C6
:1049F00023B1684B1B78B3FA83F35B09664A1288CC
:104A00000AB1002B42D09DED080A644941F214001E
:104A1000FFF756FCDFED627A9DED070A614930EE43
:104A2000270A41F21600FFF701FC9DED090A5E49D5
:104A300041F21700FFF71FFC9FED5C7ADDED086A7D
:104A4000C6EE877AB6EE007A77EE877AFCEEE77AE2
:104A500017EE903A9DB2A5F59673B3F5487F15D839
:104A6000DFF82491B9F80030AB420FD0474B1B78E8
:104A700023B1444B1B780BB1237813B1A9F8005034
:104A800004E0284600F0B4FE0028F7D098F8003083
:104A9000002B5CD03F4A464C13780A9804EB830104
:104AA00008609DF82C1009B9424801700133DBB24F
:104AB000032B13704BD90DF1780900215022484681
:104AC00088F8001005F08EFAFEF748F82368269360
:104AD00063682793A3682893374A384BCDE920238E
:104AE000E3682993334BCDE91E011C788DF8C4404F
:104AF00004252595309599E803004022ADF834103F
:104B0000090C0C908DF8361020AB11460CA88DF8CE
:104B10003750FFF72FFB26AB802288210CA88DF899
:104B20004050FFF727FB00220023CDE9042340F289
:104B3000091104AB07220CA88DF85140FFF71AFBAE
:104B40001F4922230CAA41F21500FDF7EFFF98F848
:104B50000030002B3FF401AEFFF702FAFDE500BF85
:104B60002DAA080880969800AA5800207CAA080858
:104B700092A9080869A9080894AA0808D3A90808EE
:104B8000B6A90808C1020020BA020020125900206C
:104B9000BC580020D1580020E05800200D590020BA
:104BA000339388430B5900200A5900200000C84263
:104BB000C0580020D0580020C800FA0040019001E1
:104BC0000C59002030B502460144FF208A4200D132
:104BD00030BD12F8013B0824584045B24300002D77
:104BE000D8B2B8BF80F03100013CF6D1EEE72DE934
:104BF000F04102EB420805460F4614468044064643
:104C0000464505D10023A3420ED10020BDE8F08126
:104C1000304602210336FFF7D5FF16F8013C8342E8
:104C2000EED04FF0FF30F1E703EB4302AA5A52BA3D
:104C300027F813200133E6E730B585B00D468DF82F
:104C4000070014460DF1070101224420FDF7A2F8E8
:104C5000002815DB2846FBF7ADFD062202A94420FB
:104C6000FDF7ACF800280EDB0222214602A8FFF770
:104C7000BEFF0028B4BF6FF00300002005B030BDB8
:104C80006FF00100FAE76FF00200F7E737B505466D
:104C90000C4601AA0A21FD20FFF7CEFF002834DBD5
:104CA000BDF80630DFED1F7A9FED1F6A07EE103A60
:104CB000B8EE477A27EE277AC7EE067AB1EE087A81
:104CC00077EEC77AF5EEC07AF1EE10FA1FD49FEDB9
:104CD000177AF4EE477AF1EE10FAC8BFF0EE477A91
:104CE0008DB1BDF80430DFED126A07EE103AB8EE70
:104CF000477A27EE267AC7EE066A9FED0E7A36EEE1
:104D0000C77A85ED007A2CB9002003B030BDDFED05
:104D10000A7AE5E7DFED056A87EEA67A84ED007A88
:104D2000F2E700BF0000FA4200FF7F470000C842E0
:104D300000002F43000034420000000013B5044679
:104D400001AA01218920FFF777FF002801DB14B9B0
:104D5000002002B010BDBDF80420BDF8063043EAC3
:104D600002432360F4E707B5732101AA1520FFF77A
:104D700063FF03B05DF804FB1FB50B468DF80F0011
:104D800000920DF10F0101227620FDF71DF805B00C
:104D90005DF804FB07B502228DF804008DF80510BC
:104DA000762001A9FCF7F6FF03B05DF804FB0000D4
:104DB00010B58CB0002401220DF10301D0208DF834
:104DC0000340FFF7D9FFA042C0F2A7809DF803304F
:104DD000612B40F0A580B621E020FFF7DBFFA04269
:104DE000C0F2A1800A20FBF7E5FC56490122F02021
:104DF000FFF7C2FFA042C0F29980172201A98A20C2
:104E0000FFF7BAFFA04203DA6FF004000CB010BD48
:104E10000E220DF11B01E120FFF7AEFF0028F3DBAE
:104E200005220DF129012046FFF7A6FF0028EBDB44
:104E3000454BBDF823201A80BDF804205A809DF808
:104E400006201A71BDF80820DA80BDF80A201A8100
:104E50009DF80C209A72BDF80E209A81BDF81020A2
:104E6000DA81BDF812209DF81D0052BA1A82BDF8F1
:104E700016205A82BDF818209A829DF81A209A7539
:104E80009DF81C2002F00F0141EA001119839DF8E2
:104E90001B10120942EA01125A83BDF81E209A83A0
:104EA000BDF82020DA839DF8222083F820209DF889
:104EB000272083F82120BDF825205A849DF828203A
:104EC00083F824209DF82B20C2F3011283F82520BB
:104ED0009DF8292083F826209DF92D2021461211C6
:104EE000742083F82720FFF755FF002821DB0121DC
:104EF0007220FFF74FFF00281EDB21467520FFF7C9
:104F000049FF00281BDB54217420FFF743FF0028D2
:104F1000B4BF6FF00800002078E74FF0FF3075E76E
:104F20006FF0010072E76FF002006FE76FF00300AF
:104F30006CE76FF0050069E76FF0060066E76FF059
:104F4000070063E71C5900201E590020024B187807
:104F5000431E5842584170471C59002000284AF20D
:104F6000762249F6251314BF134600204FF47A72B7
:104F700018BF962003F5FA73B3FBF2F3013318441C
:104F80007047000007B5002800F08180454B9FED79
:104F9000466A93F921209FED457ADFED455A06EEEA
:104FA000902AB3F92220F8EEE66AB0F5C87FA6EEA3
:104FB000867A06EE902A9FED3F6A93F9242088BFF7
:104FC000DFED3D7AFAEEE86A98BF07EE900AE6EE6A
:104FD000865A4FF05A0098BFF8EE677AF7EE006AEB
:104FE00006EE102A93F8252093F92630B0EE665A83
:104FF000A5EEA75A07EE902ABAEECB6AF8EE677ACA
:1050000020EE060AB1EE006A77EE867AA7EE050A70
:1050100086EE277A07EE903A9FED286AF8EEE77A57
:10502000F0EE665AE7EE865A27EE007A86EEA56A1B
:10503000FBEE097AE7EE067A9FED217A67EE877A32
:10504000FCEEE77ACDED017A9DF80410FFF7A2FEA1
:1050500000281EDB65216420FFF79CFE00281BDB77
:10506000184B1B78012B14BF102120217120FFF752
:1050700091FE002813DB55217420FFF78BFE0028DA
:10508000ACBF00206FF0030003B05DF804FB0146E5
:10509000ECE74FF0FF30F7E76FF00100F4E76FF057
:1050A0000200F1E71E5900200000803D000044424C
:1050B00075021A3B6F12033A0000C8436F12033B9C
:1050C0009A9959401C5900202DE9F04387B00446B5
:1050D000112201A91D20FFF74FFE0028C0F2D88140
:1050E0009DF90430002B80F2D6819DF80A309DF89E
:1050F00009209FEDEA6A9FEDEA7ADFEDEA6ADFEDCB
:10510000EA3A9DF806609DF807709DF80800BDF822
:105110000CE01B0143EA02339DF80B2043EA121313
:1051200007EE903AE14BE24AB3F8008092F800C0F3
:1051300005EE908AB3F90280F8EE655AF8EEE77A48
:1051400004EE908A26EE656A93F9048027EE657A6C
:10515000A7EEA66ABCF1010F0BBF9DF814109DF8D5
:1051600012109DF813509DF81150A7EEA37A8A09EA
:1051700042EA850207EE908AF8EEE77AB3EE005A2B
:1051800067EE857A27EE077AF8EEE44A67EE877ACB
:10519000DFF87083E6EE247A01F00F05C8ED007A9F
:1051A0001CB9002007B0BDE8F083B3F90C909FED67
:1051B000C14A9FEDC17A9FEDC12A93F9108001EE9B
:1051C000909A93F90A90F6EE004AA7EEA44A06EEEA
:1051D000109AB3F90890C7EE875AB8EEC66A07EE80
:1051E000109A26EE046AB8EEC77A26EE046A27EE15
:1051F000047AB3F80690C4ED005AA6EE267A9FED25
:10520000B06A27EE067AB7EE006AB0EE463AA7EE2D
:10521000023A02EE909AF8EE622A07EE908A62EE67
:10522000832AB3F90E80F5EE402AF1EE10FA00F071
:10523000C780000940EA071040EA063007EE100A6E
:105240009FEDA03A987DB8EEC77AF8EEE77A33EE94
:10525000477A67EEA37A24EE043AF8EEE11A67EE95
:10526000837A03EE108AB8EEC33A23EE044AB0EE16
:10527000003AE4EE037AB5EE004A67EE847A9FEDD9
:10528000924AE1EE847A9FED914AA7EEC47ADFED6F
:10529000907A67EE277A87EEA27ADFED8E7ADFEDDD
:1052A0008E2A67EE277A27EEA73A23EE273A07EEF3
:1052B000900AB3F91400F8EE677A04EE100AB3F915
:1052C000120067EEA33A07EE900AB8EEC44AF8EE71
:1052D000E77A24EE074A67EE827A24EE074A67EE01
:1052E000877A93F91100E4EE227A04EE100AE3EED5
:1052F000237AB8EEC44ADFED793AE4EE237A9FEDE3
:10530000784AA7EE847A9EFA9EF080B284ED017A04
:1053100007EE100A188B04EE100A93F91C0007EE32
:10532000900AF8EEE77AB8EE444A67EEA47A588B12
:1053300067EEA57AB8EE477AE4EE057AF0EE464AD3
:1053400037EE677A07EE900A93F91D0005EE100A12
:10535000B8EEC55A93F91E0025EE265AFBEEC77A21
:10536000E5EE854A05EE100ABAEEC65AD87F25EE5C
:10537000255AE5EE854A05EE100A67EEA47A93F900
:10538000200067EE877A07EE100ABAEEE57AB8EEEB
:10539000455A27EE257ADFED535AA5EE267A27EEF9
:1053A000877AE7EE877AF4EEE57AF1EE10FA0ADC16
:1053B000F5EEC07AF1EE10FA07D5DFED4B7A04E096
:1053C0009FED497A9FE7F0EE657A87EEA57ABCF10A
:1053D000010F84ED027A1ED14FF48023EB4007EEDB
:1053E000903A9FED427AF8EEE77A02EB420202F53C
:1053F000206267EE877A07EE102AB8EEC77AC7EE0A
:10540000876A01F03001A1F13003594259412174FA
:10541000C4ED036AC5E60120A84007EE900A93F99F
:1054200027309FED337AF8EEE76A07EE903AF8EE10
:10543000E77AB1EE045A2F4BA7EE857A03EB85038A
:1054400007EE902A9FED2C5AD3ED004A2B4BF8EE35
:10545000677A03EB850377EEC57A84EEA55A35EEBD
:10546000065A25EE075A87EE857A93ED005AC5EE67
:10547000257ADFED235A77EE867A37EE067A67EEE5
:10548000A57A67EEA67A67EE277AC6EE276AB8E7AE
:105490004FF0FF3086E66FF0010083E60000803AAF
:1054A0000000003900008038000000371E5900203D
:1054B0001C59002000007AC70000A04500000038F9
:1054C000000000360000804900008047000080395D
:1054D0000050C3450000803B000000300000004346
:1054E0000000803D0000C842000000000024744914
:1054F0000080A74408AB080800000044C8AA0808B8
:10550000BD3706341859002007B549BAADF8021066
:1055100040BA0221ADF800000DEB0100FFF752FB8D
:1055200005228DF8040069466220FCF733FCC017A1
:1055300003B05DF804FB07B540BAADF804000222E1
:1055400001A96220FCF726FCC01703B05DF804FB3C
:105550007FB50D46144602EB4206FFF7ECFF00282C
:1055600015DB0220FBF726F9324601A96220FCF781
:1055700025FC00280EDB2246294601A8FFF737FB51
:105580000028ACBF00206FF0030004B070BD6FF0C6
:105590000100FAE76FF00200F7E700002DE9FF478E
:1055A000DFF85CA1DFF85C91DFF85C814E4F0024EE
:1055B000054643F686700E468AF8004089F800409A
:1055C00088F800403C70FFF7B6FFA0427CDB4FF448
:1055D000FA70FBF7EFF8032202A943F2826002940B
:1055E000ADF80C40FFF7B4FF68B9BDF80A00BDF88C
:1055F0000C303E4ABDF8081043EA0043C2E90031CE
:1056000001238AF80030012202A942F21830FFF784
:105610009FFF98B9BDF808309FED357ADFED356A08
:1056200007EE903AF8EE677A334B67EE877A87EEAB
:10563000A67A83ED007A012389F800304FF0000943
:1056400001220DF1060142F21330ADF80690FFF78A
:105650007FFF48453BDBBDF806304B45274B14BF69
:1056600001224A464FF001041A7088F8004015D014
:10567000494642F21640FFF747FF48452ADB022021
:10568000FBF798F856B143F21560FFF754FF484511
:1056900023DB4FF44870FBF78DF83C7029464FF43C
:1056A0006040FFF731FF00281ADB0220FBF782F889
:1056B00042F2B110FFF73FFF0028B4BF6FF00500C2
:1056C000002004B0BDE8F0874FF0FF30F9E76FF03D
:1056D0000100F6E76FF00200F3E76FF00300F0E778
:1056E0006FF00400EDE700BF46590020505900203C
:1056F00000002F4300FF7F474C59002047590020EE
:105700004A590020495900204859002013B5002368
:10571000044601220DF106014EF2B840ADF8063004
:10572000FFF716FF00280CDB14B9002002B010BDF3
:10573000BDF80630C3F30A03003B18BF01232370F2
:10574000F3E74FF0FF30F1E773B506460D46144618
:10575000694603224EF60540FFF7FAFE00283BDBC0
:105760005EB1BDF800309FED1E7A07EE903AF8EE7C
:10577000677A67EE877AC6ED007A9DB1BDF8023090
:105780009FED187ADFED186A07EE903AF8EE677A27
:1057900067EE877A87EEA67ADFED147A77EE677A7E
:1057A000C5ED007A14B9002002B070BDBDF8043018
:1057B000DFED0D6A07EE103AB8EE477AC7EE267AAB
:1057C000B7EE007AF4EE477AF1EE10FAC8BFF0EEC9
:1057D000477AC4ED007AE6E74FF0FF30E4E700BF18
:1057E000BD37863500002F4300FF7F47000034425D
:1057F000014608B54FF46040FFF786FE002804DB41
:105800000220FAF7D7FF002008BD4FF0FF30FBE77A
:10581000064B1B7833B108B900207047044B1B6856
:105820000360F9E74FF0FF30704700BF495900208F
:105830004C590020002808B502DA4FF0FF3008BDAF
:1058400007EE900ADFED136AF8EEE77A87EEA67AA4
:10585000DFED116AB4EEE67AF1EE10FAEDDCDFED81
:105860000F7A27EE277A42F21D40C7EE267AB6EE6F
:10587000007A77EE877AFCEEE77A17EE903A99B2E3
:10588000FFF742FE0028D8DB0220FAF793FF002042
:10589000D5E700BF0000C84200002F4300FF7F474C
:1058A00008B543F21560FFF746FE002805DB4FF40C
:1058B0004870FAF77FFF002008BD4FF0FF30FBE78C
:1058C000074B1B7843B108B900207047054BD3E95B
:1058D0000023C0E90023F7E74FF0FF30704700BF17
:1058E0004A59002050590020084B1B7853B110B181
:1058F000074B1B78037009B900207047054B1B78D4
:105900000B70F9E74FF0FF30704700BF4859002097
:10591000475900204659002043F68670FFF70BBE1A
:1059200043F23960FFF707BE13B50322044601A90D
:105930006220FCF743FA002815DB002301220DF159
:10594000020101A8ADF80230FFF751F900280DDB84
:1059500014B9002002B010BDBDF80230B3FA83F3D1
:105960005B092370F5E74FF0FF30F3E76FF00100BC
:10597000F0E7000030B5012889B004D0022836D005
:10598000032009B030BD4A4B1B78002B00F08E80FD
:10599000484B1C8B00221D4633F8021B01328C42FF
:1059A00038BF0C460C2AF7D1D5ED077A4249FCEEF8
:1059B000E77A032017EE902AFDF760F9D5ED087A13
:1059C0009FED3E7A3E4967EE877A0320FCEEE77A48
:1059D00017EE902AFDF752F93A496A8B4FF47A7321
:1059E0005C43B4FBF2F20320FDF748F92EE0364B9E
:1059F0001B78002B5AD010220021684604F0F2FADE
:105A0000012000F023FC08B10120BAE7684600F04D
:105A1000A5FE04460028F7D1BDF800202B4903203D
:105A2000FDF72CF9DDED027A2949FCEEE77A032037
:105A300017EE902AFDF722F9102221460DEB020005
:105A400004F0D0FA04A800F003FF08B1002098E7A2
:105A50009DF811309DF810201E491B0443EA026393
:105A60009DF8142013439DF81220032043EA0222DC
:105A7000FDF704F99DF815309DF8132016491B0415
:105A800043EA02639DF8172013439DF81620032074
:105A900043EA0222FDF7F2F8069A104912BA0320EF
:105AA000FDF7ECF8079A0E4912BA9CE7052068E763
:105AB000585900205C59002048AB0808002474495C
:105AC0005FAB080874AB0808A15900209BAB08081D
:105AD000AFAB0808C0AB0808D5AB0808EAAB0808AC
:105AE000FFAB080870B500F0C5FB234B234D244CD9
:105AF000187010B92870207070BD00202E7800F04A
:105B0000A5FBB0B100232B700120267800F09EFB8E
:105B100000B3002323701B4B1A7842BB2A7802F093
:105B200001021A705A7822BB227802F001025A70E0
:105B3000E2E700F013FC0028E4D001232B70002ED4
:105B4000E2D1114B1978114B187800F02AFC00288B
:105B5000DADAD7E700F03FFD0028DAD0012323701E
:105B6000002ED8D100F04CFD0028D4DAD1E7012274
:105B7000D5E70122D9E700BFA0590020A259002093
:105B8000A15900209E590020C2020020C30200201B
:105B90002DE9F8431E464B070C46154640D100EB55
:105BA000D104D7083A463146204604F001FA15F0F0
:105BB00007030AD001259D40EDB2F35D6A1E134034
:105BC000E25D6D422A401343E355BDE8F88301F0DE
:105BD000070804F00709C845434638BF4B46C3F1E0
:105BE00008036A1A934228BF1346CA084FEAD40C26
:105BF000B25C10F80C7042FA08F20EFA03F802FADE
:105C000009F208F1FF387A4008FA09F802EA0802B6
:105C1000574000F80C7019441C448D42D7D8D4E783
:105C200000214FF0010EF8E770B504213048FDF770
:105C300063F83048FCF7AEFF2F4930480A22FDF7E1
:105C40000BFB18B92E490420FCF7AAFFFBF73AFF1B
:105C50000120FAF7AFFDFFF745FFFAF7B7FD294B33
:105C6000294C2A4E2A4DC3E900012A4BC3E9000101
:105C70002948FBF719F8294B207800280CBF184653
:105C80003046FBF711F82648FBF70EF8254B28782D
:105C900000280CBF18463046234EFBF705F8234872
:105CA000FBF702F8224A234B307800280CBF10463D
:105CB0001846FAF7F9FF2B7832781F495B0043EA60
:105CC0008203227803201A43FCF7D8FF0A4A0A23EA
:105CD000F2EC017AF5EE407AF1EE10FA07D1013BD1
:105CE000F6D1BDE8704015490320FCF759BF70BDDF
:105CF00064AD080875590808A459002035AC080897
:105D00005EAC080890590020A059002078A8080827
:105D1000A2590020885900208AAC080814AC080851
:105D200097AC08081BAC0808A1590020A4AC0808CF
:105D30002CAC080822AC0808B2AC0808D8AC08089B
:105D40002DE9F04FB1B0FAF741FDC44A0190D2E914
:105D500000300C460199C24FCE1A64EB00010025B9
:105D6000B74275EB010180F0D581BE495B1840F167
:105D70000000C2E90030294628220EA804F032F9BA
:105D8000B94B1E78002E00F0EC81284600F05EFA38
:105D9000002840F0E6810EA800F064FBB34A0546F7
:105DA000002840F0D9810DF1380C1070BCE80F00CC
:105DB000AF4F0FC7BCE80F000FC79CE80300AD4B07
:105DC00087E80300012224AF1A70294630223846A2
:105DD00004F008F9FCF7C2FE0DF1380CCDE92401FE
:105DE000BCE80F000DF1980EAEE80F009CE8030030
:105DF0008EE80300BDF850B0DDF854A0DDF85890EF
:105E00009DF85C80ADF8B0B0CDF8B4A0CDF8B890F6
:105E10008DF8BC8097E80300ADF86410090C189069
:105E20008DF8661026ABC022382118A8FFF7B0FE07
:105E300000220023CDE9022340F2491102AB0722E0
:105E400018A8ADF87FB0CDF881A0CDF885908DF879
:105E50008980FFF79DFE4FF4815087492A2318AAB5
:105E6000FCF764FE0BA80B95ADF8305000F06EFB0C
:105E700000284ED1ADF89E00FCF770FE0B9B2693D8
:105E8000CDE92401BDF83030ADF89C3097E803002F
:105E90009DF82D80ADF86410090C9DF82EE09DF85A
:105EA0002FC09DF830509DF831209DF82C3018906F
:105EB0008DF86610B8F1000F01D043F00203BEF177
:105EC000000F00F03D8143F00403DBB2BCF1000F92
:105ED00000F0398143F00803002D00F0378143F0D2
:105EE0001003002A00F0358143F020038DF867305D
:105EF00000220023CDE904233E2104AB022218A88E
:105F0000FFF746FE5D49082318AA41F22200FCF77C
:105F10000DFE554F3B78A3B30023CDE92633FCF7A4
:105F20001DFECDE92401002E00F06281544A0A23AF
:105F30001146F1EC017AF5EE407AF1EE10FA40F0FC
:105F40003C81013BF5D1DDE92401269AADF86410CE
:105F5000CDF86720090C8DF86B3000220023CDE9C5
:105F6000062318908DF8661006AB0722592118A851
:105F7000FFF70EFE43490C2318AA41F22100FCF75B
:105F8000D5FDDFF80C8198F80030A3B3012000F0B4
:105F90005DF9014678BB102224A804F023F824A858
:105FA00000F0DCFB314A002840F0DD805070FCF747
:105FB000D5FDCDE91801DDE918019DF89C30259A41
:105FC000ADF83010CDF83320090C8DF837300022B1
:105FD0000023CDE908230B908DF8321008AB07227F
:105FE00059210BA8FFF7D4FD27490C230BAA41F236
:105FF0002300FCF79BFD002E5ED0002000F026F968
:10600000002859D1BDF850300EAA32F8021B0130D9
:106010008B4238BF0B460C28F7D1BDF85220DFF871
:1060200074A0DFF874909AF8006099F8005007EEB9
:10603000102A9DF85C208ABB07EE903AB8EE477AAA
:10604000F8EE677AC7EE876ADFED107AF4EEE76A5A
:10605000F1EE10FA40F38D8020E000BF905900204F
:106060003F420F0040420F00A25900209C590020DF
:106070005C590020585900209B5900209959002054
:10608000A45900209A590020985900206666663F5E
:10609000A1590020C3020020C2020020092E77D19E
:1060A00055B1013DEDB22946304600F0B5F918B9B9
:1060B0008AF8006089F800503B781BB14D4A12788D
:1060C000022A67D84C4A17780FB183F0010798F875
:1060D00000301BB1474A5278022A04D8464A557804
:1060E00015B1002B58D101252E46002F56D1434B18
:1060F0001B78002B08BF02263046FCF745FD404BBD
:106100001A78B24206D01E70002E49D13D490320B4
:10611000FCF746FD3C4A0198D2E90031C51A3B48DC
:1061200064EB0104854274F1000406D31B1841F1AD
:106130000001C2E90031FFF7D5FC31B0BDE8F08FB6
:1061400003F0FB03C2E603F0F703C5E603F0EF0339
:10615000C7E603F0DF03C9E61378FF2B1CBF01334A
:1061600013700026D5E65378FF2B1CBF0133537004
:1061700041E7DFED277AF4EEE76AF1EE10FA9BD5FE
:106180000B2D01D801358DE7092E95D140268AE7E0
:10619000092688E701279AE70025A5E70226ABE74D
:1061A000164B1C491A7882F0010242EA470242EA81
:1061B00085020420FCF762FDACE7DDED167A9DED6B
:1061C000157A27EE277ADFED147A0EA9002331F82D
:1061D000020BF2EC015A06EE900AF8EE666A013301
:1061E00086EE876A0A2BE5EE867AF0D1CDED267A27
:1061F0003346A8E69C5900209E590020A059002053
:106200008459002017AD080888590020008793039F
:10621000CDCCCC3D2DAD08080000000007B5012213
:106220008DF807000DF107017020FBF7B3FD002882
:10623000A3BF9DF80720044B00204FF0FF30A8BFFC
:106240001A7003B05DF804FBCC590020012809D86E
:10625000012303FA00F0064B1B78C0B2834204D03E
:10626000FFF7DCBF4FF0FF3070470020704700BFE2
:10627000CC59002007B50020FFF7D0FF002806DA30
:106280000C4BFF221A70002003B05DF804FBFF23C3
:1062900001220DF1070170208DF80730FBF78EFD0C
:1062A0000028EDDB9DF8073013F0030F0CBF012031
:1062B0000020E9E7CC5900201FB501220B468DF8DC
:1062C0000F0000920DF10F013920FBF77DFD05B0A5
:1062D0005DF804FB07B502228DF804008DF8051067
:1062E000392001A9FBF756FD03B05DF804FB00005F
:1062F0000C2928BF0C2138B505460C4601468120E3
:10630000FFF7E8FF002802DA4FF0FF3038BDE72141
:10631000D420FFF7DFFF0028F6DB0321D520FFF7AD
:10632000D9FF0028F0DB2146C620FFF7D3FF002865
:10633000EADB034B1D70034B00201C70E6E700BF37
:10634000C5020020C40200200C2828BF0C20012315
:10635000834000EE103ABAEEEF0A704737B50024DA
:106360001021BF208DF80740FFF7B4FFA04202DAEA
:10637000002003B030BD0DF107015A20FFF79CFF4C
:1063800021460546BF20FFF7A5FF0028F0DB35B901
:106390009DF80700A0F1810358425841E9E72046E3
:1063A000E7E7F7B504460D4680200121FFF792FF8D
:1063B00000282CDB142600270DF10701BC208DF8E6
:1063C0000770FFF779FF002821DB9DF80730DB0716
:1063D00004D50120FAF7EEF9013EEDD10A21DE20C5
:1063E000FFF778FF002812DB6021D620FFF772FF4D
:1063F00000280CDB29462046FFF77AFF002806DB41
:106400004321802003B0BDE8F040FFF763BF4FF0A9
:10641000FF3003B0F0BD000038B5104B1B7883424D
:1064200004460D4603D10E4B1B788B4214D04121FC
:106430008020FFF74FFF002802DA4FF0FF3038BD11
:1064400029462046FFF754FF0028F6DBBDE8384018
:1064500043218020FFF73EBF0020F0E7C502002067
:10646000C402002030B58FB0002304460DF10E01A8
:1064700090208DF80E30FFF71FFF002803DA4FF051
:10648000FF300FB030BD9DF80E305B06F7D594237A
:106490008DF80F3025230093012204AB0DF10F017D
:1064A0003920FBF791FC0028E9DB2349A21E04F107
:1064B000160011F8013B0EAD05EB430313F8265C03
:1064C00013F8273C43EA052322F8023F8242F0D129
:1064D000BDF819302383194B9FED197A1878FFF70F
:1064E00033FF184B84ED070A1B78013307EE903A0F
:1064F0004FF47A725343F8EEE77A4FF6FF72934205
:1065000028BF134667EE877A9FED0F7A63839DF964
:10651000103067EE877A002BC4ED087A0ADB9DF80D
:106520000E3013F0180F14BF0123002384F8243019
:106530000020A6E70123F9E76CAD0808C40200209B
:1065400000007A44C502002009903A3637B500258C
:1065500004460DF10701E3208DF80750FFF7ACFE6C
:10656000A8421ADB9DF80730C3F340122270C3F330
:1065700000126270C3F38002A270C3F3C002E27023
:1065800003F00102C3F34003227163713F21E32052
:10659000FFF7A0FE284603B030BD4FF0FF30FAE70A
:1065A0001FB501220B468DF80F0000920DF10F016F
:1065B0003920FBF709FC05B05DF804FB07B50222A2
:1065C0008DF804008DF80510392001A9FBF7E2FBD6
:1065D00003B05DF804FB13B500240DF10701922010
:1065E0008DF80740FFF7DCFF38B99DF80700A0F1F0
:1065F0005C035842584102B010BD2046FBE7000042
:1066000007B500218020FFF7D9FF002804DA4FF0FA
:10661000FF3003B05DF804FB04218120FFF7CEFFBB
:106620000028F4DB00214020FFF7C8FF0028EEDB44
:10663000E621DC20FFF7C2FF0028E8DB0721DD2090
:10664000FFF7BCFF0028E2DB00230DF10501DF208E
:106650008DF80530FFF7A4FF0028D8DB9DF8051062
:10666000DF2001F00F01FFF7A9FF0028CFDB0DF1BC
:106670000501E120FFF794FF0028C8DB9DF8051015
:10668000E12001F00F01FFF799FF0028BFDB88210F
:10669000D420FFF793FF0028B9DB0B21D520FFF7AB
:1066A0008DFF0028B3DB8F218520FFF787FF0028AF
:1066B000ADDB01218620FFF781FF0028A7DB002347
:1066C0000DF1060181208DF80630FFF769FF0028E3
:1066D0009DDB9DF806301C4A03F00F0313700DF18B
:1066E00007017F2308208DF80730FFF759FF0028A6
:1066F0008DDB9DF80730DFED157ADFED156A07EECB
:10670000103AB8EE477A134B37EE677A0121C7EE9D
:10671000267A8020B7EE007A77EE677ADFED0E6A90
:10672000F4EEE67AF1EE10FAD8BFF0EE477AC3ED58
:10673000007AFFF743FF0028FFF669AF03218020AE
:10674000FFF73CFF65E700BFC60200200000FE42E5
:106750000000C842C8020020CDCC4C3D70B586B0C8
:10676000002304460DF10A019D208DF80A30FFF741
:1067700017FF002803DA4FF0FF3006B070BD9423F6
:106780008DF80B3009230093012203AB0DF10B01AF
:106790003920FBF719FB0028EDDBBDF811209DF82F
:1067A00014009DF80C609DF80A304FF6FD718A4286
:1067B00000F00F0040D806F0080503F0040129435B
:1067C00014BF01250025F1075EBF1C4909788A40E6
:1067D0000D2828BF0D200121814007EE102A07EE69
:1067E000901A1749B8EE476A91ED007AFAEEEF7AFF
:1067F000C6EE076A4FF6FF718A4228BF0A4613F0B9
:10680000400318BFC5F1010303F001032280237385
:1068100000209FED0C6AC4ED027A86EE277A9FED88
:106820000A6ADFED0A7A66EE876A86EE867A67EE96
:10683000277AC4ED017AA0E70125C4E7C60200204B
:10684000C8020020000080449A99A5420AD7233C40
:1068500010B5014686B004469220FFF7A1FE00283D
:1068600003DA4FF0FF3006B010BD611C9D20FFF72A
:1068700097FE0028F5DB94238DF80B300923009355
:10688000012203AB0DF10B013920FBF79DFA002823
:10689000E7DB9DF80C30A3709DF81330E3709DF892
:1068A00014302371611D8020FFF77AFE0028D8DBA9
:1068B000A11D8120FFF774FE0028D2DBE11D4020DE
:1068C000FFF76EFE0028CCDB04F10801D420FFF7AF
:1068D00067FE0028C5DB04F10901D520FFF760FE43
:1068E0000028BEDB04F10A01DC20FFF759FE002876
:1068F000B7DB04F10B01DD20FFF752FE0028B0DB0F
:1069000004F10C018520FFF74BFE0028A9DB04F100
:106910000D018620FFF744FE0028A2DB04F10E01E2
:10692000DF20FFF73DFE00289BDB04F10F01E12093
:10693000FFF736FEC01796E70A4B93ED000AB5EE57
:10694000C00AF1EE10FAF7EE007A07DDB4EEE70ABE
:10695000F1EE10FA88BFB0EE670A7047B0EE670A32
:10696000704700BFD802002038B5044608460D46DF
:10697000F9F7A2FED4F80021824207D12946204629
:1069800003F006FBB0FA80F0400938BD0020FCE7B8
:10699000022870B5044615D0032828D0012830D12C
:1069A0001A4B1B787BB301F09BFB194E851E041D0F
:1069B00035F8022F31460320FCF760F9A542F7D1E4
:1069C000002070BD00F08EFF124902460320FCF744
:1069D00055F9114B11491A680320FCF74FF900F0E3
:1069E000AFFF0F4902460320FCF748F9E8E701F042
:1069F00017FA01462046FCF7D3F80A4B0A491A78E1
:106A0000F1E70320DDE70520DBE700BF165A002091
:106A100078AD08088DAD0808D0590020A8AD080849
:106A2000C8AD0808CC020020E4AD080837B5204CFA
:106A30006846257801F008FB207020B1D5B901F037
:106A400041FB20B125701B4B00221A7012E001F0AF
:106A500067FB60B900F0C2FE00F0BCFE4FF450715D
:106A600001F064FB134BB0FA80F0400918702378F2
:106A7000002BE8D002F093F90F4D287020B10F4998
:106A80000122002002F074F90D4A137863B92378CB
:106A900003F0010313700B4A13783BB92B7803F012
:106AA0000103137003B030BD0123F1E70123F6E7C2
:106AB000165A0020125A0020155A0020CC0200203D
:106AC000145A0020135A002010B52DED028B0446F5
:106AD000B0EE408A01F0AAF938EE400ABDEC028B14
:106AE0002046BDE8104000F09BBE2DE9F041154660
:106AF000D708069A00EBD10603EBD20841463A4686
:106B0000304603F055FA15F007050BD00124AC40D0
:106B100018F80730E4B2621E1340F25D644222406E
:106B20001343F355BDE8F0812DE9F04311F0070F51
:106B3000079D07460E469C4604D10795BDE8F043E5
:106B4000FFF7D3BFAA184FF0010E954201D3BDE85D
:106B5000F08305F0070806F00709C84541464FEAEB
:106B6000D50438BF4946C1F10801531BF0081CF891
:106B70000440994228BF194644FA08F43B5C0EFAD7
:106B800001F804FA09F408F1FF385C4008FA09F842
:106B900004EA080463403B540D440E44D5E72DE954
:106BA000F041D400A342069D94BFE41A241BAC42DA
:106BB00005F1070228BF2C46D208984606460F4624
:106BC000A2EBD402002100EBD40003F00BFACDF8C5
:106BD00018803B46224630460021BDE8F041FFF7D1
:106BE000A3BF73B515461268D600072E8CBF0B786D
:106BF00000230446C0F80031DB0000930823FFF7B0
:106C0000CEFFD4F80031DB000833B34228BF33464F
:106C1000DB0800202B6002B070BD0000F0B5144608
:106C2000ADF5097D1F460D4629B91AB100200DF5B5
:106C3000097DF0BD3A4D00220023CDE90423E20096
:106C4000282A4FF000062B4628BF2822314604A8E8
:106C50000096FFF74AFF052C94BF231B631F03AA6E
:106C6000691D06A80393FFF7BCFFB042DEDB039A61
:106C70000096D2002F32D208944294BF241BA41A4B
:106C80001544E200102A2B4628BF1022314603A8E3
:106C9000ADF80C60FFF729FFBDF80C308793B3F512
:106CA000807FC3D8DB000093294647A810232246E3
:106CB000FFF775FF1B49ADF80C6006A8FFF754FEFF
:106CC00018B90223ADF80C3016E0174B1B780BB93E
:106CD0000523F7E701F018F90028F9D1879AB2B92E
:106CE00001F0E2F840B11623ADF80C3001F098F84D
:106CF00001460420FBF754FF002F97D08E9BDB004A
:106D00000F2B93D9BDF80C303B8002208FE70498FD
:106D100092B247A901F0A8F80028EDD01B23D1E7D3
:106D200064A80808FEAD0808155A002010B5C0E98F
:106D30000023DDE90223C0E902239DF8103003742B
:106D40000446F9F743FD1A4AD2E90032C01A194B3A
:106D500061EB0201984271F100012CBF0123002375
:106D6000637401F057F8A074FFF7E6FD84ED050A9F
:106D700001F08EFE104BDFED117A93ED007AB5EE47
:106D8000C07AF1EE10FAD6BFB2EE007A37EE670A9B
:106D900030EE470A30EE270A84ED060A00F0A8FD1F
:106DA00084ED070A01F0A0F984F8200010BD00BFAF
:106DB000E8590020001C4E0E185A002033938843D7
:106DC0002DE9F04FDFF874B0194D9BF800408FB0FB
:106DD00017461E469DF86080D5E900238246894605
:106DE0003CB1B8F1000F1DD052EA030114BF0124D9
:106DF000002404A8CDE900760294FFF797FF00F085
:106E000071FD88B104A800F0F1FE0A4B8BF80080F8
:106E1000C3E900A9084B0022C5E900761A700FB03B
:106E2000BDE8F08F4446E4E700F0DEFCEDE700BF8C
:106E3000F8590020F0590020DC590020DD590020CD
:106E4000F0B51446ADF5097D1D460E4629B91AB1B7
:106E500000200DF5097DF0BD2A4E00220023CDE96A
:106E60004423E200282A4FF0000728BF2822334697
:106E7000394644A80097FFF738FE052C94BF241B21
:106E8000053C02AA711D46A80294FFF7AAFEB8426B
:106E9000DEDB39464FF4847202A803F0A3F81A49E6
:106EA00046A8FFF761FD08BB0223ADF80830002DAE
:106EB000CED08E9BDB00B3F5026FC9D3439CBDF8E7
:106EC00008302B80B4F5807FC2D82846BDF80C313D
:106ED00020F8023FE40000230093224603AB102178
:106EE000FFF703FE04F12000C008B2E700F02EFD1A
:106EF0000028D9D044984FF4807203A900F02CFDEB
:106F00004390D4E764A8080813AE08082DE9F041BF
:106F10002DED028BA74CA84FD4ED000A97ED000A87
:106F2000A64DF2B004A800F033FD002800F0EF8079
:106F3000A34B4FF0000883F8008001F0A9FD4AAE92
:106F4000A02241463046B0EE408A03F04BF8FBF7F2
:106F500005FE049B4C93059B4D93069B4E93079B0C
:106F60004F93089B50936022099B5193CDE94A01AE
:106F70000AA952A803F068F89FED927A78EE077A92
:106F8000CDED6A7AFFF7D8FC8F4B8DED6B0AD3ED10
:106F9000007A3B686D93F5EEC07AF1EE10FAD6BF39
:106FA000F2EE007A37EEC78A38EE678A23686E936E
:106FB00038EE078A8DED6C8A01F096F88DF8BC01E9
:106FC000F9F704FC814AD2E90032C01A804B61EB28
:106FD0000201984271F100012CBF012300238DF8BA
:106FE000BD3100F017FF8DF8BE0100F0A9FC7090D4
:106FF00000F0ACFC4C9BCDF893304D9B8DF8C40158
:10700000CDF8973004464E9BCDF89B3096E80300B0
:107010004F9BCDF89F30509BADF89010CDF8A3302A
:10702000090C519B239000268DF89210CDF8A730C3
:107030004FF4407252AB0096F82123A8FFF774FD7D
:107040006A9BCDF80B316B9BCDF80F316C9BCDF863
:1070500013316D9BCDF817316E9BCDF81B319DF828
:10706000BE219DF8BC318DF81F319DF8BD318DF8E2
:1070700020311AB143F002038DF82031709B009645
:10708000CDE90236202202AB40F2A24123A8FFF74D
:107090004BFD9DF82431002C36D043F004038DF8CD
:1070A000243100220023CDE902230023009305228E
:1070B00002AB40F2C34123A8FFF736FD992323AA70
:1070C000444941F23000FBF731FD434B1A78A2B935
:1070D000BDF88820072A0CD8DDED047AB1EE047AD9
:1070E00077EE877A9DED067AB4EEE77AF1EE10FA44
:1070F00003DD01221A7000F011FC384B2C781B784C
:107100009BB19CB901241BE003F0FB03C7E72B787C
:10711000002BF2D0324B1B78002BEED0284A13788C
:10712000FF2B1CBF01331370E7E74CB12C4B1B78CE
:10713000002BE7D0224B1C78022C94BF00240124A2
:10714000284B1E78284B1B78B6B1B3B90125002C0B
:1071500018BF02252846FBF717FD244B1A78AA42D0
:1071600005D01D7095B922490320FBF719FD72B0B7
:10717000BDEC028BBDE8F08133B100F04BFE80F036
:107180000105EDB20026E2E73546E0E7144B1B7837
:1071900083F0010344EA430400F03CFE80F0010266
:1071A00044EA8604D2B2134944EAC2020420FBF73F
:1071B00065FDDCE7D0020020D4020020165A002032
:1071C000115A002033938843185A0020E8590020B0
:1071D000001C4E0E105A0020DC590020145A0020CA
:1071E000125A0020135A0020155A0020CD590020B1
:1071F00024AE080839AE0808F8B501216F48FBF73E
:107200007BFD6F48FBF7C6FC6E496F480122FCF717
:1072100023F8002840F0AD806C490420FBF7C0FC47
:107220006B4A4FF496714FF4CC70FBF74DFC00287D
:1072300040F0B88067490420FBF7B2FCFAF742FC43
:107240006548FAF723FCF9F7AFFACC28FBD9F9F730
:10725000BDFA624D624B634CC3E90001FFF7E6FBE8
:107260002B785BB123784BB900F0B4FA4FF450712E
:1072700000F05CFFB0FA80F0400920705A4E33787D
:107280000BB100F079FD00F0AFFAF9F79FFA574B18
:10729000574FC3E90001574BC3E90001564BC3E9FF
:1072A0000001FBF75BFC554BC3E90001FBF756FC03
:1072B000534A0023F9F788F8524BC3E90001FBF762
:1072C0004DFC514B084314BF012200224F481A7055
:1072D000F9F7EAFC4E4B287800280CBF18463846D0
:1072E000F9F7E2FC4B48F9F7DFFC4B4A4B4B2078AF
:1072F00000280CBF10461846F9F7D6FC4848F9F7A5
:10730000D3FC484B307800280CBF18463846F9F7B4
:10731000CBFC4548F9F7C8FC00F082FDF9F7C4FC46
:107320004248F9F7C1FC24783378640044EA8304C6
:107330002B781C4300F06EFD3D4944EAC002032057
:10734000FBF79CFC33784BB13A4B1A78FF2A05D0F7
:10735000042A03D038490420FBF790FC2B7863B350
:1073600000F058FD48BBBDE8F84034490320FBF766
:1073700017BC334933480122FBF76EFF00283FF466
:107380004BAF314931480122FBF766FF00283FF43B
:1073900043AF2F492F480122FBF75EFF00283FF43F
:1073A0003BAF3DE72C4A4FF4167140F29910FBF7C2
:1073B0008BFB00283FF43EAF40E7F8BD56B008080D
:1073C00091690808D802002075AE08089EAE08082A
:1073D000416E08085AAF0808801A0600165A0020A5
:1073E000E8590020125A0020155A0020085A00209F
:1073F00078A80808005A0020F0590020F859002009
:1074000000879303E0590020DD5900208FAF080862
:1074100014AC0808A1AF080868AE08086CAE0808EC
:10742000B0AF08081BAC0808BCAF080862A8080881
:10743000CAAF0808CC020020FAAF080823B0080839
:10744000185A0020CEAE0808D402002002AF080867
:10745000D00200202AAF08081D6C08082DE9F04171
:107460002DED028B8EB0F9F7B1F904460D4600F010
:107470004BFD08B100F04EFD684B1B785BB3684BC9
:107480001B7843B301F0B4F901280CD101F040FAA4
:1074900048B101F047FA01F055FA002863D0614A7B
:1074A00013680133136000F045FAA0B1FBF756FBF7
:1074B00007460E46FBF752FB084314BF0123002387
:1074C000029304A8CDE9007622462B46FFF72EFC56
:1074D00004A800F0EDFB544A544FD2E90031E01A01
:1074E00065EB010687424FF00000B04107D25048DB
:1074F0001B1841F10001C2E90031FFF707FDFBF75E
:107500002DFB50EA01030746884672D0494A002302
:10751000F8F75AFF484BD3E900628A4208BF864217
:1075200009D0C3E90001012300933A4643462046AF
:107530002946FFF745FC414E3E49D6E90023A21AF1
:1075400065EB03038A4273F1000362D301F0F2F9A1
:1075500000285ED1C6E900450EB0BDEC028BBDE847
:10756000F041FFF763BA01F093FA354A354B1178D1
:10757000B0EE408AC9B1D3ED007A70EE677AF5EECD
:10758000C07AF1EE10FA09D5B8EE007AF4EEC77AB7
:10759000F1EE10FA09D583ED008A80E7B0EE007AAB
:1075A000F4EEC77AF1EE10FAF5DC83ED008A0123E0
:1075B0001370FFF7C1F9244B2448D3ED000AF5EE10
:1075C000C00AF1EE10FACBBFDFED217AF2EE000A2D
:1075D00070EEE70A78EE600A002101F05FFA0028F9
:1075E0007FF45DAF9FED1A0A38EE000A00F058F9FB
:1075F00059E7184B0F49D3E90023A21A65EB03039F
:107600008A4273F1000396D30023009300220023E3
:107610008DE70EB0BDEC028BBDE8F081165A00205C
:10762000125A0020D0590020085A00203F420F0073
:1076300040420F0000879303E0590020005A0020C9
:10764000D4590020D8590020185A0020C96A0808C7
:1076500033938843F05900202DE9F04F2DED028B34
:107660002B4F87B04FF0000A0DF1180807F14009C1
:107670001FFA8AF6304600F03DFD58B10AF1010AC2
:10768000BAF5407F07F10407F2D107B0BDEC028BD9
:10769000BDE8F08F1F4A02AC4FEA561B02F1100CF6
:1076A00006F01F06234610685168254603C50832B8
:1076B00062452C46F7D19FED188A00251A885A4456
:1076C00092B2172A15D85C883444A4B21F2C10D863
:1076D00004EB4214A4B22046019300F00BFD019B81
:1076E00038B109EB8404D4ED007A013538EE278AED
:1076F000EDB204334345E1D1002DBFD007EE905ADF
:10770000F8EE677A88EE277A87ED107AB6E700BF41
:10771000307E00207CA008080000000038B5274C0F
:10772000274B05462748C4E90003274B1B68A36085
:107730002B7C002B3ED0D5E90030C4E903302B7CF4
:10774000002B39D0D5E90230C4E90530A18395F882
:107750002030A3776B7C0AB143F002032A7C0AB97C
:1077600043F00403AA7C0AB143F00803E37700F076
:10777000B7FC03882384438863848388A38400231D
:10778000E3846B69A362AB69E362EB6923630F4B2C
:107790000122C4E90D23F9F78BF808483C21F9F7D9
:1077A00095F80B484FF47061F9F790F8F9F79CF8E9
:1077B000E06338BD1846C0E71846C5E7307E0020B4
:1077C00001032018494750312C7E00200AD7A33CE2
:1077D000707E002000487047307E0020014B002260
:1077E0001A707047287E002010B54FF4406422467E
:1077F0000021074802F0F6FB22460648002102F06D
:10780000F1FB054B00221A80044B00221A6010BDC8
:1078100028720020286600202466002020660020B0
:10782000B0F5407F2FD2184B184A1B8802EB80021C
:10783000013392ED006A07EE903A70EE466AB8EEB8
:10784000E77A134BC6EE877A03EB8003810093ED52
:10785000007A77EE867AC2ED007A70EE677AA7EE4C
:10786000A67A83ED007A0B4B03EB8003D3ED007A0D
:1078700077EE807AC3ED007A074B1B781BB1074B7C
:107880000B4483ED000A7047246600202872002014
:1078900028660020205A00201D5A0020707E0020FB
:1078A0000B4A1388013313800A4A1388013313806B
:1078B000094BD3ED007A77EE807AC3ED007A074B5F
:1078C0001A7822B100221A70054B01221A707047F3
:1078D000246600201E5A0020206600201D5A002029
:1078E0001C5A0020014B1888704700BF24660020F6
:1078F000074B1B884BB107EE903A064BF8EE677AC0
:1079000093ED007A87EE270A70479FED030A7047D0
:10791000246600202066002000000000034B0122A6
:107920001A70034B00221A70704700BF1D5A0020C6
:107930001C5A0020014B1878704700BF1C5A0020C9
:10794000014B1868704700BF2C7E0020014B18784F
:10795000704700BF287E0020034608460A49097880
:1079600010B579B168B1B3F5746F0BD2C3F5746417
:107970009442064928BF14462246194402F064FB8B
:10798000A0B210BD0020FCE7287E0020307E002041
:107990002DE9F04704462DED108BF0EE40AAB0EE35
:1079A000609A00285CD08E4F3D88002D58D007EE9D
:1079B000905ADFED8C8A8C4EF8EE677AF7EE00BABB
:1079C0007C2200214FF000098BEEA7AAB24602F0FC
:1079D00009FBA4F87A504D46B0EE68CAB0EE68DAFA
:1079E000F0EE68CAB0EE68BA1FFA89F8404600F0B7
:1079F00081FB30B3DAED007A6AEE277AADB3F4EEAC
:107A00004C7AF1EE10FAF4EE687A48BFB0EE67CA2D
:107A1000F1EE10FAC8BFF0EE678A08F01F033BEEE4
:107A200027BA07EE903AF8EE677A4FEA58187CEEDC
:107A3000A7CA07EE908AF8EE677A01353DEE27DA9D
:107A4000ADB209F10109B9F5407F0AF1040ACBD1C1
:107A500085B965483D804FF44062294602F0C2FA7C
:107A60000020BDEC108BBDE8F087B0EE67CAF0EEE9
:107A7000678AD2E707EE905AF8EE677A9FED598A47
:107A8000DFF86491CBEEA7EA4FF00008F0EE489AD9
:107A90002BEE2EBA6CEEAECA2DEE2EDAF0EE48BA10
:107AA000B0EE48EAF0EE48DAB0EE48FAF1EE4BFA02
:107AB0001FFA88F5284600F01DFB00B3D9ED007AC7
:107AC00005F01F0307EE103AF0EE6F6A6B09E7EE60
:107AD0008A6A07EE903AB8EE477AF8EE677A37EEA0
:107AE0006C7A77EECD7AA6EEA6FAE7EE07DAA7EE85
:107AF000A7EAE7EE27BAE6EE879AA6EEA78A08F18C
:107B00000108B8F5407F09F10409D1D12FEE2E0A02
:107B100084ED00BA84ED01CAC4ED028A02F04CF88B
:107B20006BEEEB7A84ED030AEDEE8E7AF5EE407A99
:107B3000F1EE10FA17D068EE6B6AEEEE296A69EE84
:107B4000EB9A86EEA77AEDEE889AF3EE0F6A27EEAF
:107B5000267A84ED047A89EEA77AF3EE077A67EE47
:107B6000277AC4ED057A20EE2A0A4FF00008B4EE19
:107B7000C90AF1EE10FA58BFB0EE409A39EE0B9AEE
:107B80004FF001091FFA88F5284600F0B3FAB0B1AA
:107B9000D6ED007A6AEE277AF4EEC97AF1EE10FAA1
:107BA0000DDD04EBD50305F007051A7E09FA05F58E
:107BB00015431D76B4F878300133A4F8783008F115
:107BC0000108B8F5407F06F10406DBD10021064824
:107BD00039804FF4406202F005FA012041E700BF0E
:107BE0001E5A002000000000205A00202DE9F04716
:107BF000274B284F1E88DFF8B090DFF8B0A02DED9E
:107C0000028B9FED258A054607F6FF38002404EB1A
:107C10000903012E1B6847F8043B34D907EE906A2C
:107C200004EB0A0393ED007AF8EE677A87EE270AF1
:107C3000B5EEC00AF1EE10FAD8BF9FED180A01F0B8
:107C4000BBFF80EE080A02F06BF8FF281DD8C3B214
:107C50000434B4F5406F08F8013FD8D1104CFFF759
:107C6000FBFC236828460133002231462360FFF7DE
:107C700055FD0C4B01221A70FFF7B6FDBDEC028BCF
:107C80002068BDE8F0870020E1E7FF23E0E700BFC0
:107C900024660020707E00200AD7A33C000000006C
:107CA0002C7E0020287E00202872002028660020DC
:107CB00038B54FF44072054600210B480B4C02F0DA
:107CC00091F9FFF7C9FC0A4B00221A7023680122C0
:107CD0000133114628462360FFF720FD054B20683D
:107CE00001221A7038BD00BF708A00202C7E00204F
:107CF0001C5A0020287E002010B51D4C1D4B226808
:107D00009A422BD1A28840F201139A4226D1E388ED
:107D1000B3F5407F22D1F8F7CBFD1C212046F8F7C0
:107D2000D5FD4FF4C06104F12000F8F7CFFDF8F75E
:107D3000DBFDE369984214D100F0D2F9228903886F
:107D40009A4211D1628943889A420DD18388A289CF
:107D50009A420CBF00206FF0020010BD4FF0FF30C0
:107D6000FBE76FF00100F8E76FF00200F5E700BFF6
:107D7000788D00204947464670B51D4E002333706C
:107D800001F00DF818B31B4D4FF4C464202CC4F55A
:107D9000C6602246294628BF202280B200F0E8FFB4
:107DA000C8B9203CA4B22035002CEFD1FFF7A4FFC6
:107DB000431C14D038B1023015D00F4B6FF00400C3
:107DC0000E4A136070BD012333700D4BF8E70D4B65
:107DD0004FF0FF30F4E70C4B6FF00100F0E70B4B76
:107DE0006FF00200ECE70A4B6FF00300E8E700BF1A
:107DF000748D0020788D00209CB00808DC020020E3
:107E000094B0080858B0080869B0080882B008089B
:107E1000B4B00808014B1878704700BF748D00207B
:107E2000014B1868704700BFDC0200200A4B1B782A
:107E300073B1B0F5407F0BD2084BDFED097A33F90F
:107E4000103000EE103AB8EEC00A20EE270A704754
:107E50009FED040A704700BF748D0020988D0020AC
:107E60000AD7233C0000000010B589B11418B4F5FE
:107E7000C46F0DD80AB9002010BD074B00241C7038
:107E8000064B074C1C60074B184402F0DDF8F2E784
:107E90004FF0FF30F0E700BF748D0020DC020020BF
:107EA000C1B00808788D002070B5FFF725FF0E4E91
:107EB000044678B1431C0BD00C4D0D4B10F1020F52
:107EC00018BF1D463560FFF757FF3560204670BD6F
:107ED000084DF7E7084B094D01221A70084B18703E
:107EE000084B1880F1E700BFDC02002000B1080851
:107EF0009CB00808DFB00808738D00200DB1080899
:107F0000728D0020708D0020014B1878704700BFE3
:107F1000738D0020F8B5204F3B78ABB11F4D2B7807
:107F20002BB100F071FF002834D000232B701C4EC1
:107F30003388B3F5C46F09D300233B70194B01227A
:107F40001A70194B194A1A600120F8BD03F110008C
:107F500000F01F04C4F12004C3F5C462A4B292B2BD
:107F60009442134928BF14462246194480B200F0B7
:107F700027FF50B10C4C0F4D256000233B70FFF7DD
:107F8000FBFE25604FF0FF30DFE733881C44012300
:107F900034802B700020D8E7738D0020728D002074
:107FA000708D0020748D0020DC02002094B0080841
:107FB000788D00201EB1080801EB920102F0030247
:107FC00030F811009200104140F303007047B7EE03
:107FD000000A01F00FBE30B585B0530040BA0C4620
:107FE0001546ADF80C00009302220B46332003A97E
:107FF000F9F7EAFE90B92346024691B28D4203F1A9
:10800000020301D805B030BD13F8024C13F8011C6F
:1080100041EA042123F8021C0132EEE74FF0FF3061
:10802000F0E70000B5EEC00AF1EE10FA08B505DD84
:1080300001F0C2FDBDE8084001F0BEBD9FED010AA0
:1080400008BD00BF000000001FB5044603226946BA
:1080500042F20740FFF7BFFF10B1002004B010BD8F
:10806000032202A942F20740FFF7B5FF0028F4D12E
:10807000062202A9684601F08BFF0028EDD1BDF869
:108080000030013B9BB24FF6FD7293420BD9BDF815
:108090000230013B9BB2934205D9BDF80430013B4D
:1080A0009BB29342D9D8064A0098BDF804301060BC
:1080B00093800CB90120D1E72060A380FAE700BFCC
:1080C0003A9A002007B50422044B01930DEB0201FC
:1080D0003320F9F75FFE03B05DF804FB800D1E014D
:1080E000004870473A9A0020014B1878704700BF4B
:1080F000319A002010B5084B084A1C780023D9B2E9
:108100008C4201D8012010BD32F8021B814203F1DC
:108110000103F4D10020F6E7319A0020329A0020C2
:10812000014B1878704700BF409A00202DE9F04FAE
:108130002DED048B044693B0002800F0EC80B1F5DF
:10814000507FC0F0E8807D4B00221A7007468046C1
:108150004FF450764FF6C079802EC6F51D5032464A
:10816000414628BF802280B2FFF735FF0546002830
:1081700040F0D480803EB6B24E4508F58078EBD111
:10818000228804F27E6337F8021F914240F0E080BB
:10819000BB42F8D16FF00205284613B0BDEC048B4A
:1081A000BDE8F08F09F1010900E31F2F40F00F83B4
:1081B0007842FFF70CFF624B0999624A00261E7055
:1081C000614B82ED000A1E70012303FA01F189B2AE
:1081D0000991089903FA01F189B20A910B998B4030
:1081E0009BB20B93A2F6087302936FF44073D318FB
:1081F0000893039AB3B232F802AF0D9306F01F034F
:10820000039218211A462046FFF7D6FE099AC6F3B4
:108210004A1B10FB02F812215A462046FFF7CCFEFB
:108220004FEA9A220B9982F02002203A12FB01F2C7
:108230000C99A1F500410A441FFA88F890440A9A63
:1082400010FB0280029A2221A2F808065A46204614
:10825000FFF7B2FE059A00FA02F8049A282190442A
:1082600020461A46FFF7A8FE07994AF305128A40EE
:108270000699884040440244002AC8BF42FA09F2E5
:1082800002990198CCBF92B200225B0021F8022F24
:1082900003F002034AF342020BF0010B07EE902AAF
:1082A00043EA0B0312AA02EB830313ED048A029143
:1082B000F8EEE77AA8EEA78AFFF789FE384628EE9F
:1082C000008AFFF784FE20EE080A01F029FD089BD2
:1082D00003F8010F0893BAF1000F02D01AF0010F52
:1082E0000DD017490B78032B9FBF5A1C0A70174AF1
:1082F0000D9989BF144A22F8131001231370013617
:10830000B6F5407F7FF475AF0F4B1B7893B90B4BDD
:1083100001221A7040E74FF0FF353DE76FF001058D
:108320003AE76FF0030537E76FF0040534E76FF0C5
:10833000050531E76FF006052EE700BF409A0020E3
:10834000319A0020B8A90020309A0020329A0020EB
:10835000E548E3890380218A628A4180013B82806B
:108360009BB24FF6FD70834207D9013989B2814231
:1083700003D9013A92B28242D3D8B4F86620DFF82A
:108380007CB3B4F82080130A83F08003803BD2B220
:108390005B01A2F5007207EE903A5201B4F8643026
:1083A00007EE102A9A0AB8EEC77A82F02002203A25
:1083B0008BED017A07EE102ABAEECA7A43F309036D
:1083C0008BED027A07EE103AB4F96230B4F87820F7
:1083D00006EE903A4FEA183306EE103AF8EEE66AE7
:1083E000B8EE466AB4F96030CBED046AF5EE005A97
:1083F000F2EE006AE6EE256A06EE103A130A83F002
:108400008003803BCBED056A06EE903AFAEEE96A0E
:1084100052B2B8EEC66ACBED076A06EE902AF8EEC5
:10842000E77ABAEEEE7AFAEEED6AB5EE406AF1EE70
:1084300010FACBED007A8BED037A8BED066ACBED6B
:108440001A6A3FF471AFB5EE407AF1EE10FA3FF4DC
:108450006BAFF5EE407AF1EE10FA3FF465AFB4F889
:108460007E000A23C0F301325A43A04BCBF83030D0
:108470000023CBF83430C0F30313534307EE903A94
:10848000C0F30323534308EE103AB8EEE79AB8EE70
:10849000C88A6FF0070138EE098A00F00F00081A49
:1084A0008BED0F8A8BED0E9AFFF791FDB4F87A30C1
:1084B00094F97A20B4F87060B4F872901B0A83F0D3
:1084C0008003803B07EE903AB4F87C301B0A06EE3E
:1084D000102A83F0800394F97C20803B06EE902ADA
:1084E00007EE103AB8EEC66AB8EEC77AF8EEE77A49
:1084F000F8EEE66A26EE006A66EE806AF7EE008A1B
:1085000067EE807A27EE000A9FED797ACBED097A43
:10851000F0EE685AE6EE075A06F00F03029338EEC3
:10852000498A88EEA57AC6F301338BF86C30B4F82B
:108530004070C9F309036FF01A0089F40049A0EBF9
:1085400017304FEA9929A9F120094FEA173A8BED24
:108550000B0A8BED107AB0EE687AA9EE277AF0EE6E
:10856000687AE6EE887A00EE103A8BED127A27EE02
:10857000277A8BED086ACBED0A6AB8EE408ACBED1C
:10858000118A8BED137AFFF722FDB4F874309FED5A
:10859000597A07EE909A43F309029B0AF8EEE77ABC
:1085A00083F02003203BE7EE878AC6F30329C9F155
:1085B000000907EE102A07EE903AB4F876300193DE
:1085C000B8EEC77AF8EEE77A180A77EE877A28EEDF
:1085D000000A80F0800080388BED140ACBED177A0A
:1085E00020EE280A07EE900A4846B8EEE78A8BED9F
:1085F000167A8BED150AFFF7EAFC019BC6F303120E
:108600005BB26FF0070128EE008A07EE903A8B1AF2
:1086100018468BED198A0193B8EEE78AFFF7D7FC6D
:1086200028EE008A0BF678728BED188A4FF00C0B4F
:10863000B4F86830039243FA0BF343F3030307EEF5
:10864000903A4846B8EEE78AFFF7C1FCABF1040B5D
:1086500028EE008A039A1BF1040FA2EC018AE7D1ED
:108660000EA90022C2F346033633D00734F8133084
:1086700054BF1B0ADBB283F08003803B07EE903AC5
:108680000132F8EEE77A042AE1EC017AEAD1638C50
:10869000029A9FED199A83F400430C93C8F30323C5
:1086A0000893C8F30313099308F00F030B93B4F86E
:1086B000423004930AF11E030A93C7F30323059380
:1086C000C7F30313069307F00F03079301239340A7
:1086D00007EE903A4FF0000804F17E03F8EEE78AC7
:1086E00003939A460EE000BF3A9A0020000020C291
:1086F000000020420000003C00000000449A0020DE
:108700000000FE42C146C9F34A173A4622212046DC
:10871000FFF752FC059A3AF8026F00FA02FB049A3E
:1087200009F01F03934428211A462046FFF744FC12
:10873000079946F305128A40069988405844024436
:108740005B00904546F3420603F0020307F0010781
:10875000B8BF904607EE906A12AA3B4302EB830330
:10876000F8EEE77A13ED040A0198A7EEA80A09F1DA
:108770000109B0EE408AFFF72AFC28EE000AB5EEA8
:10878000C00AF1EE10FA48BFB1EE400AB4EE490A51
:10879000F1EE10FAC8BFB0EE409AB9F5407FB2D101
:1087A000B8F1000F3FF4C3AD4FF0000948FA09F3E8
:1087B000B3F5803FBFF6F6AC0A9B1FED2F8AA9EBFD
:1087C0000300FFF704FC094B002783ED000A3E4637
:1087D00001373846FFF7FBFB20EE090AB4EEC80A62
:1087E000F1EE10FA3FF5E1AC3746E1E4B4A0002029
:1087F00073B53F4D2B78FBB1012B4ED000233D4983
:108800002B70012248F20D00FFF7E5FB002865D12F
:10881000012201A94FF40040FFF7DDFB002860D1E1
:10882000BDF804301B075FD4334B344A1B7803F088
:1088300001030120D05428E0314CF7F7B5FF23683D
:10884000C01A002820DBF7F7AFFF053020600122B7
:108850000DF102014FF40040FFF7BDFBB8B9BDF8C0
:1088600002301A0710D5244A03F0070313700422BC
:10887000244B01930DEB02013320F9F78BFA48B931
:10888000214B188001232B70002002B070BD4FF0E7
:10889000FF30FAE76FF00100F7E71B4E1B49338802
:1088A000C3F55074A4B2802C28BF802403F58060E7
:1088B000224601EB430180B2FFF78DFB20B100237C
:1088C0002B706FF00200E0E733881C44A4B2B4F5CB
:1088D000507F3480D9D302232B70D6E76FF003008A
:1088E000D3E76FF00400D0E76FF00500CDE700BFDD
:1088F000AA930020AE930020AD930020AB930020FC
:10890000A493002080000030A8930020B0930020A2
:10891000034B187800B1587800F00100704700BF91
:10892000AB930020024B00221A705A70704700BFB0
:10893000AB930020024B1878003818BF0120704715
:10894000AA930020474B1B7810B5002B7AD0464BDA
:10895000464C1B8894F86C00C3F38123C01AFFF7C0
:1089600036FB434B94ED017AB3F95426D4ED006AFB
:10897000DFED405A94ED056A07EE902AF8EEE77AAB
:108980003D4A97EE807AC7EE267A77EEA57AC2ED59
:10899000007AB3F9402606EE902AB3F9002607EED6
:1089A000102AF8EEE66AB8EEC77AA6EE267AB5EE99
:1089B000407AF1EE10FA48D086EE876A9FED2F7A62
:1089C00077EEE57A66EE076A94ED026AB7EE007A12
:1089D000A6EE277AB5EE407AF1EE10FA38D0C6EE60
:1089E000877A274A94ED047AD4ED036A37EEC77A82
:1089F000C7EE267AB3EE097A77EE877AC2ED007A6F
:108A0000B3F81426B3F9143607EE103AB8EEC77A65
:108A10000AB394ED066A1B4BC6EE076A9FED1A7AFD
:108A2000C3ED006AF4EEC77AF1EE10FA16D49FEDAA
:108A3000177AF4EEC77AF1EE10FACCBF6FF00400AB
:108A4000002010BD4FF0FF30FBE76FF00100F8E7AA
:108A50006FF00200F5E76FF00300F2E76FF004003B
:108A6000EFE700BF409A0020AE930020449A002018
:108A7000B0930020333353409C9300200000804883
:108A8000A093002098930020000034C20000B4425C
:108A9000014B93ED000A7047A09300202DE9F04FA1
:108AA0002DED0C8BA94B87B01B780190F0EE40CADE
:108AB0000391002B00F04681002800F04381B5EEC1
:108AC000C00AF1EE10FAB7EE00CA40F23181B4EEFE
:108AD0004C0AF1EE10FAC8BFF0EE4CCA9C4B9D4E0A
:108AE000D3ED007A9C4B9FED9D7A93ED00AAD6EDD5
:108AF000186A9B4DD6ED194AB5F91036DFF86C921D
:108B00009FED989A99ED005ADFED97BAF3EE099A26
:108B100077EEE99AB0EE4C6AA9EEA66A06F16C0708
:108B200006F673483AEE47AAF0EE4C6AEAEE246A7B
:108B3000002406F6747A96ED167A05EE903A27EE42
:108B4000067AF8EEE55A26EEC77AB5F95036A5EE64
:108B5000857A06F5CE6BD6ED175A8DED047A70EE58
:108B6000898A07EE103A26EE256A68EEA88A77EE23
:108B7000897AB8EEC77A68EEA88A66EEC66A67EEAA
:108B8000A77AE5EE076AB0EE687AA7EEE77AF0EE2C
:108B90004CAAC7EE2C7AB0EE4CBA78EEE78AD6ED46
:108BA000077ACDED056AE7EEA9AAD6ED097AA7EE18
:108BB000C9BAA3B2029335F9023BDAED005A99ED36
:108BC000006AD6ED09DA06EE903AB7F9083607EEF4
:108BD000103A18F9013F07EE903AF8EEE77AC4F33D
:108BE0004A1067EEA57A04F01F0280EA0201F0EE57
:108BF0004C5A5200E7EEA95A00F0010002F00202BE
:108C00000243B8EEC77A02F2DE3206EB820227EEAA
:108C1000257AD2ED005AF0EE4C7AE5EE8A7A01F030
:108C2000010106ABF8EEE66A67EEC77A03EB810254
:108C3000E6EE867A37F8023F96ED1A7A87EEACDADE
:108C400006EB810152ED027A91ED148AA7EE67DA04
:108C500007EE903A28EE478AF8EE677A9BED007AA5
:108C6000A7EE878A28EE2A8A68EE087A67EE887A65
:108C700028EE270A20EE280AADEE270AFFF7D2F9E0
:108C80006BEE087AEDEE807AF5EEC07AF1EE10FA2E
:108C900055DD8DEE270A30EE280AFFF7C3F996ED71
:108CA0000D7A30EE490AB4EEC07AF1EE10FA42DCE9
:108CB00096ED0E7AB4EEC07AF1EE10FA3DDC96ED48
:108CC0000F7AB4EEC07AF1EE10FACCBF0222032282
:108CD00006EB820191ED107A91ED086A28EE078A81
:108CE00091ED0C7A30EE477AF0EE4C6AE6EE076AC8
:108CF00028EE268AB5EEC08AF1EE10FA07DD8DEE79
:108D0000080A30EE280AFFF78DF930EE490ADDE94E
:108D10000130039930EE090A01349847B4F5407FD9
:108D20007FF447AF002007B0BDEC0C8BBDE8F08F9F
:108D3000F0EE4CCAD2E60022CAE70122C8E7B0EE44
:108D40006B0AE4E74FF0FF30EDE700BF409A0020E8
:108D5000A0930020449A00209C930020333353407A
:108D6000B093002033938843339388C398930020B3
:108D70001FB50B4681B17AB18118B1F5005F0BD8F0
:108D800040BAADF80C00009203A902225020F9F776
:108D90001BF805B05DF804FB4FF0FF30F9E707B5AD
:108DA0005020F8F7E7FF40B101220DF10701002044
:108DB000FFF7DEFFB0FA80F0400903B05DF804FB76
:108DC00010B514468AB0C9B1531E1F2B16D883188C
:108DD000B3F5005F12D800F01F031344202B10D806
:108DE00040BAADF804000DF1060001F02DF9A21C07
:108DF00001A95020F8F7CEFF0AB010BD4FF0FF30A8
:108E0000FAE76FF00100F7E75020F8F7B3BF30B58D
:108E100081F0010400EB8404056863684DB1AA6821
:108E2000A2EB000CDCF1000242EB0C0205EB82022B
:108E300053601D60036003EB81035A68626002B1F6
:108E40001060586030BD2DE9F0410029037B0CBF54
:108E5000FF220122134459B2013303F0FF03022B16
:108E6000044643D900294FEAD1786FEA01014FEA5D
:108E7000D17100EB8103B8BF01255E6896F90C3013
:108E8000A8BF4FF0FF3513FB05F3002B10DC414664
:108E9000FFF7BDFF96F90C303BB96B425BB2237311
:108EA000374635733846BDE8F08100252B46F6E796
:108EB00006EB880330465F68FFF7A9FF414620466E
:108EC000FFF7A5FF97F90C3013FB05F3002B04DA2D
:108ED000002325733B733373E4E71DBF00236D420A
:108EE000237323731CBF3B736BB2F4E70173074614
:108EF000D8E770472DE9F041DDF818800D461E4691
:108F000008F1300183681746984768B10024C0E92A
:108F10000044C0E9067600F1300384600473046104
:108F2000C0F8248083620562BDE8F081006A0B6AA4
:108F3000984234BF4FF0FF300120704710B5C3682E
:108F40000C46096998470023C4E9023323614FF6B0
:108F5000FF73A382A37D013303F01F03A3750123D5
:108F6000237610BD02888B8B9A4205D0034A8CBFB2
:108F700001230023D0567047002070473AB10808FB
:108F80001C30FFF7EFBF70B5D1E901520446002D48
:108F900036D0002A34D01046034640680028FBD162
:108FA00091F90C0018735D602B601868814222D023
:108FB0009D68456005B128609A60136000220D68C5
:108FC0001D60DDB1AE68A6EB010CDCF1000646EBDE
:108FD0000C0605EB86056B6082F00101FFF733FF9D
:108FE0000346006893F90C20FAB9F8B18268D31AE5
:108FF0005A425A41F0E718460122E0E72360EBE7C6
:10900000003A18BF012201EB82020868536803B1DD
:10901000186058B18268511A4A424A4100EB8201F5
:109020004B60002BD8D01860D6E700B9236070BD24
:109030002DE9F843056807468946144698460646D2
:10904000316831B14846A0470028336808D11C4632
:109050001BB9B8F1000F0BD100242046BDE8F883FE
:10906000CCBF0126002601361D4603EB8606E7E746
:109070004846C04704460028EED000233060C0E9CF
:109080000133056003730DB93860E6E7A9680B1A70
:10909000594259412846FFF7D6FE90F90C30056831
:1090A000002BF0D1002DD8D1EEE7000010B5074C11
:1090B00011448A4200D110BD12F8013B83EA10230B
:1090C00034F8133083EA002080B2F2E78EB108084A
:1090D00030B50024FF25C0E90212C0E90444046051
:1090E0000571846130BDC0E900120022C0E902228E
:1090F000026170472DE9F04F8FB0CDE90B23DDE918
:10910000184681468B46002900F08681002800F031
:109110008381002C00F080811A9B13B9002E40F04F
:109120007B81D9F80430072B3ED9402B3ED8B54A75
:10913000D35CB54AD35C0593059B62789BF8041019
:10914000013B0393002A44D12379FF2B40F0648133
:109150006588B5F5005F80F05F810B0628D445F483
:10916000C04041EA00202378072B00F2558140EAF5
:10917000836303980993864263790A93D9F80810A8
:10918000D9F8002006F101036DD89E48C35C9E48C3
:10919000C45C9142A4EB060505F1FF3538D36FF0AE
:1091A00002000FB0BDE8F08F0823C4E74023C2E7F8
:1091B000039B9E4200F230811A9A31464FF6FF70AF
:1091C000FFF774FF00F07F0040EA052040F0B07028
:1091D000C9E7531E012B00F21F8194F90430257951
:1091E000002BC0F219816388B3F5007F80F01481F1
:1091F0000F0600F11181980340EAC510951E6A42DE
:1092000040EA01006A4140EA026040F00070AAE7CB
:10921000DDE90B23099900945846FFF76BFE0746DA
:109220000028BCD026B11A993246303000F00CFF2D
:1092300006F130002A460021384400F0D3FE0A9B94
:10924000724A3C4463F01F0384F82F303946704B58
:1092500009F10C00FFF7ECFED9F808300133C9F82A
:10926000083001209DE7B01C079003980344B3FB2E
:10927000F0F30B44934292D81A9A31464FF6FF709E
:10928000FFF714FF00240123049025460694089359
:10929000A046079B434518D8069E002D00F0AE80DF
:1092A000DFF86C81594F09F10C05314643463A46C7
:1092B0002846FFF7BDFE3669002EF6D1D9F80830F2
:1092C0002344C9F8083020466BE7079B0999A3EBB4
:1092D0000802039B934289BF4A4BDDF814A09B18F8
:1092E000494A84BF5B7812F803A0CDF800A0DDE9FD
:1092F0000B235846FFF7FEFD069B01340746002B63
:1093000063D02861002F70D046450AF1FF335ED943
:10931000A6EB08059D4228BF1D461A990D932A46C3
:1093200007F1300000F090FE1A9BA8442B444645FC
:109330001A930D9B2DD8AAF1030AAA1CAAEB050AC1
:109340009A4288BF4FF0000A05F1300052460021D2
:1093500038440D9300F046FE0D9B6A1C01329A4280
:1093600037D35544AB4214D9464509D104997A19EB
:109370000135090AAB4282F8301006F1010808D91C
:10938000464506D27B19049A83F83020013508F14E
:1093900001080A9B089A03F01F0343EA4213069A46
:1093A000B91A4A424A4143EAC213079A42453D4428
:1093B0008CBF0022012243EA821385F83030089BDB
:1093C00083F0010308933D4663E706909AE7002582
:1093D000B1E704990F48C1F30F2130F81110049838
:1093E00081EA002189B20491B8E73D4654E731464D
:1093F000DBF80C303469584698472646002EF6D1E3
:10940000CDE600BF3CB108087DB108082D8F0808E3
:10941000F38E08088EB108086FF00100C1E600BFA6
:1094200010B1C368002003B9704718465B68FAE7BB
:1094300038B50D46044640B129B10C30FFF7A3FD05
:10944000A368013BA360284638BD0546FBE7000042
:109450002DE9F04F89B09B469DF84C90129B149ECD
:1094600014460746002800F0B581002E00F0B281B6
:10947000002B00F0AF81D3F800A0BAF1005F80F0BC
:10948000A981D3E90158B8F1000F02D1002D40F0B5
:10949000A18120220021684600F0A4FD25B9002505
:1094A000284609B0BDE8F08F4FEA9A638DF808307E
:1094B0001AF0007F0AF07F03CDE9004B8DF80C30E5
:1094C0000AF0807240F0CB80002ACAF30C2118BF4A
:1094D000FF231AF0801FADF80A108DF80C300CBF76
:1094E00001220022FF21013DCDE905588DF80D1024
:1094F00018F8053003F01F004FEAD31CC3F3801E99
:109500008DF80E008DF80FC058B203F0400C8DF8A6
:1095100010E003F0200EC3F340138DF81130002A41
:10952000BDD0002805DABEF1000FB8D0BCF1000FA5
:109530000BD19DF80C30FF2BB1D0062D05D8BCF116
:10954000000FACD00DB90028A9DAFF2902D03B7971
:109550008B42A4D19DF80900A04A043000230DF1EC
:109560000A0107EB8000FFF763FD159B804603B1FE
:109570001860B8F1000F92D09DF90C209DF80C30C6
:10958000002AC0F2038108EB83035C6AF4B99DF8FA
:109590000F30DBB1BB682021384698479DF80C306E
:1095A00008EB8303586200286ED0DDE90023C0E990
:1095B0000244C0E900234FF6FF7383829DF80E300A
:1095C00083750123046180F81790037600259DF8C8
:1095D0000C3008EB83035C6A002C3FF461AFDDE9DB
:1095E0000021D4E90003904273EB010ED8E904C5D1
:1095F000D8F818804BD2101A61EB0303844575EB41
:10960000030334BF4FF0010C4FF0000C9DF80E0027
:10961000A37D1B1A9DB2002BBCBF05F120031BB21A
:10962000BCF1000F08D1E57D4D4533D19DF80F50B9
:1096300085B3DBB2012B2DD90023C4E902334FF6E9
:10964000FF73A382012323769DF80F30A07584F861
:109650001790FBB921463846FFF770FC1FE7002A38
:1096600014BF022201228DF809201AF4000FCAF358
:109670008832ADF80A20CAF3C61103D15A1A18BFAE
:10968000012230E700222EE76FF002059FE74FF03E
:10969000000CBBE794F817E09DF811C0257EA37D70
:1096A000CE457FF4FCAEAC457FF4F9AE98427FF432
:1096B000F6AE9DF80F30002B51D1DDE90512A08ADE
:1096C000FFF7F4FC0025A082DDE9059AA3684B446E
:1096D000A36023693BB9B8F1000F04D0BB684146D1
:1096E0003846984720612069002840D0E36809EB9C
:1096F0000302904538BFA8EB030918444A46514677
:1097000000F0A2FCE3684B44E3609DF81030002BAE
:1097100037D00DB9A38AEBB99DF80C303371BDF881
:1097200008109DF80E3031807371BDF80A207280E8
:10973000D4E90023C6E90223E26823693261736138
:109740002DB9A3689A1A012A9CBF023B33610023FA
:109750002361012521463846FFF7F0FBA0E69DF87E
:109760001030C4E90021002BA7D00125ACE7B8F1E7
:10977000000FCAD021463846FFF7E0FB6FF0020524
:109780008EE6237E83F00103237688E6D8F818302E
:10979000059C9C4228BF1C462146BB68384698471A
:1097A0000028EBD0DDE900899DF80C20BDF80A10F7
:1097B000BDF8085032719DF80E20358071807271AD
:1097C000C6E90289C6E904400699224600F03CFC3D
:1097D000012565E66FF0010562E600BF658F0808A8
:1097E000F7B5064648B3022927D8043100EB8105B6
:1097F000ADF806200023124A0DF106012846FFF7B6
:1098000017FC0446B8B101462846FFF7BCFB04F13B
:109810002005002704F5087455F8041FF36801B10A
:10982000096930469847F368296830469847A54249
:109830002F60F1D1012003B0F0BD6FF00100FAE715
:10984000658F08082DE9F8430A9F0D4691461E468C
:10985000804610B30FB302291FD8FFF7C1FF041EC3
:1098600018DBDDE908230021C7E90423BE614FF4BA
:109870000072A7F81C9007F12400043500F0B2FB39
:10988000074B084A394608EB8500FFF7D1FBB4FACD
:1098900084F464092046BDE8F8836FF00104F9E719
:1098A000F38E0808818F080800B1016001B148609B
:1098B000704710B58A6800235209012A03F1010498
:1098C00018D8D1E9042402B154614C6904B1226171
:1098D000DBB250F823208A420BD10A6940F82320DA
:1098E0003AB901229A40D0F8803023EA0203C0F846
:1098F000803010BD52082346DFE710B58A68002388
:109900005209012A03F1010411D8DBB2002450F8F6
:1099100023200A614C6102B15161012240F82310F9
:109920009A40D0F880301343C0F8803010BD520800
:109930002346E6E770B50D46044628B310F00F0144
:1099400026D1BF2D26D9A03DC0F88010802200F07E
:1099500049FBB5F1004F28BF4FF0004515F01F0639
:1099600014D1C4E92866C4F8A85084F8AC6004F1A6
:10997000A0012046FFF7C1FF00220023C4E92256C0
:10998000C4E92466C4E92623204670BD013DE5E70D
:109990000024F9E70C46F7E7F8B505460F4651B342
:1099A000D0F88830103B8B4225D310310A46002373
:1099B000012A03F1010020D807F10F020A40002A12
:1099C00018BF0133DBB201269E4071090A4600230D
:1099D000012A03F1010013D84A1E0A40002A18BFC9
:1099E0000133DAB24FF0FF339340D5F880201340B3
:1099F0005C421C4047D1002035E052080346D7E7BF
:109A000052080346E4E764081346012C03F10102FF
:109A1000F9D1DBB2284655F823402146FFF749FF2C
:109A2000A368A6609B1B1F2B0DD9A019216883601A
:109A300000230373FFF738FF01462046FFF734FF8A
:109A40002846FFF75AFFD5F88C301E44D5F89030E1
:109A5000C5F88C609E424FF0010388BFC5F8906046
:109A600004F110002373D5F89430BB4238BFC5F819
:109A7000947038B937B1D5E92632013342F100028A
:109A8000C5E92632F8BD0023BFE72DE9F8430546B6
:109A90000C46002957D0002351F8089C01F8043CDB
:109AA00051E90476D0F88C30A3EB0903C0F88C3070
:109AB000F6B196F80C8088F00108002F3CD03B7B73
:109AC00083F00103B8F1000F28D09BB1314628463E
:109AD000FFF7EFFE3946FFF7ECFEB368BA681344B0
:109AE0004B44B360002344F8083CBB6039680CE089
:109AF000B046E2E731462846FFF7DBFEB3684B4449
:109B0000B360002344F8083C39463046FFF7CCFEEA
:109B100031462846BDE8F843FFF7EFBEA4F1100632
:109B20007BB139462846FFF7C4FEBB684B4444F876
:109B3000083CC7F80880D9E7B8F1000FDAD1A4F1E2
:109B400010063146E5E7BDE8F883000008B52DEDC5
:109B5000028BF0EE408A00F027F9B0EE408AB0EEBA
:109B6000680A00F06DF860B1DFED0F7AF4EEE78A75
:109B7000F1EE10FA0ADD00F03DFA9FED0C8A222387
:109B80000360B0EE480ABDEC028B08BDDFED087A39
:109B9000F4EEE78AF1EE10FAF3D500F02BFA222367
:109BA0009FED048A0360ECE71772B1420000807FEA
:109BB000B5F1CFC20000000008B52DED028BB0EE6C
:109BC000408A00F0EDF8B4EE488AF1EE10FA0CD6B7
:109BD000DFED078AB4EEE88AF1EE10FA05D500F061
:109BE00009FA88EEA80A21230360BDEC028B08BDA8
:109BF0000000000010B52DED028B0446B0EE408A47
:109C000000F01EF8B8B1B5EE408AF1EE10FA12D0AD
:109C1000B0EE480A204600F01DF8B0EE408A00F091
:109C20000FF820B1B5EE408AF1EE10FA03D100F042
:109C3000E1F922230360B0EE480ABDEC028B10BDAF
:109C400010EE103A23F00040B0F1FF4FACBF0020FF
:109C50000120704710EE103A33F000422BD0B2F1E1
:109C6000FF4F02D330EE000A704713F0FF4F23D1AD
:109C7000244BDFED257A984220EE270A17DB10EE01
:109C8000103AC3F3C752193A4CF25031884215DDED
:109C9000DFED1E7ADFED1E6A10EE103AB0EE677A45
:109CA000002BB8BFF0EE667A27EE870A7047DFED2B
:109CB000197A27EE800A7047D20DE5E71044FE2896
:109CC000E6DC002806DD23F0FF4343EAC05300EE44
:109CD000103A704710F1160F09DADFED0E7ADFED5A
:109CE0000E6A10EE103AB0EE677A002BD9E7193001
:109CF00023F0FF4343EAC0539FED080A07EE903A72
:109D0000D7E700BFB03CFFFF0000004CCAF249712A
:109D1000CAF249F16042A20D6042A28D00000033F8
:109D200010EE103AC3F3C752A2F17F001E2882B092
:109D30002FDC411C02DA002002B0704716284FEADF
:109D4000D3710ADDC3F3160343F40003963A03FA12
:109D500002F00029F0D04042EEE7104B03EB810304
:109D600093ED007A37EE000A8DED010ADDED017A00
:109D700077EEC77A17EE903A33F00042DBD0C3F3A8
:109D80001600C3F3C75340F40000C3F19603D84054
:109D9000DFE7FDEEC07A17EE900ACDE790B3080832
:109DA000B1EEC00A7047000010EE102A22F0004306
:109DB000B3F1FF4F02D930EE000A70474FEAD2717B
:109DC00006D1DFED4E7A002918BFB0EE670A704762
:109DD0004B48824202DD002000F0D4B8002A05DAA8
:109DE000484A934202D9002000F0C6B8464A93423E
:109DF000F7EE005A52D9454A93424FEA810234D8CD
:109E0000434B134493ED007A424B134430EE477AB0
:109E1000C1F10102D3ED007A521A37EE670A20EE43
:109E2000006A9FED3D5ADFED3D6AE6EE056A9FED63
:109E30003C5AA6EE865ADFED3B6AE5EE066A9FEDD8
:109E40003A5AA6EE865AF0EE406AE5EE466AB0EE61
:109E5000006A20EE265A92BB76EEC66AC5EE267AD6
:109E600037EEC00A35EEC00A7047304B9FED307AAE
:109E7000DFED306A1344D3ED007AE0EE077AB0EEFE
:109E8000407AFDEEE77A17EE902AF8EEE77AA7EE31
:109E9000E67ADFED296A67EEA67ABEE7B3F1505F96
:109EA0000BD2DFED266A70EE266AF4EEE56AF1EE7B
:109EB00010FA02DD30EE250A70470022AFE736EED9
:109EC000666A12F17D0FC5EE066AB8BF643277EE9E
:109ED000E67A77EEC77A75EEE77A17EE903AABBF7F
:109EE00003EBC25303EBC25300EE103ADFED147ADA
:109EF000BCBF00EE103A20EE270A704700000000B9
:109F00001772B142B5F1CF421872B13E9115853F3B
:109F1000A0B3080898B308084CBB31330EEADDB58E
:109F200055B38A38610B36BBABAA2A3EA8B30808E2
:109F30003BAAB83F8071313FD1F71737CAF2497158
:109F40000000800D10B52DED028BB0EE408A044666
:109F500000F050F8B0EE480ABDEC028B046010BD72
:109F600030B1F1EE407A27EE800A2220FFF7EABFF7
:109F7000F0EE407AF7E700009FED010AFFF7F0BF2F
:109F8000000000109FED010AFFF7EABF000000701B
:109F900010B501390244904201D1002005E0037858
:109FA00011F8014FA34201D0181B10BD0130F2E798
:109FB000884210B501EB020402D98442234607D837
:109FC000431EA14208D011F8012B03F8012FF8E736
:109FD000024401468A4200D110BD13F8014D02F837
:109FE000014DF7E702440346934200D1704703F85E
:109FF000011BF9E7014B1868704700BFE002002021
:10A0000070B50D4D0D4C641BA4100026A64209D15D
:10A010000B4D0C4C00F026F8641BA4100026A64241
:10A0200005D170BD55F8043B98470136EEE755F869
:10A03000043B98470136F2E7B8B30808B8B30808FC
:10A04000B8B30808BCB308080A44914200F1FF33D2
:10A0500000D1704710B511F8014B03F8014F914240
:10A06000F9D110BDF8B500BFF8BC08BC9E467047DA
:10A07000F8B500BFF8BC08BC9E467047FFFF000063
:10A08000010000000000FFFF00000100420041004D
:10A0900043414E206C6F6F706261636B2073656C1F
:10A0A000662D74657374204F4B0D0A0043414E209A
:10A0B0006C6F6F706261636B2073656C662D746585
:10A0C0007374204641494C0D0A006F72672E696E09
:10A0D00064757374727967726F772E6E6F64652E14
:10A0E000756E6964656E74696669656400756E692C
:10A0F00064656E746966696564206D6F64756C650E
:10A10000006E6F20706572736F6E616C6974792078
:10A11000636C61696D732074686973207374726114
:10A12000700D0A006E6F204E6F64652D49442070DB
:10A13000726F766973696F6E65640D0A000D0A4966
:10A140006E64757374727947726F77206E6F646591
:10A15000206669726D776172652028636172726929
:10A160006572204530303031292076002C20736C08
:10A170006F7420006C6173742072657365743A208B
:10A18000006D6F64756C652D696420737472617005
:10A19000203D20306200202D3E2000202D3E205505
:10A1A0004E4944454E54494649454420286E6F2047
:10A1B000706572736F6E616C69747920636C61692C
:10A1C0006D732074686973204944290D0A00415455
:10A1D00045434336303820636172726965722049A5
:10A1E00044202849324332293A2000707265736551
:10A1F0006E742C20534E3D00202D3E206E6F646502
:10A2000020756E697175652D69640D0A0061627350
:10A21000656E74202D3E2053544D333220666163A9
:10A22000746F7279205549440D0A006E6F64652081
:10A230006964656E746974793A20002C206E6F64CD
:10A24000652D6964200063797068616C2075703ACF
:10A25000206E6F64652D69642000736B656C657496
:10A260006F6E206F6E6C792C206E6F2073656E732D
:10A270006F72207075626C69636174696F6E733A96
:10A280002000747269616C20696D61676520636F7D
:10A290006E6669726D65643B20736C6F742000207C
:10A2A0006973206E6F7720746865206F6E65207407
:10A2B00068617420626F6F74730D0A00303132333D
:10A2C0003435363738394142434445460053544FBC
:10A2D00052452052414E474520434F4E464C49433C
:10A2E0005420286C696E6B65722073637269707498
:10A2F000207673206964656E746974792E6829000C
:10A30000554E50524F564953494F4E454420286EA2
:10A310006F204E6F64652D494420696E20666C6124
:10A320007368290070726F766973696F6E65640077
:10A330004957444720286669726D776172652068C5
:10A34000616E67290057574447006C6F772D706F17
:10A3500077657200736F667477617265004E525351
:10A36000542070696E202864656275672070726F72
:10A370006265206F7220627574746F6E2900706F51
:10A380007765722D6F6E0062726F776E2D6F7574C8
:10A3900000756E6B6E6F776E006E6F204E6F64652A
:10A3A0002D49442070726F766973696F6E65643AE7
:10A3B0002072756E6E696E67206173203132372CA2
:10A3C000206E6F207375626A65637473004E6F64EC
:10A3D000652D494420636F6D6D69747465642C202C
:10A3E0007265737461727420746F2061646F70742D
:10A3F0003A006F72672E696E647573747279677252
:10A400006F772E6E6F64650075617663616E2E6E78
:10A410006F64652E69640075617663616E2E6E6F80
:10A4200064652E6465736372697074696F6E004D44
:10A4300030352D534146455459202845303030366B
:10A4400029006F72672E696E647573747279677212
:10A450006F772E6E6F64652E6D3035004D30312D67
:10A46000434C494D41544520284530303032290075
:10A470006F72672E696E64757374727967726F7725
:10A480002E6E6F64652E6D3031004D30322D4C498B
:10A490004748542028453030303329006F72672EEA
:10A4A000696E64757374727967726F772E6E6F64FC
:10A4B000652E6D3032004D30342D504C414E5420BD
:10A4C00028453030303529006F72672E696E64750B
:10A4D0007374727967726F772E6E6F64652E6D304C
:10A4E00034000000050000002FA4080842A408085A
:10A4F000CD36080859370808010000005CA4080898
:10A5000070A408080D430808AD45080802000000C3
:10A510008AA408089CA40808295C0808415D08086A
:10A5200004000000B6A40808C8A40808F9710808C7
:10A530005D7408084D303520656E6572677920615D
:10A540006363756D756C61746F72207A65726F6587
:10A5500064004D3035206C65616B2072617720415D
:10A560004443203D004D3035206275732063757281
:10A5700072656E742077696E646F772073616D7099
:10A580006C6573203D004D30352062757320637516
:10A590007272656E742077696E646F77206D696E74
:10A5A000207541203D004D30352062757320637564
:10A5B0007272656E742077696E646F77206D617852
:10A5C000207541203D00646562756720636F6E737E
:10A5D0006F6C6520656E6473206865726520285015
:10A5E0004139202D3E206C65616B2065786369746C
:10A5F0006174696F6E290D0A004D30352075702C1D
:10A600002070726573656E74206269746D61736B1E
:10A610002055327C5531203D004D303520646F6F20
:10A62000722073687574004D303520646F6F72202E
:10A630004F50454E004D3035206C65616B205745BD
:10A6400054004D3035206C65616B20647279004D8B
:10A6500030352073656E736F7273207265636F7629
:10A6600065726564004D3035206465766963657395
:10A67000206661756C746564206F722076616E6906
:10A68000736865642C206269746D61736B20553248
:10A690007C5531203D000010011002100310041001
:10A6A00005100610553220676173207363616E20B8
:10A6B00061726D6564005532206761732073636158
:10A6C0006E207061726B6564005533206D65617337
:10A6D0007572656D656E742073746F70706564005B
:10A6E00070726573656E742C2076617269616E7428
:10A6F00020424D453638380070726573656E742C93
:10A700002076617269616E7420424D453638302082
:10A7100028616C7465726E617469766529002043E6
:10A720002028666163746F72792064656661756C58
:10A7300074202D2D206E6F74207468697320626FF1
:10A7400061726427732076616C75652C204F2D34FF
:10A75000352900204320287472696D6D6564202DB1
:10A760002D20736565207468697320696E73746148
:10A770006E63652773202D434329004D30312073CC
:10A78000656E736F722070726F62653A0D0A0020F9
:10A790002055312053485434352020307834343A11
:10A7A000200070726573656E742C20736572696128
:10A7B0006C200041434B20627574206E6F207661DF
:10A7C0006C696420616E73776572202D3E204E4F58
:10A7D0005420616E20534854343500616273656EB5
:10A7E00074202D3E206E6F20542F52482C206E6F07
:10A7F000205650440D0A002020553220424D453647
:10A80000387820307837363A20002C206761732062
:10A810007377656570200020736574706F696E745E
:10A8200073206576657279200020730D0A006162DD
:10A8300073656E74202D3E20434F32207072657315
:10A84000737572652066616C6C73206261636B2046
:10A85000746F20313031332068506120284F2D34FF
:10A8600038290D0A00202055332053434434312029
:10A8700020307836323A200070726573656E74004D
:10A880002C2054206F666673657420002C20415381
:10A890004320616C7265616479206F666620286E62
:10A8A0006F20454550524F4D2077726974652900DD
:10A8B0002C2041534320776173204F4E202D3E20A2
:10A8C0006F66662C207065727369737465642028E6
:10A8D0006F6E6520454550524F4D206379636C651E
:10A8E00029002C2041534320776173204F4E202DA7
:10A8F0003E206F666620696E2052414D206F6E6C5F
:10A90000792C204E4F54207065727369737465649E
:10A9100000616273656E74202D3E206E6F20434F80
:10A92000320D0A0020204932433A2000207472611F
:10A930006E73616374696F6E732C200020666169A9
:10A940006C65640D0A004D30312075702C207072DA
:10A950006573656E74206269746D61736B20553127
:10A960007C55327C5533203D0055332074656D7025
:10A9700065726174757265206F66667365742077A1
:10A9800072697474656E2C2063656E74692D432042
:10A990003D005533206F6666736574207065727371
:10A9A000697374204641494C45442C2063656E749C
:10A9B000692D43203D0055332073656C662D746509
:10A9C00073743A206E6F206D616C66756E63746986
:10A9D0006F6E0055332073656C662D746573743A21
:10A9E000204D414C46554E4354494F4E0055312061
:10A9F000636F6E64656E736174652D7265636F76E7
:10AA00006572792070756C73652C203230206D571B
:10AA100020302E312073004D30312073656E736FFE
:10AA20007273207265636F7665726564004D3031B4
:10AA30002064657669636573206661756C7465640E
:10AA4000206F722076616E69736865642C2062697C
:10AA5000746D61736B2055317C55327C5533203DCC
:10AA60000055332073656C662D74657374206469BA
:10AA700064206E6F74207374617274005533206F9C
:10AA80006666736574207772697465207265667591
:10AA90007365640055332073656C662D746573743B
:10AAA00020756E7265616461626C65001010111032
:10AAB000121013101410151016101710181019106A
:10AAC000C800FA00400190010000000000000000F2
:10AAD0000000000000000000CDCCCC3D3333333FFC
:10AAE00000000000CDCC4CBFCDCCCCBD00000000A0
:10AAF0000000000000000000000000000000000056
:10AB00000000000000000000000000000000000045
:10AB1000000000000000000000000000000080BFF6
:10AB200000000000CDCC4CBF000000000000000081
:10AB30009A9999BE000000BF00000000000080BF8D
:10AB400000000000000000004D303220737065638B
:10AB50007472616C206761696E207831203D004D10
:10AB6000303220696E746567726174696F6E20752A
:10AB700073203D004D3032206272696768746573DE
:10AB800074207065726D696C6C65206F66206675E7
:10AB90006C6C207363616C65203D004D3032205534
:10ABA000562072617720636F756E7473203D004D7F
:10ABB0003032205556206761696E207831203D0083
:10ABC0004D30322055562039322C39442C39342C12
:10ABD0003943203D004D30322055562039422C3823
:10ABE000302C38312C3430203D004D303220555639
:10ABF0002044342C44352C44432C4444203D004D07
:10AC000030322055562038352C38362C44462C45C9
:10AC100031203D00414253454E5400616273656EE0
:10AC2000740070726573656E740D0A0061627365FD
:10AC30006E740D0A00696E647573747279666C6F58
:10AC4000772E677265656E686F7573652E6C6967C0
:10AC500068742E707066645F636F656666004D3061
:10AC600032205050464420636F65666669636965AB
:10AC70006E74207265676973746572206E6F7420DC
:10AC8000617661696C61626C65004D30323A2073A7
:10AC9000776974636820002C205534204153373382
:10ACA000343320002C2055332054534C3235383562
:10ACB00020004D30322075702C20313D707265734C
:10ACC000656E742C206269746D61736B2055317CE4
:10ACD00055347C5533203D004D3032205050464491
:10ACE00020756E636F6D6D697373696F6E65643A1D
:10ACF000206E6F20636F656666696369656E747345
:10AD00002C207375626A656374203431323920698E
:10AD10006E76616C6964004D30322073656E736FBE
:10AD20007273207265636F7665726564004D3032B0
:10AD30002064657669636573206C6F7374206F722D
:10AD4000206661756C7465642C20313D6261642CF1
:10AD5000206269746D61736B2055317C55347C556C
:10AD600033203D0020102110221023100C06000774
:10AD7000080F0102090D0E034D3034206465766919
:10AD800063652D494420776F7264203D004D303457
:10AD9000206672616D6573207468697320696E74D2
:10ADA000657276616C203D004D3034206672616DB5
:10ADB00065732064726F707065642073696E63657B
:10ADC00020626F6F74203D004D30342073657276C1
:10ADD0006564206672616D652073657175656E636B
:10ADE00065203D004D30342073746F726520636CB4
:10ADF0006173732D49442062797465203D002F7082
:10AE00006C616E742F666C61746669656C642E6229
:10AE1000696E002F706C616E742F6672616D652EA5
:10AE200062696E004D303420696D61676572207211
:10AE300065636F7665726564004D303420666175B8
:10AE40006C742C20313D6261642C206269746D61E8
:10AE5000736B2055317C726573746F72657C5532EB
:10AE60007C7472696D203D004E4F5420726573747E
:10AE70006F72656400696E647573747279666C6F65
:10AE8000772E677265656E686F7573652E706C617D
:10AE90006E742E656D6973736976697479004D30CF
:10AEA00034206465706C6F796D656E742D636F6EA0
:10AEB0007374616E74207265676973746572732050
:10AEC0006E6F7420617661696C61626C6500696E99
:10AED000647573747279666C6F772E677265656ED0
:10AEE000686F7573652E706C616E742E7265666C1A
:10AEF00065637465645F74656D70657261747572A5
:10AF00006500696E647573747279666C6F772E670D
:10AF10007265656E686F7573652E706C616E742EE8
:10AF2000686F7473706F745F6B00696E64757374AF
:10AF30007279666C6F772E677265656E686F757370
:10AF4000652E706C616E742E686F7473706F745FB1
:10AF500064656C74615F6D696E004D3034206669A4
:10AF60006C65207365727669636573206E6F7420FB
:10AF7000726567697374657265643A206E6F2066E6
:10AF800072616D6520697320736572766564004D2A
:10AF900030343A205531204D4C5839303634302039
:10AFA000002C2063616C6962726174696F6E2000AD
:10AFB0002C2055322073746F726520002C20666C33
:10AFC0006174206669656C6420004D3034207570B2
:10AFD0002C20313D70726573656E742C206269742B
:10AFE0006D61736B2055317C726573746F72657C13
:10AFF00055327C7472696D203D004D30342073747D
:10B000006F7265206361727269657320616E6F741F
:10B01000686572206D6F64756C6520636C61737315
:10B02000203D004D3034207075626C697368696E24
:10B030006720756E636F727265637465643A206E23
:10B040006F20666C6174206669656C6420696E208F
:10B05000666F726365003010616273656E743A20CA
:10B060006E6F2073746F726500616273656E743AFF
:10B070002073746F726520756E7265616461626CB5
:10B080006500616273656E743A206E6F207265634D
:10B090006F7264006170706C6965640072656675DA
:10B0A0007365643A20616E6F7468657220696D61C2
:10B0B00067657200636F72727570743A2043524311
:10B0C000006F6666657265643A207472616E7366BD
:10B0D000657220696E2070726F677265737300729B
:10B0E0006566757365643A206E6F74206120666CC6
:10B0F00061742D6669656C64207265636F726400AB
:10B10000726566757365643A20435243006F6666E4
:10B11000657265643A2077726974696E670072655A
:10B1200066757365643A2073746F7265207772690F
:10B130007465206661696C656400FF0100010203AB
:10B140000405060708090909090A0A0A0A0B0B0B74
:10B150000B0C0C0C0C0D0D0D0D0D0D0D0D0E0E0E22
:10B160000E0E0E0E0E0E0E0E0E0E0E0E0E0F0F0FFC
:10B170000F0F0F0F0F0F0F0F0F0F0F0F0F00010209
:10B180000304050607080C101418203040000000C6
:10B190002110422063308440A550C660E7700881CA
:10B1A00029914AA16BB18CC1ADD1CEE1EFF1311241
:10B1B000100273325222B5529442F772D66239931A
:10B1C00018837BB35AA3BDD39CC3FFF3DEE3622491
:10B1D000433420040114E664C774A44485546AA56A
:10B1E0004BB528850995EEE5CFF5ACC58DD5533621
:10B1F000722611163006D776F6669556B4465BB7BA
:10B200007AA719973887DFF7FEE79DD7BCC7C448F0
:10B21000E5588668A7784008611802282338CCC909
:10B22000EDD98EE9AFF9488969990AA92BB9F55A80
:10B23000D44AB77A966A711A500A333A122AFDDB59
:10B24000DCCBBFFB9EEB799B588B3BBB1AABA66C50
:10B25000877CE44CC55C222C033C600C411CAEEDA9
:10B260008FFDECCDCDDD2AAD0BBD688D499D977E60
:10B27000B66ED55EF44E133E322E511E700E9FFFF9
:10B28000BEEFDDDFFCCF1BBF3AAF599F788F8891AF
:10B29000A981CAB1EBA10CD12DC14EF16FE1801093
:10B2A000A100C230E3200450254046706760B98396
:10B2B0009893FBA3DAB33DC31CD37FE35EF3B102E3
:10B2C0009012F322D2323542145277625672EAB5A6
:10B2D000CBA5A89589856EF54FE52CD50DC5E23433
:10B2E000C324A01481046674476424540544DBA776
:10B2F000FAB79987B8975FE77EF71DC73CD7D32683
:10B30000F2369106B01657667676154634564CD905
:10B310006DC90EF92FE9C899E9898AB9ABA94458D2
:10B32000654806782768C018E1088238A3287DCBD5
:10B330005CDB3FEB1EFBF98BD89BBBAB9ABB754A22
:10B34000545A376A167AF10AD01AB32A923A2EFD65
:10B350000FED6CDD4DCDAABD8BADE89DC98D267C72
:10B36000076C645C454CA23C832CE01CC10C1FEFB5
:10B370003EFF5DCF7CDF9BAFBABFD98FF89F176EC2
:10B38000367E554E745E932EB23ED10EF01E0000F6
:10B390000000004B000000CBD1F71737D1F717B7EB
:10B3A0008071313F807131BF0000003F000000BF5D
:10B3B0004850FF7F01000000AD030808890308081A
:10B3C0000024F4007F7F0000A08601000101FFFF40
:10B3D000F2A308080200000008A408080001010008
:10B3E000000000000000000000000000000000005D
:10B3F000000000000000000000000000000000004D
:10B40000000000000000000000000000000000003C
:10B41000000000000000000000000000000000002C
:10B4200000000000000000000000000017A4080851
:10B43000010100000000496E6475737472794772EF
:10B440006F77206E6F646500000000000000000050
:10B4500000000000000000000000000000000000EC
:10B4600000000000000000000000000000000000DC
:10B4700000000000000000000000000000000000CC
:10B4800000000000000000000000000000000000BC
:10B4900000000000000000000000000000000000AC
:10B4A000000000000000000000000000000000009C
:10B4B000000000000000000000000000000000008C
:10B4C000000000000000000000000000000000007C
:10B4D000000000000000000000000000000000006C
:10B4E000000000000000000000000000000000005C
:10B4F000000000000000000000000000000000004C
:10B50000000000000000000000000000000000003B
:10B51000000000000000000000000000000000002B
:10B52000000000000000000000000000000000001B
:10B53000000000000000000000000000000000000B
:10B5400000000000000000000000000000000000FB
:10B5500000000000000000000000000000000000EB
:10B5600000000000000000000000000000000000DB
:10B5700000000000000000000000000000000000CB
:10B5800000000000000000000000000000000000BB
:10B5900000000000000000000000000000000000AB
:10B5A000000000000000000000000000000000009B
:10B5B000000000000000000000000000000000008B
:10B5C000000000000000000000000000000000007B
:10B5D000000000000000000000000000000000006B
:10B5E000000000000000000000000000000000005B
:10B5F000000000000000000000000000000000004B
:10B60000000000000000000000000000000000003A
:10B61000000000000000000000000000000000002A
:10B62000000000000000000000000000000000001A
:10B63000000000000000000000000000000000000A
:10B6400000000000000000000000000000000000FA
:10B6500000000000000000000000000000000000EA
:10B6600000000000000000000000000000000000DA
:10B6700000000000000000000100F5030000C841C8
:10B6800001010709070904000000803FFF000000D6
:10B690000000803F000040400000803F1BAC0808D5
:10B6A000E402002000000000CCA9002034AA002001
:10B6B0009CAA002000000000000000000000000024
:10B6C000000000000000000000000000000000007A
:10B6D000000000000000000000000000000000006A
:10B6E000000000000000000000000000000000005A
:10B6F0000B4B0C4A0C4810B54AF6AA24D168C90372
:10B7000007D4D36813F0F20F14BF4FF0FF300020BE
:10B7100010BD013B0460F1D14FF0FF30F8E700BFEE
:10B7200000A3E111003C02400030004010B50D4C78
:10B73000F323E360236923F47E7323F0020343EAD7
:10B74000C00343F4007343F002032361236943F40D
:10B7500080332361FFF7CCFF236923F0FA032361D1
:10B7600010BD00BF003C0240F8B51746104AF32355
:10B77000D360136923F4407323F0010343F400738F
:10B7800043F00103002405460E4613612046BC42E7
:10B7900000D028B1064A136923F001031361F8BDF4
:10B7A00056F8243045F82430FFF7A2FF0134EEE7C5
:04B7B000003C024017
:0400000508080000E7
:00000001FF
