ISO-10303-21;
HEADER;
/* Generated by software containing ST-Developer
 * from STEP Tools, Inc. (www.steptools.com) 
 */

FILE_DESCRIPTION(
/* description */ (''),
/* implementation_level */ '2;1');

FILE_NAME(
/* name */ 
'C:\\Users\\admin\\Documents\\Inventor\\industrygrow\\heater_industryg
row.stp',
/* time_stamp */ '2026-09-10T12:40:00+02:00',
/* author */ ('admin'),
/* organization */ (''),
/* preprocessor_version */ 'ST-DEVELOPER v18.1',
/* originating_system */ 'Autodesk Inventor 2022',
/* authorisation */ '');

FILE_SCHEMA (('AUTOMOTIVE_DESIGN { 1 0 10303 214 3 1 1 }'));
ENDSEC;

DATA;
#10=MECHANICAL_DESIGN_GEOMETRIC_PRESENTATION_REPRESENTATION('',(#13),#12332);
#11=SHAPE_REPRESENTATION_RELATIONSHIP('SRR','None',#12339,#12);
#12=ADVANCED_BREP_SHAPE_REPRESENTATION('',(#14),#12331);
#13=STYLED_ITEM('',(#12348),#14);
#14=MANIFOLD_SOLID_BREP('Solid1',#6145);
#15=B_SPLINE_SURFACE_WITH_KNOTS('',3,3,((#9683,#9684,#9685,#9686,#9687),
(#9688,#9689,#9690,#9691,#9692),(#9693,#9694,#9695,#9696,#9697),(#9698,
#9699,#9700,#9701,#9702),(#9703,#9704,#9705,#9706,#9707)),.UNSPECIFIED.,
 .F.,.F.,.F.,(4,1,4),(4,1,4),(0.,0.5,1.),(0.0529691394713313,0.120850040829402,
0.211357909306829),.UNSPECIFIED.);
#16=B_SPLINE_SURFACE_WITH_KNOTS('',3,3,((#9764,#9765,#9766,#9767,#9768,
#9769),(#9770,#9771,#9772,#9773,#9774,#9775),(#9776,#9777,#9778,#9779,#9780,
#9781),(#9782,#9783,#9784,#9785,#9786,#9787),(#9788,#9789,#9790,#9791,#9792,
#9793)),.UNSPECIFIED.,.F.,.F.,.F.,(4,1,4),(4,1,1,4),(0.,0.5,1.),(0.0551301154611298,
0.107581092469268,0.160032069477405,0.238708534989612),.UNSPECIFIED.);
#17=B_SPLINE_SURFACE_WITH_KNOTS('',3,3,((#9854,#9855,#9856,#9857,#9858,
#9859),(#9860,#9861,#9862,#9863,#9864,#9865),(#9866,#9867,#9868,#9869,#9870,
#9871),(#9872,#9873,#9874,#9875,#9876,#9877),(#9878,#9879,#9880,#9881,#9882,
#9883)),.UNSPECIFIED.,.F.,.F.,.F.,(4,1,4),(4,1,1,4),(0.,0.5,1.),(0.054348291857758,
0.0937134840530931,0.133078676248428,0.238052522102655),.UNSPECIFIED.);
#18=B_SPLINE_SURFACE_WITH_KNOTS('',3,3,((#9913,#9914,#9915,#9916),(#9917,
#9918,#9919,#9920),(#9921,#9922,#9923,#9924),(#9925,#9926,#9927,#9928),
(#9929,#9930,#9931,#9932)),.UNSPECIFIED.,.F.,.F.,.F.,(4,1,4),(4,4),(0.,
0.5,1.),(0.131807882734235,0.211373491749748),.UNSPECIFIED.);
#19=B_SPLINE_SURFACE_WITH_KNOTS('',3,3,((#10000,#10001,#10002,#10003,#10004,
#10005),(#10006,#10007,#10008,#10009,#10010,#10011),(#10012,#10013,#10014,
#10015,#10016,#10017),(#10018,#10019,#10020,#10021,#10022,#10023),(#10024,
#10025,#10026,#10027,#10028,#10029)),.UNSPECIFIED.,.F.,.F.,.F.,(4,1,4),
(4,1,1,4),(0.,0.5,1.),(0.0551397373204019,0.0945049295159077,0.133870121711413,
0.238843967566095),.UNSPECIFIED.);
#20=B_SPLINE_SURFACE_WITH_KNOTS('',3,3,((#10058,#10059,#10060,#10061),(#10062,
#10063,#10064,#10065),(#10066,#10067,#10068,#10069),(#10070,#10071,#10072,
#10073),(#10074,#10075,#10076,#10077)),.UNSPECIFIED.,.F.,.F.,.F.,(4,1,4),
(4,4),(0.,0.5,1.),(0.131807882736474,0.211373491753458),.UNSPECIFIED.);
#21=B_SPLINE_SURFACE_WITH_KNOTS('',3,3,((#10114,#10115,#10116,#10117),(#10118,
#10119,#10120,#10121),(#10122,#10123,#10124,#10125),(#10126,#10127,#10128,
#10129),(#10130,#10131,#10132,#10133)),.UNSPECIFIED.,.F.,.F.,.F.,(4,1,4),
(4,4),(0.,0.5,1.),(0.131743327404539,0.211373491754228),.UNSPECIFIED.);
#22=B_SPLINE_SURFACE_WITH_KNOTS('',3,3,((#10159,#10160,#10161,#10162,#10163,
#10164),(#10165,#10166,#10167,#10168,#10169,#10170),(#10171,#10172,#10173,
#10174,#10175,#10176),(#10177,#10178,#10179,#10180,#10181,#10182),(#10183,
#10184,#10185,#10186,#10187,#10188)),.UNSPECIFIED.,.F.,.F.,.F.,(4,1,4),
(4,1,1,4),(0.,0.5,1.),(0.0543482918582027,0.0937134840534401,0.133078676248678,
0.238052522102644),.UNSPECIFIED.);
#23=B_SPLINE_SURFACE_WITH_KNOTS('',3,3,((#10248,#10249,#10250,#10251),(#10252,
#10253,#10254,#10255),(#10256,#10257,#10258,#10259),(#10260,#10261,#10262,
#10263),(#10264,#10265,#10266,#10267),(#10268,#10269,#10270,#10271),(#10272,
#10273,#10274,#10275)),.UNSPECIFIED.,.F.,.F.,.F.,(4,1,1,1,4),(4,4),(0.,
0.285714285714286,0.571428571428571,0.857142857142857,1.),(0.,0.358394484716257),
 .UNSPECIFIED.);
#24=B_SPLINE_SURFACE_WITH_KNOTS('',3,3,((#10295,#10296,#10297,#10298),(#10299,
#10300,#10301,#10302),(#10303,#10304,#10305,#10306),(#10307,#10308,#10309,
#10310),(#10311,#10312,#10313,#10314),(#10315,#10316,#10317,#10318),(#10319,
#10320,#10321,#10322)),.UNSPECIFIED.,.F.,.F.,.F.,(4,1,1,1,4),(4,4),(0.,
0.285714285714286,0.571428571428571,0.857142857142857,1.),(0.,0.358394484716258),
 .UNSPECIFIED.);
#25=B_SPLINE_SURFACE_WITH_KNOTS('',3,3,((#10327,#10328,#10329,#10330),(#10331,
#10332,#10333,#10334),(#10335,#10336,#10337,#10338),(#10339,#10340,#10341,
#10342),(#10343,#10344,#10345,#10346),(#10347,#10348,#10349,#10350),(#10351,
#10352,#10353,#10354),(#10355,#10356,#10357,#10358)),.UNSPECIFIED.,.F.,
 .F.,.F.,(4,1,1,1,1,4),(4,4),(0.,0.142857142857143,0.285714285714286,0.571428571428571,
0.857142857142857,1.),(0.558763059828318,1.),.UNSPECIFIED.);
#26=B_SPLINE_SURFACE_WITH_KNOTS('',3,3,((#10373,#10374,#10375,#10376),(#10377,
#10378,#10379,#10380),(#10381,#10382,#10383,#10384),(#10385,#10386,#10387,
#10388),(#10389,#10390,#10391,#10392),(#10393,#10394,#10395,#10396),(#10397,
#10398,#10399,#10400),(#10401,#10402,#10403,#10404),(#10405,#10406,#10407,
#10408)),.UNSPECIFIED.,.F.,.F.,.F.,(4,1,1,1,1,1,4),(4,4),(0.,0.142857142857143,
0.285714285714286,0.428571428571429,0.571428571428571,0.857142857142857,
1.),(0.558763059828318,1.),.UNSPECIFIED.);
#27=B_SPLINE_SURFACE_WITH_KNOTS('',3,3,((#10419,#10420,#10421,#10422),(#10423,
#10424,#10425,#10426),(#10427,#10428,#10429,#10430),(#10431,#10432,#10433,
#10434),(#10435,#10436,#10437,#10438),(#10439,#10440,#10441,#10442),(#10443,
#10444,#10445,#10446),(#10447,#10448,#10449,#10450),(#10451,#10452,#10453,
#10454)),.UNSPECIFIED.,.F.,.F.,.F.,(4,1,1,1,1,1,4),(4,4),(0.,0.142857142857143,
0.285714285714286,0.428571428571429,0.571428571428571,0.857142857142857,
1.),(0.558763059828318,1.),.UNSPECIFIED.);
#28=B_SPLINE_SURFACE_WITH_KNOTS('',3,3,((#10463,#10464,#10465,#10466),(#10467,
#10468,#10469,#10470),(#10471,#10472,#10473,#10474),(#10475,#10476,#10477,
#10478),(#10479,#10480,#10481,#10482),(#10483,#10484,#10485,#10486),(#10487,
#10488,#10489,#10490),(#10491,#10492,#10493,#10494),(#10495,#10496,#10497,
#10498)),.UNSPECIFIED.,.F.,.F.,.F.,(4,1,1,1,1,1,4),(4,4),(0.,0.142857142857143,
0.285714285714286,0.428571428571429,0.571428571428571,0.857142857142857,
1.),(0.558763059828318,1.),.UNSPECIFIED.);
#29=B_SPLINE_SURFACE_WITH_KNOTS('',3,3,((#10501,#10502,#10503,#10504),(#10505,
#10506,#10507,#10508),(#10509,#10510,#10511,#10512),(#10513,#10514,#10515,
#10516),(#10517,#10518,#10519,#10520),(#10521,#10522,#10523,#10524),(#10525,
#10526,#10527,#10528)),.UNSPECIFIED.,.F.,.F.,.F.,(4,1,1,1,4),(4,4),(0.,
0.285714285714286,0.571428571428571,0.857142857142857,1.),(0.,0.358394484716257),
 .UNSPECIFIED.);
#30=B_SPLINE_SURFACE_WITH_KNOTS('',3,3,((#10544,#10545,#10546,#10547),(#10548,
#10549,#10550,#10551),(#10552,#10553,#10554,#10555),(#10556,#10557,#10558,
#10559),(#10560,#10561,#10562,#10563),(#10564,#10565,#10566,#10567),(#10568,
#10569,#10570,#10571)),.UNSPECIFIED.,.F.,.F.,.F.,(4,1,1,1,4),(4,4),(0.,
0.285714285714286,0.571428571428571,0.857142857142857,1.),(0.,0.358394484716209),
 .UNSPECIFIED.);
#31=B_SPLINE_SURFACE_WITH_KNOTS('',3,3,((#10761,#10762,#10763,#10764,#10765,
#10766,#10767,#10768,#10769),(#10770,#10771,#10772,#10773,#10774,#10775,
#10776,#10777,#10778),(#10779,#10780,#10781,#10782,#10783,#10784,#10785,
#10786,#10787),(#10788,#10789,#10790,#10791,#10792,#10793,#10794,#10795,
#10796),(#10797,#10798,#10799,#10800,#10801,#10802,#10803,#10804,#10805),
(#10806,#10807,#10808,#10809,#10810,#10811,#10812,#10813,#10814),(#10815,
#10816,#10817,#10818,#10819,#10820,#10821,#10822,#10823),(#10824,#10825,
#10826,#10827,#10828,#10829,#10830,#10831,#10832),(#10833,#10834,#10835,
#10836,#10837,#10838,#10839,#10840,#10841),(#10842,#10843,#10844,#10845,
#10846,#10847,#10848,#10849,#10850),(#10851,#10852,#10853,#10854,#10855,
#10856,#10857,#10858,#10859)),.UNSPECIFIED.,.F.,.F.,.F.,(4,1,1,1,1,1,1,
1,4),(4,1,1,1,1,1,4),(0.,0.125,0.25,0.375,0.5,0.625,0.75,0.875,1.),(0.,
0.0621274942447502,0.1242549884895,0.186382482734251,0.310637471223751,
0.372764965468501,0.434892459713252),.UNSPECIFIED.);
#32=B_SPLINE_SURFACE_WITH_KNOTS('',3,3,((#10872,#10873,#10874,#10875,#10876,
#10877,#10878,#10879,#10880),(#10881,#10882,#10883,#10884,#10885,#10886,
#10887,#10888,#10889),(#10890,#10891,#10892,#10893,#10894,#10895,#10896,
#10897,#10898),(#10899,#10900,#10901,#10902,#10903,#10904,#10905,#10906,
#10907),(#10908,#10909,#10910,#10911,#10912,#10913,#10914,#10915,#10916),
(#10917,#10918,#10919,#10920,#10921,#10922,#10923,#10924,#10925),(#10926,
#10927,#10928,#10929,#10930,#10931,#10932,#10933,#10934),(#10935,#10936,
#10937,#10938,#10939,#10940,#10941,#10942,#10943),(#10944,#10945,#10946,
#10947,#10948,#10949,#10950,#10951,#10952),(#10953,#10954,#10955,#10956,
#10957,#10958,#10959,#10960,#10961),(#10962,#10963,#10964,#10965,#10966,
#10967,#10968,#10969,#10970)),.UNSPECIFIED.,.F.,.F.,.F.,(4,1,1,1,1,1,1,
1,4),(4,1,1,1,1,1,4),(0.,0.125,0.25,0.375,0.5,0.625,0.75,0.875,1.),(0.,
0.0621274942447503,0.124254988489501,0.186382482734251,0.310637471223751,
0.372764965468502,0.434892459713252),.UNSPECIFIED.);
#33=B_SPLINE_SURFACE_WITH_KNOTS('',3,3,((#10977,#10978,#10979,#10980,#10981,
#10982,#10983,#10984,#10985,#10986),(#10987,#10988,#10989,#10990,#10991,
#10992,#10993,#10994,#10995,#10996),(#10997,#10998,#10999,#11000,#11001,
#11002,#11003,#11004,#11005,#11006),(#11007,#11008,#11009,#11010,#11011,
#11012,#11013,#11014,#11015,#11016),(#11017,#11018,#11019,#11020,#11021,
#11022,#11023,#11024,#11025,#11026),(#11027,#11028,#11029,#11030,#11031,
#11032,#11033,#11034,#11035,#11036),(#11037,#11038,#11039,#11040,#11041,
#11042,#11043,#11044,#11045,#11046),(#11047,#11048,#11049,#11050,#11051,
#11052,#11053,#11054,#11055,#11056),(#11057,#11058,#11059,#11060,#11061,
#11062,#11063,#11064,#11065,#11066),(#11067,#11068,#11069,#11070,#11071,
#11072,#11073,#11074,#11075,#11076),(#11077,#11078,#11079,#11080,#11081,
#11082,#11083,#11084,#11085,#11086)),.UNSPECIFIED.,.F.,.F.,.F.,(4,1,1,1,
1,1,1,1,4),(4,1,1,1,1,1,1,4),(0.,0.125,0.25,0.375,0.5,0.625,0.75,0.875,
1.),(0.,0.0621274942447502,0.1242549884895,0.186382482734251,0.248509976979001,
0.310637471223751,0.372764965468501,0.434892459713252),.UNSPECIFIED.);
#34=B_SPLINE_SURFACE_WITH_KNOTS('',3,3,((#11093,#11094,#11095,#11096,#11097,
#11098,#11099,#11100,#11101),(#11102,#11103,#11104,#11105,#11106,#11107,
#11108,#11109,#11110),(#11111,#11112,#11113,#11114,#11115,#11116,#11117,
#11118,#11119),(#11120,#11121,#11122,#11123,#11124,#11125,#11126,#11127,
#11128),(#11129,#11130,#11131,#11132,#11133,#11134,#11135,#11136,#11137),
(#11138,#11139,#11140,#11141,#11142,#11143,#11144,#11145,#11146),(#11147,
#11148,#11149,#11150,#11151,#11152,#11153,#11154,#11155),(#11156,#11157,
#11158,#11159,#11160,#11161,#11162,#11163,#11164),(#11165,#11166,#11167,
#11168,#11169,#11170,#11171,#11172,#11173),(#11174,#11175,#11176,#11177,
#11178,#11179,#11180,#11181,#11182),(#11183,#11184,#11185,#11186,#11187,
#11188,#11189,#11190,#11191)),.UNSPECIFIED.,.F.,.F.,.F.,(4,1,1,1,1,1,1,
1,4),(4,1,1,1,1,1,4),(0.,0.125,0.25,0.375,0.5,0.625,0.75,0.875,1.),(0.,
0.0621274942447502,0.1242549884895,0.186382482734251,0.310637471223751,
0.372764965468501,0.434892459713252),.UNSPECIFIED.);
#35=B_SPLINE_SURFACE_WITH_KNOTS('',3,3,((#11193,#11194,#11195,#11196,#11197,
#11198,#11199,#11200,#11201),(#11202,#11203,#11204,#11205,#11206,#11207,
#11208,#11209,#11210),(#11211,#11212,#11213,#11214,#11215,#11216,#11217,
#11218,#11219),(#11220,#11221,#11222,#11223,#11224,#11225,#11226,#11227,
#11228),(#11229,#11230,#11231,#11232,#11233,#11234,#11235,#11236,#11237),
(#11238,#11239,#11240,#11241,#11242,#11243,#11244,#11245,#11246),(#11247,
#11248,#11249,#11250,#11251,#11252,#11253,#11254,#11255),(#11256,#11257,
#11258,#11259,#11260,#11261,#11262,#11263,#11264),(#11265,#11266,#11267,
#11268,#11269,#11270,#11271,#11272,#11273),(#11274,#11275,#11276,#11277,
#11278,#11279,#11280,#11281,#11282),(#11283,#11284,#11285,#11286,#11287,
#11288,#11289,#11290,#11291)),.UNSPECIFIED.,.F.,.F.,.F.,(4,1,1,1,1,1,1,
1,4),(4,1,1,1,1,1,4),(0.,0.125,0.25,0.375,0.5,0.625,0.75,0.875,1.),(0.625183977186006,
0.678729123302291,0.785819415534861,0.839364561651145,0.89290970776743,
0.946454853883715,1.),.UNSPECIFIED.);
#36=B_SPLINE_SURFACE_WITH_KNOTS('',3,3,((#11304,#11305,#11306,#11307,#11308,
#11309,#11310,#11311,#11312),(#11313,#11314,#11315,#11316,#11317,#11318,
#11319,#11320,#11321),(#11322,#11323,#11324,#11325,#11326,#11327,#11328,
#11329,#11330),(#11331,#11332,#11333,#11334,#11335,#11336,#11337,#11338,
#11339),(#11340,#11341,#11342,#11343,#11344,#11345,#11346,#11347,#11348),
(#11349,#11350,#11351,#11352,#11353,#11354,#11355,#11356,#11357),(#11358,
#11359,#11360,#11361,#11362,#11363,#11364,#11365,#11366),(#11367,#11368,
#11369,#11370,#11371,#11372,#11373,#11374,#11375),(#11376,#11377,#11378,
#11379,#11380,#11381,#11382,#11383,#11384),(#11385,#11386,#11387,#11388,
#11389,#11390,#11391,#11392,#11393),(#11394,#11395,#11396,#11397,#11398,
#11399,#11400,#11401,#11402)),.UNSPECIFIED.,.F.,.F.,.F.,(4,1,1,1,1,1,1,
1,4),(4,1,1,1,1,1,4),(0.,0.125,0.25,0.375,0.5,0.625,0.75,0.875,1.),(0.625183977186006,
0.678729123302291,0.785819415534861,0.839364561651145,0.89290970776743,
0.946454853883715,1.),.UNSPECIFIED.);
#37=B_SPLINE_SURFACE_WITH_KNOTS('',3,3,((#11734,#11735,#11736,#11737,#11738,
#11739,#11740,#11741,#11742,#11743),(#11744,#11745,#11746,#11747,#11748,
#11749,#11750,#11751,#11752,#11753),(#11754,#11755,#11756,#11757,#11758,
#11759,#11760,#11761,#11762,#11763),(#11764,#11765,#11766,#11767,#11768,
#11769,#11770,#11771,#11772,#11773),(#11774,#11775,#11776,#11777,#11778,
#11779,#11780,#11781,#11782,#11783)),.UNSPECIFIED.,.F.,.F.,.F.,(4,1,4),
(4,1,1,1,1,1,1,4),(0.,0.5,1.),(-1.68671770534293,-1.20479878295072,-0.722879860558504,
-0.240960938166292,0.24095798422592,0.722876906618133,1.20479582901035,
1.68671475140256),.UNSPECIFIED.);
#38=B_SPLINE_SURFACE_WITH_KNOTS('',3,3,((#11831,#11832,#11833,#11834,#11835,
#11836,#11837,#11838,#11839,#11840),(#11841,#11842,#11843,#11844,#11845,
#11846,#11847,#11848,#11849,#11850),(#11851,#11852,#11853,#11854,#11855,
#11856,#11857,#11858,#11859,#11860),(#11861,#11862,#11863,#11864,#11865,
#11866,#11867,#11868,#11869,#11870),(#11871,#11872,#11873,#11874,#11875,
#11876,#11877,#11878,#11879,#11880)),.UNSPECIFIED.,.F.,.F.,.F.,(4,1,4),
(4,1,1,1,1,1,1,4),(0.,0.5,1.),(-1.68671770534293,-1.20479878295072,-0.722879860558507,
-0.240960938166295,0.240957984225917,0.963836367814235,1.20479582901034,
1.68671475140255),.UNSPECIFIED.);
#39=B_SPLINE_SURFACE_WITH_KNOTS('',3,3,((#11954,#11955,#11956,#11957,#11958,
#11959,#11960,#11961,#11962,#11963),(#11964,#11965,#11966,#11967,#11968,
#11969,#11970,#11971,#11972,#11973),(#11974,#11975,#11976,#11977,#11978,
#11979,#11980,#11981,#11982,#11983),(#11984,#11985,#11986,#11987,#11988,
#11989,#11990,#11991,#11992,#11993),(#11994,#11995,#11996,#11997,#11998,
#11999,#12000,#12001,#12002,#12003)),.UNSPECIFIED.,.F.,.F.,.F.,(4,1,4),
(4,1,1,1,1,1,1,4),(0.,0.5,1.),(-1.68671770534292,-1.20479878295071,-0.722879860558501,
-0.24096093816629,0.24095798422592,0.72287690661813,1.20479582901034,1.68671475140255),
 .UNSPECIFIED.);
#40=B_SPLINE_SURFACE_WITH_KNOTS('',3,3,((#12038,#12039,#12040,#12041,#12042,
#12043,#12044,#12045,#12046,#12047),(#12048,#12049,#12050,#12051,#12052,
#12053,#12054,#12055,#12056,#12057),(#12058,#12059,#12060,#12061,#12062,
#12063,#12064,#12065,#12066,#12067),(#12068,#12069,#12070,#12071,#12072,
#12073,#12074,#12075,#12076,#12077),(#12078,#12079,#12080,#12081,#12082,
#12083,#12084,#12085,#12086,#12087)),.UNSPECIFIED.,.F.,.F.,.F.,(4,1,4),
(4,1,1,1,1,1,1,4),(0.,0.5,1.),(-1.68671770534292,-1.20479878295071,-0.963839321754604,
-0.240960938166289,0.24095798422592,0.72287690661813,1.20479582901034,1.68671475140255),
 .UNSPECIFIED.);
#41=B_SPLINE_SURFACE_WITH_KNOTS('',3,3,((#12097,#12098,#12099,#12100,#12101,
#12102,#12103,#12104,#12105),(#12106,#12107,#12108,#12109,#12110,#12111,
#12112,#12113,#12114),(#12115,#12116,#12117,#12118,#12119,#12120,#12121,
#12122,#12123),(#12124,#12125,#12126,#12127,#12128,#12129,#12130,#12131,
#12132),(#12133,#12134,#12135,#12136,#12137,#12138,#12139,#12140,#12141),
(#12142,#12143,#12144,#12145,#12146,#12147,#12148,#12149,#12150),(#12151,
#12152,#12153,#12154,#12155,#12156,#12157,#12158,#12159),(#12160,#12161,
#12162,#12163,#12164,#12165,#12166,#12167,#12168),(#12169,#12170,#12171,
#12172,#12173,#12174,#12175,#12176,#12177),(#12178,#12179,#12180,#12181,
#12182,#12183,#12184,#12185,#12186),(#12187,#12188,#12189,#12190,#12191,
#12192,#12193,#12194,#12195)),.UNSPECIFIED.,.F.,.F.,.F.,(4,1,1,1,1,1,1,
1,4),(4,1,1,1,1,1,4),(0.,0.125,0.25,0.375,0.5,0.625,0.75,0.875,1.),(0.62518397718601,
0.678729123302294,0.785819415534863,0.839364561651147,0.892909707767431,
0.946454853883716,1.),.UNSPECIFIED.);
#42=B_SPLINE_SURFACE_WITH_KNOTS('',3,3,((#12216,#12217,#12218,#12219,#12220,
#12221,#12222,#12223,#12224,#12225),(#12226,#12227,#12228,#12229,#12230,
#12231,#12232,#12233,#12234,#12235),(#12236,#12237,#12238,#12239,#12240,
#12241,#12242,#12243,#12244,#12245),(#12246,#12247,#12248,#12249,#12250,
#12251,#12252,#12253,#12254,#12255),(#12256,#12257,#12258,#12259,#12260,
#12261,#12262,#12263,#12264,#12265),(#12266,#12267,#12268,#12269,#12270,
#12271,#12272,#12273,#12274,#12275),(#12276,#12277,#12278,#12279,#12280,
#12281,#12282,#12283,#12284,#12285),(#12286,#12287,#12288,#12289,#12290,
#12291,#12292,#12293,#12294,#12295),(#12296,#12297,#12298,#12299,#12300,
#12301,#12302,#12303,#12304,#12305),(#12306,#12307,#12308,#12309,#12310,
#12311,#12312,#12313,#12314,#12315),(#12316,#12317,#12318,#12319,#12320,
#12321,#12322,#12323,#12324,#12325)),.UNSPECIFIED.,.F.,.F.,.F.,(4,1,1,1,
1,1,1,1,4),(4,1,1,1,1,1,1,4),(0.,0.125,0.25,0.375,0.5,0.625,0.75,0.875,
1.),(0.626873345676438,0.680177153436947,0.733480961197456,0.786784768957965,
0.840088576718474,0.893392384478982,0.946696192239491,1.),.UNSPECIFIED.);
#43=ELLIPSE('',#6375,0.707106781186541,0.5);
#44=ELLIPSE('',#6400,0.577350269189626,0.5);
#45=ELLIPSE('',#6404,0.577350269189624,0.5);
#46=ELLIPSE('',#6406,0.707106781186541,0.5);
#47=ELLIPSE('',#6419,0.707106781186548,0.5);
#48=ELLIPSE('',#6446,0.577350269189622,0.5);
#49=ELLIPSE('',#6450,0.577350269189626,0.5);
#50=ELLIPSE('',#6452,0.707106781186554,0.5);
#51=ELLIPSE('',#6458,0.70710678118655,0.5);
#52=ELLIPSE('',#6459,0.70710678118655,0.5);
#53=ELLIPSE('',#6465,0.70710678118655,0.5);
#54=ELLIPSE('',#6466,0.707106781186549,0.5);
#55=ELLIPSE('',#6473,0.707106781186549,0.5);
#56=ELLIPSE('',#6474,0.70710678118655,0.5);
#57=ELLIPSE('',#6480,0.707106781186549,0.5);
#58=ELLIPSE('',#6481,0.707106781186549,0.5);
#59=ELLIPSE('',#6496,0.707106781186513,0.5);
#60=ELLIPSE('',#6507,0.707106781186526,0.5);
#61=ELLIPSE('',#6523,0.707106781186544,0.5);
#62=ELLIPSE('',#6527,0.707106781186554,0.5);
#63=ELLIPSE('',#6709,2.37592087410334,1.68002976164114);
#64=ELLIPSE('',#6711,2.37592087410334,1.68002976164114);
#65=ELLIPSE('',#6717,0.707106781186548,0.5);
#66=ELLIPSE('',#6718,0.707106781186548,0.5);
#67=ELLIPSE('',#6720,0.707106781186548,0.5);
#68=ELLIPSE('',#6721,0.707106781186548,0.5);
#69=ELLIPSE('',#6724,1.50034161696283,0.781024967590662);
#70=ELLIPSE('',#6727,1.81164288290527,1.28102496759066);
#71=ELLIPSE('',#6729,1.50034161696283,0.781024967590662);
#72=ELLIPSE('',#6732,0.707106781186548,0.5);
#73=ELLIPSE('',#6733,1.81164288290527,1.28102496759066);
#74=ELLIPSE('',#6741,1.50034161696283,0.781024967590667);
#75=ELLIPSE('',#6744,1.81164288290527,1.28102496759067);
#76=ELLIPSE('',#6746,1.50034161696283,0.781024967590662);
#77=ELLIPSE('',#6749,0.707106781186549,0.5);
#78=ELLIPSE('',#6750,1.81164288290527,1.28102496759067);
#79=ELLIPSE('',#6753,0.70710678118655,0.5);
#80=ELLIPSE('',#6754,0.70710678118655,0.5);
#81=SPHERICAL_SURFACE('',#6361,0.5);
#82=SPHERICAL_SURFACE('',#6367,0.5);
#83=SPHERICAL_SURFACE('',#6376,0.499999999999998);
#84=SPHERICAL_SURFACE('',#6380,0.500000000000007);
#85=SPHERICAL_SURFACE('',#6385,0.5);
#86=SPHERICAL_SURFACE('',#6396,0.5);
#87=SPHERICAL_SURFACE('',#6408,0.5);
#88=SPHERICAL_SURFACE('',#6414,0.5);
#89=SPHERICAL_SURFACE('',#6422,0.499999999999998);
#90=SPHERICAL_SURFACE('',#6426,0.499999999999999);
#91=SPHERICAL_SURFACE('',#6430,0.5);
#92=SPHERICAL_SURFACE('',#6442,0.5);
#93=SPHERICAL_SURFACE('',#6453,0.500000000000003);
#94=SPHERICAL_SURFACE('',#6460,0.499999999999998);
#95=SPHERICAL_SURFACE('',#6468,0.499999999999998);
#96=SPHERICAL_SURFACE('',#6475,0.499999999999998);
#97=SPHERICAL_SURFACE('',#6759,0.5);
#98=SPHERICAL_SURFACE('',#6767,0.5);
#99=TOROIDAL_SURFACE('',#6351,1.,0.5);
#100=TOROIDAL_SURFACE('',#6357,1.,0.5);
#101=TOROIDAL_SURFACE('',#6500,33.75,0.5);
#102=TOROIDAL_SURFACE('',#6502,33.75,0.5);
#103=TOROIDAL_SURFACE('',#6511,33.75,0.5);
#104=TOROIDAL_SURFACE('',#6516,33.75,0.5);
#105=TOROIDAL_SURFACE('',#6628,31.45,1.6);
#106=TOROIDAL_SURFACE('',#6726,1.28102496759066,0.5);
#107=TOROIDAL_SURFACE('',#6734,1.28102496759066,0.5);
#108=TOROIDAL_SURFACE('',#6735,2.18002976164114,0.5);
#109=TOROIDAL_SURFACE('',#6739,2.18002976164114,0.5);
#110=TOROIDAL_SURFACE('',#6743,1.28102496759067,0.5);
#111=TOROIDAL_SURFACE('',#6751,1.28102496759067,0.5);
#112=FACE_BOUND('',#795,.T.);
#113=FACE_BOUND('',#803,.T.);
#114=FACE_BOUND('',#811,.T.);
#115=FACE_BOUND('',#819,.T.);
#116=FACE_BOUND('',#827,.T.);
#117=FACE_BOUND('',#835,.T.);
#118=FACE_BOUND('',#841,.T.);
#119=FACE_BOUND('',#843,.T.);
#120=FACE_BOUND('',#845,.T.);
#121=FACE_BOUND('',#847,.T.);
#122=FACE_BOUND('',#861,.T.);
#123=FACE_BOUND('',#863,.T.);
#124=FACE_BOUND('',#865,.T.);
#125=FACE_BOUND('',#867,.T.);
#126=FACE_BOUND('',#942,.T.);
#127=FACE_BOUND('',#943,.T.);
#128=FACE_BOUND('',#944,.T.);
#129=FACE_BOUND('',#945,.T.);
#130=FACE_BOUND('',#946,.T.);
#131=FACE_BOUND('',#991,.T.);
#132=FACE_BOUND('',#993,.T.);
#133=FACE_BOUND('',#1008,.T.);
#134=FACE_BOUND('',#1015,.T.);
#135=FACE_BOUND('',#1020,.T.);
#136=FACE_BOUND('',#1024,.T.);
#137=FACE_BOUND('',#1025,.T.);
#138=FACE_BOUND('',#1026,.T.);
#139=FACE_BOUND('',#1027,.T.);
#140=FACE_BOUND('',#1028,.T.);
#141=FACE_BOUND('',#1035,.T.);
#142=FACE_BOUND('',#1051,.T.);
#143=FACE_BOUND('',#1053,.T.);
#144=FACE_BOUND('',#1055,.T.);
#145=FACE_BOUND('',#1057,.T.);
#146=FACE_BOUND('',#1067,.T.);
#147=FACE_BOUND('',#1069,.T.);
#148=FACE_BOUND('',#1071,.T.);
#149=FACE_BOUND('',#1072,.T.);
#150=FACE_BOUND('',#1073,.T.);
#151=FACE_BOUND('',#1074,.T.);
#152=FACE_BOUND('',#1076,.T.);
#153=FACE_BOUND('',#1092,.T.);
#154=FACE_BOUND('',#1100,.T.);
#155=FACE_BOUND('',#1108,.T.);
#156=FACE_BOUND('',#1116,.T.);
#157=FACE_BOUND('',#1125,.T.);
#158=FACE_BOUND('',#1127,.T.);
#159=FACE_BOUND('',#1129,.T.);
#160=FACE_BOUND('',#1131,.T.);
#161=FACE_BOUND('',#1135,.T.);
#162=B_SPLINE_CURVE_WITH_KNOTS('',3,(#8614,#8615,#8616,#8617,#8618,#8619,
#8620,#8621,#8622,#8623,#8624,#8625,#8626,#8627),.UNSPECIFIED.,.F.,.F.,
(4,2,2,2,2,2,4),(-0.0430312305364518,-0.0407885549826041,-0.0387393440976715,
-0.0360472492129712,-0.0312803436548706,-0.016159536496866,0.),
 .UNSPECIFIED.);
#163=B_SPLINE_CURVE_WITH_KNOTS('',3,(#8629,#8630,#8631,#8632,#8633,#8634,
#8635,#8636,#8637,#8638,#8639,#8640,#8641,#8642),.UNSPECIFIED.,.F.,.F.,
(4,2,2,2,2,2,4),(-0.209398108702757,-0.192591123217324,-0.174166817439796,
-0.168182484091466,-0.165013298387739,-0.162649150721752,-0.159905132117097),
 .UNSPECIFIED.);
#164=B_SPLINE_CURVE_WITH_KNOTS('',3,(#8657,#8658,#8659,#8660,#8661,#8662,
#8663,#8664,#8665,#8666,#8667,#8668,#8669,#8670),.UNSPECIFIED.,.F.,.F.,
(4,2,2,2,2,2,4),(-0.0430312305359013,-0.0407885549821715,-0.0387393440974298,
-0.0360472492129227,-0.03128034365485,-0.016159536496836,0.),
 .UNSPECIFIED.);
#165=B_SPLINE_CURVE_WITH_KNOTS('',3,(#8672,#8673,#8674,#8675,#8676,#8677,
#8678,#8679,#8680,#8681,#8682,#8683,#8684,#8685),.UNSPECIFIED.,.F.,.F.,
(4,2,2,2,2,2,4),(-0.209398108697572,-0.19259112321384,-0.174166817438144,
-0.168182484090384,-0.165013298386911,-0.162649150721082,-0.159905132116556),
 .UNSPECIFIED.);
#166=B_SPLINE_CURVE_WITH_KNOTS('',3,(#9119,#9120,#9121,#9122,#9123,#9124,
#9125,#9126,#9127,#9128,#9129,#9130),.UNSPECIFIED.,.F.,.F.,(4,2,2,2,2,4),
(-9.0185590015398,-6.56414452350259,-5.02085586700042,-4.15566085434104,
-1.36133550011252,-0.0501755407679622),.UNSPECIFIED.);
#167=B_SPLINE_CURVE_WITH_KNOTS('',3,(#9134,#9135,#9136,#9137,#9138,#9139),
 .UNSPECIFIED.,.F.,.F.,(4,2,4),(0.,0.0587814095664533,0.0970130228477886),
 .UNSPECIFIED.);
#168=B_SPLINE_CURVE_WITH_KNOTS('',3,(#9146,#9147,#9148,#9149,#9150,#9151,
#9152),.UNSPECIFIED.,.F.,.F.,(4,3,4),(0.077538583295606,0.0850411880755152,
0.0866111058906004),.UNSPECIFIED.);
#169=B_SPLINE_CURVE_WITH_KNOTS('',3,(#9156,#9157,#9158,#9159,#9160,#9161,
#9162),.UNSPECIFIED.,.F.,.F.,(4,3,4),(0.,0.00722441438715063,0.0090245357112553),
 .UNSPECIFIED.);
#170=B_SPLINE_CURVE_WITH_KNOTS('',3,(#9166,#9167,#9168,#9169,#9170,#9171,
#9172),.UNSPECIFIED.,.F.,.F.,(4,3,4),(0.0775385832955896,0.0850360951671682,
0.0866111058905847),.UNSPECIFIED.);
#171=B_SPLINE_CURVE_WITH_KNOTS('',3,(#9176,#9177,#9178,#9179,#9180,#9181,
#9182),.UNSPECIFIED.,.F.,.F.,(4,3,4),(0.,0.00722479473718177,0.00902453571125439),
 .UNSPECIFIED.);
#172=B_SPLINE_CURVE_WITH_KNOTS('',3,(#9198,#9199,#9200,#9201,#9202,#9203,
#9204),.UNSPECIFIED.,.F.,.F.,(4,3,4),(0.0775385832956321,0.0850412233723702,
0.0866111058905967),.UNSPECIFIED.);
#173=B_SPLINE_CURVE_WITH_KNOTS('',3,(#9208,#9209,#9210,#9211,#9212,#9213,
#9214),.UNSPECIFIED.,.F.,.F.,(4,3,4),(0.,0.00722444211604141,0.00902453571125445),
 .UNSPECIFIED.);
#174=B_SPLINE_CURVE_WITH_KNOTS('',3,(#9218,#9219,#9220,#9221,#9222,#9223,
#9224),.UNSPECIFIED.,.F.,.F.,(4,3,4),(0.0775385832956078,0.0850414677772867,
0.0866111058905712),.UNSPECIFIED.);
#175=B_SPLINE_CURVE_WITH_KNOTS('',3,(#9228,#9229,#9230,#9231,#9232,#9233,
#9234),.UNSPECIFIED.,.F.,.F.,(4,3,4),(0.,0.00722062305647243,0.00902453571125797),
 .UNSPECIFIED.);
#176=B_SPLINE_CURVE_WITH_KNOTS('',3,(#9252,#9253,#9254,#9255,#9256,#9257,
#9258,#9259,#9260,#9261),.UNSPECIFIED.,.F.,.F.,(4,2,2,2,4),(-9.19831226200063,
-6.54709165044401,-4.8727708030027,-3.31513485598445,0.),.UNSPECIFIED.);
#177=B_SPLINE_CURVE_WITH_KNOTS('',3,(#9278,#9279,#9280,#9281,#9282,#9283),
 .UNSPECIFIED.,.F.,.F.,(4,2,4),(0.252766120019254,0.290997733300589,0.349779142867043),
 .UNSPECIFIED.);
#178=B_SPLINE_CURVE_WITH_KNOTS('',3,(#9288,#9289,#9290,#9291,#9292,#9293,
#9294,#9295,#9296,#9297,#9298,#9299),.UNSPECIFIED.,.F.,.F.,(4,2,2,2,2,4),
(-9.01855900153388,-6.5641445234993,-5.02085586699863,-4.1556608543399,
-1.3613355001122,0.),.UNSPECIFIED.);
#179=B_SPLINE_CURVE_WITH_KNOTS('',3,(#9710,#9711,#9712,#9713,#9714,#9715,
#9716,#9717,#9718,#9719,#9720,#9721,#9722,#9723,#9724,#9725,#9726,#9727,
#9728,#9729,#9730,#9731,#9732,#9733,#9734,#9735,#9736,#9737,#9738,#9739,
#9740,#9741,#9742,#9743),.UNSPECIFIED.,.F.,.F.,(4,3,3,3,3,3,3,3,3,3,3,4),
(0.0209853915612963,0.0295492897054902,0.0354430249711185,0.0441613233597408,
0.0459782806612338,0.0546990767647308,0.0607889665412346,0.0688035417816112,
0.076707252284278,0.0845214415185321,0.0923356307527862,0.092765307376494),
 .UNSPECIFIED.);
#180=B_SPLINE_CURVE_WITH_KNOTS('',3,(#9745,#9746,#9747,#9748),
 .UNSPECIFIED.,.F.,.F.,(4,4),(0.,0.021404743137735),.UNSPECIFIED.);
#181=B_SPLINE_CURVE_WITH_KNOTS('',3,(#9750,#9751,#9752,#9753),
 .UNSPECIFIED.,.F.,.F.,(4,4),(0.145547527203977,0.211357909306829),
 .UNSPECIFIED.);
#182=B_SPLINE_CURVE_WITH_KNOTS('',3,(#9755,#9756,#9757,#9758,#9759),
 .UNSPECIFIED.,.F.,.F.,(4,1,4),(-0.211357909306829,-0.120850040829402,-0.0529691394713313),
 .UNSPECIFIED.);
#183=B_SPLINE_CURVE_WITH_KNOTS('',3,(#9796,#9797,#9798,#9799,#9800,#9801,
#9802,#9803,#9804,#9805),.UNSPECIFIED.,.F.,.F.,(4,2,2,2,4),(-0.000272295043490078,
0.,0.0188286242462781,0.0385296858228146,0.0561596691839958),
 .UNSPECIFIED.);
#184=B_SPLINE_CURVE_WITH_KNOTS('',3,(#9806,#9807,#9808,#9809,#9810,#9811),
 .UNSPECIFIED.,.F.,.F.,(4,1,1,4),(0.0551301154611298,0.107581092469268,
0.160032069477405,0.238708534989612),.UNSPECIFIED.);
#185=B_SPLINE_CURVE_WITH_KNOTS('',3,(#9813,#9814,#9815,#9816,#9817),
 .UNSPECIFIED.,.F.,.F.,(4,1,4),(-0.238708534989612,-0.160032069477405,-0.109223477391215),
 .UNSPECIFIED.);
#186=B_SPLINE_CURVE_WITH_KNOTS('',3,(#9818,#9819,#9820,#9821),
 .UNSPECIFIED.,.F.,.F.,(4,4),(0.129917681151235,0.134775568669437),
 .UNSPECIFIED.);
#187=B_SPLINE_CURVE_WITH_KNOTS('',3,(#9824,#9825,#9826,#9827),
 .UNSPECIFIED.,.F.,.F.,(4,4),(0.151325807161385,0.211373491753458),
 .UNSPECIFIED.);
#188=B_SPLINE_CURVE_WITH_KNOTS('',3,(#9829,#9830,#9831,#9832,#9833,#9834),
 .UNSPECIFIED.,.F.,.F.,(4,2,4),(-0.274982378044925,-0.26389814571633,-0.2216808344853),
 .UNSPECIFIED.);
#189=B_SPLINE_CURVE_WITH_KNOTS('',3,(#9836,#9837,#9838,#9839,#9840,#9841,
#9842,#9843),.UNSPECIFIED.,.F.,.F.,(4,2,2,4),(0.274982378044928,0.289372687371984,
0.296381089615081,0.301998152342422),.UNSPECIFIED.);
#190=B_SPLINE_CURVE_WITH_KNOTS('',3,(#9848,#9849,#9850,#9851,#9852,#9853),
 .UNSPECIFIED.,.F.,.F.,(4,1,1,4),(-0.238052522102655,-0.133078676248428,
-0.0937134840530931,-0.054348291857758),.UNSPECIFIED.);
#191=B_SPLINE_CURVE_WITH_KNOTS('',3,(#9886,#9887,#9888,#9889),
 .UNSPECIFIED.,.F.,.F.,(4,4),(0.,0.00429245025221828),.UNSPECIFIED.);
#192=B_SPLINE_CURVE_WITH_KNOTS('',3,(#9891,#9892,#9893,#9894,#9895),
 .UNSPECIFIED.,.F.,.F.,(4,1,4),(0.108479392047709,0.133078676248428,0.238052522102655),
 .UNSPECIFIED.);
#193=B_SPLINE_CURVE_WITH_KNOTS('',3,(#9897,#9898,#9899,#9900,#9901,#9902,
#9903,#9904,#9905,#9906),.UNSPECIFIED.,.F.,.F.,(4,2,2,2,4),(0.00506006815211691,
0.0117725754802473,0.0326959188687708,0.0549005938890709,0.0550759365870849),
 .UNSPECIFIED.);
#194=B_SPLINE_CURVE_WITH_KNOTS('',3,(#9936,#9937,#9938,#9939),
 .UNSPECIFIED.,.F.,.F.,(4,4),(-0.211373491749748,-0.153112942826968),
 .UNSPECIFIED.);
#195=B_SPLINE_CURVE_WITH_KNOTS('',3,(#9941,#9942,#9943,#9944,#9945,#9946,
#9947,#9948,#9949,#9950,#9951,#9952),.UNSPECIFIED.,.F.,.F.,(4,2,2,2,2,4),
(0.,0.0295343221384122,0.0584207312212473,0.0856969204820218,0.119809447848419,
0.159918628091371),.UNSPECIFIED.);
#196=B_SPLINE_CURVE_WITH_KNOTS('',3,(#9953,#9954,#9955,#9956),
 .UNSPECIFIED.,.F.,.F.,(4,4),(0.151325807158215,0.211373491749748),
 .UNSPECIFIED.);
#197=B_SPLINE_CURVE_WITH_KNOTS('',3,(#9963,#9964,#9965,#9966,#9967,#9968),
 .UNSPECIFIED.,.F.,.F.,(4,2,4),(-0.274982378044928,-0.263898145716326,-0.221680834485301),
 .UNSPECIFIED.);
#198=B_SPLINE_CURVE_WITH_KNOTS('',3,(#9970,#9971,#9972,#9973,#9974,#9975,
#9976,#9977),.UNSPECIFIED.,.F.,.F.,(4,2,2,4),(0.274982378044929,0.289372687371981,
0.296381089615075,0.301998152342418),.UNSPECIFIED.);
#199=B_SPLINE_CURVE_WITH_KNOTS('',3,(#9981,#9982,#9983,#9984,#9985,#9986,
#9987,#9988),.UNSPECIFIED.,.F.,.F.,(4,2,2,4),(0.301276671314178,0.306893734041522,
0.313902136284615,0.328292445611675),.UNSPECIFIED.);
#200=B_SPLINE_CURVE_WITH_KNOTS('',3,(#9990,#9991,#9992,#9993,#9994,#9995),
 .UNSPECIFIED.,.F.,.F.,(4,2,4),(0.328292445611677,0.33937667794027,0.381593989171302),
 .UNSPECIFIED.);
#201=B_SPLINE_CURVE_WITH_KNOTS('',3,(#9996,#9997,#9998,#9999),
 .UNSPECIFIED.,.F.,.F.,(4,4),(-0.211373491754228,-0.151338776121333),
 .UNSPECIFIED.);
#202=B_SPLINE_CURVE_WITH_KNOTS('',3,(#10032,#10033,#10034,#10035),
 .UNSPECIFIED.,.F.,.F.,(4,4),(0.,0.00429245025216088),.UNSPECIFIED.);
#203=B_SPLINE_CURVE_WITH_KNOTS('',3,(#10036,#10037,#10038,#10039,#10040),
 .UNSPECIFIED.,.F.,.F.,(4,1,4),(0.109270846917254,0.133870121711413,0.238843967566095),
 .UNSPECIFIED.);
#204=B_SPLINE_CURVE_WITH_KNOTS('',3,(#10042,#10043,#10044,#10045,#10046,
#10047),.UNSPECIFIED.,.F.,.F.,(4,1,1,4),(-0.238843967566095,-0.133870121711413,
-0.0945049295159077,-0.0551397373204019),.UNSPECIFIED.);
#205=B_SPLINE_CURVE_WITH_KNOTS('',3,(#10048,#10049,#10050,#10051,#10052,
#10053,#10054,#10055,#10056,#10057),.UNSPECIFIED.,.F.,.F.,(4,2,2,2,4),(0.00506006815659455,
0.0117726039693267,0.0326959434232115,0.0549005285471494,0.0550758705196659),
 .UNSPECIFIED.);
#206=B_SPLINE_CURVE_WITH_KNOTS('',3,(#10081,#10082,#10083,#10084),
 .UNSPECIFIED.,.F.,.F.,(4,4),(-0.211373491753458,-0.153112942829475),
 .UNSPECIFIED.);
#207=B_SPLINE_CURVE_WITH_KNOTS('',3,(#10085,#10086,#10087,#10088,#10089,
#10090,#10091,#10092,#10093,#10094,#10095,#10096),.UNSPECIFIED.,.F.,.F.,
(4,2,2,2,2,4),(0.,0.0295343221363797,0.0584207312142067,0.0856969204701986,
0.119809447830534,0.159918628066592),.UNSPECIFIED.);
#208=B_SPLINE_CURVE_WITH_KNOTS('',3,(#10105,#10106,#10107,#10108,#10109,
#10110),.UNSPECIFIED.,.F.,.F.,(4,1,1,4),(0.0543482918582027,0.0937134840534401,
0.133078676248678,0.238052522102644),.UNSPECIFIED.);
#209=B_SPLINE_CURVE_WITH_KNOTS('',3,(#10137,#10138,#10139,#10140,#10141,
#10142,#10143,#10144,#10145,#10146,#10147,#10148),.UNSPECIFIED.,.F.,.F.,
(4,2,2,2,2,4),(0.,0.023057712414831,0.0411243527257535,0.0555281734088715,
0.0699239609259152,0.082871537467446),.UNSPECIFIED.);
#210=B_SPLINE_CURVE_WITH_KNOTS('',3,(#10149,#10150,#10151,#10152),
 .UNSPECIFIED.,.F.,.F.,(4,4),(0.153098897071018,0.211373491754228),
 .UNSPECIFIED.);
#211=B_SPLINE_CURVE_WITH_KNOTS('',3,(#10190,#10191,#10192,#10193,#10194,
#10195,#10196,#10197,#10198,#10199),.UNSPECIFIED.,.F.,.F.,(4,2,2,2,4),(-0.000271869081297359,
0.,0.0187972615160975,0.0384691653278622,0.0561474389915755),
 .UNSPECIFIED.);
#212=B_SPLINE_CURVE_WITH_KNOTS('',3,(#10203,#10204,#10205,#10206,#10207),
 .UNSPECIFIED.,.F.,.F.,(4,1,4),(-0.238052522102644,-0.133078676248678,-0.108479401618287),
 .UNSPECIFIED.);
#213=B_SPLINE_CURVE_WITH_KNOTS('',3,(#10208,#10209,#10210,#10211),
 .UNSPECIFIED.,.F.,.F.,(4,4),(0.130127182755359,0.134914537374699),
 .UNSPECIFIED.);
#214=B_SPLINE_CURVE_WITH_KNOTS('',3,(#10277,#10278,#10279,#10280,#10281,
#10282,#10283,#10284,#10285,#10286),.UNSPECIFIED.,.F.,.F.,(4,2,2,2,4),(-9.19831226200305,
-6.54709165044507,-4.87277080300315,-3.31513485598457,0.),.UNSPECIFIED.);
#215=B_SPLINE_CURVE_WITH_KNOTS('',3,(#10287,#10288,#10289,#10290),
 .UNSPECIFIED.,.F.,.F.,(4,4),(0.,0.358394484716257),.UNSPECIFIED.);
#216=B_SPLINE_CURVE_WITH_KNOTS('',3,(#10291,#10292,#10293,#10294),
 .UNSPECIFIED.,.F.,.F.,(4,4),(0.,0.358394484716256),.UNSPECIFIED.);
#217=B_SPLINE_CURVE_WITH_KNOTS('',3,(#10323,#10324,#10325,#10326),
 .UNSPECIFIED.,.F.,.F.,(4,4),(0.,0.358394484716208),.UNSPECIFIED.);
#218=B_SPLINE_CURVE_WITH_KNOTS('',3,(#10363,#10364,#10365,#10366),
 .UNSPECIFIED.,.F.,.F.,(4,4),(0.558763059828318,1.),.UNSPECIFIED.);
#219=B_SPLINE_CURVE_WITH_KNOTS('',3,(#10369,#10370,#10371,#10372),
 .UNSPECIFIED.,.F.,.F.,(4,4),(0.558763059828318,1.),.UNSPECIFIED.);
#220=B_SPLINE_CURVE_WITH_KNOTS('',3,(#10412,#10413,#10414,#10415),
 .UNSPECIFIED.,.F.,.F.,(4,4),(0.558763059828318,1.),.UNSPECIFIED.);
#221=B_SPLINE_CURVE_WITH_KNOTS('',3,(#10459,#10460,#10461,#10462),
 .UNSPECIFIED.,.F.,.F.,(4,4),(0.558763059828318,1.),.UNSPECIFIED.);
#222=B_SPLINE_CURVE_WITH_KNOTS('',3,(#10530,#10531,#10532,#10533,#10534,
#10535,#10536,#10537,#10538,#10539),.UNSPECIFIED.,.F.,.F.,(4,2,2,2,4),(-9.19831226200037,
-6.5470916504449,-4.87277080300321,-3.31513485598474,0.),.UNSPECIFIED.);
#223=B_SPLINE_CURVE_WITH_KNOTS('',3,(#10540,#10541,#10542,#10543),
 .UNSPECIFIED.,.F.,.F.,(4,4),(0.,0.358394484716209),.UNSPECIFIED.);
#224=B_SPLINE_CURVE_WITH_KNOTS('',3,(#10572,#10573,#10574,#10575,#10576,
#10577,#10578,#10579,#10580,#10581),.UNSPECIFIED.,.F.,.F.,(4,2,2,2,4),(-9.19831226200107,
-6.54709165044483,-4.872770803003,-3.31513485598463,0.),.UNSPECIFIED.);
#225=B_SPLINE_CURVE_WITH_KNOTS('',5,(#10860,#10861,#10862,#10863,#10864,
#10865),.UNSPECIFIED.,.F.,.F.,(6,6),(0.,0.434892459713252),
 .UNSPECIFIED.);
#226=B_SPLINE_CURVE_WITH_KNOTS('',5,(#10866,#10867,#10868,#10869,#10870,
#10871),.UNSPECIFIED.,.F.,.F.,(6,6),(0.,0.434892459713252),
 .UNSPECIFIED.);
#227=B_SPLINE_CURVE_WITH_KNOTS('',5,(#10971,#10972,#10973,#10974,#10975,
#10976),.UNSPECIFIED.,.F.,.F.,(6,6),(0.,0.434892459713252),
 .UNSPECIFIED.);
#228=B_SPLINE_CURVE_WITH_KNOTS('',5,(#11087,#11088,#11089,#11090,#11091,
#11092),.UNSPECIFIED.,.F.,.F.,(6,6),(0.,0.434892459713252),
 .UNSPECIFIED.);
#229=B_SPLINE_CURVE_WITH_KNOTS('',5,(#11292,#11293,#11294,#11295,#11296,
#11297),.UNSPECIFIED.,.F.,.F.,(6,6),(0.62518397718601,1.),.UNSPECIFIED.);
#230=B_SPLINE_CURVE_WITH_KNOTS('',5,(#11298,#11299,#11300,#11301,#11302,
#11303),.UNSPECIFIED.,.F.,.F.,(6,6),(0.625183977186006,1.),
 .UNSPECIFIED.);
#231=B_SPLINE_CURVE_WITH_KNOTS('',3,(#11403,#11404,#11405,#11406,#11407,
#11408,#11409,#11410,#11411,#11412,#11413,#11414),.UNSPECIFIED.,.F.,.F.,
(4,2,2,2,2,4),(-8.98498207873033,-6.56414452350111,-5.02085586699983,-4.15566085434079,
-1.36133550011245,0.),.UNSPECIFIED.);
#232=B_SPLINE_CURVE_WITH_KNOTS('',5,(#11415,#11416,#11417,#11418,#11419,
#11420),.UNSPECIFIED.,.F.,.F.,(6,6),(0.632073796368414,1.),
 .UNSPECIFIED.);
#233=B_SPLINE_CURVE_WITH_KNOTS('',3,(#11489,#11490,#11491,#11492,#11493,
#11494,#11495,#11496,#11497,#11498,#11499,#11500),.UNSPECIFIED.,.F.,.F.,
(4,2,2,2,2,4),(-8.98498207873123,-6.56414452350184,-5.02085586700023,-4.15566085434102,
-1.36133550011249,-0.0501755407679688),.UNSPECIFIED.);
#234=B_SPLINE_CURVE_WITH_KNOTS('',3,(#11710,#11711,#11712,#11713,#11714,
#11715,#11716,#11717,#11718,#11719,#11720,#11721),.UNSPECIFIED.,.F.,.F.,
(4,2,2,2,2,4),(0.,0.0078932303867382,0.0177607074498575,0.0350562551385369,
0.095138733119392,0.0955266069151082),.UNSPECIFIED.);
#235=B_SPLINE_CURVE_WITH_KNOTS('',3,(#11722,#11723,#11724,#11725,#11726,
#11727,#11728,#11729,#11730,#11731,#11732,#11733),.UNSPECIFIED.,.F.,.F.,
(4,2,2,2,2,4),(-0.000621350459451173,0.,0.0962485110113494,0.123954936712717,
0.139762040658104,0.152406520335131),.UNSPECIFIED.);
#236=B_SPLINE_CURVE_WITH_KNOTS('',3,(#11793,#11794,#11795,#11796,#11797,
#11798,#11799,#11800,#11801,#11802,#11803,#11804),.UNSPECIFIED.,.F.,.F.,
(4,2,2,2,2,4),(0.469979259069063,0.488048097948445,0.496139606417368,0.504639567758615,
0.525184570100658,0.556303967557774),.UNSPECIFIED.);
#237=B_SPLINE_CURVE_WITH_KNOTS('',3,(#11807,#11808,#11809,#11810,#11811,
#11812,#11813,#11814,#11815,#11816,#11817,#11818),.UNSPECIFIED.,.F.,.F.,
(4,2,2,2,2,4),(-0.00062135047582035,0.,0.0962485119898872,0.12395493793397,
0.139762042017771,0.152406521805554),.UNSPECIFIED.);
#238=B_SPLINE_CURVE_WITH_KNOTS('',3,(#11819,#11820,#11821,#11822,#11823,
#11824,#11825,#11826,#11827,#11828,#11829,#11830),.UNSPECIFIED.,.F.,.F.,
(4,2,2,2,2,4),(0.,0.00789323038672836,0.017760707449815,0.0350562551386527,
0.0951387332055308,0.0955266070080814),.UNSPECIFIED.);
#239=B_SPLINE_CURVE_WITH_KNOTS('',3,(#11882,#11883,#11884,#11885,#11886,
#11887,#11888,#11889,#11890,#11891,#11892,#11893),.UNSPECIFIED.,.F.,.F.,
(4,2,2,2,2,4),(0.181312366004856,0.212431763461972,0.232976765804014,0.241476727145261,
0.249568235614185,0.267637074493566),.UNSPECIFIED.);
#240=B_SPLINE_CURVE_WITH_KNOTS('',3,(#11901,#11902,#11903,#11904,#11905,
#11906,#11907,#11908,#11909,#11910),.UNSPECIFIED.,.F.,.F.,(4,2,2,2,4),(0.0748943587471611,
0.0941403553203696,0.11323795742107,0.131948618993333,0.150225862011017),
 .UNSPECIFIED.);
#241=B_SPLINE_CURVE_WITH_KNOTS('',3,(#11911,#11912,#11913,#11914,#11915,
#11916,#11917,#11918,#11919,#11920),.UNSPECIFIED.,.F.,.F.,(4,2,2,2,4),(0.150226056788638,
0.168503299806322,0.187213961378585,0.206311563479286,0.225557560052494),
 .UNSPECIFIED.);
#242=B_SPLINE_CURVE_WITH_KNOTS('',3,(#11930,#11931,#11932,#11933,#11934,
#11935,#11936,#11937,#11938,#11939,#11940,#11941),.UNSPECIFIED.,.F.,.F.,
(4,2,2,2,2,4),(-0.00062135047579179,0.,0.0962485119876069,0.123954937931627,
0.139762042015598,0.152406521803391),.UNSPECIFIED.);
#243=B_SPLINE_CURVE_WITH_KNOTS('',3,(#11942,#11943,#11944,#11945,#11946,
#11947,#11948,#11949,#11950,#11951,#11952,#11953),.UNSPECIFIED.,.F.,.F.,
(4,2,2,2,2,4),(0.,0.0078932303867675,0.0177607074499854,0.0350562551385833,
0.0951387332434915,0.095526607049195),.UNSPECIFIED.);
#244=B_SPLINE_CURVE_WITH_KNOTS('',3,(#12014,#12015,#12016,#12017,#12018,
#12019,#12020,#12021,#12022,#12023,#12024,#12025),.UNSPECIFIED.,.F.,.F.,
(4,2,2,2,2,4),(-0.000621350475489929,0.,0.096248511988475,0.1239549379321,
0.139762042015556,0.152406521802928),.UNSPECIFIED.);
#245=B_SPLINE_CURVE_WITH_KNOTS('',3,(#12026,#12027,#12028,#12029,#12030,
#12031,#12032,#12033,#12034,#12035,#12036,#12037),.UNSPECIFIED.,.F.,.F.,
(4,2,2,2,2,4),(0.,0.00789323038676628,0.0177607074499951,0.0350562551389856,
0.0951387332059491,0.0955266070082998),.UNSPECIFIED.);
#246=B_SPLINE_CURVE_WITH_KNOTS('',5,(#12196,#12197,#12198,#12199,#12200,
#12201),.UNSPECIFIED.,.F.,.F.,(6,6),(0.632073796368413,1.),
 .UNSPECIFIED.);
#247=PLANE('',#6168);
#248=PLANE('',#6172);
#249=PLANE('',#6176);
#250=PLANE('',#6180);
#251=PLANE('',#6181);
#252=PLANE('',#6183);
#253=PLANE('',#6185);
#254=PLANE('',#6187);
#255=PLANE('',#6189);
#256=PLANE('',#6191);
#257=PLANE('',#6193);
#258=PLANE('',#6195);
#259=PLANE('',#6205);
#260=PLANE('',#6206);
#261=PLANE('',#6207);
#262=PLANE('',#6208);
#263=PLANE('',#6209);
#264=PLANE('',#6210);
#265=PLANE('',#6211);
#266=PLANE('',#6213);
#267=PLANE('',#6214);
#268=PLANE('',#6215);
#269=PLANE('',#6216);
#270=PLANE('',#6217);
#271=PLANE('',#6218);
#272=PLANE('',#6219);
#273=PLANE('',#6221);
#274=PLANE('',#6222);
#275=PLANE('',#6223);
#276=PLANE('',#6224);
#277=PLANE('',#6225);
#278=PLANE('',#6226);
#279=PLANE('',#6227);
#280=PLANE('',#6229);
#281=PLANE('',#6230);
#282=PLANE('',#6231);
#283=PLANE('',#6232);
#284=PLANE('',#6233);
#285=PLANE('',#6234);
#286=PLANE('',#6235);
#287=PLANE('',#6237);
#288=PLANE('',#6238);
#289=PLANE('',#6239);
#290=PLANE('',#6240);
#291=PLANE('',#6241);
#292=PLANE('',#6242);
#293=PLANE('',#6243);
#294=PLANE('',#6245);
#295=PLANE('',#6246);
#296=PLANE('',#6247);
#297=PLANE('',#6248);
#298=PLANE('',#6249);
#299=PLANE('',#6250);
#300=PLANE('',#6251);
#301=PLANE('',#6265);
#302=PLANE('',#6269);
#303=PLANE('',#6273);
#304=PLANE('',#6277);
#305=PLANE('',#6305);
#306=PLANE('',#6309);
#307=PLANE('',#6313);
#308=PLANE('',#6317);
#309=PLANE('',#6341);
#310=PLANE('',#6350);
#311=PLANE('',#6360);
#312=PLANE('',#6370);
#313=PLANE('',#6401);
#314=PLANE('',#6407);
#315=PLANE('',#6417);
#316=PLANE('',#6447);
#317=PLANE('',#6485);
#318=PLANE('',#6486);
#319=PLANE('',#6487);
#320=PLANE('',#6488);
#321=PLANE('',#6489);
#322=PLANE('',#6490);
#323=PLANE('',#6519);
#324=PLANE('',#6550);
#325=PLANE('',#6551);
#326=PLANE('',#6552);
#327=PLANE('',#6555);
#328=PLANE('',#6557);
#329=PLANE('',#6559);
#330=PLANE('',#6560);
#331=PLANE('',#6561);
#332=PLANE('',#6562);
#333=PLANE('',#6563);
#334=PLANE('',#6564);
#335=PLANE('',#6565);
#336=PLANE('',#6566);
#337=PLANE('',#6567);
#338=PLANE('',#6568);
#339=PLANE('',#6569);
#340=PLANE('',#6570);
#341=PLANE('',#6571);
#342=PLANE('',#6572);
#343=PLANE('',#6574);
#344=PLANE('',#6575);
#345=PLANE('',#6576);
#346=PLANE('',#6577);
#347=PLANE('',#6578);
#348=PLANE('',#6579);
#349=PLANE('',#6587);
#350=PLANE('',#6590);
#351=PLANE('',#6591);
#352=PLANE('',#6592);
#353=PLANE('',#6593);
#354=PLANE('',#6594);
#355=PLANE('',#6595);
#356=PLANE('',#6596);
#357=PLANE('',#6597);
#358=PLANE('',#6606);
#359=PLANE('',#6607);
#360=PLANE('',#6608);
#361=PLANE('',#6609);
#362=PLANE('',#6610);
#363=PLANE('',#6611);
#364=PLANE('',#6612);
#365=PLANE('',#6613);
#366=PLANE('',#6616);
#367=PLANE('',#6619);
#368=PLANE('',#6622);
#369=PLANE('',#6632);
#370=PLANE('',#6641);
#371=PLANE('',#6646);
#372=PLANE('',#6650);
#373=PLANE('',#6654);
#374=PLANE('',#6679);
#375=PLANE('',#6680);
#376=PLANE('',#6681);
#377=PLANE('',#6682);
#378=PLANE('',#6683);
#379=PLANE('',#6684);
#380=PLANE('',#6685);
#381=PLANE('',#6686);
#382=PLANE('',#6687);
#383=PLANE('',#6688);
#384=PLANE('',#6689);
#385=PLANE('',#6690);
#386=PLANE('',#6691);
#387=PLANE('',#6692);
#388=PLANE('',#6693);
#389=PLANE('',#6694);
#390=PLANE('',#6695);
#391=PLANE('',#6696);
#392=PLANE('',#6697);
#393=PLANE('',#6698);
#394=PLANE('',#6699);
#395=PLANE('',#6700);
#396=PLANE('',#6701);
#397=PLANE('',#6702);
#398=PLANE('',#6703);
#399=PLANE('',#6704);
#400=PLANE('',#6705);
#401=PLANE('',#6706);
#402=PLANE('',#6712);
#403=PLANE('',#6713);
#404=PLANE('',#6714);
#405=PLANE('',#6715);
#406=PLANE('',#6716);
#407=PLANE('',#6719);
#408=PLANE('',#6722);
#409=PLANE('',#6731);
#410=PLANE('',#6736);
#411=PLANE('',#6738);
#412=PLANE('',#6748);
#413=PLANE('',#6752);
#414=PLANE('',#6761);
#415=PLANE('',#6763);
#416=FACE_OUTER_BOUND('',#766,.T.);
#417=FACE_OUTER_BOUND('',#767,.T.);
#418=FACE_OUTER_BOUND('',#768,.T.);
#419=FACE_OUTER_BOUND('',#769,.T.);
#420=FACE_OUTER_BOUND('',#770,.T.);
#421=FACE_OUTER_BOUND('',#771,.T.);
#422=FACE_OUTER_BOUND('',#772,.T.);
#423=FACE_OUTER_BOUND('',#773,.T.);
#424=FACE_OUTER_BOUND('',#774,.T.);
#425=FACE_OUTER_BOUND('',#775,.T.);
#426=FACE_OUTER_BOUND('',#776,.T.);
#427=FACE_OUTER_BOUND('',#777,.T.);
#428=FACE_OUTER_BOUND('',#778,.T.);
#429=FACE_OUTER_BOUND('',#779,.T.);
#430=FACE_OUTER_BOUND('',#780,.T.);
#431=FACE_OUTER_BOUND('',#781,.T.);
#432=FACE_OUTER_BOUND('',#782,.T.);
#433=FACE_OUTER_BOUND('',#783,.T.);
#434=FACE_OUTER_BOUND('',#784,.T.);
#435=FACE_OUTER_BOUND('',#785,.T.);
#436=FACE_OUTER_BOUND('',#786,.T.);
#437=FACE_OUTER_BOUND('',#787,.T.);
#438=FACE_OUTER_BOUND('',#788,.T.);
#439=FACE_OUTER_BOUND('',#789,.T.);
#440=FACE_OUTER_BOUND('',#790,.T.);
#441=FACE_OUTER_BOUND('',#791,.T.);
#442=FACE_OUTER_BOUND('',#792,.T.);
#443=FACE_OUTER_BOUND('',#793,.T.);
#444=FACE_OUTER_BOUND('',#794,.T.);
#445=FACE_OUTER_BOUND('',#796,.T.);
#446=FACE_OUTER_BOUND('',#797,.T.);
#447=FACE_OUTER_BOUND('',#798,.T.);
#448=FACE_OUTER_BOUND('',#799,.T.);
#449=FACE_OUTER_BOUND('',#800,.T.);
#450=FACE_OUTER_BOUND('',#801,.T.);
#451=FACE_OUTER_BOUND('',#802,.T.);
#452=FACE_OUTER_BOUND('',#804,.T.);
#453=FACE_OUTER_BOUND('',#805,.T.);
#454=FACE_OUTER_BOUND('',#806,.T.);
#455=FACE_OUTER_BOUND('',#807,.T.);
#456=FACE_OUTER_BOUND('',#808,.T.);
#457=FACE_OUTER_BOUND('',#809,.T.);
#458=FACE_OUTER_BOUND('',#810,.T.);
#459=FACE_OUTER_BOUND('',#812,.T.);
#460=FACE_OUTER_BOUND('',#813,.T.);
#461=FACE_OUTER_BOUND('',#814,.T.);
#462=FACE_OUTER_BOUND('',#815,.T.);
#463=FACE_OUTER_BOUND('',#816,.T.);
#464=FACE_OUTER_BOUND('',#817,.T.);
#465=FACE_OUTER_BOUND('',#818,.T.);
#466=FACE_OUTER_BOUND('',#820,.T.);
#467=FACE_OUTER_BOUND('',#821,.T.);
#468=FACE_OUTER_BOUND('',#822,.T.);
#469=FACE_OUTER_BOUND('',#823,.T.);
#470=FACE_OUTER_BOUND('',#824,.T.);
#471=FACE_OUTER_BOUND('',#825,.T.);
#472=FACE_OUTER_BOUND('',#826,.T.);
#473=FACE_OUTER_BOUND('',#828,.T.);
#474=FACE_OUTER_BOUND('',#829,.T.);
#475=FACE_OUTER_BOUND('',#830,.T.);
#476=FACE_OUTER_BOUND('',#831,.T.);
#477=FACE_OUTER_BOUND('',#832,.T.);
#478=FACE_OUTER_BOUND('',#833,.T.);
#479=FACE_OUTER_BOUND('',#834,.T.);
#480=FACE_OUTER_BOUND('',#836,.T.);
#481=FACE_OUTER_BOUND('',#837,.T.);
#482=FACE_OUTER_BOUND('',#838,.T.);
#483=FACE_OUTER_BOUND('',#839,.T.);
#484=FACE_OUTER_BOUND('',#840,.T.);
#485=FACE_OUTER_BOUND('',#842,.T.);
#486=FACE_OUTER_BOUND('',#844,.T.);
#487=FACE_OUTER_BOUND('',#846,.T.);
#488=FACE_OUTER_BOUND('',#848,.T.);
#489=FACE_OUTER_BOUND('',#849,.T.);
#490=FACE_OUTER_BOUND('',#850,.T.);
#491=FACE_OUTER_BOUND('',#851,.T.);
#492=FACE_OUTER_BOUND('',#852,.T.);
#493=FACE_OUTER_BOUND('',#853,.T.);
#494=FACE_OUTER_BOUND('',#854,.T.);
#495=FACE_OUTER_BOUND('',#855,.T.);
#496=FACE_OUTER_BOUND('',#856,.T.);
#497=FACE_OUTER_BOUND('',#857,.T.);
#498=FACE_OUTER_BOUND('',#858,.T.);
#499=FACE_OUTER_BOUND('',#859,.T.);
#500=FACE_OUTER_BOUND('',#860,.T.);
#501=FACE_OUTER_BOUND('',#862,.T.);
#502=FACE_OUTER_BOUND('',#864,.T.);
#503=FACE_OUTER_BOUND('',#866,.T.);
#504=FACE_OUTER_BOUND('',#868,.T.);
#505=FACE_OUTER_BOUND('',#869,.T.);
#506=FACE_OUTER_BOUND('',#870,.T.);
#507=FACE_OUTER_BOUND('',#871,.T.);
#508=FACE_OUTER_BOUND('',#872,.T.);
#509=FACE_OUTER_BOUND('',#873,.T.);
#510=FACE_OUTER_BOUND('',#874,.T.);
#511=FACE_OUTER_BOUND('',#875,.T.);
#512=FACE_OUTER_BOUND('',#876,.T.);
#513=FACE_OUTER_BOUND('',#877,.T.);
#514=FACE_OUTER_BOUND('',#878,.T.);
#515=FACE_OUTER_BOUND('',#879,.T.);
#516=FACE_OUTER_BOUND('',#880,.T.);
#517=FACE_OUTER_BOUND('',#881,.T.);
#518=FACE_OUTER_BOUND('',#882,.T.);
#519=FACE_OUTER_BOUND('',#883,.T.);
#520=FACE_OUTER_BOUND('',#884,.T.);
#521=FACE_OUTER_BOUND('',#885,.T.);
#522=FACE_OUTER_BOUND('',#886,.T.);
#523=FACE_OUTER_BOUND('',#887,.T.);
#524=FACE_OUTER_BOUND('',#888,.T.);
#525=FACE_OUTER_BOUND('',#889,.T.);
#526=FACE_OUTER_BOUND('',#890,.T.);
#527=FACE_OUTER_BOUND('',#891,.T.);
#528=FACE_OUTER_BOUND('',#892,.T.);
#529=FACE_OUTER_BOUND('',#893,.T.);
#530=FACE_OUTER_BOUND('',#894,.T.);
#531=FACE_OUTER_BOUND('',#895,.T.);
#532=FACE_OUTER_BOUND('',#896,.T.);
#533=FACE_OUTER_BOUND('',#897,.T.);
#534=FACE_OUTER_BOUND('',#898,.T.);
#535=FACE_OUTER_BOUND('',#899,.T.);
#536=FACE_OUTER_BOUND('',#900,.T.);
#537=FACE_OUTER_BOUND('',#901,.T.);
#538=FACE_OUTER_BOUND('',#902,.T.);
#539=FACE_OUTER_BOUND('',#903,.T.);
#540=FACE_OUTER_BOUND('',#904,.T.);
#541=FACE_OUTER_BOUND('',#905,.T.);
#542=FACE_OUTER_BOUND('',#906,.T.);
#543=FACE_OUTER_BOUND('',#907,.T.);
#544=FACE_OUTER_BOUND('',#908,.T.);
#545=FACE_OUTER_BOUND('',#909,.T.);
#546=FACE_OUTER_BOUND('',#910,.T.);
#547=FACE_OUTER_BOUND('',#911,.T.);
#548=FACE_OUTER_BOUND('',#912,.T.);
#549=FACE_OUTER_BOUND('',#913,.T.);
#550=FACE_OUTER_BOUND('',#914,.T.);
#551=FACE_OUTER_BOUND('',#915,.T.);
#552=FACE_OUTER_BOUND('',#916,.T.);
#553=FACE_OUTER_BOUND('',#917,.T.);
#554=FACE_OUTER_BOUND('',#918,.T.);
#555=FACE_OUTER_BOUND('',#919,.T.);
#556=FACE_OUTER_BOUND('',#920,.T.);
#557=FACE_OUTER_BOUND('',#921,.T.);
#558=FACE_OUTER_BOUND('',#922,.T.);
#559=FACE_OUTER_BOUND('',#923,.T.);
#560=FACE_OUTER_BOUND('',#924,.T.);
#561=FACE_OUTER_BOUND('',#925,.T.);
#562=FACE_OUTER_BOUND('',#926,.T.);
#563=FACE_OUTER_BOUND('',#927,.T.);
#564=FACE_OUTER_BOUND('',#928,.T.);
#565=FACE_OUTER_BOUND('',#929,.T.);
#566=FACE_OUTER_BOUND('',#930,.T.);
#567=FACE_OUTER_BOUND('',#931,.T.);
#568=FACE_OUTER_BOUND('',#932,.T.);
#569=FACE_OUTER_BOUND('',#933,.T.);
#570=FACE_OUTER_BOUND('',#934,.T.);
#571=FACE_OUTER_BOUND('',#935,.T.);
#572=FACE_OUTER_BOUND('',#936,.T.);
#573=FACE_OUTER_BOUND('',#937,.T.);
#574=FACE_OUTER_BOUND('',#938,.T.);
#575=FACE_OUTER_BOUND('',#939,.T.);
#576=FACE_OUTER_BOUND('',#940,.T.);
#577=FACE_OUTER_BOUND('',#941,.T.);
#578=FACE_OUTER_BOUND('',#947,.T.);
#579=FACE_OUTER_BOUND('',#948,.T.);
#580=FACE_OUTER_BOUND('',#949,.T.);
#581=FACE_OUTER_BOUND('',#950,.T.);
#582=FACE_OUTER_BOUND('',#951,.T.);
#583=FACE_OUTER_BOUND('',#952,.T.);
#584=FACE_OUTER_BOUND('',#953,.T.);
#585=FACE_OUTER_BOUND('',#954,.T.);
#586=FACE_OUTER_BOUND('',#955,.T.);
#587=FACE_OUTER_BOUND('',#956,.T.);
#588=FACE_OUTER_BOUND('',#957,.T.);
#589=FACE_OUTER_BOUND('',#958,.T.);
#590=FACE_OUTER_BOUND('',#959,.T.);
#591=FACE_OUTER_BOUND('',#960,.T.);
#592=FACE_OUTER_BOUND('',#961,.T.);
#593=FACE_OUTER_BOUND('',#962,.T.);
#594=FACE_OUTER_BOUND('',#963,.T.);
#595=FACE_OUTER_BOUND('',#964,.T.);
#596=FACE_OUTER_BOUND('',#965,.T.);
#597=FACE_OUTER_BOUND('',#966,.T.);
#598=FACE_OUTER_BOUND('',#967,.T.);
#599=FACE_OUTER_BOUND('',#968,.T.);
#600=FACE_OUTER_BOUND('',#969,.T.);
#601=FACE_OUTER_BOUND('',#970,.T.);
#602=FACE_OUTER_BOUND('',#971,.T.);
#603=FACE_OUTER_BOUND('',#972,.T.);
#604=FACE_OUTER_BOUND('',#973,.T.);
#605=FACE_OUTER_BOUND('',#974,.T.);
#606=FACE_OUTER_BOUND('',#975,.T.);
#607=FACE_OUTER_BOUND('',#976,.T.);
#608=FACE_OUTER_BOUND('',#977,.T.);
#609=FACE_OUTER_BOUND('',#978,.T.);
#610=FACE_OUTER_BOUND('',#979,.T.);
#611=FACE_OUTER_BOUND('',#980,.T.);
#612=FACE_OUTER_BOUND('',#981,.T.);
#613=FACE_OUTER_BOUND('',#982,.T.);
#614=FACE_OUTER_BOUND('',#983,.T.);
#615=FACE_OUTER_BOUND('',#984,.T.);
#616=FACE_OUTER_BOUND('',#985,.T.);
#617=FACE_OUTER_BOUND('',#986,.T.);
#618=FACE_OUTER_BOUND('',#987,.T.);
#619=FACE_OUTER_BOUND('',#988,.T.);
#620=FACE_OUTER_BOUND('',#989,.T.);
#621=FACE_OUTER_BOUND('',#990,.T.);
#622=FACE_OUTER_BOUND('',#992,.T.);
#623=FACE_OUTER_BOUND('',#994,.T.);
#624=FACE_OUTER_BOUND('',#995,.T.);
#625=FACE_OUTER_BOUND('',#996,.T.);
#626=FACE_OUTER_BOUND('',#997,.T.);
#627=FACE_OUTER_BOUND('',#998,.T.);
#628=FACE_OUTER_BOUND('',#999,.T.);
#629=FACE_OUTER_BOUND('',#1000,.T.);
#630=FACE_OUTER_BOUND('',#1001,.T.);
#631=FACE_OUTER_BOUND('',#1002,.T.);
#632=FACE_OUTER_BOUND('',#1003,.T.);
#633=FACE_OUTER_BOUND('',#1004,.T.);
#634=FACE_OUTER_BOUND('',#1005,.T.);
#635=FACE_OUTER_BOUND('',#1006,.T.);
#636=FACE_OUTER_BOUND('',#1007,.T.);
#637=FACE_OUTER_BOUND('',#1009,.T.);
#638=FACE_OUTER_BOUND('',#1010,.T.);
#639=FACE_OUTER_BOUND('',#1011,.T.);
#640=FACE_OUTER_BOUND('',#1012,.T.);
#641=FACE_OUTER_BOUND('',#1013,.T.);
#642=FACE_OUTER_BOUND('',#1014,.T.);
#643=FACE_OUTER_BOUND('',#1016,.T.);
#644=FACE_OUTER_BOUND('',#1017,.T.);
#645=FACE_OUTER_BOUND('',#1018,.T.);
#646=FACE_OUTER_BOUND('',#1019,.T.);
#647=FACE_OUTER_BOUND('',#1021,.T.);
#648=FACE_OUTER_BOUND('',#1022,.T.);
#649=FACE_OUTER_BOUND('',#1023,.T.);
#650=FACE_OUTER_BOUND('',#1029,.T.);
#651=FACE_OUTER_BOUND('',#1030,.T.);
#652=FACE_OUTER_BOUND('',#1031,.T.);
#653=FACE_OUTER_BOUND('',#1032,.T.);
#654=FACE_OUTER_BOUND('',#1033,.T.);
#655=FACE_OUTER_BOUND('',#1034,.T.);
#656=FACE_OUTER_BOUND('',#1036,.T.);
#657=FACE_OUTER_BOUND('',#1037,.T.);
#658=FACE_OUTER_BOUND('',#1038,.T.);
#659=FACE_OUTER_BOUND('',#1039,.T.);
#660=FACE_OUTER_BOUND('',#1040,.T.);
#661=FACE_OUTER_BOUND('',#1041,.T.);
#662=FACE_OUTER_BOUND('',#1042,.T.);
#663=FACE_OUTER_BOUND('',#1043,.T.);
#664=FACE_OUTER_BOUND('',#1044,.T.);
#665=FACE_OUTER_BOUND('',#1045,.T.);
#666=FACE_OUTER_BOUND('',#1046,.T.);
#667=FACE_OUTER_BOUND('',#1047,.T.);
#668=FACE_OUTER_BOUND('',#1048,.T.);
#669=FACE_OUTER_BOUND('',#1049,.T.);
#670=FACE_OUTER_BOUND('',#1050,.T.);
#671=FACE_OUTER_BOUND('',#1052,.T.);
#672=FACE_OUTER_BOUND('',#1054,.T.);
#673=FACE_OUTER_BOUND('',#1056,.T.);
#674=FACE_OUTER_BOUND('',#1058,.T.);
#675=FACE_OUTER_BOUND('',#1059,.T.);
#676=FACE_OUTER_BOUND('',#1060,.T.);
#677=FACE_OUTER_BOUND('',#1061,.T.);
#678=FACE_OUTER_BOUND('',#1062,.T.);
#679=FACE_OUTER_BOUND('',#1063,.T.);
#680=FACE_OUTER_BOUND('',#1064,.T.);
#681=FACE_OUTER_BOUND('',#1065,.T.);
#682=FACE_OUTER_BOUND('',#1066,.T.);
#683=FACE_OUTER_BOUND('',#1068,.T.);
#684=FACE_OUTER_BOUND('',#1070,.T.);
#685=FACE_OUTER_BOUND('',#1075,.T.);
#686=FACE_OUTER_BOUND('',#1077,.T.);
#687=FACE_OUTER_BOUND('',#1078,.T.);
#688=FACE_OUTER_BOUND('',#1079,.T.);
#689=FACE_OUTER_BOUND('',#1080,.T.);
#690=FACE_OUTER_BOUND('',#1081,.T.);
#691=FACE_OUTER_BOUND('',#1082,.T.);
#692=FACE_OUTER_BOUND('',#1083,.T.);
#693=FACE_OUTER_BOUND('',#1084,.T.);
#694=FACE_OUTER_BOUND('',#1085,.T.);
#695=FACE_OUTER_BOUND('',#1086,.T.);
#696=FACE_OUTER_BOUND('',#1087,.T.);
#697=FACE_OUTER_BOUND('',#1088,.T.);
#698=FACE_OUTER_BOUND('',#1089,.T.);
#699=FACE_OUTER_BOUND('',#1090,.T.);
#700=FACE_OUTER_BOUND('',#1091,.T.);
#701=FACE_OUTER_BOUND('',#1093,.T.);
#702=FACE_OUTER_BOUND('',#1094,.T.);
#703=FACE_OUTER_BOUND('',#1095,.T.);
#704=FACE_OUTER_BOUND('',#1096,.T.);
#705=FACE_OUTER_BOUND('',#1097,.T.);
#706=FACE_OUTER_BOUND('',#1098,.T.);
#707=FACE_OUTER_BOUND('',#1099,.T.);
#708=FACE_OUTER_BOUND('',#1101,.T.);
#709=FACE_OUTER_BOUND('',#1102,.T.);
#710=FACE_OUTER_BOUND('',#1103,.T.);
#711=FACE_OUTER_BOUND('',#1104,.T.);
#712=FACE_OUTER_BOUND('',#1105,.T.);
#713=FACE_OUTER_BOUND('',#1106,.T.);
#714=FACE_OUTER_BOUND('',#1107,.T.);
#715=FACE_OUTER_BOUND('',#1109,.T.);
#716=FACE_OUTER_BOUND('',#1110,.T.);
#717=FACE_OUTER_BOUND('',#1111,.T.);
#718=FACE_OUTER_BOUND('',#1112,.T.);
#719=FACE_OUTER_BOUND('',#1113,.T.);
#720=FACE_OUTER_BOUND('',#1114,.T.);
#721=FACE_OUTER_BOUND('',#1115,.T.);
#722=FACE_OUTER_BOUND('',#1117,.T.);
#723=FACE_OUTER_BOUND('',#1118,.T.);
#724=FACE_OUTER_BOUND('',#1119,.T.);
#725=FACE_OUTER_BOUND('',#1120,.T.);
#726=FACE_OUTER_BOUND('',#1121,.T.);
#727=FACE_OUTER_BOUND('',#1122,.T.);
#728=FACE_OUTER_BOUND('',#1123,.T.);
#729=FACE_OUTER_BOUND('',#1124,.T.);
#730=FACE_OUTER_BOUND('',#1126,.T.);
#731=FACE_OUTER_BOUND('',#1128,.T.);
#732=FACE_OUTER_BOUND('',#1130,.T.);
#733=FACE_OUTER_BOUND('',#1132,.T.);
#734=FACE_OUTER_BOUND('',#1133,.T.);
#735=FACE_OUTER_BOUND('',#1134,.T.);
#736=FACE_OUTER_BOUND('',#1136,.T.);
#737=FACE_OUTER_BOUND('',#1137,.T.);
#738=FACE_OUTER_BOUND('',#1138,.T.);
#739=FACE_OUTER_BOUND('',#1139,.T.);
#740=FACE_OUTER_BOUND('',#1140,.T.);
#741=FACE_OUTER_BOUND('',#1141,.T.);
#742=FACE_OUTER_BOUND('',#1142,.T.);
#743=FACE_OUTER_BOUND('',#1143,.T.);
#744=FACE_OUTER_BOUND('',#1144,.T.);
#745=FACE_OUTER_BOUND('',#1145,.T.);
#746=FACE_OUTER_BOUND('',#1146,.T.);
#747=FACE_OUTER_BOUND('',#1147,.T.);
#748=FACE_OUTER_BOUND('',#1148,.T.);
#749=FACE_OUTER_BOUND('',#1149,.T.);
#750=FACE_OUTER_BOUND('',#1150,.T.);
#751=FACE_OUTER_BOUND('',#1151,.T.);
#752=FACE_OUTER_BOUND('',#1152,.T.);
#753=FACE_OUTER_BOUND('',#1153,.T.);
#754=FACE_OUTER_BOUND('',#1154,.T.);
#755=FACE_OUTER_BOUND('',#1155,.T.);
#756=FACE_OUTER_BOUND('',#1156,.T.);
#757=FACE_OUTER_BOUND('',#1157,.T.);
#758=FACE_OUTER_BOUND('',#1158,.T.);
#759=FACE_OUTER_BOUND('',#1159,.T.);
#760=FACE_OUTER_BOUND('',#1160,.T.);
#761=FACE_OUTER_BOUND('',#1161,.T.);
#762=FACE_OUTER_BOUND('',#1162,.T.);
#763=FACE_OUTER_BOUND('',#1163,.T.);
#764=FACE_OUTER_BOUND('',#1164,.T.);
#765=FACE_OUTER_BOUND('',#1165,.T.);
#766=EDGE_LOOP('',(#3895,#3896,#3897,#3898));
#767=EDGE_LOOP('',(#3899,#3900,#3901,#3902));
#768=EDGE_LOOP('',(#3903,#3904,#3905,#3906));
#769=EDGE_LOOP('',(#3907,#3908,#3909,#3910));
#770=EDGE_LOOP('',(#3911,#3912,#3913,#3914));
#771=EDGE_LOOP('',(#3915,#3916,#3917,#3918));
#772=EDGE_LOOP('',(#3919,#3920,#3921,#3922));
#773=EDGE_LOOP('',(#3923,#3924,#3925,#3926));
#774=EDGE_LOOP('',(#3927,#3928,#3929));
#775=EDGE_LOOP('',(#3930,#3931,#3932));
#776=EDGE_LOOP('',(#3933,#3934,#3935));
#777=EDGE_LOOP('',(#3936,#3937,#3938));
#778=EDGE_LOOP('',(#3939,#3940,#3941));
#779=EDGE_LOOP('',(#3942,#3943,#3944));
#780=EDGE_LOOP('',(#3945,#3946,#3947));
#781=EDGE_LOOP('',(#3948,#3949,#3950));
#782=EDGE_LOOP('',(#3951,#3952,#3953,#3954));
#783=EDGE_LOOP('',(#3955,#3956,#3957,#3958,#3959));
#784=EDGE_LOOP('',(#3960,#3961,#3962,#3963));
#785=EDGE_LOOP('',(#3964,#3965,#3966,#3967));
#786=EDGE_LOOP('',(#3968,#3969,#3970,#3971,#3972));
#787=EDGE_LOOP('',(#3973,#3974,#3975,#3976));
#788=EDGE_LOOP('',(#3977,#3978,#3979,#3980));
#789=EDGE_LOOP('',(#3981,#3982,#3983,#3984));
#790=EDGE_LOOP('',(#3985,#3986,#3987,#3988));
#791=EDGE_LOOP('',(#3989,#3990,#3991,#3992));
#792=EDGE_LOOP('',(#3993,#3994,#3995,#3996));
#793=EDGE_LOOP('',(#3997,#3998,#3999,#4000));
#794=EDGE_LOOP('',(#4001,#4002,#4003,#4004,#4005,#4006));
#795=EDGE_LOOP('',(#4007));
#796=EDGE_LOOP('',(#4008,#4009,#4010,#4011));
#797=EDGE_LOOP('',(#4012,#4013,#4014,#4015));
#798=EDGE_LOOP('',(#4016,#4017,#4018,#4019));
#799=EDGE_LOOP('',(#4020,#4021,#4022,#4023));
#800=EDGE_LOOP('',(#4024,#4025,#4026,#4027));
#801=EDGE_LOOP('',(#4028,#4029,#4030,#4031));
#802=EDGE_LOOP('',(#4032,#4033,#4034,#4035,#4036,#4037));
#803=EDGE_LOOP('',(#4038));
#804=EDGE_LOOP('',(#4039,#4040,#4041,#4042));
#805=EDGE_LOOP('',(#4043,#4044,#4045,#4046));
#806=EDGE_LOOP('',(#4047,#4048,#4049,#4050));
#807=EDGE_LOOP('',(#4051,#4052,#4053,#4054));
#808=EDGE_LOOP('',(#4055,#4056,#4057,#4058));
#809=EDGE_LOOP('',(#4059,#4060,#4061,#4062));
#810=EDGE_LOOP('',(#4063,#4064,#4065,#4066,#4067,#4068));
#811=EDGE_LOOP('',(#4069));
#812=EDGE_LOOP('',(#4070,#4071,#4072,#4073));
#813=EDGE_LOOP('',(#4074,#4075,#4076,#4077));
#814=EDGE_LOOP('',(#4078,#4079,#4080,#4081));
#815=EDGE_LOOP('',(#4082,#4083,#4084,#4085));
#816=EDGE_LOOP('',(#4086,#4087,#4088,#4089));
#817=EDGE_LOOP('',(#4090,#4091,#4092,#4093));
#818=EDGE_LOOP('',(#4094,#4095,#4096,#4097,#4098,#4099));
#819=EDGE_LOOP('',(#4100));
#820=EDGE_LOOP('',(#4101,#4102,#4103,#4104));
#821=EDGE_LOOP('',(#4105,#4106,#4107,#4108));
#822=EDGE_LOOP('',(#4109,#4110,#4111,#4112));
#823=EDGE_LOOP('',(#4113,#4114,#4115,#4116));
#824=EDGE_LOOP('',(#4117,#4118,#4119,#4120));
#825=EDGE_LOOP('',(#4121,#4122,#4123,#4124));
#826=EDGE_LOOP('',(#4125,#4126,#4127,#4128,#4129,#4130));
#827=EDGE_LOOP('',(#4131));
#828=EDGE_LOOP('',(#4132,#4133,#4134,#4135));
#829=EDGE_LOOP('',(#4136,#4137,#4138,#4139));
#830=EDGE_LOOP('',(#4140,#4141,#4142,#4143));
#831=EDGE_LOOP('',(#4144,#4145,#4146,#4147));
#832=EDGE_LOOP('',(#4148,#4149,#4150,#4151));
#833=EDGE_LOOP('',(#4152,#4153,#4154,#4155));
#834=EDGE_LOOP('',(#4156,#4157,#4158,#4159,#4160,#4161));
#835=EDGE_LOOP('',(#4162));
#836=EDGE_LOOP('',(#4163,#4164,#4165,#4166));
#837=EDGE_LOOP('',(#4167,#4168,#4169,#4170));
#838=EDGE_LOOP('',(#4171,#4172,#4173,#4174));
#839=EDGE_LOOP('',(#4175,#4176,#4177,#4178));
#840=EDGE_LOOP('',(#4179,#4180,#4181,#4182));
#841=EDGE_LOOP('',(#4183));
#842=EDGE_LOOP('',(#4184,#4185,#4186,#4187));
#843=EDGE_LOOP('',(#4188,#4189,#4190,#4191,#4192,#4193));
#844=EDGE_LOOP('',(#4194,#4195,#4196,#4197));
#845=EDGE_LOOP('',(#4198,#4199,#4200,#4201,#4202,#4203));
#846=EDGE_LOOP('',(#4204,#4205,#4206,#4207));
#847=EDGE_LOOP('',(#4208));
#848=EDGE_LOOP('',(#4209,#4210,#4211,#4212,#4213));
#849=EDGE_LOOP('',(#4214,#4215,#4216,#4217));
#850=EDGE_LOOP('',(#4218,#4219,#4220,#4221));
#851=EDGE_LOOP('',(#4222,#4223,#4224,#4225));
#852=EDGE_LOOP('',(#4226,#4227,#4228,#4229,#4230));
#853=EDGE_LOOP('',(#4231,#4232,#4233,#4234));
#854=EDGE_LOOP('',(#4235,#4236,#4237,#4238));
#855=EDGE_LOOP('',(#4239,#4240,#4241,#4242,#4243));
#856=EDGE_LOOP('',(#4244,#4245,#4246,#4247));
#857=EDGE_LOOP('',(#4248,#4249,#4250,#4251));
#858=EDGE_LOOP('',(#4252,#4253,#4254,#4255));
#859=EDGE_LOOP('',(#4256,#4257,#4258,#4259));
#860=EDGE_LOOP('',(#4260,#4261,#4262,#4263));
#861=EDGE_LOOP('',(#4264));
#862=EDGE_LOOP('',(#4265,#4266,#4267,#4268));
#863=EDGE_LOOP('',(#4269));
#864=EDGE_LOOP('',(#4270,#4271,#4272,#4273));
#865=EDGE_LOOP('',(#4274,#4275,#4276,#4277,#4278,#4279));
#866=EDGE_LOOP('',(#4280,#4281,#4282,#4283));
#867=EDGE_LOOP('',(#4284,#4285,#4286,#4287,#4288,#4289));
#868=EDGE_LOOP('',(#4290,#4291,#4292,#4293,#4294));
#869=EDGE_LOOP('',(#4295,#4296,#4297,#4298));
#870=EDGE_LOOP('',(#4299,#4300,#4301,#4302,#4303));
#871=EDGE_LOOP('',(#4304,#4305,#4306,#4307));
#872=EDGE_LOOP('',(#4308,#4309,#4310,#4311));
#873=EDGE_LOOP('',(#4312,#4313,#4314,#4315,#4316));
#874=EDGE_LOOP('',(#4317,#4318,#4319,#4320));
#875=EDGE_LOOP('',(#4321,#4322,#4323,#4324));
#876=EDGE_LOOP('',(#4325,#4326,#4327,#4328));
#877=EDGE_LOOP('',(#4329,#4330,#4331,#4332));
#878=EDGE_LOOP('',(#4333,#4334,#4335,#4336,#4337,#4338,#4339,#4340,#4341,
#4342,#4343,#4344,#4345,#4346,#4347,#4348,#4349,#4350,#4351,#4352,#4353,
#4354,#4355,#4356,#4357,#4358,#4359,#4360,#4361,#4362,#4363,#4364,#4365,
#4366,#4367,#4368,#4369,#4370,#4371,#4372,#4373,#4374,#4375,#4376,#4377));
#879=EDGE_LOOP('',(#4378,#4379,#4380,#4381));
#880=EDGE_LOOP('',(#4382,#4383,#4384,#4385));
#881=EDGE_LOOP('',(#4386,#4387,#4388,#4389));
#882=EDGE_LOOP('',(#4390,#4391,#4392,#4393));
#883=EDGE_LOOP('',(#4394,#4395,#4396,#4397));
#884=EDGE_LOOP('',(#4398,#4399,#4400,#4401,#4402,#4403));
#885=EDGE_LOOP('',(#4404,#4405,#4406));
#886=EDGE_LOOP('',(#4407,#4408,#4409,#4410));
#887=EDGE_LOOP('',(#4411,#4412,#4413));
#888=EDGE_LOOP('',(#4414,#4415,#4416,#4417));
#889=EDGE_LOOP('',(#4418,#4419,#4420,#4421));
#890=EDGE_LOOP('',(#4422,#4423,#4424,#4425));
#891=EDGE_LOOP('',(#4426,#4427,#4428));
#892=EDGE_LOOP('',(#4429,#4430,#4431));
#893=EDGE_LOOP('',(#4432,#4433,#4434,#4435));
#894=EDGE_LOOP('',(#4436,#4437,#4438));
#895=EDGE_LOOP('',(#4439,#4440,#4441,#4442));
#896=EDGE_LOOP('',(#4443,#4444,#4445,#4446));
#897=EDGE_LOOP('',(#4447,#4448,#4449,#4450));
#898=EDGE_LOOP('',(#4451,#4452,#4453,#4454));
#899=EDGE_LOOP('',(#4455,#4456,#4457));
#900=EDGE_LOOP('',(#4458,#4459,#4460,#4461));
#901=EDGE_LOOP('',(#4462,#4463,#4464,#4465,#4466,#4467,#4468,#4469));
#902=EDGE_LOOP('',(#4470,#4471,#4472,#4473));
#903=EDGE_LOOP('',(#4474,#4475,#4476,#4477));
#904=EDGE_LOOP('',(#4478,#4479,#4480,#4481,#4482,#4483,#4484,#4485,#4486,
#4487,#4488,#4489));
#905=EDGE_LOOP('',(#4490,#4491,#4492));
#906=EDGE_LOOP('',(#4493,#4494,#4495,#4496));
#907=EDGE_LOOP('',(#4497,#4498,#4499));
#908=EDGE_LOOP('',(#4500,#4501,#4502,#4503,#4504,#4505,#4506,#4507,#4508,
#4509,#4510,#4511));
#909=EDGE_LOOP('',(#4512,#4513,#4514,#4515));
#910=EDGE_LOOP('',(#4516,#4517,#4518,#4519));
#911=EDGE_LOOP('',(#4520,#4521,#4522));
#912=EDGE_LOOP('',(#4523,#4524,#4525));
#913=EDGE_LOOP('',(#4526,#4527,#4528));
#914=EDGE_LOOP('',(#4529,#4530,#4531,#4532));
#915=EDGE_LOOP('',(#4533,#4534,#4535,#4536));
#916=EDGE_LOOP('',(#4537,#4538,#4539,#4540));
#917=EDGE_LOOP('',(#4541,#4542,#4543,#4544));
#918=EDGE_LOOP('',(#4545,#4546,#4547,#4548));
#919=EDGE_LOOP('',(#4549,#4550,#4551));
#920=EDGE_LOOP('',(#4552,#4553,#4554,#4555));
#921=EDGE_LOOP('',(#4556,#4557,#4558,#4559,#4560,#4561,#4562,#4563));
#922=EDGE_LOOP('',(#4564,#4565,#4566,#4567));
#923=EDGE_LOOP('',(#4568,#4569,#4570,#4571));
#924=EDGE_LOOP('',(#4572,#4573,#4574));
#925=EDGE_LOOP('',(#4575,#4576,#4577,#4578,#4579));
#926=EDGE_LOOP('',(#4580,#4581,#4582));
#927=EDGE_LOOP('',(#4583,#4584,#4585,#4586,#4587));
#928=EDGE_LOOP('',(#4588,#4589,#4590,#4591));
#929=EDGE_LOOP('',(#4592,#4593,#4594));
#930=EDGE_LOOP('',(#4595,#4596,#4597,#4598,#4599));
#931=EDGE_LOOP('',(#4600,#4601,#4602));
#932=EDGE_LOOP('',(#4603,#4604,#4605,#4606,#4607));
#933=EDGE_LOOP('',(#4608,#4609,#4610,#4611));
#934=EDGE_LOOP('',(#4612,#4613,#4614,#4615));
#935=EDGE_LOOP('',(#4616,#4617,#4618,#4619));
#936=EDGE_LOOP('',(#4620,#4621,#4622,#4623));
#937=EDGE_LOOP('',(#4624,#4625,#4626,#4627,#4628,#4629,#4630));
#938=EDGE_LOOP('',(#4631,#4632,#4633,#4634,#4635,#4636,#4637));
#939=EDGE_LOOP('',(#4638,#4639,#4640,#4641));
#940=EDGE_LOOP('',(#4642,#4643,#4644,#4645,#4646,#4647,#4648));
#941=EDGE_LOOP('',(#4649,#4650,#4651,#4652));
#942=EDGE_LOOP('',(#4653,#4654,#4655,#4656));
#943=EDGE_LOOP('',(#4657,#4658,#4659,#4660,#4661,#4662));
#944=EDGE_LOOP('',(#4663,#4664,#4665,#4666,#4667,#4668));
#945=EDGE_LOOP('',(#4669,#4670,#4671,#4672,#4673,#4674));
#946=EDGE_LOOP('',(#4675,#4676,#4677,#4678,#4679,#4680));
#947=EDGE_LOOP('',(#4681,#4682,#4683,#4684));
#948=EDGE_LOOP('',(#4685,#4686,#4687,#4688,#4689));
#949=EDGE_LOOP('',(#4690,#4691,#4692,#4693));
#950=EDGE_LOOP('',(#4694,#4695,#4696,#4697));
#951=EDGE_LOOP('',(#4698,#4699,#4700,#4701,#4702));
#952=EDGE_LOOP('',(#4703,#4704,#4705,#4706,#4707,#4708));
#953=EDGE_LOOP('',(#4709,#4710,#4711,#4712));
#954=EDGE_LOOP('',(#4713,#4714,#4715,#4716,#4717));
#955=EDGE_LOOP('',(#4718,#4719,#4720,#4721));
#956=EDGE_LOOP('',(#4722,#4723,#4724,#4725));
#957=EDGE_LOOP('',(#4726,#4727,#4728,#4729));
#958=EDGE_LOOP('',(#4730,#4731,#4732,#4733));
#959=EDGE_LOOP('',(#4734,#4735,#4736,#4737));
#960=EDGE_LOOP('',(#4738,#4739,#4740,#4741,#4742,#4743,#4744,#4745));
#961=EDGE_LOOP('',(#4746,#4747,#4748,#4749,#4750));
#962=EDGE_LOOP('',(#4751,#4752,#4753,#4754));
#963=EDGE_LOOP('',(#4755,#4756,#4757,#4758));
#964=EDGE_LOOP('',(#4759,#4760,#4761,#4762));
#965=EDGE_LOOP('',(#4763,#4764,#4765,#4766));
#966=EDGE_LOOP('',(#4767,#4768,#4769,#4770));
#967=EDGE_LOOP('',(#4771,#4772,#4773,#4774));
#968=EDGE_LOOP('',(#4775,#4776,#4777,#4778));
#969=EDGE_LOOP('',(#4779,#4780,#4781,#4782));
#970=EDGE_LOOP('',(#4783,#4784,#4785,#4786,#4787));
#971=EDGE_LOOP('',(#4788,#4789,#4790,#4791));
#972=EDGE_LOOP('',(#4792,#4793,#4794,#4795));
#973=EDGE_LOOP('',(#4796,#4797,#4798,#4799));
#974=EDGE_LOOP('',(#4800,#4801,#4802,#4803,#4804));
#975=EDGE_LOOP('',(#4805,#4806,#4807,#4808,#4809));
#976=EDGE_LOOP('',(#4810,#4811,#4812,#4813,#4814,#4815));
#977=EDGE_LOOP('',(#4816,#4817,#4818,#4819,#4820));
#978=EDGE_LOOP('',(#4821,#4822,#4823,#4824,#4825,#4826));
#979=EDGE_LOOP('',(#4827,#4828,#4829,#4830,#4831,#4832));
#980=EDGE_LOOP('',(#4833,#4834,#4835,#4836));
#981=EDGE_LOOP('',(#4837,#4838,#4839,#4840,#4841));
#982=EDGE_LOOP('',(#4842,#4843,#4844,#4845));
#983=EDGE_LOOP('',(#4846,#4847,#4848,#4849));
#984=EDGE_LOOP('',(#4850,#4851,#4852,#4853,#4854,#4855));
#985=EDGE_LOOP('',(#4856,#4857,#4858,#4859,#4860,#4861));
#986=EDGE_LOOP('',(#4862,#4863,#4864,#4865));
#987=EDGE_LOOP('',(#4866,#4867,#4868,#4869));
#988=EDGE_LOOP('',(#4870,#4871,#4872,#4873));
#989=EDGE_LOOP('',(#4874,#4875,#4876,#4877,#4878,#4879,#4880,#4881));
#990=EDGE_LOOP('',(#4882,#4883,#4884,#4885,#4886));
#991=EDGE_LOOP('',(#4887));
#992=EDGE_LOOP('',(#4888,#4889,#4890,#4891,#4892));
#993=EDGE_LOOP('',(#4893));
#994=EDGE_LOOP('',(#4894,#4895,#4896,#4897,#4898,#4899,#4900,#4901));
#995=EDGE_LOOP('',(#4902,#4903,#4904,#4905,#4906));
#996=EDGE_LOOP('',(#4907,#4908,#4909,#4910));
#997=EDGE_LOOP('',(#4911,#4912,#4913,#4914,#4915,#4916));
#998=EDGE_LOOP('',(#4917,#4918,#4919,#4920,#4921,#4922,#4923,#4924));
#999=EDGE_LOOP('',(#4925,#4926,#4927,#4928,#4929));
#1000=EDGE_LOOP('',(#4930,#4931,#4932,#4933));
#1001=EDGE_LOOP('',(#4934,#4935,#4936,#4937,#4938,#4939));
#1002=EDGE_LOOP('',(#4940,#4941,#4942,#4943));
#1003=EDGE_LOOP('',(#4944,#4945,#4946,#4947,#4948));
#1004=EDGE_LOOP('',(#4949,#4950,#4951,#4952,#4953,#4954));
#1005=EDGE_LOOP('',(#4955,#4956,#4957,#4958,#4959,#4960));
#1006=EDGE_LOOP('',(#4961,#4962,#4963,#4964));
#1007=EDGE_LOOP('',(#4965,#4966,#4967,#4968,#4969));
#1008=EDGE_LOOP('',(#4970));
#1009=EDGE_LOOP('',(#4971,#4972,#4973,#4974));
#1010=EDGE_LOOP('',(#4975,#4976,#4977,#4978,#4979));
#1011=EDGE_LOOP('',(#4980,#4981,#4982,#4983,#4984,#4985,#4986,#4987));
#1012=EDGE_LOOP('',(#4988,#4989,#4990,#4991,#4992,#4993));
#1013=EDGE_LOOP('',(#4994,#4995,#4996,#4997));
#1014=EDGE_LOOP('',(#4998,#4999,#5000,#5001,#5002));
#1015=EDGE_LOOP('',(#5003));
#1016=EDGE_LOOP('',(#5004,#5005,#5006,#5007));
#1017=EDGE_LOOP('',(#5008,#5009,#5010,#5011));
#1018=EDGE_LOOP('',(#5012,#5013,#5014,#5015));
#1019=EDGE_LOOP('',(#5016,#5017,#5018,#5019,#5020,#5021,#5022,#5023));
#1020=EDGE_LOOP('',(#5024,#5025,#5026,#5027,#5028,#5029,#5030,#5031));
#1021=EDGE_LOOP('',(#5032,#5033,#5034,#5035));
#1022=EDGE_LOOP('',(#5036,#5037,#5038,#5039));
#1023=EDGE_LOOP('',(#5040,#5041,#5042,#5043,#5044,#5045,#5046,#5047));
#1024=EDGE_LOOP('',(#5048));
#1025=EDGE_LOOP('',(#5049));
#1026=EDGE_LOOP('',(#5050));
#1027=EDGE_LOOP('',(#5051));
#1028=EDGE_LOOP('',(#5052));
#1029=EDGE_LOOP('',(#5053,#5054,#5055,#5056,#5057));
#1030=EDGE_LOOP('',(#5058,#5059,#5060,#5061));
#1031=EDGE_LOOP('',(#5062,#5063,#5064,#5065,#5066));
#1032=EDGE_LOOP('',(#5067,#5068,#5069,#5070));
#1033=EDGE_LOOP('',(#5071,#5072,#5073,#5074));
#1034=EDGE_LOOP('',(#5075));
#1035=EDGE_LOOP('',(#5076));
#1036=EDGE_LOOP('',(#5077,#5078,#5079,#5080,#5081,#5082,#5083,#5084));
#1037=EDGE_LOOP('',(#5085,#5086,#5087,#5088));
#1038=EDGE_LOOP('',(#5089,#5090,#5091,#5092));
#1039=EDGE_LOOP('',(#5093,#5094,#5095,#5096,#5097,#5098,#5099,#5100));
#1040=EDGE_LOOP('',(#5101,#5102,#5103,#5104));
#1041=EDGE_LOOP('',(#5105,#5106,#5107,#5108));
#1042=EDGE_LOOP('',(#5109,#5110,#5111,#5112,#5113));
#1043=EDGE_LOOP('',(#5114,#5115,#5116,#5117));
#1044=EDGE_LOOP('',(#5118,#5119,#5120,#5121));
#1045=EDGE_LOOP('',(#5122,#5123,#5124,#5125));
#1046=EDGE_LOOP('',(#5126,#5127,#5128,#5129));
#1047=EDGE_LOOP('',(#5130,#5131,#5132,#5133,#5134));
#1048=EDGE_LOOP('',(#5135,#5136,#5137,#5138));
#1049=EDGE_LOOP('',(#5139,#5140,#5141,#5142));
#1050=EDGE_LOOP('',(#5143,#5144,#5145));
#1051=EDGE_LOOP('',(#5146));
#1052=EDGE_LOOP('',(#5147,#5148,#5149));
#1053=EDGE_LOOP('',(#5150));
#1054=EDGE_LOOP('',(#5151,#5152,#5153));
#1055=EDGE_LOOP('',(#5154));
#1056=EDGE_LOOP('',(#5155,#5156,#5157));
#1057=EDGE_LOOP('',(#5158));
#1058=EDGE_LOOP('',(#5159,#5160,#5161,#5162,#5163,#5164,#5165,#5166));
#1059=EDGE_LOOP('',(#5167,#5168,#5169,#5170,#5171));
#1060=EDGE_LOOP('',(#5172,#5173,#5174,#5175));
#1061=EDGE_LOOP('',(#5176,#5177,#5178,#5179,#5180,#5181,#5182));
#1062=EDGE_LOOP('',(#5183,#5184,#5185,#5186));
#1063=EDGE_LOOP('',(#5187,#5188,#5189,#5190));
#1064=EDGE_LOOP('',(#5191,#5192,#5193,#5194));
#1065=EDGE_LOOP('',(#5195,#5196,#5197,#5198));
#1066=EDGE_LOOP('',(#5199,#5200,#5201,#5202));
#1067=EDGE_LOOP('',(#5203));
#1068=EDGE_LOOP('',(#5204,#5205,#5206,#5207));
#1069=EDGE_LOOP('',(#5208,#5209,#5210,#5211,#5212,#5213));
#1070=EDGE_LOOP('',(#5214,#5215,#5216,#5217,#5218,#5219,#5220,#5221,#5222,
#5223,#5224,#5225,#5226,#5227,#5228,#5229,#5230,#5231,#5232,#5233,#5234,
#5235,#5236,#5237,#5238,#5239,#5240,#5241));
#1071=EDGE_LOOP('',(#5242));
#1072=EDGE_LOOP('',(#5243));
#1073=EDGE_LOOP('',(#5244));
#1074=EDGE_LOOP('',(#5245));
#1075=EDGE_LOOP('',(#5246,#5247,#5248,#5249));
#1076=EDGE_LOOP('',(#5250,#5251,#5252,#5253,#5254,#5255));
#1077=EDGE_LOOP('',(#5256,#5257,#5258,#5259));
#1078=EDGE_LOOP('',(#5260,#5261,#5262,#5263));
#1079=EDGE_LOOP('',(#5264,#5265,#5266,#5267));
#1080=EDGE_LOOP('',(#5268,#5269,#5270,#5271));
#1081=EDGE_LOOP('',(#5272,#5273,#5274,#5275));
#1082=EDGE_LOOP('',(#5276,#5277,#5278,#5279));
#1083=EDGE_LOOP('',(#5280,#5281,#5282,#5283));
#1084=EDGE_LOOP('',(#5284,#5285,#5286,#5287));
#1085=EDGE_LOOP('',(#5288,#5289,#5290,#5291,#5292));
#1086=EDGE_LOOP('',(#5293,#5294,#5295,#5296,#5297));
#1087=EDGE_LOOP('',(#5298,#5299,#5300,#5301));
#1088=EDGE_LOOP('',(#5302,#5303,#5304,#5305));
#1089=EDGE_LOOP('',(#5306,#5307,#5308,#5309));
#1090=EDGE_LOOP('',(#5310,#5311,#5312,#5313));
#1091=EDGE_LOOP('',(#5314,#5315,#5316,#5317,#5318,#5319));
#1092=EDGE_LOOP('',(#5320));
#1093=EDGE_LOOP('',(#5321,#5322,#5323,#5324));
#1094=EDGE_LOOP('',(#5325,#5326,#5327,#5328));
#1095=EDGE_LOOP('',(#5329,#5330,#5331,#5332));
#1096=EDGE_LOOP('',(#5333,#5334,#5335,#5336));
#1097=EDGE_LOOP('',(#5337,#5338,#5339,#5340));
#1098=EDGE_LOOP('',(#5341,#5342,#5343,#5344));
#1099=EDGE_LOOP('',(#5345,#5346,#5347,#5348,#5349,#5350));
#1100=EDGE_LOOP('',(#5351));
#1101=EDGE_LOOP('',(#5352,#5353,#5354,#5355));
#1102=EDGE_LOOP('',(#5356,#5357,#5358,#5359));
#1103=EDGE_LOOP('',(#5360,#5361,#5362,#5363));
#1104=EDGE_LOOP('',(#5364,#5365,#5366,#5367));
#1105=EDGE_LOOP('',(#5368,#5369,#5370,#5371));
#1106=EDGE_LOOP('',(#5372,#5373,#5374,#5375));
#1107=EDGE_LOOP('',(#5376,#5377,#5378,#5379,#5380,#5381));
#1108=EDGE_LOOP('',(#5382));
#1109=EDGE_LOOP('',(#5383,#5384,#5385,#5386));
#1110=EDGE_LOOP('',(#5387,#5388,#5389,#5390));
#1111=EDGE_LOOP('',(#5391,#5392,#5393,#5394));
#1112=EDGE_LOOP('',(#5395,#5396,#5397,#5398));
#1113=EDGE_LOOP('',(#5399,#5400,#5401,#5402));
#1114=EDGE_LOOP('',(#5403,#5404,#5405,#5406));
#1115=EDGE_LOOP('',(#5407,#5408,#5409,#5410,#5411,#5412));
#1116=EDGE_LOOP('',(#5413));
#1117=EDGE_LOOP('',(#5414,#5415,#5416,#5417));
#1118=EDGE_LOOP('',(#5418,#5419,#5420,#5421));
#1119=EDGE_LOOP('',(#5422,#5423,#5424,#5425));
#1120=EDGE_LOOP('',(#5426,#5427,#5428,#5429));
#1121=EDGE_LOOP('',(#5430,#5431,#5432,#5433));
#1122=EDGE_LOOP('',(#5434,#5435,#5436,#5437));
#1123=EDGE_LOOP('',(#5438,#5439,#5440,#5441,#5442,#5443));
#1124=EDGE_LOOP('',(#5444,#5445,#5446,#5447));
#1125=EDGE_LOOP('',(#5448));
#1126=EDGE_LOOP('',(#5449,#5450,#5451,#5452));
#1127=EDGE_LOOP('',(#5453));
#1128=EDGE_LOOP('',(#5454,#5455,#5456,#5457));
#1129=EDGE_LOOP('',(#5458));
#1130=EDGE_LOOP('',(#5459,#5460,#5461,#5462));
#1131=EDGE_LOOP('',(#5463));
#1132=EDGE_LOOP('',(#5464,#5465,#5466,#5467,#5468,#5469));
#1133=EDGE_LOOP('',(#5470,#5471,#5472,#5473,#5474,#5475));
#1134=EDGE_LOOP('',(#5476,#5477,#5478,#5479));
#1135=EDGE_LOOP('',(#5480));
#1136=EDGE_LOOP('',(#5481,#5482));
#1137=EDGE_LOOP('',(#5483,#5484,#5485,#5486));
#1138=EDGE_LOOP('',(#5487,#5488,#5489,#5490,#5491,#5492));
#1139=EDGE_LOOP('',(#5493,#5494));
#1140=EDGE_LOOP('',(#5495,#5496,#5497,#5498,#5499,#5500,#5501,#5502,#5503,
#5504,#5505,#5506,#5507,#5508));
#1141=EDGE_LOOP('',(#5509,#5510,#5511,#5512));
#1142=EDGE_LOOP('',(#5513,#5514,#5515,#5516,#5517,#5518));
#1143=EDGE_LOOP('',(#5519,#5520,#5521,#5522));
#1144=EDGE_LOOP('',(#5523,#5524,#5525,#5526,#5527,#5528,#5529,#5530,#5531,
#5532));
#1145=EDGE_LOOP('',(#5533,#5534,#5535,#5536,#5537,#5538,#5539,#5540,#5541,
#5542,#5543,#5544,#5545,#5546));
#1146=EDGE_LOOP('',(#5547,#5548,#5549,#5550));
#1147=EDGE_LOOP('',(#5551,#5552));
#1148=EDGE_LOOP('',(#5553,#5554,#5555,#5556));
#1149=EDGE_LOOP('',(#5557,#5558,#5559,#5560,#5561,#5562));
#1150=EDGE_LOOP('',(#5563,#5564));
#1151=EDGE_LOOP('',(#5565,#5566,#5567,#5568,#5569,#5570,#5571,#5572,#5573,
#5574,#5575,#5576));
#1152=EDGE_LOOP('',(#5577,#5578,#5579,#5580));
#1153=EDGE_LOOP('',(#5581,#5582,#5583,#5584,#5585,#5586));
#1154=EDGE_LOOP('',(#5587,#5588,#5589,#5590,#5591,#5592,#5593,#5594,#5595,
#5596,#5597,#5598));
#1155=EDGE_LOOP('',(#5599,#5600,#5601,#5602,#5603));
#1156=EDGE_LOOP('',(#5604,#5605,#5606,#5607,#5608,#5609));
#1157=EDGE_LOOP('',(#5610,#5611,#5612,#5613,#5614,#5615));
#1158=EDGE_LOOP('',(#5616,#5617,#5618));
#1159=EDGE_LOOP('',(#5619,#5620,#5621,#5622));
#1160=EDGE_LOOP('',(#5623,#5624,#5625,#5626,#5627));
#1161=EDGE_LOOP('',(#5628,#5629,#5630,#5631,#5632,#5633,#5634,#5635,#5636,
#5637,#5638,#5639,#5640,#5641,#5642,#5643,#5644,#5645,#5646,#5647,#5648,
#5649,#5650,#5651,#5652,#5653,#5654));
#1162=EDGE_LOOP('',(#5655,#5656,#5657,#5658,#5659));
#1163=EDGE_LOOP('',(#5660,#5661,#5662,#5663,#5664,#5665));
#1164=EDGE_LOOP('',(#5666,#5667,#5668,#5669));
#1165=EDGE_LOOP('',(#5670,#5671,#5672));
#1166=LINE('',#8505,#1689);
#1167=LINE('',#8508,#1690);
#1168=LINE('',#8511,#1691);
#1169=LINE('',#8513,#1692);
#1170=LINE('',#8514,#1693);
#1171=LINE('',#8520,#1694);
#1172=LINE('',#8523,#1695);
#1173=LINE('',#8525,#1696);
#1174=LINE('',#8526,#1697);
#1175=LINE('',#8532,#1698);
#1176=LINE('',#8535,#1699);
#1177=LINE('',#8537,#1700);
#1178=LINE('',#8538,#1701);
#1179=LINE('',#8544,#1702);
#1180=LINE('',#8546,#1703);
#1181=LINE('',#8547,#1704);
#1182=LINE('',#8553,#1705);
#1183=LINE('',#8554,#1706);
#1184=LINE('',#8560,#1707);
#1185=LINE('',#8561,#1708);
#1186=LINE('',#8567,#1709);
#1187=LINE('',#8568,#1710);
#1188=LINE('',#8574,#1711);
#1189=LINE('',#8575,#1712);
#1190=LINE('',#8581,#1713);
#1191=LINE('',#8582,#1714);
#1192=LINE('',#8588,#1715);
#1193=LINE('',#8589,#1716);
#1194=LINE('',#8595,#1717);
#1195=LINE('',#8596,#1718);
#1196=LINE('',#8602,#1719);
#1197=LINE('',#8603,#1720);
#1198=LINE('',#8606,#1721);
#1199=LINE('',#8609,#1722);
#1200=LINE('',#8612,#1723);
#1201=LINE('',#8643,#1724);
#1202=LINE('',#8645,#1725);
#1203=LINE('',#8646,#1726);
#1204=LINE('',#8649,#1727);
#1205=LINE('',#8652,#1728);
#1206=LINE('',#8655,#1729);
#1207=LINE('',#8686,#1730);
#1208=LINE('',#8688,#1731);
#1209=LINE('',#8689,#1732);
#1210=LINE('',#8693,#1733);
#1211=LINE('',#8695,#1734);
#1212=LINE('',#8697,#1735);
#1213=LINE('',#8698,#1736);
#1214=LINE('',#8701,#1737);
#1215=LINE('',#8703,#1738);
#1216=LINE('',#8704,#1739);
#1217=LINE('',#8707,#1740);
#1218=LINE('',#8709,#1741);
#1219=LINE('',#8710,#1742);
#1220=LINE('',#8713,#1743);
#1221=LINE('',#8715,#1744);
#1222=LINE('',#8716,#1745);
#1223=LINE('',#8719,#1746);
#1224=LINE('',#8721,#1747);
#1225=LINE('',#8722,#1748);
#1226=LINE('',#8724,#1749);
#1227=LINE('',#8725,#1750);
#1228=LINE('',#8732,#1751);
#1229=LINE('',#8734,#1752);
#1230=LINE('',#8736,#1753);
#1231=LINE('',#8737,#1754);
#1232=LINE('',#8740,#1755);
#1233=LINE('',#8742,#1756);
#1234=LINE('',#8743,#1757);
#1235=LINE('',#8746,#1758);
#1236=LINE('',#8748,#1759);
#1237=LINE('',#8749,#1760);
#1238=LINE('',#8752,#1761);
#1239=LINE('',#8754,#1762);
#1240=LINE('',#8755,#1763);
#1241=LINE('',#8758,#1764);
#1242=LINE('',#8760,#1765);
#1243=LINE('',#8761,#1766);
#1244=LINE('',#8763,#1767);
#1245=LINE('',#8764,#1768);
#1246=LINE('',#8771,#1769);
#1247=LINE('',#8773,#1770);
#1248=LINE('',#8775,#1771);
#1249=LINE('',#8776,#1772);
#1250=LINE('',#8779,#1773);
#1251=LINE('',#8781,#1774);
#1252=LINE('',#8782,#1775);
#1253=LINE('',#8785,#1776);
#1254=LINE('',#8787,#1777);
#1255=LINE('',#8788,#1778);
#1256=LINE('',#8791,#1779);
#1257=LINE('',#8793,#1780);
#1258=LINE('',#8794,#1781);
#1259=LINE('',#8797,#1782);
#1260=LINE('',#8799,#1783);
#1261=LINE('',#8800,#1784);
#1262=LINE('',#8802,#1785);
#1263=LINE('',#8803,#1786);
#1264=LINE('',#8810,#1787);
#1265=LINE('',#8812,#1788);
#1266=LINE('',#8814,#1789);
#1267=LINE('',#8815,#1790);
#1268=LINE('',#8818,#1791);
#1269=LINE('',#8820,#1792);
#1270=LINE('',#8821,#1793);
#1271=LINE('',#8824,#1794);
#1272=LINE('',#8826,#1795);
#1273=LINE('',#8827,#1796);
#1274=LINE('',#8830,#1797);
#1275=LINE('',#8832,#1798);
#1276=LINE('',#8833,#1799);
#1277=LINE('',#8836,#1800);
#1278=LINE('',#8838,#1801);
#1279=LINE('',#8839,#1802);
#1280=LINE('',#8841,#1803);
#1281=LINE('',#8842,#1804);
#1282=LINE('',#8849,#1805);
#1283=LINE('',#8851,#1806);
#1284=LINE('',#8853,#1807);
#1285=LINE('',#8854,#1808);
#1286=LINE('',#8857,#1809);
#1287=LINE('',#8859,#1810);
#1288=LINE('',#8860,#1811);
#1289=LINE('',#8863,#1812);
#1290=LINE('',#8865,#1813);
#1291=LINE('',#8866,#1814);
#1292=LINE('',#8869,#1815);
#1293=LINE('',#8871,#1816);
#1294=LINE('',#8872,#1817);
#1295=LINE('',#8875,#1818);
#1296=LINE('',#8877,#1819);
#1297=LINE('',#8878,#1820);
#1298=LINE('',#8880,#1821);
#1299=LINE('',#8881,#1822);
#1300=LINE('',#8888,#1823);
#1301=LINE('',#8890,#1824);
#1302=LINE('',#8892,#1825);
#1303=LINE('',#8893,#1826);
#1304=LINE('',#8896,#1827);
#1305=LINE('',#8898,#1828);
#1306=LINE('',#8899,#1829);
#1307=LINE('',#8902,#1830);
#1308=LINE('',#8904,#1831);
#1309=LINE('',#8905,#1832);
#1310=LINE('',#8908,#1833);
#1311=LINE('',#8910,#1834);
#1312=LINE('',#8911,#1835);
#1313=LINE('',#8914,#1836);
#1314=LINE('',#8916,#1837);
#1315=LINE('',#8917,#1838);
#1316=LINE('',#8919,#1839);
#1317=LINE('',#8920,#1840);
#1318=LINE('',#8928,#1841);
#1319=LINE('',#8934,#1842);
#1320=LINE('',#8940,#1843);
#1321=LINE('',#8946,#1844);
#1322=LINE('',#8956,#1845);
#1323=LINE('',#8962,#1846);
#1324=LINE('',#8971,#1847);
#1325=LINE('',#8983,#1848);
#1326=LINE('',#8985,#1849);
#1327=LINE('',#8988,#1850);
#1328=LINE('',#8991,#1851);
#1329=LINE('',#8994,#1852);
#1330=LINE('',#8998,#1853);
#1331=LINE('',#9001,#1854);
#1332=LINE('',#9005,#1855);
#1333=LINE('',#9008,#1856);
#1334=LINE('',#9012,#1857);
#1335=LINE('',#9015,#1858);
#1336=LINE('',#9017,#1859);
#1337=LINE('',#9020,#1860);
#1338=LINE('',#9023,#1861);
#1339=LINE('',#9027,#1862);
#1340=LINE('',#9032,#1863);
#1341=LINE('',#9036,#1864);
#1342=LINE('',#9042,#1865);
#1343=LINE('',#9051,#1866);
#1344=LINE('',#9063,#1867);
#1345=LINE('',#9072,#1868);
#1346=LINE('',#9075,#1869);
#1347=LINE('',#9077,#1870);
#1348=LINE('',#9080,#1871);
#1349=LINE('',#9083,#1872);
#1350=LINE('',#9087,#1873);
#1351=LINE('',#9090,#1874);
#1352=LINE('',#9093,#1875);
#1353=LINE('',#9096,#1876);
#1354=LINE('',#9098,#1877);
#1355=LINE('',#9101,#1878);
#1356=LINE('',#9107,#1879);
#1357=LINE('',#9111,#1880);
#1358=LINE('',#9115,#1881);
#1359=LINE('',#9117,#1882);
#1360=LINE('',#9132,#1883);
#1361=LINE('',#9141,#1884);
#1362=LINE('',#9142,#1885);
#1363=LINE('',#9144,#1886);
#1364=LINE('',#9164,#1887);
#1365=LINE('',#9184,#1888);
#1366=LINE('',#9186,#1889);
#1367=LINE('',#9188,#1890);
#1368=LINE('',#9190,#1891);
#1369=LINE('',#9192,#1892);
#1370=LINE('',#9196,#1893);
#1371=LINE('',#9216,#1894);
#1372=LINE('',#9235,#1895);
#1373=LINE('',#9237,#1896);
#1374=LINE('',#9238,#1897);
#1375=LINE('',#9244,#1898);
#1376=LINE('',#9247,#1899);
#1377=LINE('',#9250,#1900);
#1378=LINE('',#9262,#1901);
#1379=LINE('',#9273,#1902);
#1380=LINE('',#9274,#1903);
#1381=LINE('',#9300,#1904);
#1382=LINE('',#9312,#1905);
#1383=LINE('',#9313,#1906);
#1384=LINE('',#9320,#1907);
#1385=LINE('',#9323,#1908);
#1386=LINE('',#9326,#1909);
#1387=LINE('',#9330,#1910);
#1388=LINE('',#9333,#1911);
#1389=LINE('',#9349,#1912);
#1390=LINE('',#9350,#1913);
#1391=LINE('',#9359,#1914);
#1392=LINE('',#9360,#1915);
#1393=LINE('',#9365,#1916);
#1394=LINE('',#9366,#1917);
#1395=LINE('',#9371,#1918);
#1396=LINE('',#9372,#1919);
#1397=LINE('',#9377,#1920);
#1398=LINE('',#9378,#1921);
#1399=LINE('',#9385,#1922);
#1400=LINE('',#9388,#1923);
#1401=LINE('',#9391,#1924);
#1402=LINE('',#9393,#1925);
#1403=LINE('',#9396,#1926);
#1404=LINE('',#9399,#1927);
#1405=LINE('',#9403,#1928);
#1406=LINE('',#9406,#1929);
#1407=LINE('',#9409,#1930);
#1408=LINE('',#9410,#1931);
#1409=LINE('',#9412,#1932);
#1410=LINE('',#9414,#1933);
#1411=LINE('',#9416,#1934);
#1412=LINE('',#9418,#1935);
#1413=LINE('',#9419,#1936);
#1414=LINE('',#9429,#1937);
#1415=LINE('',#9432,#1938);
#1416=LINE('',#9439,#1939);
#1417=LINE('',#9441,#1940);
#1418=LINE('',#9442,#1941);
#1419=LINE('',#9444,#1942);
#1420=LINE('',#9446,#1943);
#1421=LINE('',#9448,#1944);
#1422=LINE('',#9450,#1945);
#1423=LINE('',#9452,#1946);
#1424=LINE('',#9453,#1947);
#1425=LINE('',#9456,#1948);
#1426=LINE('',#9460,#1949);
#1427=LINE('',#9463,#1950);
#1428=LINE('',#9483,#1951);
#1429=LINE('',#9487,#1952);
#1430=LINE('',#9489,#1953);
#1431=LINE('',#9490,#1954);
#1432=LINE('',#9494,#1955);
#1433=LINE('',#9498,#1956);
#1434=LINE('',#9505,#1957);
#1435=LINE('',#9508,#1958);
#1436=LINE('',#9511,#1959);
#1437=LINE('',#9513,#1960);
#1438=LINE('',#9516,#1961);
#1439=LINE('',#9519,#1962);
#1440=LINE('',#9524,#1963);
#1441=LINE('',#9536,#1964);
#1442=LINE('',#9538,#1965);
#1443=LINE('',#9551,#1966);
#1444=LINE('',#9553,#1967);
#1445=LINE('',#9556,#1968);
#1446=LINE('',#9557,#1969);
#1447=LINE('',#9569,#1970);
#1448=LINE('',#9571,#1971);
#1449=LINE('',#9584,#1972);
#1450=LINE('',#9586,#1973);
#1451=LINE('',#9589,#1974);
#1452=LINE('',#9590,#1975);
#1453=LINE('',#9592,#1976);
#1454=LINE('',#9593,#1977);
#1455=LINE('',#9595,#1978);
#1456=LINE('',#9596,#1979);
#1457=LINE('',#9598,#1980);
#1458=LINE('',#9601,#1981);
#1459=LINE('',#9603,#1982);
#1460=LINE('',#9605,#1983);
#1461=LINE('',#9606,#1984);
#1462=LINE('',#9607,#1985);
#1463=LINE('',#9610,#1986);
#1464=LINE('',#9612,#1987);
#1465=LINE('',#9613,#1988);
#1466=LINE('',#9615,#1989);
#1467=LINE('',#9618,#1990);
#1468=LINE('',#9620,#1991);
#1469=LINE('',#9621,#1992);
#1470=LINE('',#9633,#1993);
#1471=LINE('',#9635,#1994);
#1472=LINE('',#9637,#1995);
#1473=LINE('',#9639,#1996);
#1474=LINE('',#9641,#1997);
#1475=LINE('',#9642,#1998);
#1476=LINE('',#9645,#1999);
#1477=LINE('',#9647,#2000);
#1478=LINE('',#9649,#2001);
#1479=LINE('',#9651,#2002);
#1480=LINE('',#9653,#2003);
#1481=LINE('',#9654,#2004);
#1482=LINE('',#9657,#2005);
#1483=LINE('',#9659,#2006);
#1484=LINE('',#9661,#2007);
#1485=LINE('',#9663,#2008);
#1486=LINE('',#9665,#2009);
#1487=LINE('',#9666,#2010);
#1488=LINE('',#9669,#2011);
#1489=LINE('',#9671,#2012);
#1490=LINE('',#9673,#2013);
#1491=LINE('',#9675,#2014);
#1492=LINE('',#9677,#2015);
#1493=LINE('',#9678,#2016);
#1494=LINE('',#9682,#2017);
#1495=LINE('',#9761,#2018);
#1496=LINE('',#9763,#2019);
#1497=LINE('',#9908,#2020);
#1498=LINE('',#9911,#2021);
#1499=LINE('',#9958,#2022);
#1500=LINE('',#9960,#2023);
#1501=LINE('',#10098,#2024);
#1502=LINE('',#10100,#2025);
#1503=LINE('',#10113,#2026);
#1504=LINE('',#10154,#2027);
#1505=LINE('',#10157,#2028);
#1506=LINE('',#10213,#2029);
#1507=LINE('',#10217,#2030);
#1508=LINE('',#10219,#2031);
#1509=LINE('',#10222,#2032);
#1510=LINE('',#10229,#2033);
#1511=LINE('',#10237,#2034);
#1512=LINE('',#10246,#2035);
#1513=LINE('',#10361,#2036);
#1514=LINE('',#10410,#2037);
#1515=LINE('',#10456,#2038);
#1516=LINE('',#10499,#2039);
#1517=LINE('',#10584,#2040);
#1518=LINE('',#10585,#2041);
#1519=LINE('',#10587,#2042);
#1520=LINE('',#10590,#2043);
#1521=LINE('',#10591,#2044);
#1522=LINE('',#10595,#2045);
#1523=LINE('',#10598,#2046);
#1524=LINE('',#10600,#2047);
#1525=LINE('',#10602,#2048);
#1526=LINE('',#10603,#2049);
#1527=LINE('',#10608,#2050);
#1528=LINE('',#10610,#2051);
#1529=LINE('',#10612,#2052);
#1530=LINE('',#10613,#2053);
#1531=LINE('',#10617,#2054);
#1532=LINE('',#10618,#2055);
#1533=LINE('',#10620,#2056);
#1534=LINE('',#10625,#2057);
#1535=LINE('',#10626,#2058);
#1536=LINE('',#10627,#2059);
#1537=LINE('',#10629,#2060);
#1538=LINE('',#10632,#2061);
#1539=LINE('',#10636,#2062);
#1540=LINE('',#10638,#2063);
#1541=LINE('',#10639,#2064);
#1542=LINE('',#10642,#2065);
#1543=LINE('',#10643,#2066);
#1544=LINE('',#10645,#2067);
#1545=LINE('',#10647,#2068);
#1546=LINE('',#10653,#2069);
#1547=LINE('',#10654,#2070);
#1548=LINE('',#10657,#2071);
#1549=LINE('',#10659,#2072);
#1550=LINE('',#10660,#2073);
#1551=LINE('',#10663,#2074);
#1552=LINE('',#10664,#2075);
#1553=LINE('',#10666,#2076);
#1554=LINE('',#10668,#2077);
#1555=LINE('',#10675,#2078);
#1556=LINE('',#10679,#2079);
#1557=LINE('',#10683,#2080);
#1558=LINE('',#10685,#2081);
#1559=LINE('',#10689,#2082);
#1560=LINE('',#10694,#2083);
#1561=LINE('',#10695,#2084);
#1562=LINE('',#10698,#2085);
#1563=LINE('',#10699,#2086);
#1564=LINE('',#10701,#2087);
#1565=LINE('',#10704,#2088);
#1566=LINE('',#10706,#2089);
#1567=LINE('',#10707,#2090);
#1568=LINE('',#10710,#2091);
#1569=LINE('',#10712,#2092);
#1570=LINE('',#10713,#2093);
#1571=LINE('',#10721,#2094);
#1572=LINE('',#10733,#2095);
#1573=LINE('',#10735,#2096);
#1574=LINE('',#10736,#2097);
#1575=LINE('',#10739,#2098);
#1576=LINE('',#10741,#2099);
#1577=LINE('',#10742,#2100);
#1578=LINE('',#10745,#2101);
#1579=LINE('',#10747,#2102);
#1580=LINE('',#10749,#2103);
#1581=LINE('',#10750,#2104);
#1582=LINE('',#10753,#2105);
#1583=LINE('',#10755,#2106);
#1584=LINE('',#10756,#2107);
#1585=LINE('',#10759,#2108);
#1586=LINE('',#10760,#2109);
#1587=LINE('',#11192,#2110);
#1588=LINE('',#11423,#2111);
#1589=LINE('',#11427,#2112);
#1590=LINE('',#11440,#2113);
#1591=LINE('',#11445,#2114);
#1592=LINE('',#11454,#2115);
#1593=LINE('',#11458,#2116);
#1594=LINE('',#11462,#2117);
#1595=LINE('',#11466,#2118);
#1596=LINE('',#11470,#2119);
#1597=LINE('',#11473,#2120);
#1598=LINE('',#11504,#2121);
#1599=LINE('',#11508,#2122);
#1600=LINE('',#11515,#2123);
#1601=LINE('',#11519,#2124);
#1602=LINE('',#11522,#2125);
#1603=LINE('',#11525,#2126);
#1604=LINE('',#11529,#2127);
#1605=LINE('',#11532,#2128);
#1606=LINE('',#11536,#2129);
#1607=LINE('',#11539,#2130);
#1608=LINE('',#11543,#2131);
#1609=LINE('',#11546,#2132);
#1610=LINE('',#11549,#2133);
#1611=LINE('',#11551,#2134);
#1612=LINE('',#11554,#2135);
#1613=LINE('',#11556,#2136);
#1614=LINE('',#11561,#2137);
#1615=LINE('',#11563,#2138);
#1616=LINE('',#11565,#2139);
#1617=LINE('',#11567,#2140);
#1618=LINE('',#11569,#2141);
#1619=LINE('',#11570,#2142);
#1620=LINE('',#11572,#2143);
#1621=LINE('',#11573,#2144);
#1622=LINE('',#11575,#2145);
#1623=LINE('',#11577,#2146);
#1624=LINE('',#11579,#2147);
#1625=LINE('',#11581,#2148);
#1626=LINE('',#11586,#2149);
#1627=LINE('',#11588,#2150);
#1628=LINE('',#11590,#2151);
#1629=LINE('',#11592,#2152);
#1630=LINE('',#11594,#2153);
#1631=LINE('',#11595,#2154);
#1632=LINE('',#11597,#2155);
#1633=LINE('',#11598,#2156);
#1634=LINE('',#11600,#2157);
#1635=LINE('',#11602,#2158);
#1636=LINE('',#11604,#2159);
#1637=LINE('',#11606,#2160);
#1638=LINE('',#11611,#2161);
#1639=LINE('',#11613,#2162);
#1640=LINE('',#11615,#2163);
#1641=LINE('',#11617,#2164);
#1642=LINE('',#11619,#2165);
#1643=LINE('',#11620,#2166);
#1644=LINE('',#11622,#2167);
#1645=LINE('',#11623,#2168);
#1646=LINE('',#11625,#2169);
#1647=LINE('',#11627,#2170);
#1648=LINE('',#11629,#2171);
#1649=LINE('',#11631,#2172);
#1650=LINE('',#11636,#2173);
#1651=LINE('',#11638,#2174);
#1652=LINE('',#11640,#2175);
#1653=LINE('',#11642,#2176);
#1654=LINE('',#11644,#2177);
#1655=LINE('',#11645,#2178);
#1656=LINE('',#11647,#2179);
#1657=LINE('',#11648,#2180);
#1658=LINE('',#11650,#2181);
#1659=LINE('',#11652,#2182);
#1660=LINE('',#11654,#2183);
#1661=LINE('',#11656,#2184);
#1662=LINE('',#11663,#2185);
#1663=LINE('',#11670,#2186);
#1664=LINE('',#11672,#2187);
#1665=LINE('',#11674,#2188);
#1666=LINE('',#11676,#2189);
#1667=LINE('',#11678,#2190);
#1668=LINE('',#11683,#2191);
#1669=LINE('',#11685,#2192);
#1670=LINE('',#11687,#2193);
#1671=LINE('',#11694,#2194);
#1672=LINE('',#11696,#2195);
#1673=LINE('',#11698,#2196);
#1674=LINE('',#11701,#2197);
#1675=LINE('',#11703,#2198);
#1676=LINE('',#11792,#2199);
#1677=LINE('',#11898,#2200);
#1678=LINE('',#11899,#2201);
#1679=LINE('',#11921,#2202);
#1680=LINE('',#11922,#2203);
#1681=LINE('',#12091,#2204);
#1682=LINE('',#12092,#2205);
#1683=LINE('',#12093,#2206);
#1684=LINE('',#12095,#2207);
#1685=LINE('',#12204,#2208);
#1686=LINE('',#12210,#2209);
#1687=LINE('',#12211,#2210);
#1688=LINE('',#12214,#2211);
#1689=VECTOR('',#6774,10.);
#1690=VECTOR('',#6777,10.);
#1691=VECTOR('',#6780,10.);
#1692=VECTOR('',#6781,10.);
#1693=VECTOR('',#6782,10.);
#1694=VECTOR('',#6787,10.);
#1695=VECTOR('',#6790,10.);
#1696=VECTOR('',#6793,10.);
#1697=VECTOR('',#6794,10.);
#1698=VECTOR('',#6799,10.);
#1699=VECTOR('',#6802,10.);
#1700=VECTOR('',#6805,10.);
#1701=VECTOR('',#6806,10.);
#1702=VECTOR('',#6813,10.);
#1703=VECTOR('',#6816,10.);
#1704=VECTOR('',#6817,10.);
#1705=VECTOR('',#6822,10.);
#1706=VECTOR('',#6823,10.);
#1707=VECTOR('',#6828,10.);
#1708=VECTOR('',#6829,10.);
#1709=VECTOR('',#6834,10.);
#1710=VECTOR('',#6835,10.);
#1711=VECTOR('',#6840,10.);
#1712=VECTOR('',#6841,10.);
#1713=VECTOR('',#6846,10.);
#1714=VECTOR('',#6847,10.);
#1715=VECTOR('',#6852,10.);
#1716=VECTOR('',#6853,10.);
#1717=VECTOR('',#6858,10.);
#1718=VECTOR('',#6859,10.);
#1719=VECTOR('',#6864,10.);
#1720=VECTOR('',#6865,10.);
#1721=VECTOR('',#6868,10.);
#1722=VECTOR('',#6871,10.);
#1723=VECTOR('',#6874,10.);
#1724=VECTOR('',#6875,10.);
#1725=VECTOR('',#6878,10.);
#1726=VECTOR('',#6879,10.);
#1727=VECTOR('',#6882,10.);
#1728=VECTOR('',#6885,10.);
#1729=VECTOR('',#6888,10.);
#1730=VECTOR('',#6889,10.);
#1731=VECTOR('',#6892,10.);
#1732=VECTOR('',#6893,10.);
#1733=VECTOR('',#6896,10.);
#1734=VECTOR('',#6897,10.);
#1735=VECTOR('',#6898,10.);
#1736=VECTOR('',#6899,10.);
#1737=VECTOR('',#6902,10.);
#1738=VECTOR('',#6903,10.);
#1739=VECTOR('',#6904,10.);
#1740=VECTOR('',#6907,10.);
#1741=VECTOR('',#6908,10.);
#1742=VECTOR('',#6909,10.);
#1743=VECTOR('',#6912,10.);
#1744=VECTOR('',#6913,10.);
#1745=VECTOR('',#6914,10.);
#1746=VECTOR('',#6917,10.);
#1747=VECTOR('',#6918,10.);
#1748=VECTOR('',#6919,10.);
#1749=VECTOR('',#6922,10.);
#1750=VECTOR('',#6923,10.);
#1751=VECTOR('',#6930,10.);
#1752=VECTOR('',#6931,10.);
#1753=VECTOR('',#6932,10.);
#1754=VECTOR('',#6933,10.);
#1755=VECTOR('',#6936,10.);
#1756=VECTOR('',#6937,10.);
#1757=VECTOR('',#6938,10.);
#1758=VECTOR('',#6941,10.);
#1759=VECTOR('',#6942,10.);
#1760=VECTOR('',#6943,10.);
#1761=VECTOR('',#6946,10.);
#1762=VECTOR('',#6947,10.);
#1763=VECTOR('',#6948,10.);
#1764=VECTOR('',#6951,10.);
#1765=VECTOR('',#6952,10.);
#1766=VECTOR('',#6953,10.);
#1767=VECTOR('',#6956,10.);
#1768=VECTOR('',#6957,10.);
#1769=VECTOR('',#6964,10.);
#1770=VECTOR('',#6965,10.);
#1771=VECTOR('',#6966,10.);
#1772=VECTOR('',#6967,10.);
#1773=VECTOR('',#6970,10.);
#1774=VECTOR('',#6971,10.);
#1775=VECTOR('',#6972,10.);
#1776=VECTOR('',#6975,10.);
#1777=VECTOR('',#6976,10.);
#1778=VECTOR('',#6977,10.);
#1779=VECTOR('',#6980,10.);
#1780=VECTOR('',#6981,10.);
#1781=VECTOR('',#6982,10.);
#1782=VECTOR('',#6985,10.);
#1783=VECTOR('',#6986,10.);
#1784=VECTOR('',#6987,10.);
#1785=VECTOR('',#6990,10.);
#1786=VECTOR('',#6991,10.);
#1787=VECTOR('',#6998,10.);
#1788=VECTOR('',#6999,10.);
#1789=VECTOR('',#7000,10.);
#1790=VECTOR('',#7001,10.);
#1791=VECTOR('',#7004,10.);
#1792=VECTOR('',#7005,10.);
#1793=VECTOR('',#7006,10.);
#1794=VECTOR('',#7009,10.);
#1795=VECTOR('',#7010,10.);
#1796=VECTOR('',#7011,10.);
#1797=VECTOR('',#7014,10.);
#1798=VECTOR('',#7015,10.);
#1799=VECTOR('',#7016,10.);
#1800=VECTOR('',#7019,10.);
#1801=VECTOR('',#7020,10.);
#1802=VECTOR('',#7021,10.);
#1803=VECTOR('',#7024,10.);
#1804=VECTOR('',#7025,10.);
#1805=VECTOR('',#7032,10.);
#1806=VECTOR('',#7033,10.);
#1807=VECTOR('',#7034,10.);
#1808=VECTOR('',#7035,10.);
#1809=VECTOR('',#7038,10.);
#1810=VECTOR('',#7039,10.);
#1811=VECTOR('',#7040,10.);
#1812=VECTOR('',#7043,10.);
#1813=VECTOR('',#7044,10.);
#1814=VECTOR('',#7045,10.);
#1815=VECTOR('',#7048,10.);
#1816=VECTOR('',#7049,10.);
#1817=VECTOR('',#7050,10.);
#1818=VECTOR('',#7053,10.);
#1819=VECTOR('',#7054,10.);
#1820=VECTOR('',#7055,10.);
#1821=VECTOR('',#7058,10.);
#1822=VECTOR('',#7059,10.);
#1823=VECTOR('',#7066,10.);
#1824=VECTOR('',#7067,10.);
#1825=VECTOR('',#7068,10.);
#1826=VECTOR('',#7069,10.);
#1827=VECTOR('',#7072,10.);
#1828=VECTOR('',#7073,10.);
#1829=VECTOR('',#7074,10.);
#1830=VECTOR('',#7077,10.);
#1831=VECTOR('',#7078,10.);
#1832=VECTOR('',#7079,10.);
#1833=VECTOR('',#7082,10.);
#1834=VECTOR('',#7083,10.);
#1835=VECTOR('',#7084,10.);
#1836=VECTOR('',#7087,10.);
#1837=VECTOR('',#7088,10.);
#1838=VECTOR('',#7089,10.);
#1839=VECTOR('',#7092,10.);
#1840=VECTOR('',#7093,10.);
#1841=VECTOR('',#7102,3.75);
#1842=VECTOR('',#7109,3.75);
#1843=VECTOR('',#7116,3.75);
#1844=VECTOR('',#7123,3.75);
#1845=VECTOR('',#7134,10.);
#1846=VECTOR('',#7139,10.);
#1847=VECTOR('',#7148,10.);
#1848=VECTOR('',#7161,10.);
#1849=VECTOR('',#7164,10.);
#1850=VECTOR('',#7167,10.);
#1851=VECTOR('',#7170,10.);
#1852=VECTOR('',#7173,10.);
#1853=VECTOR('',#7178,10.);
#1854=VECTOR('',#7181,10.);
#1855=VECTOR('',#7188,10.);
#1856=VECTOR('',#7191,10.);
#1857=VECTOR('',#7196,10.);
#1858=VECTOR('',#7199,10.);
#1859=VECTOR('',#7202,10.);
#1860=VECTOR('',#7205,10.);
#1861=VECTOR('',#7208,10.);
#1862=VECTOR('',#7213,10.);
#1863=VECTOR('',#7220,2.);
#1864=VECTOR('',#7225,2.);
#1865=VECTOR('',#7230,10.);
#1866=VECTOR('',#7239,10.);
#1867=VECTOR('',#7252,10.);
#1868=VECTOR('',#7261,10.);
#1869=VECTOR('',#7264,10.);
#1870=VECTOR('',#7267,10.);
#1871=VECTOR('',#7270,10.);
#1872=VECTOR('',#7275,10.);
#1873=VECTOR('',#7280,10.);
#1874=VECTOR('',#7283,10.);
#1875=VECTOR('',#7286,10.);
#1876=VECTOR('',#7289,10.);
#1877=VECTOR('',#7292,10.);
#1878=VECTOR('',#7295,10.);
#1879=VECTOR('',#7304,10.);
#1880=VECTOR('',#7309,2.);
#1881=VECTOR('',#7314,2.);
#1882=VECTOR('',#7317,10.);
#1883=VECTOR('',#7318,10.);
#1884=VECTOR('',#7319,10.);
#1885=VECTOR('',#7320,10.);
#1886=VECTOR('',#7321,10.);
#1887=VECTOR('',#7324,10.);
#1888=VECTOR('',#7327,10.);
#1889=VECTOR('',#7328,10.);
#1890=VECTOR('',#7329,10.);
#1891=VECTOR('',#7330,10.);
#1892=VECTOR('',#7331,10.);
#1893=VECTOR('',#7334,10.);
#1894=VECTOR('',#7337,10.);
#1895=VECTOR('',#7340,10.);
#1896=VECTOR('',#7341,10.);
#1897=VECTOR('',#7342,10.);
#1898=VECTOR('',#7347,10.);
#1899=VECTOR('',#7350,10.);
#1900=VECTOR('',#7353,10.);
#1901=VECTOR('',#7354,10.);
#1902=VECTOR('',#7367,10.);
#1903=VECTOR('',#7368,10.);
#1904=VECTOR('',#7377,10.);
#1905=VECTOR('',#7390,10.);
#1906=VECTOR('',#7391,10.);
#1907=VECTOR('',#7400,10.);
#1908=VECTOR('',#7403,10.);
#1909=VECTOR('',#7406,10.);
#1910=VECTOR('',#7411,10.);
#1911=VECTOR('',#7414,10.);
#1912=VECTOR('',#7433,10.);
#1913=VECTOR('',#7434,10.);
#1914=VECTOR('',#7445,10.);
#1915=VECTOR('',#7446,10.);
#1916=VECTOR('',#7451,10.);
#1917=VECTOR('',#7452,10.);
#1918=VECTOR('',#7457,10.);
#1919=VECTOR('',#7458,10.);
#1920=VECTOR('',#7463,10.);
#1921=VECTOR('',#7464,10.);
#1922=VECTOR('',#7473,10.);
#1923=VECTOR('',#7476,10.);
#1924=VECTOR('',#7479,10.);
#1925=VECTOR('',#7480,10.);
#1926=VECTOR('',#7483,10.);
#1927=VECTOR('',#7486,10.);
#1928=VECTOR('',#7491,10.);
#1929=VECTOR('',#7494,10.);
#1930=VECTOR('',#7497,10.);
#1931=VECTOR('',#7498,10.);
#1932=VECTOR('',#7499,10.);
#1933=VECTOR('',#7500,10.);
#1934=VECTOR('',#7501,10.);
#1935=VECTOR('',#7502,10.);
#1936=VECTOR('',#7503,10.);
#1937=VECTOR('',#7514,10.);
#1938=VECTOR('',#7517,10.);
#1939=VECTOR('',#7526,10.);
#1940=VECTOR('',#7527,10.);
#1941=VECTOR('',#7528,10.);
#1942=VECTOR('',#7529,10.);
#1943=VECTOR('',#7530,10.);
#1944=VECTOR('',#7531,10.);
#1945=VECTOR('',#7532,10.);
#1946=VECTOR('',#7533,10.);
#1947=VECTOR('',#7534,10.);
#1948=VECTOR('',#7537,10.);
#1949=VECTOR('',#7542,10.);
#1950=VECTOR('',#7545,10.);
#1951=VECTOR('',#7572,10.);
#1952=VECTOR('',#7577,10.);
#1953=VECTOR('',#7580,10.);
#1954=VECTOR('',#7581,10.);
#1955=VECTOR('',#7586,10.);
#1956=VECTOR('',#7591,10.);
#1957=VECTOR('',#7600,10.);
#1958=VECTOR('',#7603,10.);
#1959=VECTOR('',#7606,10.);
#1960=VECTOR('',#7607,10.);
#1961=VECTOR('',#7610,10.);
#1962=VECTOR('',#7613,10.);
#1963=VECTOR('',#7620,10.);
#1964=VECTOR('',#7633,10.);
#1965=VECTOR('',#7634,10.);
#1966=VECTOR('',#7649,10.);
#1967=VECTOR('',#7650,10.);
#1968=VECTOR('',#7655,10.);
#1969=VECTOR('',#7656,10.);
#1970=VECTOR('',#7669,10.);
#1971=VECTOR('',#7670,10.);
#1972=VECTOR('',#7685,10.);
#1973=VECTOR('',#7686,10.);
#1974=VECTOR('',#7691,10.);
#1975=VECTOR('',#7692,10.);
#1976=VECTOR('',#7695,10.);
#1977=VECTOR('',#7696,10.);
#1978=VECTOR('',#7699,10.);
#1979=VECTOR('',#7700,10.);
#1980=VECTOR('',#7703,10.);
#1981=VECTOR('',#7706,10.);
#1982=VECTOR('',#7707,10.);
#1983=VECTOR('',#7708,10.);
#1984=VECTOR('',#7709,10.);
#1985=VECTOR('',#7710,10.);
#1986=VECTOR('',#7713,10.);
#1987=VECTOR('',#7714,10.);
#1988=VECTOR('',#7715,10.);
#1989=VECTOR('',#7718,10.);
#1990=VECTOR('',#7721,10.);
#1991=VECTOR('',#7722,10.);
#1992=VECTOR('',#7723,10.);
#1993=VECTOR('',#7734,10.);
#1994=VECTOR('',#7735,10.);
#1995=VECTOR('',#7736,10.);
#1996=VECTOR('',#7737,10.);
#1997=VECTOR('',#7738,10.);
#1998=VECTOR('',#7739,10.);
#1999=VECTOR('',#7740,10.);
#2000=VECTOR('',#7741,10.);
#2001=VECTOR('',#7742,10.);
#2002=VECTOR('',#7743,10.);
#2003=VECTOR('',#7744,10.);
#2004=VECTOR('',#7745,10.);
#2005=VECTOR('',#7746,10.);
#2006=VECTOR('',#7747,10.);
#2007=VECTOR('',#7748,10.);
#2008=VECTOR('',#7749,10.);
#2009=VECTOR('',#7750,10.);
#2010=VECTOR('',#7751,10.);
#2011=VECTOR('',#7752,10.);
#2012=VECTOR('',#7753,10.);
#2013=VECTOR('',#7754,10.);
#2014=VECTOR('',#7755,10.);
#2015=VECTOR('',#7756,10.);
#2016=VECTOR('',#7757,10.);
#2017=VECTOR('',#7762,10.);
#2018=VECTOR('',#7767,10.);
#2019=VECTOR('',#7770,10.);
#2020=VECTOR('',#7783,10.);
#2021=VECTOR('',#7786,10.);
#2022=VECTOR('',#7793,10.);
#2023=VECTOR('',#7796,10.);
#2024=VECTOR('',#7805,10.);
#2025=VECTOR('',#7808,10.);
#2026=VECTOR('',#7817,10.);
#2027=VECTOR('',#7822,10.);
#2028=VECTOR('',#7825,10.);
#2029=VECTOR('',#7832,10.);
#2030=VECTOR('',#7837,10.);
#2031=VECTOR('',#7840,10.);
#2032=VECTOR('',#7843,10.);
#2033=VECTOR('',#7852,10.);
#2034=VECTOR('',#7863,10.);
#2035=VECTOR('',#7874,10.);
#2036=VECTOR('',#7877,10.);
#2037=VECTOR('',#7880,10.);
#2038=VECTOR('',#7885,10.);
#2039=VECTOR('',#7888,10.);
#2040=VECTOR('',#7893,10.);
#2041=VECTOR('',#7894,10.);
#2042=VECTOR('',#7897,10.);
#2043=VECTOR('',#7900,10.);
#2044=VECTOR('',#7901,10.);
#2045=VECTOR('',#7906,28.25);
#2046=VECTOR('',#7909,10.);
#2047=VECTOR('',#7910,10.);
#2048=VECTOR('',#7911,10.);
#2049=VECTOR('',#7912,10.);
#2050=VECTOR('',#7917,10.);
#2051=VECTOR('',#7918,10.);
#2052=VECTOR('',#7919,10.);
#2053=VECTOR('',#7920,10.);
#2054=VECTOR('',#7925,10.);
#2055=VECTOR('',#7926,10.);
#2056=VECTOR('',#7929,10.);
#2057=VECTOR('',#7936,10.);
#2058=VECTOR('',#7937,10.);
#2059=VECTOR('',#7938,10.);
#2060=VECTOR('',#7941,10.);
#2061=VECTOR('',#7946,10.);
#2062=VECTOR('',#7951,10.);
#2063=VECTOR('',#7952,10.);
#2064=VECTOR('',#7953,10.);
#2065=VECTOR('',#7956,10.);
#2066=VECTOR('',#7957,10.);
#2067=VECTOR('',#7960,10.);
#2068=VECTOR('',#7963,10.);
#2069=VECTOR('',#7970,10.);
#2070=VECTOR('',#7971,10.);
#2071=VECTOR('',#7974,10.);
#2072=VECTOR('',#7975,10.);
#2073=VECTOR('',#7976,10.);
#2074=VECTOR('',#7979,10.);
#2075=VECTOR('',#7980,10.);
#2076=VECTOR('',#7983,10.);
#2077=VECTOR('',#7986,10.);
#2078=VECTOR('',#7995,1.85);
#2079=VECTOR('',#8000,1.85);
#2080=VECTOR('',#8005,1.85);
#2081=VECTOR('',#8008,10.);
#2082=VECTOR('',#8013,1.85);
#2083=VECTOR('',#8020,10.);
#2084=VECTOR('',#8021,10.);
#2085=VECTOR('',#8024,10.);
#2086=VECTOR('',#8025,10.);
#2087=VECTOR('',#8028,10.);
#2088=VECTOR('',#8031,10.);
#2089=VECTOR('',#8032,10.);
#2090=VECTOR('',#8033,10.);
#2091=VECTOR('',#8036,10.);
#2092=VECTOR('',#8037,10.);
#2093=VECTOR('',#8038,10.);
#2094=VECTOR('',#8047,28.25);
#2095=VECTOR('',#8060,10.);
#2096=VECTOR('',#8061,10.);
#2097=VECTOR('',#8062,10.);
#2098=VECTOR('',#8065,10.);
#2099=VECTOR('',#8066,10.);
#2100=VECTOR('',#8067,10.);
#2101=VECTOR('',#8070,10.);
#2102=VECTOR('',#8071,10.);
#2103=VECTOR('',#8072,10.);
#2104=VECTOR('',#8073,10.);
#2105=VECTOR('',#8076,10.);
#2106=VECTOR('',#8077,10.);
#2107=VECTOR('',#8078,10.);
#2108=VECTOR('',#8081,10.);
#2109=VECTOR('',#8082,10.);
#2110=VECTOR('',#8083,10.);
#2111=VECTOR('',#8088,10.);
#2112=VECTOR('',#8093,10.);
#2113=VECTOR('',#8112,10.);
#2114=VECTOR('',#8117,33.05);
#2115=VECTOR('',#8130,29.85);
#2116=VECTOR('',#8135,1.6);
#2117=VECTOR('',#8140,1.6);
#2118=VECTOR('',#8145,1.6);
#2119=VECTOR('',#8150,1.6);
#2120=VECTOR('',#8155,10.);
#2121=VECTOR('',#8180,10.);
#2122=VECTOR('',#8183,10.);
#2123=VECTOR('',#8192,2.);
#2124=VECTOR('',#8197,2.);
#2125=VECTOR('',#8200,10.);
#2126=VECTOR('',#8203,10.);
#2127=VECTOR('',#8208,10.);
#2128=VECTOR('',#8211,10.);
#2129=VECTOR('',#8216,10.);
#2130=VECTOR('',#8219,10.);
#2131=VECTOR('',#8224,10.);
#2132=VECTOR('',#8227,10.);
#2133=VECTOR('',#8232,10.);
#2134=VECTOR('',#8235,10.);
#2135=VECTOR('',#8240,10.);
#2136=VECTOR('',#8243,10.);
#2137=VECTOR('',#8248,10.);
#2138=VECTOR('',#8249,10.);
#2139=VECTOR('',#8250,10.);
#2140=VECTOR('',#8251,10.);
#2141=VECTOR('',#8252,10.);
#2142=VECTOR('',#8253,10.);
#2143=VECTOR('',#8256,10.);
#2144=VECTOR('',#8257,10.);
#2145=VECTOR('',#8260,10.);
#2146=VECTOR('',#8263,10.);
#2147=VECTOR('',#8266,10.);
#2148=VECTOR('',#8269,10.);
#2149=VECTOR('',#8274,10.);
#2150=VECTOR('',#8275,10.);
#2151=VECTOR('',#8276,10.);
#2152=VECTOR('',#8277,10.);
#2153=VECTOR('',#8278,10.);
#2154=VECTOR('',#8279,10.);
#2155=VECTOR('',#8282,10.);
#2156=VECTOR('',#8283,10.);
#2157=VECTOR('',#8286,10.);
#2158=VECTOR('',#8289,10.);
#2159=VECTOR('',#8292,10.);
#2160=VECTOR('',#8295,10.);
#2161=VECTOR('',#8300,10.);
#2162=VECTOR('',#8301,10.);
#2163=VECTOR('',#8302,10.);
#2164=VECTOR('',#8303,10.);
#2165=VECTOR('',#8304,10.);
#2166=VECTOR('',#8305,10.);
#2167=VECTOR('',#8308,10.);
#2168=VECTOR('',#8309,10.);
#2169=VECTOR('',#8312,10.);
#2170=VECTOR('',#8315,10.);
#2171=VECTOR('',#8318,10.);
#2172=VECTOR('',#8321,10.);
#2173=VECTOR('',#8326,10.);
#2174=VECTOR('',#8327,10.);
#2175=VECTOR('',#8328,10.);
#2176=VECTOR('',#8329,10.);
#2177=VECTOR('',#8330,10.);
#2178=VECTOR('',#8331,10.);
#2179=VECTOR('',#8334,10.);
#2180=VECTOR('',#8335,10.);
#2181=VECTOR('',#8338,10.);
#2182=VECTOR('',#8341,10.);
#2183=VECTOR('',#8344,10.);
#2184=VECTOR('',#8347,10.);
#2185=VECTOR('',#8354,10.);
#2186=VECTOR('',#8361,10.);
#2187=VECTOR('',#8364,10.);
#2188=VECTOR('',#8367,10.);
#2189=VECTOR('',#8370,10.);
#2190=VECTOR('',#8373,10.);
#2191=VECTOR('',#8378,10.);
#2192=VECTOR('',#8379,10.);
#2193=VECTOR('',#8380,10.);
#2194=VECTOR('',#8387,10.);
#2195=VECTOR('',#8388,10.);
#2196=VECTOR('',#8389,10.);
#2197=VECTOR('',#8392,10.);
#2198=VECTOR('',#8395,10.);
#2199=VECTOR('',#8416,10.);
#2200=VECTOR('',#8427,10.);
#2201=VECTOR('',#8428,10.);
#2202=VECTOR('',#8431,10.);
#2203=VECTOR('',#8432,10.);
#2204=VECTOR('',#8463,10.);
#2205=VECTOR('',#8464,10.);
#2206=VECTOR('',#8465,10.);
#2207=VECTOR('',#8466,10.);
#2208=VECTOR('',#8473,10.);
#2209=VECTOR('',#8484,10.);
#2210=VECTOR('',#8485,10.);
#2211=VECTOR('',#8490,10.);
#2212=CIRCLE('',#6166,1.);
#2213=CIRCLE('',#6167,1.);
#2214=CIRCLE('',#6170,1.);
#2215=CIRCLE('',#6171,1.);
#2216=CIRCLE('',#6174,1.);
#2217=CIRCLE('',#6175,1.);
#2218=CIRCLE('',#6178,1.);
#2219=CIRCLE('',#6179,1.);
#2220=CIRCLE('',#6182,0.5);
#2221=CIRCLE('',#6184,0.5);
#2222=CIRCLE('',#6186,0.5);
#2223=CIRCLE('',#6188,0.5);
#2224=CIRCLE('',#6190,0.5);
#2225=CIRCLE('',#6192,0.5);
#2226=CIRCLE('',#6194,0.5);
#2227=CIRCLE('',#6196,0.5);
#2228=CIRCLE('',#6198,0.499999999999998);
#2229=CIRCLE('',#6202,0.499999999999998);
#2230=CIRCLE('',#6212,2.);
#2231=CIRCLE('',#6220,2.);
#2232=CIRCLE('',#6228,2.);
#2233=CIRCLE('',#6236,2.);
#2234=CIRCLE('',#6244,2.);
#2235=CIRCLE('',#6252,2.);
#2236=CIRCLE('',#6254,3.75);
#2237=CIRCLE('',#6255,3.75);
#2238=CIRCLE('',#6257,3.75);
#2239=CIRCLE('',#6258,3.75);
#2240=CIRCLE('',#6260,3.75);
#2241=CIRCLE('',#6261,3.75);
#2242=CIRCLE('',#6263,3.75);
#2243=CIRCLE('',#6264,3.75);
#2244=CIRCLE('',#6266,2.);
#2245=CIRCLE('',#6267,7.07106781186548);
#2246=CIRCLE('',#6268,2.);
#2247=CIRCLE('',#6270,2.);
#2248=CIRCLE('',#6271,2.);
#2249=CIRCLE('',#6272,7.07106781186548);
#2250=CIRCLE('',#6274,2.);
#2251=CIRCLE('',#6275,2.);
#2252=CIRCLE('',#6276,7.07106781186548);
#2253=CIRCLE('',#6278,2.);
#2254=CIRCLE('',#6279,7.07106781186548);
#2255=CIRCLE('',#6280,2.);
#2256=CIRCLE('',#6282,2.);
#2257=CIRCLE('',#6284,2.);
#2258=CIRCLE('',#6286,7.07106781186548);
#2259=CIRCLE('',#6288,7.07106781186548);
#2260=CIRCLE('',#6290,2.);
#2261=CIRCLE('',#6292,2.);
#2262=CIRCLE('',#6294,2.);
#2263=CIRCLE('',#6296,2.);
#2264=CIRCLE('',#6298,7.07106781186548);
#2265=CIRCLE('',#6300,2.);
#2266=CIRCLE('',#6302,2.);
#2267=CIRCLE('',#6304,2.);
#2268=CIRCLE('',#6306,2.);
#2269=CIRCLE('',#6307,2.);
#2270=CIRCLE('',#6308,7.07106781186548);
#2271=CIRCLE('',#6310,2.);
#2272=CIRCLE('',#6311,2.);
#2273=CIRCLE('',#6312,7.07106781186548);
#2274=CIRCLE('',#6314,2.);
#2275=CIRCLE('',#6315,7.07106781186548);
#2276=CIRCLE('',#6316,2.);
#2277=CIRCLE('',#6318,2.);
#2278=CIRCLE('',#6319,7.07106781186548);
#2279=CIRCLE('',#6320,2.);
#2280=CIRCLE('',#6322,2.);
#2281=CIRCLE('',#6324,7.07106781186548);
#2282=CIRCLE('',#6326,2.);
#2283=CIRCLE('',#6328,2.);
#2284=CIRCLE('',#6330,2.);
#2285=CIRCLE('',#6332,2.);
#2286=CIRCLE('',#6334,7.07106781186548);
#2287=CIRCLE('',#6336,7.07106781186548);
#2288=CIRCLE('',#6338,2.);
#2289=CIRCLE('',#6340,2.);
#2290=CIRCLE('',#6342,1.28102496759066);
#2291=CIRCLE('',#6343,1.28102496759066);
#2292=CIRCLE('',#6344,2.18002976164114);
#2293=CIRCLE('',#6345,1.28102496759067);
#2294=CIRCLE('',#6346,1.28102496759067);
#2295=CIRCLE('',#6348,0.5);
#2296=CIRCLE('',#6349,0.5);
#2297=CIRCLE('',#6352,0.499999999999998);
#2298=CIRCLE('',#6353,0.5);
#2299=CIRCLE('',#6354,1.);
#2300=CIRCLE('',#6356,0.499999999999998);
#2301=CIRCLE('',#6358,0.5);
#2302=CIRCLE('',#6359,1.);
#2303=CIRCLE('',#6362,0.500000000000007);
#2304=CIRCLE('',#6363,0.5);
#2305=CIRCLE('',#6364,0.499999999999996);
#2306=CIRCLE('',#6366,0.500000000000007);
#2307=CIRCLE('',#6368,0.499999999999996);
#2308=CIRCLE('',#6369,0.5);
#2309=CIRCLE('',#6371,33.75);
#2310=CIRCLE('',#6373,0.500000000000025);
#2311=CIRCLE('',#6377,0.500000000000007);
#2312=CIRCLE('',#6378,0.499999999999998);
#2313=CIRCLE('',#6379,0.5);
#2314=CIRCLE('',#6381,0.499999999999998);
#2315=CIRCLE('',#6382,0.500000000000007);
#2316=CIRCLE('',#6383,0.499999999999998);
#2317=CIRCLE('',#6386,0.499999999999998);
#2318=CIRCLE('',#6387,0.499999999999996);
#2319=CIRCLE('',#6388,0.499999999999996);
#2320=CIRCLE('',#6391,0.5);
#2321=CIRCLE('',#6393,0.5);
#2322=CIRCLE('',#6395,0.499999999999998);
#2323=CIRCLE('',#6397,0.5);
#2324=CIRCLE('',#6398,0.499999999999996);
#2325=CIRCLE('',#6402,33.75);
#2326=CIRCLE('',#6409,0.499999999999998);
#2327=CIRCLE('',#6410,0.499999999999996);
#2328=CIRCLE('',#6411,0.499999999999996);
#2329=CIRCLE('',#6413,0.499999999999998);
#2330=CIRCLE('',#6415,0.500000000000002);
#2331=CIRCLE('',#6416,0.499999999999996);
#2332=CIRCLE('',#6421,0.499999999999998);
#2333=CIRCLE('',#6423,0.500000000000007);
#2334=CIRCLE('',#6424,0.499999999999998);
#2335=CIRCLE('',#6425,0.500000000000007);
#2336=CIRCLE('',#6427,0.500000000000007);
#2337=CIRCLE('',#6428,0.499999999999999);
#2338=CIRCLE('',#6429,0.499999999999998);
#2339=CIRCLE('',#6431,0.499999999999999);
#2340=CIRCLE('',#6432,0.499999999999996);
#2341=CIRCLE('',#6433,0.5);
#2342=CIRCLE('',#6436,0.5);
#2343=CIRCLE('',#6439,0.5);
#2344=CIRCLE('',#6441,0.500000000000007);
#2345=CIRCLE('',#6443,0.499999999999996);
#2346=CIRCLE('',#6444,0.499999999999996);
#2347=CIRCLE('',#6448,33.75);
#2348=CIRCLE('',#6454,0.499999999999998);
#2349=CIRCLE('',#6455,0.500000000000003);
#2350=CIRCLE('',#6456,0.500000000000007);
#2351=CIRCLE('',#6461,0.499999999999998);
#2352=CIRCLE('',#6462,0.499999999999998);
#2353=CIRCLE('',#6463,0.500000000000007);
#2354=CIRCLE('',#6469,0.5);
#2355=CIRCLE('',#6470,0.499999999999998);
#2356=CIRCLE('',#6471,0.500000000000007);
#2357=CIRCLE('',#6476,0.500000000000003);
#2358=CIRCLE('',#6477,0.499999999999998);
#2359=CIRCLE('',#6478,0.500000000000007);
#2360=CIRCLE('',#6491,33.25);
#2361=CIRCLE('',#6492,33.25);
#2362=CIRCLE('',#6493,33.25);
#2363=CIRCLE('',#6494,33.25);
#2364=CIRCLE('',#6497,0.5);
#2365=CIRCLE('',#6501,33.25);
#2366=CIRCLE('',#6503,33.25);
#2367=CIRCLE('',#6504,0.499999999999998);
#2368=CIRCLE('',#6508,0.500000000000025);
#2369=CIRCLE('',#6512,33.25);
#2370=CIRCLE('',#6513,0.500000000000007);
#2371=CIRCLE('',#6517,33.75);
#2372=CIRCLE('',#6518,33.25);
#2373=CIRCLE('',#6520,0.499999999999998);
#2374=CIRCLE('',#6524,0.499999999999989);
#2375=CIRCLE('',#6530,33.25);
#2376=CIRCLE('',#6531,33.25);
#2377=CIRCLE('',#6532,33.25);
#2378=CIRCLE('',#6534,33.25);
#2379=CIRCLE('',#6535,33.25);
#2380=CIRCLE('',#6536,33.25);
#2381=CIRCLE('',#6538,33.25);
#2382=CIRCLE('',#6539,33.25);
#2383=CIRCLE('',#6540,33.25);
#2384=CIRCLE('',#6542,33.25);
#2385=CIRCLE('',#6543,33.25);
#2386=CIRCLE('',#6544,33.25);
#2387=CIRCLE('',#6545,28.25);
#2388=CIRCLE('',#6546,28.25);
#2389=CIRCLE('',#6547,28.25);
#2390=CIRCLE('',#6548,28.25);
#2391=CIRCLE('',#6549,28.25);
#2392=CIRCLE('',#6554,28.25);
#2393=CIRCLE('',#6556,1.85);
#2394=CIRCLE('',#6558,1.85);
#2395=CIRCLE('',#6573,1.85);
#2396=CIRCLE('',#6580,1.85);
#2397=CIRCLE('',#6582,1.85);
#2398=CIRCLE('',#6584,1.85);
#2399=CIRCLE('',#6586,1.85);
#2400=CIRCLE('',#6589,1.85);
#2401=CIRCLE('',#6598,29.85);
#2402=CIRCLE('',#6599,28.25);
#2403=CIRCLE('',#6601,28.25);
#2404=CIRCLE('',#6602,28.25);
#2405=CIRCLE('',#6603,28.25);
#2406=CIRCLE('',#6604,28.25);
#2407=CIRCLE('',#6605,28.25);
#2408=CIRCLE('',#6614,33.05);
#2409=CIRCLE('',#6615,1.6);
#2410=CIRCLE('',#6617,33.05);
#2411=CIRCLE('',#6618,1.6);
#2412=CIRCLE('',#6620,33.05);
#2413=CIRCLE('',#6621,1.6);
#2414=CIRCLE('',#6623,33.05);
#2415=CIRCLE('',#6624,1.6);
#2416=CIRCLE('',#6626,33.05);
#2417=CIRCLE('',#6627,33.05);
#2418=CIRCLE('',#6629,29.85);
#2419=CIRCLE('',#6630,1.6);
#2420=CIRCLE('',#6634,1.6);
#2421=CIRCLE('',#6636,1.6);
#2422=CIRCLE('',#6638,1.6);
#2423=CIRCLE('',#6640,1.6);
#2424=CIRCLE('',#6642,2.);
#2425=CIRCLE('',#6643,7.07106781186547);
#2426=CIRCLE('',#6644,2.);
#2427=CIRCLE('',#6645,2.);
#2428=CIRCLE('',#6647,2.);
#2429=CIRCLE('',#6648,7.07106781186547);
#2430=CIRCLE('',#6649,2.);
#2431=CIRCLE('',#6651,2.);
#2432=CIRCLE('',#6652,2.);
#2433=CIRCLE('',#6653,7.07106781186548);
#2434=CIRCLE('',#6655,2.);
#2435=CIRCLE('',#6656,7.07106781186548);
#2436=CIRCLE('',#6657,2.);
#2437=CIRCLE('',#6660,2.);
#2438=CIRCLE('',#6662,7.07106781186548);
#2439=CIRCLE('',#6664,2.);
#2440=CIRCLE('',#6666,2.);
#2441=CIRCLE('',#6668,7.07106781186548);
#2442=CIRCLE('',#6670,2.);
#2443=CIRCLE('',#6672,2.);
#2444=CIRCLE('',#6708,1.68002976164114);
#2445=CIRCLE('',#6710,1.68002976164114);
#2446=CIRCLE('',#6725,0.781024967590662);
#2447=CIRCLE('',#6730,0.781024967590662);
#2448=CIRCLE('',#6737,2.18002976164114);
#2449=CIRCLE('',#6742,0.781024967590666);
#2450=CIRCLE('',#6747,0.781024967590666);
#2451=CIRCLE('',#6756,0.500000000000002);
#2452=CIRCLE('',#6758,0.499999999999989);
#2453=CIRCLE('',#6760,0.5);
#2454=CIRCLE('',#6766,0.499999999999998);
#2455=VERTEX_POINT('',#8501);
#2456=VERTEX_POINT('',#8502);
#2457=VERTEX_POINT('',#8504);
#2458=VERTEX_POINT('',#8506);
#2459=VERTEX_POINT('',#8510);
#2460=VERTEX_POINT('',#8512);
#2461=VERTEX_POINT('',#8516);
#2462=VERTEX_POINT('',#8517);
#2463=VERTEX_POINT('',#8519);
#2464=VERTEX_POINT('',#8521);
#2465=VERTEX_POINT('',#8528);
#2466=VERTEX_POINT('',#8529);
#2467=VERTEX_POINT('',#8531);
#2468=VERTEX_POINT('',#8533);
#2469=VERTEX_POINT('',#8540);
#2470=VERTEX_POINT('',#8542);
#2471=VERTEX_POINT('',#8549);
#2472=VERTEX_POINT('',#8550);
#2473=VERTEX_POINT('',#8552);
#2474=VERTEX_POINT('',#8556);
#2475=VERTEX_POINT('',#8557);
#2476=VERTEX_POINT('',#8559);
#2477=VERTEX_POINT('',#8563);
#2478=VERTEX_POINT('',#8564);
#2479=VERTEX_POINT('',#8566);
#2480=VERTEX_POINT('',#8570);
#2481=VERTEX_POINT('',#8571);
#2482=VERTEX_POINT('',#8573);
#2483=VERTEX_POINT('',#8577);
#2484=VERTEX_POINT('',#8578);
#2485=VERTEX_POINT('',#8580);
#2486=VERTEX_POINT('',#8584);
#2487=VERTEX_POINT('',#8585);
#2488=VERTEX_POINT('',#8587);
#2489=VERTEX_POINT('',#8591);
#2490=VERTEX_POINT('',#8592);
#2491=VERTEX_POINT('',#8594);
#2492=VERTEX_POINT('',#8598);
#2493=VERTEX_POINT('',#8599);
#2494=VERTEX_POINT('',#8601);
#2495=VERTEX_POINT('',#8605);
#2496=VERTEX_POINT('',#8607);
#2497=VERTEX_POINT('',#8611);
#2498=VERTEX_POINT('',#8613);
#2499=VERTEX_POINT('',#8628);
#2500=VERTEX_POINT('',#8648);
#2501=VERTEX_POINT('',#8650);
#2502=VERTEX_POINT('',#8654);
#2503=VERTEX_POINT('',#8656);
#2504=VERTEX_POINT('',#8671);
#2505=VERTEX_POINT('',#8691);
#2506=VERTEX_POINT('',#8692);
#2507=VERTEX_POINT('',#8694);
#2508=VERTEX_POINT('',#8696);
#2509=VERTEX_POINT('',#8700);
#2510=VERTEX_POINT('',#8702);
#2511=VERTEX_POINT('',#8706);
#2512=VERTEX_POINT('',#8708);
#2513=VERTEX_POINT('',#8712);
#2514=VERTEX_POINT('',#8714);
#2515=VERTEX_POINT('',#8718);
#2516=VERTEX_POINT('',#8720);
#2517=VERTEX_POINT('',#8727);
#2518=VERTEX_POINT('',#8730);
#2519=VERTEX_POINT('',#8731);
#2520=VERTEX_POINT('',#8733);
#2521=VERTEX_POINT('',#8735);
#2522=VERTEX_POINT('',#8739);
#2523=VERTEX_POINT('',#8741);
#2524=VERTEX_POINT('',#8745);
#2525=VERTEX_POINT('',#8747);
#2526=VERTEX_POINT('',#8751);
#2527=VERTEX_POINT('',#8753);
#2528=VERTEX_POINT('',#8757);
#2529=VERTEX_POINT('',#8759);
#2530=VERTEX_POINT('',#8766);
#2531=VERTEX_POINT('',#8769);
#2532=VERTEX_POINT('',#8770);
#2533=VERTEX_POINT('',#8772);
#2534=VERTEX_POINT('',#8774);
#2535=VERTEX_POINT('',#8778);
#2536=VERTEX_POINT('',#8780);
#2537=VERTEX_POINT('',#8784);
#2538=VERTEX_POINT('',#8786);
#2539=VERTEX_POINT('',#8790);
#2540=VERTEX_POINT('',#8792);
#2541=VERTEX_POINT('',#8796);
#2542=VERTEX_POINT('',#8798);
#2543=VERTEX_POINT('',#8805);
#2544=VERTEX_POINT('',#8808);
#2545=VERTEX_POINT('',#8809);
#2546=VERTEX_POINT('',#8811);
#2547=VERTEX_POINT('',#8813);
#2548=VERTEX_POINT('',#8817);
#2549=VERTEX_POINT('',#8819);
#2550=VERTEX_POINT('',#8823);
#2551=VERTEX_POINT('',#8825);
#2552=VERTEX_POINT('',#8829);
#2553=VERTEX_POINT('',#8831);
#2554=VERTEX_POINT('',#8835);
#2555=VERTEX_POINT('',#8837);
#2556=VERTEX_POINT('',#8844);
#2557=VERTEX_POINT('',#8847);
#2558=VERTEX_POINT('',#8848);
#2559=VERTEX_POINT('',#8850);
#2560=VERTEX_POINT('',#8852);
#2561=VERTEX_POINT('',#8856);
#2562=VERTEX_POINT('',#8858);
#2563=VERTEX_POINT('',#8862);
#2564=VERTEX_POINT('',#8864);
#2565=VERTEX_POINT('',#8868);
#2566=VERTEX_POINT('',#8870);
#2567=VERTEX_POINT('',#8874);
#2568=VERTEX_POINT('',#8876);
#2569=VERTEX_POINT('',#8883);
#2570=VERTEX_POINT('',#8886);
#2571=VERTEX_POINT('',#8887);
#2572=VERTEX_POINT('',#8889);
#2573=VERTEX_POINT('',#8891);
#2574=VERTEX_POINT('',#8895);
#2575=VERTEX_POINT('',#8897);
#2576=VERTEX_POINT('',#8901);
#2577=VERTEX_POINT('',#8903);
#2578=VERTEX_POINT('',#8907);
#2579=VERTEX_POINT('',#8909);
#2580=VERTEX_POINT('',#8913);
#2581=VERTEX_POINT('',#8915);
#2582=VERTEX_POINT('',#8922);
#2583=VERTEX_POINT('',#8925);
#2584=VERTEX_POINT('',#8927);
#2585=VERTEX_POINT('',#8931);
#2586=VERTEX_POINT('',#8933);
#2587=VERTEX_POINT('',#8937);
#2588=VERTEX_POINT('',#8939);
#2589=VERTEX_POINT('',#8943);
#2590=VERTEX_POINT('',#8945);
#2591=VERTEX_POINT('',#8949);
#2592=VERTEX_POINT('',#8950);
#2593=VERTEX_POINT('',#8952);
#2594=VERTEX_POINT('',#8954);
#2595=VERTEX_POINT('',#8958);
#2596=VERTEX_POINT('',#8959);
#2597=VERTEX_POINT('',#8961);
#2598=VERTEX_POINT('',#8963);
#2599=VERTEX_POINT('',#8967);
#2600=VERTEX_POINT('',#8968);
#2601=VERTEX_POINT('',#8970);
#2602=VERTEX_POINT('',#8972);
#2603=VERTEX_POINT('',#8976);
#2604=VERTEX_POINT('',#8977);
#2605=VERTEX_POINT('',#8979);
#2606=VERTEX_POINT('',#8981);
#2607=VERTEX_POINT('',#8986);
#2608=VERTEX_POINT('',#8990);
#2609=VERTEX_POINT('',#8992);
#2610=VERTEX_POINT('',#8996);
#2611=VERTEX_POINT('',#9000);
#2612=VERTEX_POINT('',#9007);
#2613=VERTEX_POINT('',#9011);
#2614=VERTEX_POINT('',#9013);
#2615=VERTEX_POINT('',#9018);
#2616=VERTEX_POINT('',#9022);
#2617=VERTEX_POINT('',#9026);
#2618=VERTEX_POINT('',#9030);
#2619=VERTEX_POINT('',#9034);
#2620=VERTEX_POINT('',#9038);
#2621=VERTEX_POINT('',#9039);
#2622=VERTEX_POINT('',#9041);
#2623=VERTEX_POINT('',#9043);
#2624=VERTEX_POINT('',#9047);
#2625=VERTEX_POINT('',#9048);
#2626=VERTEX_POINT('',#9050);
#2627=VERTEX_POINT('',#9052);
#2628=VERTEX_POINT('',#9056);
#2629=VERTEX_POINT('',#9057);
#2630=VERTEX_POINT('',#9059);
#2631=VERTEX_POINT('',#9061);
#2632=VERTEX_POINT('',#9065);
#2633=VERTEX_POINT('',#9066);
#2634=VERTEX_POINT('',#9068);
#2635=VERTEX_POINT('',#9070);
#2636=VERTEX_POINT('',#9074);
#2637=VERTEX_POINT('',#9079);
#2638=VERTEX_POINT('',#9086);
#2639=VERTEX_POINT('',#9088);
#2640=VERTEX_POINT('',#9092);
#2641=VERTEX_POINT('',#9094);
#2642=VERTEX_POINT('',#9099);
#2643=VERTEX_POINT('',#9105);
#2644=VERTEX_POINT('',#9109);
#2645=VERTEX_POINT('',#9113);
#2646=VERTEX_POINT('',#9118);
#2647=VERTEX_POINT('',#9131);
#2648=VERTEX_POINT('',#9133);
#2649=VERTEX_POINT('',#9140);
#2650=VERTEX_POINT('',#9143);
#2651=VERTEX_POINT('',#9145);
#2652=VERTEX_POINT('',#9153);
#2653=VERTEX_POINT('',#9155);
#2654=VERTEX_POINT('',#9163);
#2655=VERTEX_POINT('',#9165);
#2656=VERTEX_POINT('',#9173);
#2657=VERTEX_POINT('',#9175);
#2658=VERTEX_POINT('',#9183);
#2659=VERTEX_POINT('',#9185);
#2660=VERTEX_POINT('',#9187);
#2661=VERTEX_POINT('',#9189);
#2662=VERTEX_POINT('',#9191);
#2663=VERTEX_POINT('',#9193);
#2664=VERTEX_POINT('',#9195);
#2665=VERTEX_POINT('',#9197);
#2666=VERTEX_POINT('',#9205);
#2667=VERTEX_POINT('',#9207);
#2668=VERTEX_POINT('',#9215);
#2669=VERTEX_POINT('',#9217);
#2670=VERTEX_POINT('',#9225);
#2671=VERTEX_POINT('',#9227);
#2672=VERTEX_POINT('',#9236);
#2673=VERTEX_POINT('',#9240);
#2674=VERTEX_POINT('',#9241);
#2675=VERTEX_POINT('',#9243);
#2676=VERTEX_POINT('',#9245);
#2677=VERTEX_POINT('',#9249);
#2678=VERTEX_POINT('',#9251);
#2679=VERTEX_POINT('',#9264);
#2680=VERTEX_POINT('',#9265);
#2681=VERTEX_POINT('',#9270);
#2682=VERTEX_POINT('',#9271);
#2683=VERTEX_POINT('',#9276);
#2684=VERTEX_POINT('',#9277);
#2685=VERTEX_POINT('',#9287);
#2686=VERTEX_POINT('',#9302);
#2687=VERTEX_POINT('',#9303);
#2688=VERTEX_POINT('',#9305);
#2689=VERTEX_POINT('',#9309);
#2690=VERTEX_POINT('',#9310);
#2691=VERTEX_POINT('',#9315);
#2692=VERTEX_POINT('',#9319);
#2693=VERTEX_POINT('',#9321);
#2694=VERTEX_POINT('',#9325);
#2695=VERTEX_POINT('',#9329);
#2696=VERTEX_POINT('',#9331);
#2697=VERTEX_POINT('',#9335);
#2698=VERTEX_POINT('',#9336);
#2699=VERTEX_POINT('',#9338);
#2700=VERTEX_POINT('',#9342);
#2701=VERTEX_POINT('',#9343);
#2702=VERTEX_POINT('',#9345);
#2703=VERTEX_POINT('',#9352);
#2704=VERTEX_POINT('',#9353);
#2705=VERTEX_POINT('',#9355);
#2706=VERTEX_POINT('',#9362);
#2707=VERTEX_POINT('',#9363);
#2708=VERTEX_POINT('',#9368);
#2709=VERTEX_POINT('',#9369);
#2710=VERTEX_POINT('',#9374);
#2711=VERTEX_POINT('',#9375);
#2712=VERTEX_POINT('',#9380);
#2713=VERTEX_POINT('',#9384);
#2714=VERTEX_POINT('',#9386);
#2715=VERTEX_POINT('',#9390);
#2716=VERTEX_POINT('',#9392);
#2717=VERTEX_POINT('',#9394);
#2718=VERTEX_POINT('',#9398);
#2719=VERTEX_POINT('',#9402);
#2720=VERTEX_POINT('',#9404);
#2721=VERTEX_POINT('',#9408);
#2722=VERTEX_POINT('',#9411);
#2723=VERTEX_POINT('',#9413);
#2724=VERTEX_POINT('',#9415);
#2725=VERTEX_POINT('',#9417);
#2726=VERTEX_POINT('',#9421);
#2727=VERTEX_POINT('',#9422);
#2728=VERTEX_POINT('',#9424);
#2729=VERTEX_POINT('',#9428);
#2730=VERTEX_POINT('',#9430);
#2731=VERTEX_POINT('',#9434);
#2732=VERTEX_POINT('',#9438);
#2733=VERTEX_POINT('',#9440);
#2734=VERTEX_POINT('',#9443);
#2735=VERTEX_POINT('',#9445);
#2736=VERTEX_POINT('',#9447);
#2737=VERTEX_POINT('',#9449);
#2738=VERTEX_POINT('',#9451);
#2739=VERTEX_POINT('',#9455);
#2740=VERTEX_POINT('',#9459);
#2741=VERTEX_POINT('',#9461);
#2742=VERTEX_POINT('',#9465);
#2743=VERTEX_POINT('',#9467);
#2744=VERTEX_POINT('',#9471);
#2745=VERTEX_POINT('',#9472);
#2746=VERTEX_POINT('',#9477);
#2747=VERTEX_POINT('',#9479);
#2748=VERTEX_POINT('',#9485);
#2749=VERTEX_POINT('',#9492);
#2750=VERTEX_POINT('',#9496);
#2751=VERTEX_POINT('',#9500);
#2752=VERTEX_POINT('',#9504);
#2753=VERTEX_POINT('',#9506);
#2754=VERTEX_POINT('',#9510);
#2755=VERTEX_POINT('',#9512);
#2756=VERTEX_POINT('',#9514);
#2757=VERTEX_POINT('',#9518);
#2758=VERTEX_POINT('',#9522);
#2759=VERTEX_POINT('',#9526);
#2760=VERTEX_POINT('',#9527);
#2761=VERTEX_POINT('',#9529);
#2762=VERTEX_POINT('',#9533);
#2763=VERTEX_POINT('',#9534);
#2764=VERTEX_POINT('',#9537);
#2765=VERTEX_POINT('',#9541);
#2766=VERTEX_POINT('',#9542);
#2767=VERTEX_POINT('',#9544);
#2768=VERTEX_POINT('',#9548);
#2769=VERTEX_POINT('',#9549);
#2770=VERTEX_POINT('',#9552);
#2771=VERTEX_POINT('',#9559);
#2772=VERTEX_POINT('',#9560);
#2773=VERTEX_POINT('',#9562);
#2774=VERTEX_POINT('',#9566);
#2775=VERTEX_POINT('',#9567);
#2776=VERTEX_POINT('',#9570);
#2777=VERTEX_POINT('',#9574);
#2778=VERTEX_POINT('',#9575);
#2779=VERTEX_POINT('',#9577);
#2780=VERTEX_POINT('',#9581);
#2781=VERTEX_POINT('',#9582);
#2782=VERTEX_POINT('',#9585);
#2783=VERTEX_POINT('',#9600);
#2784=VERTEX_POINT('',#9602);
#2785=VERTEX_POINT('',#9604);
#2786=VERTEX_POINT('',#9609);
#2787=VERTEX_POINT('',#9611);
#2788=VERTEX_POINT('',#9617);
#2789=VERTEX_POINT('',#9619);
#2790=VERTEX_POINT('',#9623);
#2791=VERTEX_POINT('',#9624);
#2792=VERTEX_POINT('',#9626);
#2793=VERTEX_POINT('',#9628);
#2794=VERTEX_POINT('',#9631);
#2795=VERTEX_POINT('',#9632);
#2796=VERTEX_POINT('',#9634);
#2797=VERTEX_POINT('',#9636);
#2798=VERTEX_POINT('',#9638);
#2799=VERTEX_POINT('',#9640);
#2800=VERTEX_POINT('',#9643);
#2801=VERTEX_POINT('',#9644);
#2802=VERTEX_POINT('',#9646);
#2803=VERTEX_POINT('',#9648);
#2804=VERTEX_POINT('',#9650);
#2805=VERTEX_POINT('',#9652);
#2806=VERTEX_POINT('',#9655);
#2807=VERTEX_POINT('',#9656);
#2808=VERTEX_POINT('',#9658);
#2809=VERTEX_POINT('',#9660);
#2810=VERTEX_POINT('',#9662);
#2811=VERTEX_POINT('',#9664);
#2812=VERTEX_POINT('',#9667);
#2813=VERTEX_POINT('',#9668);
#2814=VERTEX_POINT('',#9670);
#2815=VERTEX_POINT('',#9672);
#2816=VERTEX_POINT('',#9674);
#2817=VERTEX_POINT('',#9676);
#2818=VERTEX_POINT('',#9680);
#2819=VERTEX_POINT('',#9708);
#2820=VERTEX_POINT('',#9709);
#2821=VERTEX_POINT('',#9744);
#2822=VERTEX_POINT('',#9749);
#2823=VERTEX_POINT('',#9794);
#2824=VERTEX_POINT('',#9795);
#2825=VERTEX_POINT('',#9812);
#2826=VERTEX_POINT('',#9823);
#2827=VERTEX_POINT('',#9828);
#2828=VERTEX_POINT('',#9835);
#2829=VERTEX_POINT('',#9846);
#2830=VERTEX_POINT('',#9884);
#2831=VERTEX_POINT('',#9885);
#2832=VERTEX_POINT('',#9890);
#2833=VERTEX_POINT('',#9910);
#2834=VERTEX_POINT('',#9933);
#2835=VERTEX_POINT('',#9935);
#2836=VERTEX_POINT('',#9940);
#2837=VERTEX_POINT('',#9962);
#2838=VERTEX_POINT('',#9969);
#2839=VERTEX_POINT('',#9978);
#2840=VERTEX_POINT('',#9980);
#2841=VERTEX_POINT('',#9989);
#2842=VERTEX_POINT('',#10030);
#2843=VERTEX_POINT('',#10031);
#2844=VERTEX_POINT('',#10041);
#2845=VERTEX_POINT('',#10078);
#2846=VERTEX_POINT('',#10080);
#2847=VERTEX_POINT('',#10102);
#2848=VERTEX_POINT('',#10104);
#2849=VERTEX_POINT('',#10134);
#2850=VERTEX_POINT('',#10136);
#2851=VERTEX_POINT('',#10156);
#2852=VERTEX_POINT('',#10189);
#2853=VERTEX_POINT('',#10200);
#2854=VERTEX_POINT('',#10202);
#2855=VERTEX_POINT('',#10215);
#2856=VERTEX_POINT('',#10221);
#2857=VERTEX_POINT('',#10224);
#2858=VERTEX_POINT('',#10228);
#2859=VERTEX_POINT('',#10230);
#2860=VERTEX_POINT('',#10235);
#2861=VERTEX_POINT('',#10238);
#2862=VERTEX_POINT('',#10242);
#2863=VERTEX_POINT('',#10245);
#2864=VERTEX_POINT('',#10276);
#2865=VERTEX_POINT('',#10359);
#2866=VERTEX_POINT('',#10360);
#2867=VERTEX_POINT('',#10362);
#2868=VERTEX_POINT('',#10367);
#2869=VERTEX_POINT('',#10409);
#2870=VERTEX_POINT('',#10411);
#2871=VERTEX_POINT('',#10416);
#2872=VERTEX_POINT('',#10455);
#2873=VERTEX_POINT('',#10457);
#2874=VERTEX_POINT('',#10529);
#2875=VERTEX_POINT('',#10583);
#2876=VERTEX_POINT('',#10589);
#2877=VERTEX_POINT('',#10593);
#2878=VERTEX_POINT('',#10597);
#2879=VERTEX_POINT('',#10599);
#2880=VERTEX_POINT('',#10601);
#2881=VERTEX_POINT('',#10604);
#2882=VERTEX_POINT('',#10607);
#2883=VERTEX_POINT('',#10609);
#2884=VERTEX_POINT('',#10611);
#2885=VERTEX_POINT('',#10614);
#2886=VERTEX_POINT('',#10624);
#2887=VERTEX_POINT('',#10635);
#2888=VERTEX_POINT('',#10637);
#2889=VERTEX_POINT('',#10641);
#2890=VERTEX_POINT('',#10649);
#2891=VERTEX_POINT('',#10652);
#2892=VERTEX_POINT('',#10656);
#2893=VERTEX_POINT('',#10658);
#2894=VERTEX_POINT('',#10662);
#2895=VERTEX_POINT('',#10670);
#2896=VERTEX_POINT('',#10673);
#2897=VERTEX_POINT('',#10677);
#2898=VERTEX_POINT('',#10681);
#2899=VERTEX_POINT('',#10687);
#2900=VERTEX_POINT('',#10693);
#2901=VERTEX_POINT('',#10697);
#2902=VERTEX_POINT('',#10703);
#2903=VERTEX_POINT('',#10705);
#2904=VERTEX_POINT('',#10709);
#2905=VERTEX_POINT('',#10711);
#2906=VERTEX_POINT('',#10715);
#2907=VERTEX_POINT('',#10717);
#2908=VERTEX_POINT('',#10720);
#2909=VERTEX_POINT('',#10722);
#2910=VERTEX_POINT('',#10724);
#2911=VERTEX_POINT('',#10726);
#2912=VERTEX_POINT('',#10728);
#2913=VERTEX_POINT('',#10732);
#2914=VERTEX_POINT('',#10734);
#2915=VERTEX_POINT('',#10738);
#2916=VERTEX_POINT('',#10740);
#2917=VERTEX_POINT('',#10744);
#2918=VERTEX_POINT('',#10746);
#2919=VERTEX_POINT('',#10748);
#2920=VERTEX_POINT('',#10752);
#2921=VERTEX_POINT('',#10754);
#2922=VERTEX_POINT('',#10758);
#2923=VERTEX_POINT('',#11425);
#2924=VERTEX_POINT('',#11428);
#2925=VERTEX_POINT('',#11432);
#2926=VERTEX_POINT('',#11436);
#2927=VERTEX_POINT('',#11441);
#2928=VERTEX_POINT('',#11444);
#2929=VERTEX_POINT('',#11446);
#2930=VERTEX_POINT('',#11450);
#2931=VERTEX_POINT('',#11457);
#2932=VERTEX_POINT('',#11461);
#2933=VERTEX_POINT('',#11465);
#2934=VERTEX_POINT('',#11469);
#2935=VERTEX_POINT('',#11474);
#2936=VERTEX_POINT('',#11476);
#2937=VERTEX_POINT('',#11479);
#2938=VERTEX_POINT('',#11482);
#2939=VERTEX_POINT('',#11484);
#2940=VERTEX_POINT('',#11501);
#2941=VERTEX_POINT('',#11506);
#2942=VERTEX_POINT('',#11507);
#2943=VERTEX_POINT('',#11509);
#2944=VERTEX_POINT('',#11511);
#2945=VERTEX_POINT('',#11517);
#2946=VERTEX_POINT('',#11521);
#2947=VERTEX_POINT('',#11523);
#2948=VERTEX_POINT('',#11527);
#2949=VERTEX_POINT('',#11531);
#2950=VERTEX_POINT('',#11535);
#2951=VERTEX_POINT('',#11537);
#2952=VERTEX_POINT('',#11541);
#2953=VERTEX_POINT('',#11545);
#2954=VERTEX_POINT('',#11559);
#2955=VERTEX_POINT('',#11560);
#2956=VERTEX_POINT('',#11562);
#2957=VERTEX_POINT('',#11564);
#2958=VERTEX_POINT('',#11566);
#2959=VERTEX_POINT('',#11568);
#2960=VERTEX_POINT('',#11584);
#2961=VERTEX_POINT('',#11585);
#2962=VERTEX_POINT('',#11587);
#2963=VERTEX_POINT('',#11589);
#2964=VERTEX_POINT('',#11591);
#2965=VERTEX_POINT('',#11593);
#2966=VERTEX_POINT('',#11609);
#2967=VERTEX_POINT('',#11610);
#2968=VERTEX_POINT('',#11612);
#2969=VERTEX_POINT('',#11614);
#2970=VERTEX_POINT('',#11616);
#2971=VERTEX_POINT('',#11618);
#2972=VERTEX_POINT('',#11634);
#2973=VERTEX_POINT('',#11635);
#2974=VERTEX_POINT('',#11637);
#2975=VERTEX_POINT('',#11639);
#2976=VERTEX_POINT('',#11641);
#2977=VERTEX_POINT('',#11643);
#2978=VERTEX_POINT('',#11659);
#2979=VERTEX_POINT('',#11660);
#2980=VERTEX_POINT('',#11662);
#2981=VERTEX_POINT('',#11664);
#2982=VERTEX_POINT('',#11666);
#2983=VERTEX_POINT('',#11668);
#2984=VERTEX_POINT('',#11680);
#2985=VERTEX_POINT('',#11682);
#2986=VERTEX_POINT('',#11684);
#2987=VERTEX_POINT('',#11686);
#2988=VERTEX_POINT('',#11690);
#2989=VERTEX_POINT('',#11691);
#2990=VERTEX_POINT('',#11693);
#2991=VERTEX_POINT('',#11695);
#2992=VERTEX_POINT('',#11697);
#2993=VERTEX_POINT('',#11699);
#2994=VERTEX_POINT('',#11705);
#2995=VERTEX_POINT('',#11706);
#2996=VERTEX_POINT('',#11786);
#2997=VERTEX_POINT('',#11787);
#2998=VERTEX_POINT('',#11895);
#2999=VERTEX_POINT('',#11896);
#3000=VERTEX_POINT('',#11925);
#3001=VERTEX_POINT('',#11926);
#3002=VERTEX_POINT('',#12006);
#3003=VERTEX_POINT('',#12007);
#3004=VERTEX_POINT('',#12089);
#3005=VERTEX_POINT('',#12094);
#3006=EDGE_CURVE('',#2455,#2456,#2212,.T.);
#3007=EDGE_CURVE('',#2455,#2457,#1166,.T.);
#3008=EDGE_CURVE('',#2457,#2458,#2213,.T.);
#3009=EDGE_CURVE('',#2458,#2456,#1167,.T.);
#3010=EDGE_CURVE('',#2459,#2458,#1168,.T.);
#3011=EDGE_CURVE('',#2460,#2459,#1169,.T.);
#3012=EDGE_CURVE('',#2460,#2456,#1170,.T.);
#3013=EDGE_CURVE('',#2461,#2462,#2214,.T.);
#3014=EDGE_CURVE('',#2461,#2463,#1171,.T.);
#3015=EDGE_CURVE('',#2463,#2464,#2215,.T.);
#3016=EDGE_CURVE('',#2464,#2462,#1172,.T.);
#3017=EDGE_CURVE('',#2455,#2462,#1173,.T.);
#3018=EDGE_CURVE('',#2457,#2464,#1174,.T.);
#3019=EDGE_CURVE('',#2465,#2466,#2216,.T.);
#3020=EDGE_CURVE('',#2465,#2467,#1175,.T.);
#3021=EDGE_CURVE('',#2467,#2468,#2217,.T.);
#3022=EDGE_CURVE('',#2468,#2466,#1176,.T.);
#3023=EDGE_CURVE('',#2461,#2466,#1177,.T.);
#3024=EDGE_CURVE('',#2463,#2468,#1178,.T.);
#3025=EDGE_CURVE('',#2460,#2469,#2218,.T.);
#3026=EDGE_CURVE('',#2459,#2470,#2219,.T.);
#3027=EDGE_CURVE('',#2470,#2469,#1179,.T.);
#3028=EDGE_CURVE('',#2465,#2469,#1180,.T.);
#3029=EDGE_CURVE('',#2467,#2470,#1181,.T.);
#3030=EDGE_CURVE('',#2471,#2472,#2220,.T.);
#3031=EDGE_CURVE('',#2473,#2471,#1182,.T.);
#3032=EDGE_CURVE('',#2472,#2473,#1183,.T.);
#3033=EDGE_CURVE('',#2474,#2475,#2221,.T.);
#3034=EDGE_CURVE('',#2476,#2474,#1184,.T.);
#3035=EDGE_CURVE('',#2475,#2476,#1185,.T.);
#3036=EDGE_CURVE('',#2477,#2478,#2222,.T.);
#3037=EDGE_CURVE('',#2479,#2477,#1186,.T.);
#3038=EDGE_CURVE('',#2478,#2479,#1187,.T.);
#3039=EDGE_CURVE('',#2480,#2481,#2223,.T.);
#3040=EDGE_CURVE('',#2482,#2480,#1188,.T.);
#3041=EDGE_CURVE('',#2481,#2482,#1189,.T.);
#3042=EDGE_CURVE('',#2483,#2484,#2224,.T.);
#3043=EDGE_CURVE('',#2485,#2483,#1190,.T.);
#3044=EDGE_CURVE('',#2484,#2485,#1191,.T.);
#3045=EDGE_CURVE('',#2486,#2487,#2225,.T.);
#3046=EDGE_CURVE('',#2488,#2486,#1192,.T.);
#3047=EDGE_CURVE('',#2487,#2488,#1193,.T.);
#3048=EDGE_CURVE('',#2489,#2490,#2226,.T.);
#3049=EDGE_CURVE('',#2491,#2489,#1194,.T.);
#3050=EDGE_CURVE('',#2490,#2491,#1195,.T.);
#3051=EDGE_CURVE('',#2492,#2493,#2227,.T.);
#3052=EDGE_CURVE('',#2494,#2492,#1196,.T.);
#3053=EDGE_CURVE('',#2493,#2494,#1197,.T.);
#3054=EDGE_CURVE('',#2490,#2495,#1198,.T.);
#3055=EDGE_CURVE('',#2495,#2496,#2228,.F.);
#3056=EDGE_CURVE('',#2496,#2489,#1199,.T.);
#3057=EDGE_CURVE('',#2475,#2497,#1200,.T.);
#3058=EDGE_CURVE('',#2497,#2498,#162,.T.);
#3059=EDGE_CURVE('',#2498,#2499,#163,.T.);
#3060=EDGE_CURVE('',#2499,#2474,#1201,.T.);
#3061=EDGE_CURVE('',#2472,#2492,#1202,.T.);
#3062=EDGE_CURVE('',#2493,#2471,#1203,.T.);
#3063=EDGE_CURVE('',#2487,#2500,#1204,.T.);
#3064=EDGE_CURVE('',#2501,#2500,#2229,.T.);
#3065=EDGE_CURVE('',#2501,#2486,#1205,.T.);
#3066=EDGE_CURVE('',#2478,#2502,#1206,.T.);
#3067=EDGE_CURVE('',#2502,#2503,#164,.T.);
#3068=EDGE_CURVE('',#2503,#2504,#165,.T.);
#3069=EDGE_CURVE('',#2504,#2477,#1207,.T.);
#3070=EDGE_CURVE('',#2481,#2483,#1208,.T.);
#3071=EDGE_CURVE('',#2484,#2480,#1209,.T.);
#3072=EDGE_CURVE('',#2505,#2506,#1210,.T.);
#3073=EDGE_CURVE('',#2505,#2507,#1211,.T.);
#3074=EDGE_CURVE('',#2507,#2508,#1212,.T.);
#3075=EDGE_CURVE('',#2506,#2508,#1213,.T.);
#3076=EDGE_CURVE('',#2509,#2505,#1214,.T.);
#3077=EDGE_CURVE('',#2509,#2510,#1215,.T.);
#3078=EDGE_CURVE('',#2510,#2507,#1216,.T.);
#3079=EDGE_CURVE('',#2511,#2509,#1217,.T.);
#3080=EDGE_CURVE('',#2511,#2512,#1218,.T.);
#3081=EDGE_CURVE('',#2512,#2510,#1219,.T.);
#3082=EDGE_CURVE('',#2513,#2511,#1220,.T.);
#3083=EDGE_CURVE('',#2513,#2514,#1221,.T.);
#3084=EDGE_CURVE('',#2514,#2512,#1222,.T.);
#3085=EDGE_CURVE('',#2515,#2513,#1223,.T.);
#3086=EDGE_CURVE('',#2515,#2516,#1224,.T.);
#3087=EDGE_CURVE('',#2516,#2514,#1225,.T.);
#3088=EDGE_CURVE('',#2506,#2515,#1226,.T.);
#3089=EDGE_CURVE('',#2508,#2516,#1227,.T.);
#3090=EDGE_CURVE('',#2517,#2517,#2230,.T.);
#3091=EDGE_CURVE('',#2518,#2519,#1228,.T.);
#3092=EDGE_CURVE('',#2518,#2520,#1229,.T.);
#3093=EDGE_CURVE('',#2520,#2521,#1230,.T.);
#3094=EDGE_CURVE('',#2519,#2521,#1231,.T.);
#3095=EDGE_CURVE('',#2522,#2518,#1232,.T.);
#3096=EDGE_CURVE('',#2522,#2523,#1233,.T.);
#3097=EDGE_CURVE('',#2523,#2520,#1234,.T.);
#3098=EDGE_CURVE('',#2524,#2522,#1235,.T.);
#3099=EDGE_CURVE('',#2524,#2525,#1236,.T.);
#3100=EDGE_CURVE('',#2525,#2523,#1237,.T.);
#3101=EDGE_CURVE('',#2526,#2524,#1238,.T.);
#3102=EDGE_CURVE('',#2526,#2527,#1239,.T.);
#3103=EDGE_CURVE('',#2527,#2525,#1240,.T.);
#3104=EDGE_CURVE('',#2528,#2526,#1241,.T.);
#3105=EDGE_CURVE('',#2528,#2529,#1242,.T.);
#3106=EDGE_CURVE('',#2529,#2527,#1243,.T.);
#3107=EDGE_CURVE('',#2519,#2528,#1244,.T.);
#3108=EDGE_CURVE('',#2521,#2529,#1245,.T.);
#3109=EDGE_CURVE('',#2530,#2530,#2231,.T.);
#3110=EDGE_CURVE('',#2531,#2532,#1246,.T.);
#3111=EDGE_CURVE('',#2531,#2533,#1247,.T.);
#3112=EDGE_CURVE('',#2533,#2534,#1248,.T.);
#3113=EDGE_CURVE('',#2532,#2534,#1249,.T.);
#3114=EDGE_CURVE('',#2535,#2531,#1250,.T.);
#3115=EDGE_CURVE('',#2535,#2536,#1251,.T.);
#3116=EDGE_CURVE('',#2536,#2533,#1252,.T.);
#3117=EDGE_CURVE('',#2537,#2535,#1253,.T.);
#3118=EDGE_CURVE('',#2537,#2538,#1254,.T.);
#3119=EDGE_CURVE('',#2538,#2536,#1255,.T.);
#3120=EDGE_CURVE('',#2539,#2537,#1256,.T.);
#3121=EDGE_CURVE('',#2539,#2540,#1257,.T.);
#3122=EDGE_CURVE('',#2540,#2538,#1258,.T.);
#3123=EDGE_CURVE('',#2541,#2539,#1259,.T.);
#3124=EDGE_CURVE('',#2541,#2542,#1260,.T.);
#3125=EDGE_CURVE('',#2542,#2540,#1261,.T.);
#3126=EDGE_CURVE('',#2532,#2541,#1262,.T.);
#3127=EDGE_CURVE('',#2534,#2542,#1263,.T.);
#3128=EDGE_CURVE('',#2543,#2543,#2232,.T.);
#3129=EDGE_CURVE('',#2544,#2545,#1264,.T.);
#3130=EDGE_CURVE('',#2544,#2546,#1265,.T.);
#3131=EDGE_CURVE('',#2546,#2547,#1266,.T.);
#3132=EDGE_CURVE('',#2545,#2547,#1267,.T.);
#3133=EDGE_CURVE('',#2548,#2544,#1268,.T.);
#3134=EDGE_CURVE('',#2548,#2549,#1269,.T.);
#3135=EDGE_CURVE('',#2549,#2546,#1270,.T.);
#3136=EDGE_CURVE('',#2550,#2548,#1271,.T.);
#3137=EDGE_CURVE('',#2550,#2551,#1272,.T.);
#3138=EDGE_CURVE('',#2551,#2549,#1273,.T.);
#3139=EDGE_CURVE('',#2552,#2550,#1274,.T.);
#3140=EDGE_CURVE('',#2552,#2553,#1275,.T.);
#3141=EDGE_CURVE('',#2553,#2551,#1276,.T.);
#3142=EDGE_CURVE('',#2554,#2552,#1277,.T.);
#3143=EDGE_CURVE('',#2554,#2555,#1278,.T.);
#3144=EDGE_CURVE('',#2555,#2553,#1279,.T.);
#3145=EDGE_CURVE('',#2545,#2554,#1280,.T.);
#3146=EDGE_CURVE('',#2547,#2555,#1281,.T.);
#3147=EDGE_CURVE('',#2556,#2556,#2233,.T.);
#3148=EDGE_CURVE('',#2557,#2558,#1282,.T.);
#3149=EDGE_CURVE('',#2557,#2559,#1283,.T.);
#3150=EDGE_CURVE('',#2559,#2560,#1284,.T.);
#3151=EDGE_CURVE('',#2558,#2560,#1285,.T.);
#3152=EDGE_CURVE('',#2561,#2557,#1286,.T.);
#3153=EDGE_CURVE('',#2561,#2562,#1287,.T.);
#3154=EDGE_CURVE('',#2562,#2559,#1288,.T.);
#3155=EDGE_CURVE('',#2563,#2561,#1289,.T.);
#3156=EDGE_CURVE('',#2563,#2564,#1290,.T.);
#3157=EDGE_CURVE('',#2564,#2562,#1291,.T.);
#3158=EDGE_CURVE('',#2565,#2563,#1292,.T.);
#3159=EDGE_CURVE('',#2565,#2566,#1293,.T.);
#3160=EDGE_CURVE('',#2566,#2564,#1294,.T.);
#3161=EDGE_CURVE('',#2567,#2565,#1295,.T.);
#3162=EDGE_CURVE('',#2567,#2568,#1296,.T.);
#3163=EDGE_CURVE('',#2568,#2566,#1297,.T.);
#3164=EDGE_CURVE('',#2558,#2567,#1298,.T.);
#3165=EDGE_CURVE('',#2560,#2568,#1299,.T.);
#3166=EDGE_CURVE('',#2569,#2569,#2234,.T.);
#3167=EDGE_CURVE('',#2570,#2571,#1300,.T.);
#3168=EDGE_CURVE('',#2570,#2572,#1301,.T.);
#3169=EDGE_CURVE('',#2572,#2573,#1302,.T.);
#3170=EDGE_CURVE('',#2571,#2573,#1303,.T.);
#3171=EDGE_CURVE('',#2574,#2570,#1304,.T.);
#3172=EDGE_CURVE('',#2574,#2575,#1305,.T.);
#3173=EDGE_CURVE('',#2575,#2572,#1306,.T.);
#3174=EDGE_CURVE('',#2576,#2574,#1307,.T.);
#3175=EDGE_CURVE('',#2576,#2577,#1308,.T.);
#3176=EDGE_CURVE('',#2577,#2575,#1309,.T.);
#3177=EDGE_CURVE('',#2578,#2576,#1310,.T.);
#3178=EDGE_CURVE('',#2578,#2579,#1311,.T.);
#3179=EDGE_CURVE('',#2579,#2577,#1312,.T.);
#3180=EDGE_CURVE('',#2580,#2578,#1313,.T.);
#3181=EDGE_CURVE('',#2580,#2581,#1314,.T.);
#3182=EDGE_CURVE('',#2581,#2579,#1315,.T.);
#3183=EDGE_CURVE('',#2571,#2580,#1316,.T.);
#3184=EDGE_CURVE('',#2573,#2581,#1317,.T.);
#3185=EDGE_CURVE('',#2582,#2582,#2235,.T.);
#3186=EDGE_CURVE('',#2583,#2583,#2236,.T.);
#3187=EDGE_CURVE('',#2583,#2584,#1318,.T.);
#3188=EDGE_CURVE('',#2584,#2584,#2237,.T.);
#3189=EDGE_CURVE('',#2585,#2585,#2238,.T.);
#3190=EDGE_CURVE('',#2585,#2586,#1319,.T.);
#3191=EDGE_CURVE('',#2586,#2586,#2239,.T.);
#3192=EDGE_CURVE('',#2587,#2587,#2240,.T.);
#3193=EDGE_CURVE('',#2587,#2588,#1320,.T.);
#3194=EDGE_CURVE('',#2588,#2588,#2241,.T.);
#3195=EDGE_CURVE('',#2589,#2589,#2242,.T.);
#3196=EDGE_CURVE('',#2589,#2590,#1321,.T.);
#3197=EDGE_CURVE('',#2590,#2590,#2243,.T.);
#3198=EDGE_CURVE('',#2591,#2592,#2244,.T.);
#3199=EDGE_CURVE('',#2593,#2591,#2245,.T.);
#3200=EDGE_CURVE('',#2594,#2593,#2246,.T.);
#3201=EDGE_CURVE('',#2592,#2594,#1322,.T.);
#3202=EDGE_CURVE('',#2595,#2596,#2247,.T.);
#3203=EDGE_CURVE('',#2597,#2595,#1323,.T.);
#3204=EDGE_CURVE('',#2598,#2597,#2248,.T.);
#3205=EDGE_CURVE('',#2596,#2598,#2249,.T.);
#3206=EDGE_CURVE('',#2599,#2600,#2250,.T.);
#3207=EDGE_CURVE('',#2601,#2599,#1324,.T.);
#3208=EDGE_CURVE('',#2602,#2601,#2251,.T.);
#3209=EDGE_CURVE('',#2600,#2602,#2252,.T.);
#3210=EDGE_CURVE('',#2603,#2604,#2253,.T.);
#3211=EDGE_CURVE('',#2605,#2603,#2254,.T.);
#3212=EDGE_CURVE('',#2606,#2605,#2255,.T.);
#3213=EDGE_CURVE('',#2604,#2606,#1325,.T.);
#3214=EDGE_CURVE('',#2604,#2490,#1326,.T.);
#3215=EDGE_CURVE('',#2491,#2607,#2256,.T.);
#3216=EDGE_CURVE('',#2607,#2603,#1327,.T.);
#3217=EDGE_CURVE('',#2600,#2608,#1328,.T.);
#3218=EDGE_CURVE('',#2608,#2609,#2257,.T.);
#3219=EDGE_CURVE('',#2609,#2599,#1329,.T.);
#3220=EDGE_CURVE('',#2610,#2607,#2258,.T.);
#3221=EDGE_CURVE('',#2605,#2610,#1330,.T.);
#3222=EDGE_CURVE('',#2611,#2602,#1331,.T.);
#3223=EDGE_CURVE('',#2608,#2611,#2259,.T.);
#3224=EDGE_CURVE('',#2610,#2494,#2260,.T.);
#3225=EDGE_CURVE('',#2492,#2606,#1332,.T.);
#3226=EDGE_CURVE('',#2601,#2612,#1333,.T.);
#3227=EDGE_CURVE('',#2612,#2611,#2261,.T.);
#3228=EDGE_CURVE('',#2596,#2613,#1334,.T.);
#3229=EDGE_CURVE('',#2613,#2614,#2262,.T.);
#3230=EDGE_CURVE('',#2614,#2595,#1335,.T.);
#3231=EDGE_CURVE('',#2592,#2472,#1336,.T.);
#3232=EDGE_CURVE('',#2473,#2615,#2263,.T.);
#3233=EDGE_CURVE('',#2615,#2591,#1337,.T.);
#3234=EDGE_CURVE('',#2616,#2598,#1338,.T.);
#3235=EDGE_CURVE('',#2613,#2616,#2264,.T.);
#3236=EDGE_CURVE('',#2597,#2617,#1339,.T.);
#3237=EDGE_CURVE('',#2617,#2616,#2265,.T.);
#3238=EDGE_CURVE('',#2618,#2618,#2266,.T.);
#3239=EDGE_CURVE('',#2618,#2530,#1340,.T.);
#3240=EDGE_CURVE('',#2619,#2619,#2267,.T.);
#3241=EDGE_CURVE('',#2619,#2556,#1341,.T.);
#3242=EDGE_CURVE('',#2620,#2621,#2268,.T.);
#3243=EDGE_CURVE('',#2622,#2620,#1342,.T.);
#3244=EDGE_CURVE('',#2623,#2622,#2269,.T.);
#3245=EDGE_CURVE('',#2621,#2623,#2270,.T.);
#3246=EDGE_CURVE('',#2624,#2625,#2271,.T.);
#3247=EDGE_CURVE('',#2626,#2624,#1343,.T.);
#3248=EDGE_CURVE('',#2627,#2626,#2272,.T.);
#3249=EDGE_CURVE('',#2625,#2627,#2273,.T.);
#3250=EDGE_CURVE('',#2628,#2629,#2274,.T.);
#3251=EDGE_CURVE('',#2630,#2628,#2275,.T.);
#3252=EDGE_CURVE('',#2631,#2630,#2276,.T.);
#3253=EDGE_CURVE('',#2629,#2631,#1344,.T.);
#3254=EDGE_CURVE('',#2632,#2633,#2277,.T.);
#3255=EDGE_CURVE('',#2634,#2632,#2278,.T.);
#3256=EDGE_CURVE('',#2635,#2634,#2279,.T.);
#3257=EDGE_CURVE('',#2633,#2635,#1345,.T.);
#3258=EDGE_CURVE('',#2625,#2636,#1346,.T.);
#3259=EDGE_CURVE('',#2636,#2488,#2280,.T.);
#3260=EDGE_CURVE('',#2486,#2624,#1347,.T.);
#3261=EDGE_CURVE('',#2637,#2627,#1348,.T.);
#3262=EDGE_CURVE('',#2636,#2637,#2281,.T.);
#3263=EDGE_CURVE('',#2626,#2484,#1349,.T.);
#3264=EDGE_CURVE('',#2485,#2637,#2282,.T.);
#3265=EDGE_CURVE('',#2629,#2638,#1350,.T.);
#3266=EDGE_CURVE('',#2638,#2639,#2283,.T.);
#3267=EDGE_CURVE('',#2639,#2628,#1351,.T.);
#3268=EDGE_CURVE('',#2630,#2640,#1352,.T.);
#3269=EDGE_CURVE('',#2640,#2641,#2284,.T.);
#3270=EDGE_CURVE('',#2641,#2631,#1353,.T.);
#3271=EDGE_CURVE('',#2622,#2478,#1354,.T.);
#3272=EDGE_CURVE('',#2479,#2642,#2285,.T.);
#3273=EDGE_CURVE('',#2642,#2623,#1355,.T.);
#3274=EDGE_CURVE('',#2640,#2639,#2286,.T.);
#3275=EDGE_CURVE('',#2643,#2642,#2287,.T.);
#3276=EDGE_CURVE('',#2621,#2643,#1356,.T.);
#3277=EDGE_CURVE('',#2644,#2644,#2288,.T.);
#3278=EDGE_CURVE('',#2644,#2582,#1357,.T.);
#3279=EDGE_CURVE('',#2645,#2645,#2289,.T.);
#3280=EDGE_CURVE('',#2645,#2517,#1358,.T.);
#3281=EDGE_CURVE('',#2474,#2594,#1359,.T.);
#3282=EDGE_CURVE('',#2646,#2499,#166,.T.);
#3283=EDGE_CURVE('',#2647,#2646,#1360,.T.);
#3284=EDGE_CURVE('',#2648,#2647,#167,.T.);
#3285=EDGE_CURVE('',#2649,#2648,#1361,.T.);
#3286=EDGE_CURVE('',#2617,#2649,#1362,.T.);
#3287=EDGE_CURVE('',#2650,#2614,#1363,.T.);
#3288=EDGE_CURVE('',#2651,#2650,#168,.T.);
#3289=EDGE_CURVE('',#2652,#2651,#2290,.T.);
#3290=EDGE_CURVE('',#2653,#2652,#169,.T.);
#3291=EDGE_CURVE('',#2654,#2653,#1364,.T.);
#3292=EDGE_CURVE('',#2655,#2654,#170,.T.);
#3293=EDGE_CURVE('',#2656,#2655,#2291,.T.);
#3294=EDGE_CURVE('',#2657,#2656,#171,.T.);
#3295=EDGE_CURVE('',#2658,#2657,#1365,.T.);
#3296=EDGE_CURVE('',#2659,#2658,#1366,.T.);
#3297=EDGE_CURVE('',#2659,#2660,#1367,.T.);
#3298=EDGE_CURVE('',#2661,#2660,#1368,.T.);
#3299=EDGE_CURVE('',#2662,#2661,#1369,.T.);
#3300=EDGE_CURVE('',#2663,#2662,#2292,.T.);
#3301=EDGE_CURVE('',#2664,#2663,#1370,.T.);
#3302=EDGE_CURVE('',#2665,#2664,#172,.T.);
#3303=EDGE_CURVE('',#2666,#2665,#2293,.T.);
#3304=EDGE_CURVE('',#2667,#2666,#173,.T.);
#3305=EDGE_CURVE('',#2668,#2667,#1371,.T.);
#3306=EDGE_CURVE('',#2669,#2668,#174,.T.);
#3307=EDGE_CURVE('',#2670,#2669,#2294,.T.);
#3308=EDGE_CURVE('',#2671,#2670,#175,.T.);
#3309=EDGE_CURVE('',#2612,#2671,#1372,.T.);
#3310=EDGE_CURVE('',#2672,#2609,#1373,.T.);
#3311=EDGE_CURVE('',#2495,#2672,#1374,.T.);
#3312=EDGE_CURVE('',#2673,#2674,#2295,.F.);
#3313=EDGE_CURVE('',#2673,#2675,#1375,.T.);
#3314=EDGE_CURVE('',#2675,#2676,#2296,.T.);
#3315=EDGE_CURVE('',#2676,#2674,#1376,.T.);
#3316=EDGE_CURVE('',#2676,#2677,#1377,.T.);
#3317=EDGE_CURVE('',#2678,#2677,#176,.T.);
#3318=EDGE_CURVE('',#2674,#2678,#1378,.T.);
#3319=EDGE_CURVE('',#2679,#2680,#2297,.T.);
#3320=EDGE_CURVE('',#2680,#2648,#2298,.T.);
#3321=EDGE_CURVE('',#2647,#2679,#2299,.T.);
#3322=EDGE_CURVE('',#2681,#2682,#2300,.T.);
#3323=EDGE_CURVE('',#2682,#2680,#1379,.T.);
#3324=EDGE_CURVE('',#2679,#2681,#1380,.T.);
#3325=EDGE_CURVE('',#2683,#2684,#177,.T.);
#3326=EDGE_CURVE('',#2684,#2682,#2301,.T.);
#3327=EDGE_CURVE('',#2681,#2683,#2302,.T.);
#3328=EDGE_CURVE('',#2685,#2646,#178,.T.);
#3329=EDGE_CURVE('',#2683,#2685,#1381,.T.);
#3330=EDGE_CURVE('',#2686,#2687,#2303,.T.);
#3331=EDGE_CURVE('',#2687,#2688,#2304,.T.);
#3332=EDGE_CURVE('',#2688,#2686,#2305,.T.);
#3333=EDGE_CURVE('',#2689,#2690,#2306,.T.);
#3334=EDGE_CURVE('',#2690,#2687,#1382,.T.);
#3335=EDGE_CURVE('',#2686,#2689,#1383,.T.);
#3336=EDGE_CURVE('',#2689,#2691,#2307,.T.);
#3337=EDGE_CURVE('',#2691,#2690,#2308,.T.);
#3338=EDGE_CURVE('',#2692,#2686,#1384,.T.);
#3339=EDGE_CURVE('',#2693,#2692,#2309,.T.);
#3340=EDGE_CURVE('',#2689,#2693,#1385,.T.);
#3341=EDGE_CURVE('',#2688,#2694,#1386,.T.);
#3342=EDGE_CURVE('',#2692,#2694,#2310,.T.);
#3343=EDGE_CURVE('',#2687,#2695,#1387,.T.);
#3344=EDGE_CURVE('',#2696,#2695,#43,.T.);
#3345=EDGE_CURVE('',#2696,#2688,#1388,.T.);
#3346=EDGE_CURVE('',#2697,#2698,#2311,.F.);
#3347=EDGE_CURVE('',#2699,#2697,#2312,.F.);
#3348=EDGE_CURVE('',#2698,#2699,#2313,.F.);
#3349=EDGE_CURVE('',#2700,#2701,#2314,.F.);
#3350=EDGE_CURVE('',#2702,#2700,#2315,.F.);
#3351=EDGE_CURVE('',#2701,#2702,#2316,.F.);
#3352=EDGE_CURVE('',#2697,#2702,#1389,.T.);
#3353=EDGE_CURVE('',#2700,#2699,#1390,.T.);
#3354=EDGE_CURVE('',#2703,#2704,#2317,.T.);
#3355=EDGE_CURVE('',#2704,#2705,#2318,.T.);
#3356=EDGE_CURVE('',#2705,#2703,#2319,.T.);
#3357=EDGE_CURVE('',#2703,#2701,#1391,.T.);
#3358=EDGE_CURVE('',#2702,#2704,#1392,.T.);
#3359=EDGE_CURVE('',#2706,#2707,#2320,.T.);
#3360=EDGE_CURVE('',#2707,#2700,#1393,.T.);
#3361=EDGE_CURVE('',#2701,#2706,#1394,.T.);
#3362=EDGE_CURVE('',#2708,#2709,#2321,.T.);
#3363=EDGE_CURVE('',#2709,#2698,#1395,.T.);
#3364=EDGE_CURVE('',#2699,#2708,#1396,.T.);
#3365=EDGE_CURVE('',#2710,#2711,#2322,.T.);
#3366=EDGE_CURVE('',#2711,#2697,#1397,.T.);
#3367=EDGE_CURVE('',#2698,#2710,#1398,.T.);
#3368=EDGE_CURVE('',#2710,#2712,#2323,.T.);
#3369=EDGE_CURVE('',#2712,#2711,#2324,.T.);
#3370=EDGE_CURVE('',#2704,#2713,#1399,.T.);
#3371=EDGE_CURVE('',#2714,#2713,#44,.T.);
#3372=EDGE_CURVE('',#2714,#2705,#1400,.T.);
#3373=EDGE_CURVE('',#2715,#2711,#1401,.T.);
#3374=EDGE_CURVE('',#2716,#2715,#1402,.T.);
#3375=EDGE_CURVE('',#2717,#2716,#2325,.T.);
#3376=EDGE_CURVE('',#2713,#2717,#1403,.T.);
#3377=EDGE_CURVE('',#2712,#2718,#1404,.T.);
#3378=EDGE_CURVE('',#2715,#2718,#45,.T.);
#3379=EDGE_CURVE('',#2710,#2719,#1405,.T.);
#3380=EDGE_CURVE('',#2720,#2719,#46,.T.);
#3381=EDGE_CURVE('',#2720,#2712,#1406,.T.);
#3382=EDGE_CURVE('',#2721,#2690,#1407,.T.);
#3383=EDGE_CURVE('',#2719,#2721,#1408,.T.);
#3384=EDGE_CURVE('',#2722,#2709,#1409,.T.);
#3385=EDGE_CURVE('',#2723,#2722,#1410,.T.);
#3386=EDGE_CURVE('',#2724,#2723,#1411,.T.);
#3387=EDGE_CURVE('',#2725,#2724,#1412,.T.);
#3388=EDGE_CURVE('',#2695,#2725,#1413,.T.);
#3389=EDGE_CURVE('',#2726,#2727,#2326,.T.);
#3390=EDGE_CURVE('',#2727,#2728,#2327,.T.);
#3391=EDGE_CURVE('',#2728,#2726,#2328,.T.);
#3392=EDGE_CURVE('',#2726,#2729,#1414,.T.);
#3393=EDGE_CURVE('',#2729,#2730,#2329,.T.);
#3394=EDGE_CURVE('',#2730,#2727,#1415,.T.);
#3395=EDGE_CURVE('',#2729,#2731,#2330,.T.);
#3396=EDGE_CURVE('',#2731,#2730,#2331,.T.);
#3397=EDGE_CURVE('',#2732,#2703,#1416,.T.);
#3398=EDGE_CURVE('',#2733,#2732,#1417,.T.);
#3399=EDGE_CURVE('',#2729,#2733,#1418,.T.);
#3400=EDGE_CURVE('',#2734,#2726,#1419,.T.);
#3401=EDGE_CURVE('',#2735,#2734,#1420,.T.);
#3402=EDGE_CURVE('',#2736,#2735,#1421,.T.);
#3403=EDGE_CURVE('',#2737,#2736,#1422,.T.);
#3404=EDGE_CURVE('',#2738,#2737,#1423,.T.);
#3405=EDGE_CURVE('',#2706,#2738,#1424,.T.);
#3406=EDGE_CURVE('',#2728,#2739,#1425,.T.);
#3407=EDGE_CURVE('',#2739,#2734,#47,.T.);
#3408=EDGE_CURVE('',#2727,#2740,#1426,.T.);
#3409=EDGE_CURVE('',#2741,#2740,#2332,.T.);
#3410=EDGE_CURVE('',#2741,#2728,#1427,.T.);
#3411=EDGE_CURVE('',#2742,#2737,#2333,.F.);
#3412=EDGE_CURVE('',#2743,#2742,#2334,.F.);
#3413=EDGE_CURVE('',#2737,#2743,#2335,.F.);
#3414=EDGE_CURVE('',#2744,#2745,#2336,.F.);
#3415=EDGE_CURVE('',#2723,#2744,#2337,.F.);
#3416=EDGE_CURVE('',#2745,#2723,#2338,.F.);
#3417=EDGE_CURVE('',#2724,#2746,#2339,.T.);
#3418=EDGE_CURVE('',#2746,#2747,#2340,.T.);
#3419=EDGE_CURVE('',#2747,#2724,#2341,.T.);
#3420=EDGE_CURVE('',#2744,#2746,#1428,.T.);
#3421=EDGE_CURVE('',#2722,#2748,#2342,.T.);
#3422=EDGE_CURVE('',#2748,#2745,#1429,.T.);
#3423=EDGE_CURVE('',#2742,#2744,#1430,.T.);
#3424=EDGE_CURVE('',#2745,#2743,#1431,.T.);
#3425=EDGE_CURVE('',#2749,#2738,#2343,.T.);
#3426=EDGE_CURVE('',#2743,#2749,#1432,.T.);
#3427=EDGE_CURVE('',#2736,#2750,#2344,.T.);
#3428=EDGE_CURVE('',#2750,#2742,#1433,.T.);
#3429=EDGE_CURVE('',#2736,#2751,#2345,.T.);
#3430=EDGE_CURVE('',#2751,#2750,#2346,.T.);
#3431=EDGE_CURVE('',#2746,#2752,#1434,.T.);
#3432=EDGE_CURVE('',#2753,#2752,#48,.T.);
#3433=EDGE_CURVE('',#2753,#2747,#1435,.T.);
#3434=EDGE_CURVE('',#2754,#2750,#1436,.T.);
#3435=EDGE_CURVE('',#2755,#2754,#1437,.T.);
#3436=EDGE_CURVE('',#2756,#2755,#2347,.T.);
#3437=EDGE_CURVE('',#2752,#2756,#1438,.T.);
#3438=EDGE_CURVE('',#2751,#2757,#1439,.T.);
#3439=EDGE_CURVE('',#2754,#2757,#49,.T.);
#3440=EDGE_CURVE('',#2735,#2758,#50,.T.);
#3441=EDGE_CURVE('',#2758,#2751,#1440,.T.);
#3442=EDGE_CURVE('',#2759,#2760,#2348,.F.);
#3443=EDGE_CURVE('',#2761,#2759,#2349,.F.);
#3444=EDGE_CURVE('',#2760,#2761,#2350,.F.);
#3445=EDGE_CURVE('',#2762,#2763,#51,.T.);
#3446=EDGE_CURVE('',#2763,#2761,#1441,.T.);
#3447=EDGE_CURVE('',#2759,#2764,#1442,.T.);
#3448=EDGE_CURVE('',#2764,#2762,#52,.T.);
#3449=EDGE_CURVE('',#2765,#2766,#2351,.F.);
#3450=EDGE_CURVE('',#2767,#2765,#2352,.F.);
#3451=EDGE_CURVE('',#2766,#2767,#2353,.F.);
#3452=EDGE_CURVE('',#2768,#2769,#53,.T.);
#3453=EDGE_CURVE('',#2769,#2767,#1443,.T.);
#3454=EDGE_CURVE('',#2765,#2770,#1444,.T.);
#3455=EDGE_CURVE('',#2770,#2768,#54,.T.);
#3456=EDGE_CURVE('',#2760,#2766,#1445,.T.);
#3457=EDGE_CURVE('',#2767,#2759,#1446,.T.);
#3458=EDGE_CURVE('',#2771,#2772,#2354,.F.);
#3459=EDGE_CURVE('',#2773,#2771,#2355,.F.);
#3460=EDGE_CURVE('',#2772,#2773,#2356,.F.);
#3461=EDGE_CURVE('',#2774,#2775,#55,.T.);
#3462=EDGE_CURVE('',#2775,#2773,#1447,.T.);
#3463=EDGE_CURVE('',#2771,#2776,#1448,.T.);
#3464=EDGE_CURVE('',#2776,#2774,#56,.T.);
#3465=EDGE_CURVE('',#2777,#2778,#2357,.F.);
#3466=EDGE_CURVE('',#2779,#2777,#2358,.F.);
#3467=EDGE_CURVE('',#2778,#2779,#2359,.F.);
#3468=EDGE_CURVE('',#2780,#2781,#57,.T.);
#3469=EDGE_CURVE('',#2781,#2779,#1449,.T.);
#3470=EDGE_CURVE('',#2777,#2782,#1450,.T.);
#3471=EDGE_CURVE('',#2782,#2780,#58,.T.);
#3472=EDGE_CURVE('',#2766,#2778,#1451,.T.);
#3473=EDGE_CURVE('',#2779,#2765,#1452,.T.);
#3474=EDGE_CURVE('',#2778,#2772,#1453,.T.);
#3475=EDGE_CURVE('',#2773,#2777,#1454,.T.);
#3476=EDGE_CURVE('',#2772,#2760,#1455,.T.);
#3477=EDGE_CURVE('',#2761,#2771,#1456,.T.);
#3478=EDGE_CURVE('',#2764,#2769,#1457,.T.);
#3479=EDGE_CURVE('',#2762,#2783,#1458,.T.);
#3480=EDGE_CURVE('',#2784,#2783,#1459,.T.);
#3481=EDGE_CURVE('',#2785,#2784,#1460,.T.);
#3482=EDGE_CURVE('',#2774,#2785,#1461,.T.);
#3483=EDGE_CURVE('',#2776,#2763,#1462,.T.);
#3484=EDGE_CURVE('',#2768,#2786,#1463,.T.);
#3485=EDGE_CURVE('',#2787,#2786,#1464,.T.);
#3486=EDGE_CURVE('',#2783,#2787,#1465,.T.);
#3487=EDGE_CURVE('',#2770,#2781,#1466,.T.);
#3488=EDGE_CURVE('',#2780,#2788,#1467,.T.);
#3489=EDGE_CURVE('',#2789,#2788,#1468,.T.);
#3490=EDGE_CURVE('',#2786,#2789,#1469,.T.);
#3491=EDGE_CURVE('',#2790,#2791,#2360,.T.);
#3492=EDGE_CURVE('',#2791,#2792,#2361,.T.);
#3493=EDGE_CURVE('',#2792,#2793,#2362,.T.);
#3494=EDGE_CURVE('',#2793,#2790,#2363,.T.);
#3495=EDGE_CURVE('',#2794,#2795,#1470,.T.);
#3496=EDGE_CURVE('',#2795,#2796,#1471,.T.);
#3497=EDGE_CURVE('',#2796,#2797,#1472,.T.);
#3498=EDGE_CURVE('',#2797,#2798,#1473,.T.);
#3499=EDGE_CURVE('',#2798,#2799,#1474,.T.);
#3500=EDGE_CURVE('',#2799,#2794,#1475,.T.);
#3501=EDGE_CURVE('',#2800,#2801,#1476,.T.);
#3502=EDGE_CURVE('',#2801,#2802,#1477,.T.);
#3503=EDGE_CURVE('',#2802,#2803,#1478,.T.);
#3504=EDGE_CURVE('',#2803,#2804,#1479,.T.);
#3505=EDGE_CURVE('',#2804,#2805,#1480,.T.);
#3506=EDGE_CURVE('',#2805,#2800,#1481,.T.);
#3507=EDGE_CURVE('',#2806,#2807,#1482,.T.);
#3508=EDGE_CURVE('',#2807,#2808,#1483,.T.);
#3509=EDGE_CURVE('',#2808,#2809,#1484,.T.);
#3510=EDGE_CURVE('',#2809,#2810,#1485,.T.);
#3511=EDGE_CURVE('',#2810,#2811,#1486,.T.);
#3512=EDGE_CURVE('',#2811,#2806,#1487,.T.);
#3513=EDGE_CURVE('',#2812,#2813,#1488,.T.);
#3514=EDGE_CURVE('',#2813,#2814,#1489,.T.);
#3515=EDGE_CURVE('',#2814,#2815,#1490,.T.);
#3516=EDGE_CURVE('',#2815,#2816,#1491,.T.);
#3517=EDGE_CURVE('',#2816,#2817,#1492,.T.);
#3518=EDGE_CURVE('',#2817,#2812,#1493,.T.);
#3519=EDGE_CURVE('',#2725,#2818,#59,.T.);
#3520=EDGE_CURVE('',#2818,#2696,#1494,.T.);
#3521=EDGE_CURVE('',#2819,#2820,#179,.F.);
#3522=EDGE_CURVE('',#2821,#2820,#180,.T.);
#3523=EDGE_CURVE('',#2821,#2822,#181,.T.);
#3524=EDGE_CURVE('',#2822,#2756,#2364,.T.);
#3525=EDGE_CURVE('',#2756,#2819,#182,.T.);
#3526=EDGE_CURVE('',#2822,#2753,#1495,.T.);
#3527=EDGE_CURVE('',#2747,#2818,#1496,.T.);
#3528=EDGE_CURVE('',#2823,#2824,#183,.T.);
#3529=EDGE_CURVE('',#2823,#2692,#184,.T.);
#3530=EDGE_CURVE('',#2694,#2825,#185,.T.);
#3531=EDGE_CURVE('',#2824,#2825,#186,.T.);
#3532=EDGE_CURVE('',#2826,#2755,#187,.T.);
#3533=EDGE_CURVE('',#2827,#2826,#188,.T.);
#3534=EDGE_CURVE('',#2828,#2827,#189,.F.);
#3535=EDGE_CURVE('',#2819,#2828,#2365,.T.);
#3536=EDGE_CURVE('',#2829,#2823,#2366,.T.);
#3537=EDGE_CURVE('',#2693,#2829,#190,.T.);
#3538=EDGE_CURVE('',#2830,#2831,#191,.F.);
#3539=EDGE_CURVE('',#2831,#2832,#192,.T.);
#3540=EDGE_CURVE('',#2832,#2693,#2367,.T.);
#3541=EDGE_CURVE('',#2829,#2830,#193,.F.);
#3542=EDGE_CURVE('',#2832,#2691,#1497,.T.);
#3543=EDGE_CURVE('',#2833,#2720,#1498,.T.);
#3544=EDGE_CURVE('',#2721,#2833,#60,.T.);
#3545=EDGE_CURVE('',#2716,#2834,#2368,.T.);
#3546=EDGE_CURVE('',#2834,#2835,#194,.T.);
#3547=EDGE_CURVE('',#2835,#2836,#195,.F.);
#3548=EDGE_CURVE('',#2836,#2716,#196,.T.);
#3549=EDGE_CURVE('',#2718,#2834,#1499,.T.);
#3550=EDGE_CURVE('',#2691,#2833,#1500,.T.);
#3551=EDGE_CURVE('',#2837,#2836,#197,.T.);
#3552=EDGE_CURVE('',#2838,#2837,#198,.F.);
#3553=EDGE_CURVE('',#2839,#2838,#2369,.T.);
#3554=EDGE_CURVE('',#2839,#2840,#199,.T.);
#3555=EDGE_CURVE('',#2840,#2841,#200,.T.);
#3556=EDGE_CURVE('',#2717,#2841,#201,.T.);
#3557=EDGE_CURVE('',#2842,#2843,#202,.F.);
#3558=EDGE_CURVE('',#2843,#2741,#203,.T.);
#3559=EDGE_CURVE('',#2740,#2844,#204,.T.);
#3560=EDGE_CURVE('',#2844,#2842,#205,.F.);
#3561=EDGE_CURVE('',#2755,#2845,#2370,.T.);
#3562=EDGE_CURVE('',#2845,#2846,#206,.T.);
#3563=EDGE_CURVE('',#2846,#2826,#207,.F.);
#3564=EDGE_CURVE('',#2757,#2845,#1501,.T.);
#3565=EDGE_CURVE('',#2739,#2758,#1502,.T.);
#3566=EDGE_CURVE('',#2740,#2847,#2371,.T.);
#3567=EDGE_CURVE('',#2848,#2847,#208,.T.);
#3568=EDGE_CURVE('',#2844,#2848,#2372,.T.);
#3569=EDGE_CURVE('',#2847,#2730,#1503,.T.);
#3570=EDGE_CURVE('',#2849,#2717,#2373,.T.);
#3571=EDGE_CURVE('',#2841,#2850,#209,.F.);
#3572=EDGE_CURVE('',#2850,#2849,#210,.T.);
#3573=EDGE_CURVE('',#2849,#2714,#1504,.T.);
#3574=EDGE_CURVE('',#2705,#2851,#1505,.T.);
#3575=EDGE_CURVE('',#2851,#2732,#61,.T.);
#3576=EDGE_CURVE('',#2848,#2852,#211,.T.);
#3577=EDGE_CURVE('',#2847,#2853,#2374,.T.);
#3578=EDGE_CURVE('',#2853,#2854,#212,.T.);
#3579=EDGE_CURVE('',#2852,#2854,#213,.T.);
#3580=EDGE_CURVE('',#2731,#2853,#1506,.T.);
#3581=EDGE_CURVE('',#2733,#2855,#62,.T.);
#3582=EDGE_CURVE('',#2855,#2731,#1507,.T.);
#3583=EDGE_CURVE('',#2851,#2855,#1508,.T.);
#3584=EDGE_CURVE('',#2838,#2856,#1509,.T.);
#3585=EDGE_CURVE('',#2830,#2856,#2375,.T.);
#3586=EDGE_CURVE('',#2857,#2829,#2376,.T.);
#3587=EDGE_CURVE('',#2838,#2857,#2377,.T.);
#3588=EDGE_CURVE('',#2858,#2839,#1510,.T.);
#3589=EDGE_CURVE('',#2859,#2839,#2378,.T.);
#3590=EDGE_CURVE('',#2848,#2859,#2379,.T.);
#3591=EDGE_CURVE('',#2858,#2852,#2380,.T.);
#3592=EDGE_CURVE('',#2860,#2824,#2381,.T.);
#3593=EDGE_CURVE('',#2820,#2860,#1511,.F.);
#3594=EDGE_CURVE('',#2861,#2819,#2382,.T.);
#3595=EDGE_CURVE('',#2823,#2861,#2383,.T.);
#3596=EDGE_CURVE('',#2862,#2844,#2384,.T.);
#3597=EDGE_CURVE('',#2828,#2862,#2385,.T.);
#3598=EDGE_CURVE('',#2828,#2863,#1512,.T.);
#3599=EDGE_CURVE('',#2842,#2863,#2386,.T.);
#3600=EDGE_CURVE('',#2864,#2678,#214,.T.);
#3601=EDGE_CURVE('',#2859,#2678,#215,.T.);
#3602=EDGE_CURVE('',#2857,#2864,#216,.T.);
#3603=EDGE_CURVE('',#2862,#2677,#217,.T.);
#3604=EDGE_CURVE('',#2865,#2866,#1513,.T.);
#3605=EDGE_CURVE('',#2866,#2867,#218,.T.);
#3606=EDGE_CURVE('',#2868,#2867,#2387,.T.);
#3607=EDGE_CURVE('',#2865,#2868,#219,.T.);
#3608=EDGE_CURVE('',#2866,#2869,#1514,.T.);
#3609=EDGE_CURVE('',#2869,#2870,#220,.T.);
#3610=EDGE_CURVE('',#2871,#2870,#2388,.T.);
#3611=EDGE_CURVE('',#2867,#2871,#2389,.T.);
#3612=EDGE_CURVE('',#2872,#2865,#1515,.T.);
#3613=EDGE_CURVE('',#2873,#2868,#2390,.T.);
#3614=EDGE_CURVE('',#2872,#2873,#221,.T.);
#3615=EDGE_CURVE('',#2869,#2872,#1516,.T.);
#3616=EDGE_CURVE('',#2870,#2873,#2391,.T.);
#3617=EDGE_CURVE('',#2874,#2864,#222,.T.);
#3618=EDGE_CURVE('',#2861,#2874,#223,.T.);
#3619=EDGE_CURVE('',#2677,#2874,#224,.T.);
#3620=EDGE_CURVE('',#2875,#2863,#1517,.T.);
#3621=EDGE_CURVE('',#2843,#2875,#1518,.T.);
#3622=EDGE_CURVE('',#2749,#2748,#1519,.T.);
#3623=EDGE_CURVE('',#2876,#2825,#1520,.T.);
#3624=EDGE_CURVE('',#2860,#2876,#1521,.T.);
#3625=EDGE_CURVE('',#2877,#2877,#2392,.T.);
#3626=EDGE_CURVE('',#2877,#2871,#1522,.T.);
#3627=EDGE_CURVE('',#2878,#2739,#1523,.T.);
#3628=EDGE_CURVE('',#2879,#2878,#1524,.T.);
#3629=EDGE_CURVE('',#2880,#2879,#1525,.T.);
#3630=EDGE_CURVE('',#2758,#2880,#1526,.T.);
#3631=EDGE_CURVE('',#2881,#2881,#2393,.T.);
#3632=EDGE_CURVE('',#2882,#2833,#1527,.T.);
#3633=EDGE_CURVE('',#2883,#2882,#1528,.T.);
#3634=EDGE_CURVE('',#2884,#2883,#1529,.T.);
#3635=EDGE_CURVE('',#2720,#2884,#1530,.T.);
#3636=EDGE_CURVE('',#2885,#2885,#2394,.T.);
#3637=EDGE_CURVE('',#2846,#2879,#1531,.T.);
#3638=EDGE_CURVE('',#2875,#2878,#1532,.T.);
#3639=EDGE_CURVE('',#2757,#2880,#1533,.T.);
#3640=EDGE_CURVE('',#2886,#2856,#1534,.T.);
#3641=EDGE_CURVE('',#2835,#2883,#1535,.T.);
#3642=EDGE_CURVE('',#2886,#2882,#1536,.T.);
#3643=EDGE_CURVE('',#2718,#2884,#1537,.T.);
#3644=EDGE_CURVE('',#2831,#2886,#1538,.T.);
#3645=EDGE_CURVE('',#2821,#2887,#1539,.T.);
#3646=EDGE_CURVE('',#2887,#2888,#1540,.T.);
#3647=EDGE_CURVE('',#2753,#2888,#1541,.T.);
#3648=EDGE_CURVE('',#2876,#2889,#1542,.T.);
#3649=EDGE_CURVE('',#2889,#2887,#1543,.T.);
#3650=EDGE_CURVE('',#2696,#2889,#1544,.T.);
#3651=EDGE_CURVE('',#2888,#2818,#1545,.T.);
#3652=EDGE_CURVE('',#2890,#2890,#2395,.T.);
#3653=EDGE_CURVE('',#2891,#2854,#1546,.T.);
#3654=EDGE_CURVE('',#2858,#2891,#1547,.T.);
#3655=EDGE_CURVE('',#2850,#2892,#1548,.T.);
#3656=EDGE_CURVE('',#2892,#2893,#1549,.T.);
#3657=EDGE_CURVE('',#2714,#2893,#1550,.T.);
#3658=EDGE_CURVE('',#2891,#2894,#1551,.T.);
#3659=EDGE_CURVE('',#2894,#2892,#1552,.T.);
#3660=EDGE_CURVE('',#2855,#2894,#1553,.T.);
#3661=EDGE_CURVE('',#2893,#2851,#1554,.T.);
#3662=EDGE_CURVE('',#2895,#2895,#2396,.T.);
#3663=EDGE_CURVE('',#2896,#2896,#2397,.T.);
#3664=EDGE_CURVE('',#2896,#2881,#1555,.T.);
#3665=EDGE_CURVE('',#2897,#2897,#2398,.T.);
#3666=EDGE_CURVE('',#2897,#2885,#1556,.T.);
#3667=EDGE_CURVE('',#2898,#2898,#2399,.T.);
#3668=EDGE_CURVE('',#2898,#2890,#1557,.T.);
#3669=EDGE_CURVE('',#2708,#2707,#1558,.T.);
#3670=EDGE_CURVE('',#2899,#2899,#2400,.T.);
#3671=EDGE_CURVE('',#2899,#2895,#1559,.T.);
#3672=EDGE_CURVE('',#2673,#2900,#1560,.T.);
#3673=EDGE_CURVE('',#2900,#2864,#1561,.T.);
#3674=EDGE_CURVE('',#2900,#2901,#1562,.T.);
#3675=EDGE_CURVE('',#2901,#2874,#1563,.T.);
#3676=EDGE_CURVE('',#2901,#2675,#1564,.T.);
#3677=EDGE_CURVE('',#2902,#2673,#1565,.T.);
#3678=EDGE_CURVE('',#2903,#2902,#1566,.T.);
#3679=EDGE_CURVE('',#2675,#2903,#1567,.T.);
#3680=EDGE_CURVE('',#2904,#2869,#1568,.T.);
#3681=EDGE_CURVE('',#2905,#2904,#1569,.T.);
#3682=EDGE_CURVE('',#2905,#2872,#1570,.T.);
#3683=EDGE_CURVE('',#2906,#2906,#2401,.T.);
#3684=EDGE_CURVE('',#2907,#2907,#2402,.T.);
#3685=EDGE_CURVE('',#2907,#2908,#1571,.T.);
#3686=EDGE_CURVE('',#2908,#2909,#2403,.T.);
#3687=EDGE_CURVE('',#2909,#2910,#2404,.T.);
#3688=EDGE_CURVE('',#2910,#2911,#2405,.T.);
#3689=EDGE_CURVE('',#2911,#2912,#2406,.T.);
#3690=EDGE_CURVE('',#2912,#2908,#2407,.T.);
#3691=EDGE_CURVE('',#2913,#2866,#1572,.T.);
#3692=EDGE_CURVE('',#2914,#2865,#1573,.T.);
#3693=EDGE_CURVE('',#2913,#2914,#1574,.T.);
#3694=EDGE_CURVE('',#2904,#2915,#1575,.T.);
#3695=EDGE_CURVE('',#2916,#2915,#1576,.T.);
#3696=EDGE_CURVE('',#2905,#2916,#1577,.T.);
#3697=EDGE_CURVE('',#2917,#2913,#1578,.T.);
#3698=EDGE_CURVE('',#2917,#2918,#1579,.T.);
#3699=EDGE_CURVE('',#2918,#2919,#1580,.T.);
#3700=EDGE_CURVE('',#2915,#2919,#1581,.T.);
#3701=EDGE_CURVE('',#2918,#2920,#1582,.T.);
#3702=EDGE_CURVE('',#2920,#2921,#1583,.T.);
#3703=EDGE_CURVE('',#2919,#2921,#1584,.T.);
#3704=EDGE_CURVE('',#2922,#2917,#1585,.T.);
#3705=EDGE_CURVE('',#2920,#2922,#1586,.T.);
#3706=EDGE_CURVE('',#2909,#2913,#225,.T.);
#3707=EDGE_CURVE('',#2912,#2917,#226,.T.);
#3708=EDGE_CURVE('',#2910,#2914,#227,.T.);
#3709=EDGE_CURVE('',#2911,#2922,#228,.T.);
#3710=EDGE_CURVE('',#2914,#2922,#1587,.T.);
#3711=EDGE_CURVE('',#2646,#2792,#229,.T.);
#3712=EDGE_CURVE('',#2685,#2791,#230,.T.);
#3713=EDGE_CURVE('',#2502,#2685,#231,.T.);
#3714=EDGE_CURVE('',#2503,#2790,#232,.T.);
#3715=EDGE_CURVE('',#2782,#2775,#1588,.T.);
#3716=EDGE_CURVE('',#2784,#2923,#2408,.T.);
#3717=EDGE_CURVE('',#2923,#2785,#1589,.T.);
#3718=EDGE_CURVE('',#2924,#2924,#2409,.T.);
#3719=EDGE_CURVE('',#2787,#2784,#2410,.T.);
#3720=EDGE_CURVE('',#2925,#2925,#2411,.T.);
#3721=EDGE_CURVE('',#2789,#2787,#2412,.T.);
#3722=EDGE_CURVE('',#2926,#2926,#2413,.T.);
#3723=EDGE_CURVE('',#2923,#2789,#2414,.T.);
#3724=EDGE_CURVE('',#2788,#2923,#1590,.T.);
#3725=EDGE_CURVE('',#2927,#2927,#2415,.T.);
#3726=EDGE_CURVE('',#2923,#2928,#1591,.T.);
#3727=EDGE_CURVE('',#2929,#2928,#2416,.T.);
#3728=EDGE_CURVE('',#2928,#2929,#2417,.T.);
#3729=EDGE_CURVE('',#2930,#2930,#2418,.T.);
#3730=EDGE_CURVE('',#2930,#2929,#2419,.T.);
#3731=EDGE_CURVE('',#2906,#2930,#1592,.T.);
#3732=EDGE_CURVE('',#2926,#2931,#1593,.T.);
#3733=EDGE_CURVE('',#2931,#2931,#2420,.T.);
#3734=EDGE_CURVE('',#2924,#2932,#1594,.T.);
#3735=EDGE_CURVE('',#2932,#2932,#2421,.T.);
#3736=EDGE_CURVE('',#2927,#2933,#1595,.T.);
#3737=EDGE_CURVE('',#2933,#2933,#2422,.T.);
#3738=EDGE_CURVE('',#2925,#2934,#1596,.T.);
#3739=EDGE_CURVE('',#2934,#2934,#2423,.T.);
#3740=EDGE_CURVE('',#2661,#2658,#1597,.T.);
#3741=EDGE_CURVE('',#2935,#2661,#2424,.T.);
#3742=EDGE_CURVE('',#2935,#2936,#2425,.T.);
#3743=EDGE_CURVE('',#2658,#2936,#2426,.T.);
#3744=EDGE_CURVE('',#2937,#2937,#2427,.T.);
#3745=EDGE_CURVE('',#2938,#2659,#2428,.T.);
#3746=EDGE_CURVE('',#2938,#2939,#2429,.T.);
#3747=EDGE_CURVE('',#2660,#2939,#2430,.T.);
#3748=EDGE_CURVE('',#2643,#2482,#2431,.T.);
#3749=EDGE_CURVE('',#2497,#2504,#233,.T.);
#3750=EDGE_CURVE('',#2940,#2476,#2432,.T.);
#3751=EDGE_CURVE('',#2940,#2615,#2433,.T.);
#3752=EDGE_CURVE('',#2500,#2496,#1598,.T.);
#3753=EDGE_CURVE('',#2941,#2942,#1599,.T.);
#3754=EDGE_CURVE('',#2943,#2941,#2434,.T.);
#3755=EDGE_CURVE('',#2943,#2944,#2435,.T.);
#3756=EDGE_CURVE('',#2942,#2944,#2436,.T.);
#3757=EDGE_CURVE('',#2937,#2569,#1600,.T.);
#3758=EDGE_CURVE('',#2945,#2945,#2437,.T.);
#3759=EDGE_CURVE('',#2945,#2543,#1601,.T.);
#3760=EDGE_CURVE('',#2946,#2632,#1602,.T.);
#3761=EDGE_CURVE('',#2947,#2946,#2438,.T.);
#3762=EDGE_CURVE('',#2634,#2947,#1603,.T.);
#3763=EDGE_CURVE('',#2947,#2948,#2439,.T.);
#3764=EDGE_CURVE('',#2948,#2635,#1604,.T.);
#3765=EDGE_CURVE('',#2633,#2949,#1605,.T.);
#3766=EDGE_CURVE('',#2949,#2946,#2440,.T.);
#3767=EDGE_CURVE('',#2950,#2943,#1606,.T.);
#3768=EDGE_CURVE('',#2951,#2950,#2441,.T.);
#3769=EDGE_CURVE('',#2944,#2951,#1607,.T.);
#3770=EDGE_CURVE('',#2951,#2952,#2442,.T.);
#3771=EDGE_CURVE('',#2952,#2942,#1608,.T.);
#3772=EDGE_CURVE('',#2941,#2953,#1609,.T.);
#3773=EDGE_CURVE('',#2953,#2950,#2443,.T.);
#3774=EDGE_CURVE('',#2480,#2620,#1610,.T.);
#3775=EDGE_CURVE('',#2593,#2940,#1611,.T.);
#3776=EDGE_CURVE('',#2936,#2938,#1612,.T.);
#3777=EDGE_CURVE('',#2939,#2935,#1613,.T.);
#3778=EDGE_CURVE('',#2954,#2955,#1614,.T.);
#3779=EDGE_CURVE('',#2956,#2954,#1615,.T.);
#3780=EDGE_CURVE('',#2957,#2956,#1616,.T.);
#3781=EDGE_CURVE('',#2958,#2957,#1617,.T.);
#3782=EDGE_CURVE('',#2959,#2958,#1618,.T.);
#3783=EDGE_CURVE('',#2955,#2959,#1619,.T.);
#3784=EDGE_CURVE('',#2795,#2954,#1620,.T.);
#3785=EDGE_CURVE('',#2796,#2955,#1621,.T.);
#3786=EDGE_CURVE('',#2797,#2959,#1622,.T.);
#3787=EDGE_CURVE('',#2798,#2958,#1623,.T.);
#3788=EDGE_CURVE('',#2799,#2957,#1624,.T.);
#3789=EDGE_CURVE('',#2794,#2956,#1625,.T.);
#3790=EDGE_CURVE('',#2960,#2961,#1626,.T.);
#3791=EDGE_CURVE('',#2962,#2960,#1627,.T.);
#3792=EDGE_CURVE('',#2963,#2962,#1628,.T.);
#3793=EDGE_CURVE('',#2964,#2963,#1629,.T.);
#3794=EDGE_CURVE('',#2965,#2964,#1630,.T.);
#3795=EDGE_CURVE('',#2961,#2965,#1631,.T.);
#3796=EDGE_CURVE('',#2801,#2960,#1632,.T.);
#3797=EDGE_CURVE('',#2802,#2961,#1633,.T.);
#3798=EDGE_CURVE('',#2803,#2965,#1634,.T.);
#3799=EDGE_CURVE('',#2804,#2964,#1635,.T.);
#3800=EDGE_CURVE('',#2805,#2963,#1636,.T.);
#3801=EDGE_CURVE('',#2800,#2962,#1637,.T.);
#3802=EDGE_CURVE('',#2966,#2967,#1638,.T.);
#3803=EDGE_CURVE('',#2968,#2966,#1639,.T.);
#3804=EDGE_CURVE('',#2969,#2968,#1640,.T.);
#3805=EDGE_CURVE('',#2970,#2969,#1641,.T.);
#3806=EDGE_CURVE('',#2971,#2970,#1642,.T.);
#3807=EDGE_CURVE('',#2967,#2971,#1643,.T.);
#3808=EDGE_CURVE('',#2807,#2966,#1644,.T.);
#3809=EDGE_CURVE('',#2808,#2967,#1645,.T.);
#3810=EDGE_CURVE('',#2809,#2971,#1646,.T.);
#3811=EDGE_CURVE('',#2810,#2970,#1647,.T.);
#3812=EDGE_CURVE('',#2811,#2969,#1648,.T.);
#3813=EDGE_CURVE('',#2806,#2968,#1649,.T.);
#3814=EDGE_CURVE('',#2972,#2973,#1650,.T.);
#3815=EDGE_CURVE('',#2974,#2972,#1651,.T.);
#3816=EDGE_CURVE('',#2975,#2974,#1652,.T.);
#3817=EDGE_CURVE('',#2976,#2975,#1653,.T.);
#3818=EDGE_CURVE('',#2977,#2976,#1654,.T.);
#3819=EDGE_CURVE('',#2973,#2977,#1655,.T.);
#3820=EDGE_CURVE('',#2813,#2972,#1656,.T.);
#3821=EDGE_CURVE('',#2814,#2973,#1657,.T.);
#3822=EDGE_CURVE('',#2815,#2977,#1658,.T.);
#3823=EDGE_CURVE('',#2816,#2976,#1659,.T.);
#3824=EDGE_CURVE('',#2817,#2975,#1660,.T.);
#3825=EDGE_CURVE('',#2812,#2974,#1661,.T.);
#3826=EDGE_CURVE('',#2978,#2979,#2444,.T.);
#3827=EDGE_CURVE('',#2980,#2978,#1662,.T.);
#3828=EDGE_CURVE('',#2981,#2980,#63,.T.);
#3829=EDGE_CURVE('',#2982,#2981,#2445,.T.);
#3830=EDGE_CURVE('',#2983,#2982,#64,.T.);
#3831=EDGE_CURVE('',#2979,#2983,#1663,.T.);
#3832=EDGE_CURVE('',#2641,#2638,#1664,.T.);
#3833=EDGE_CURVE('',#2952,#2953,#1665,.T.);
#3834=EDGE_CURVE('',#2948,#2949,#1666,.T.);
#3835=EDGE_CURVE('',#2609,#2612,#1667,.T.);
#3836=EDGE_CURVE('',#2984,#2902,#65,.T.);
#3837=EDGE_CURVE('',#2984,#2985,#1668,.T.);
#3838=EDGE_CURVE('',#2986,#2985,#1669,.T.);
#3839=EDGE_CURVE('',#2987,#2986,#1670,.T.);
#3840=EDGE_CURVE('',#2903,#2987,#66,.T.);
#3841=EDGE_CURVE('',#2988,#2989,#67,.T.);
#3842=EDGE_CURVE('',#2988,#2990,#1671,.T.);
#3843=EDGE_CURVE('',#2991,#2990,#1672,.T.);
#3844=EDGE_CURVE('',#2991,#2992,#1673,.T.);
#3845=EDGE_CURVE('',#2993,#2992,#68,.T.);
#3846=EDGE_CURVE('',#2993,#2989,#1674,.T.);
#3847=EDGE_CURVE('',#2614,#2617,#1675,.T.);
#3848=EDGE_CURVE('',#2994,#2995,#69,.T.);
#3849=EDGE_CURVE('',#2995,#2994,#2446,.T.);
#3850=EDGE_CURVE('',#2652,#2994,#234,.T.);
#3851=EDGE_CURVE('',#2995,#2651,#235,.T.);
#3852=EDGE_CURVE('',#2650,#2653,#70,.T.);
#3853=EDGE_CURVE('',#2996,#2997,#71,.T.);
#3854=EDGE_CURVE('',#2997,#2996,#2447,.T.);
#3855=EDGE_CURVE('',#2992,#2649,#72,.T.);
#3856=EDGE_CURVE('',#2983,#2991,#1676,.T.);
#3857=EDGE_CURVE('',#2662,#2982,#236,.T.);
#3858=EDGE_CURVE('',#2654,#2657,#73,.T.);
#3859=EDGE_CURVE('',#2997,#2655,#237,.T.);
#3860=EDGE_CURVE('',#2656,#2996,#238,.T.);
#3861=EDGE_CURVE('',#2981,#2663,#239,.T.);
#3862=EDGE_CURVE('',#2998,#2999,#2448,.T.);
#3863=EDGE_CURVE('',#2921,#2998,#1677,.T.);
#3864=EDGE_CURVE('',#2999,#2916,#1678,.T.);
#3865=EDGE_CURVE('',#2999,#2978,#240,.T.);
#3866=EDGE_CURVE('',#2979,#2998,#241,.T.);
#3867=EDGE_CURVE('',#2990,#2986,#1679,.T.);
#3868=EDGE_CURVE('',#2985,#2980,#1680,.T.);
#3869=EDGE_CURVE('',#3000,#3001,#74,.T.);
#3870=EDGE_CURVE('',#3001,#3000,#2449,.T.);
#3871=EDGE_CURVE('',#3001,#2665,#242,.T.);
#3872=EDGE_CURVE('',#2666,#3000,#243,.T.);
#3873=EDGE_CURVE('',#2664,#2667,#75,.T.);
#3874=EDGE_CURVE('',#3002,#3003,#76,.T.);
#3875=EDGE_CURVE('',#3003,#3002,#2450,.T.);
#3876=EDGE_CURVE('',#2672,#2984,#77,.T.);
#3877=EDGE_CURVE('',#2668,#2671,#78,.T.);
#3878=EDGE_CURVE('',#3003,#2669,#244,.T.);
#3879=EDGE_CURVE('',#2670,#3002,#245,.T.);
#3880=EDGE_CURVE('',#3004,#2988,#79,.T.);
#3881=EDGE_CURVE('',#3004,#2641,#1681,.T.);
#3882=EDGE_CURVE('',#2638,#2952,#1682,.T.);
#3883=EDGE_CURVE('',#2953,#2948,#1683,.T.);
#3884=EDGE_CURVE('',#2949,#3005,#1684,.T.);
#3885=EDGE_CURVE('',#2987,#3005,#80,.T.);
#3886=EDGE_CURVE('',#2498,#2793,#246,.T.);
#3887=EDGE_CURVE('',#2901,#2501,#2451,.T.);
#3888=EDGE_CURVE('',#3005,#2501,#1685,.T.);
#3889=EDGE_CURVE('',#2900,#2495,#2452,.F.);
#3890=EDGE_CURVE('',#2496,#2900,#2453,.F.);
#3891=EDGE_CURVE('',#2989,#2682,#1686,.T.);
#3892=EDGE_CURVE('',#2680,#2993,#1687,.T.);
#3893=EDGE_CURVE('',#2684,#3004,#1688,.T.);
#3894=EDGE_CURVE('',#2500,#2901,#2454,.T.);
#3895=ORIENTED_EDGE('',*,*,#3006,.F.);
#3896=ORIENTED_EDGE('',*,*,#3007,.T.);
#3897=ORIENTED_EDGE('',*,*,#3008,.T.);
#3898=ORIENTED_EDGE('',*,*,#3009,.T.);
#3899=ORIENTED_EDGE('',*,*,#3009,.F.);
#3900=ORIENTED_EDGE('',*,*,#3010,.F.);
#3901=ORIENTED_EDGE('',*,*,#3011,.F.);
#3902=ORIENTED_EDGE('',*,*,#3012,.T.);
#3903=ORIENTED_EDGE('',*,*,#3013,.F.);
#3904=ORIENTED_EDGE('',*,*,#3014,.T.);
#3905=ORIENTED_EDGE('',*,*,#3015,.T.);
#3906=ORIENTED_EDGE('',*,*,#3016,.T.);
#3907=ORIENTED_EDGE('',*,*,#3007,.F.);
#3908=ORIENTED_EDGE('',*,*,#3017,.T.);
#3909=ORIENTED_EDGE('',*,*,#3016,.F.);
#3910=ORIENTED_EDGE('',*,*,#3018,.F.);
#3911=ORIENTED_EDGE('',*,*,#3019,.F.);
#3912=ORIENTED_EDGE('',*,*,#3020,.T.);
#3913=ORIENTED_EDGE('',*,*,#3021,.T.);
#3914=ORIENTED_EDGE('',*,*,#3022,.T.);
#3915=ORIENTED_EDGE('',*,*,#3014,.F.);
#3916=ORIENTED_EDGE('',*,*,#3023,.T.);
#3917=ORIENTED_EDGE('',*,*,#3022,.F.);
#3918=ORIENTED_EDGE('',*,*,#3024,.F.);
#3919=ORIENTED_EDGE('',*,*,#3025,.F.);
#3920=ORIENTED_EDGE('',*,*,#3011,.T.);
#3921=ORIENTED_EDGE('',*,*,#3026,.T.);
#3922=ORIENTED_EDGE('',*,*,#3027,.T.);
#3923=ORIENTED_EDGE('',*,*,#3020,.F.);
#3924=ORIENTED_EDGE('',*,*,#3028,.T.);
#3925=ORIENTED_EDGE('',*,*,#3027,.F.);
#3926=ORIENTED_EDGE('',*,*,#3029,.F.);
#3927=ORIENTED_EDGE('',*,*,#3030,.F.);
#3928=ORIENTED_EDGE('',*,*,#3031,.F.);
#3929=ORIENTED_EDGE('',*,*,#3032,.F.);
#3930=ORIENTED_EDGE('',*,*,#3033,.F.);
#3931=ORIENTED_EDGE('',*,*,#3034,.F.);
#3932=ORIENTED_EDGE('',*,*,#3035,.F.);
#3933=ORIENTED_EDGE('',*,*,#3036,.F.);
#3934=ORIENTED_EDGE('',*,*,#3037,.F.);
#3935=ORIENTED_EDGE('',*,*,#3038,.F.);
#3936=ORIENTED_EDGE('',*,*,#3039,.F.);
#3937=ORIENTED_EDGE('',*,*,#3040,.F.);
#3938=ORIENTED_EDGE('',*,*,#3041,.F.);
#3939=ORIENTED_EDGE('',*,*,#3042,.F.);
#3940=ORIENTED_EDGE('',*,*,#3043,.F.);
#3941=ORIENTED_EDGE('',*,*,#3044,.F.);
#3942=ORIENTED_EDGE('',*,*,#3045,.F.);
#3943=ORIENTED_EDGE('',*,*,#3046,.F.);
#3944=ORIENTED_EDGE('',*,*,#3047,.F.);
#3945=ORIENTED_EDGE('',*,*,#3048,.F.);
#3946=ORIENTED_EDGE('',*,*,#3049,.F.);
#3947=ORIENTED_EDGE('',*,*,#3050,.F.);
#3948=ORIENTED_EDGE('',*,*,#3051,.F.);
#3949=ORIENTED_EDGE('',*,*,#3052,.F.);
#3950=ORIENTED_EDGE('',*,*,#3053,.F.);
#3951=ORIENTED_EDGE('',*,*,#3048,.T.);
#3952=ORIENTED_EDGE('',*,*,#3054,.T.);
#3953=ORIENTED_EDGE('',*,*,#3055,.T.);
#3954=ORIENTED_EDGE('',*,*,#3056,.T.);
#3955=ORIENTED_EDGE('',*,*,#3033,.T.);
#3956=ORIENTED_EDGE('',*,*,#3057,.T.);
#3957=ORIENTED_EDGE('',*,*,#3058,.T.);
#3958=ORIENTED_EDGE('',*,*,#3059,.T.);
#3959=ORIENTED_EDGE('',*,*,#3060,.T.);
#3960=ORIENTED_EDGE('',*,*,#3030,.T.);
#3961=ORIENTED_EDGE('',*,*,#3061,.T.);
#3962=ORIENTED_EDGE('',*,*,#3051,.T.);
#3963=ORIENTED_EDGE('',*,*,#3062,.T.);
#3964=ORIENTED_EDGE('',*,*,#3045,.T.);
#3965=ORIENTED_EDGE('',*,*,#3063,.T.);
#3966=ORIENTED_EDGE('',*,*,#3064,.F.);
#3967=ORIENTED_EDGE('',*,*,#3065,.T.);
#3968=ORIENTED_EDGE('',*,*,#3036,.T.);
#3969=ORIENTED_EDGE('',*,*,#3066,.T.);
#3970=ORIENTED_EDGE('',*,*,#3067,.T.);
#3971=ORIENTED_EDGE('',*,*,#3068,.T.);
#3972=ORIENTED_EDGE('',*,*,#3069,.T.);
#3973=ORIENTED_EDGE('',*,*,#3039,.T.);
#3974=ORIENTED_EDGE('',*,*,#3070,.T.);
#3975=ORIENTED_EDGE('',*,*,#3042,.T.);
#3976=ORIENTED_EDGE('',*,*,#3071,.T.);
#3977=ORIENTED_EDGE('',*,*,#3072,.F.);
#3978=ORIENTED_EDGE('',*,*,#3073,.T.);
#3979=ORIENTED_EDGE('',*,*,#3074,.T.);
#3980=ORIENTED_EDGE('',*,*,#3075,.F.);
#3981=ORIENTED_EDGE('',*,*,#3076,.F.);
#3982=ORIENTED_EDGE('',*,*,#3077,.T.);
#3983=ORIENTED_EDGE('',*,*,#3078,.T.);
#3984=ORIENTED_EDGE('',*,*,#3073,.F.);
#3985=ORIENTED_EDGE('',*,*,#3079,.F.);
#3986=ORIENTED_EDGE('',*,*,#3080,.T.);
#3987=ORIENTED_EDGE('',*,*,#3081,.T.);
#3988=ORIENTED_EDGE('',*,*,#3077,.F.);
#3989=ORIENTED_EDGE('',*,*,#3082,.F.);
#3990=ORIENTED_EDGE('',*,*,#3083,.T.);
#3991=ORIENTED_EDGE('',*,*,#3084,.T.);
#3992=ORIENTED_EDGE('',*,*,#3080,.F.);
#3993=ORIENTED_EDGE('',*,*,#3085,.F.);
#3994=ORIENTED_EDGE('',*,*,#3086,.T.);
#3995=ORIENTED_EDGE('',*,*,#3087,.T.);
#3996=ORIENTED_EDGE('',*,*,#3083,.F.);
#3997=ORIENTED_EDGE('',*,*,#3088,.F.);
#3998=ORIENTED_EDGE('',*,*,#3075,.T.);
#3999=ORIENTED_EDGE('',*,*,#3089,.T.);
#4000=ORIENTED_EDGE('',*,*,#3086,.F.);
#4001=ORIENTED_EDGE('',*,*,#3089,.F.);
#4002=ORIENTED_EDGE('',*,*,#3074,.F.);
#4003=ORIENTED_EDGE('',*,*,#3078,.F.);
#4004=ORIENTED_EDGE('',*,*,#3081,.F.);
#4005=ORIENTED_EDGE('',*,*,#3084,.F.);
#4006=ORIENTED_EDGE('',*,*,#3087,.F.);
#4007=ORIENTED_EDGE('',*,*,#3090,.F.);
#4008=ORIENTED_EDGE('',*,*,#3091,.F.);
#4009=ORIENTED_EDGE('',*,*,#3092,.T.);
#4010=ORIENTED_EDGE('',*,*,#3093,.T.);
#4011=ORIENTED_EDGE('',*,*,#3094,.F.);
#4012=ORIENTED_EDGE('',*,*,#3095,.F.);
#4013=ORIENTED_EDGE('',*,*,#3096,.T.);
#4014=ORIENTED_EDGE('',*,*,#3097,.T.);
#4015=ORIENTED_EDGE('',*,*,#3092,.F.);
#4016=ORIENTED_EDGE('',*,*,#3098,.F.);
#4017=ORIENTED_EDGE('',*,*,#3099,.T.);
#4018=ORIENTED_EDGE('',*,*,#3100,.T.);
#4019=ORIENTED_EDGE('',*,*,#3096,.F.);
#4020=ORIENTED_EDGE('',*,*,#3101,.F.);
#4021=ORIENTED_EDGE('',*,*,#3102,.T.);
#4022=ORIENTED_EDGE('',*,*,#3103,.T.);
#4023=ORIENTED_EDGE('',*,*,#3099,.F.);
#4024=ORIENTED_EDGE('',*,*,#3104,.F.);
#4025=ORIENTED_EDGE('',*,*,#3105,.T.);
#4026=ORIENTED_EDGE('',*,*,#3106,.T.);
#4027=ORIENTED_EDGE('',*,*,#3102,.F.);
#4028=ORIENTED_EDGE('',*,*,#3107,.F.);
#4029=ORIENTED_EDGE('',*,*,#3094,.T.);
#4030=ORIENTED_EDGE('',*,*,#3108,.T.);
#4031=ORIENTED_EDGE('',*,*,#3105,.F.);
#4032=ORIENTED_EDGE('',*,*,#3108,.F.);
#4033=ORIENTED_EDGE('',*,*,#3093,.F.);
#4034=ORIENTED_EDGE('',*,*,#3097,.F.);
#4035=ORIENTED_EDGE('',*,*,#3100,.F.);
#4036=ORIENTED_EDGE('',*,*,#3103,.F.);
#4037=ORIENTED_EDGE('',*,*,#3106,.F.);
#4038=ORIENTED_EDGE('',*,*,#3109,.F.);
#4039=ORIENTED_EDGE('',*,*,#3110,.F.);
#4040=ORIENTED_EDGE('',*,*,#3111,.T.);
#4041=ORIENTED_EDGE('',*,*,#3112,.T.);
#4042=ORIENTED_EDGE('',*,*,#3113,.F.);
#4043=ORIENTED_EDGE('',*,*,#3114,.F.);
#4044=ORIENTED_EDGE('',*,*,#3115,.T.);
#4045=ORIENTED_EDGE('',*,*,#3116,.T.);
#4046=ORIENTED_EDGE('',*,*,#3111,.F.);
#4047=ORIENTED_EDGE('',*,*,#3117,.F.);
#4048=ORIENTED_EDGE('',*,*,#3118,.T.);
#4049=ORIENTED_EDGE('',*,*,#3119,.T.);
#4050=ORIENTED_EDGE('',*,*,#3115,.F.);
#4051=ORIENTED_EDGE('',*,*,#3120,.F.);
#4052=ORIENTED_EDGE('',*,*,#3121,.T.);
#4053=ORIENTED_EDGE('',*,*,#3122,.T.);
#4054=ORIENTED_EDGE('',*,*,#3118,.F.);
#4055=ORIENTED_EDGE('',*,*,#3123,.F.);
#4056=ORIENTED_EDGE('',*,*,#3124,.T.);
#4057=ORIENTED_EDGE('',*,*,#3125,.T.);
#4058=ORIENTED_EDGE('',*,*,#3121,.F.);
#4059=ORIENTED_EDGE('',*,*,#3126,.F.);
#4060=ORIENTED_EDGE('',*,*,#3113,.T.);
#4061=ORIENTED_EDGE('',*,*,#3127,.T.);
#4062=ORIENTED_EDGE('',*,*,#3124,.F.);
#4063=ORIENTED_EDGE('',*,*,#3127,.F.);
#4064=ORIENTED_EDGE('',*,*,#3112,.F.);
#4065=ORIENTED_EDGE('',*,*,#3116,.F.);
#4066=ORIENTED_EDGE('',*,*,#3119,.F.);
#4067=ORIENTED_EDGE('',*,*,#3122,.F.);
#4068=ORIENTED_EDGE('',*,*,#3125,.F.);
#4069=ORIENTED_EDGE('',*,*,#3128,.F.);
#4070=ORIENTED_EDGE('',*,*,#3129,.F.);
#4071=ORIENTED_EDGE('',*,*,#3130,.T.);
#4072=ORIENTED_EDGE('',*,*,#3131,.T.);
#4073=ORIENTED_EDGE('',*,*,#3132,.F.);
#4074=ORIENTED_EDGE('',*,*,#3133,.F.);
#4075=ORIENTED_EDGE('',*,*,#3134,.T.);
#4076=ORIENTED_EDGE('',*,*,#3135,.T.);
#4077=ORIENTED_EDGE('',*,*,#3130,.F.);
#4078=ORIENTED_EDGE('',*,*,#3136,.F.);
#4079=ORIENTED_EDGE('',*,*,#3137,.T.);
#4080=ORIENTED_EDGE('',*,*,#3138,.T.);
#4081=ORIENTED_EDGE('',*,*,#3134,.F.);
#4082=ORIENTED_EDGE('',*,*,#3139,.F.);
#4083=ORIENTED_EDGE('',*,*,#3140,.T.);
#4084=ORIENTED_EDGE('',*,*,#3141,.T.);
#4085=ORIENTED_EDGE('',*,*,#3137,.F.);
#4086=ORIENTED_EDGE('',*,*,#3142,.F.);
#4087=ORIENTED_EDGE('',*,*,#3143,.T.);
#4088=ORIENTED_EDGE('',*,*,#3144,.T.);
#4089=ORIENTED_EDGE('',*,*,#3140,.F.);
#4090=ORIENTED_EDGE('',*,*,#3145,.F.);
#4091=ORIENTED_EDGE('',*,*,#3132,.T.);
#4092=ORIENTED_EDGE('',*,*,#3146,.T.);
#4093=ORIENTED_EDGE('',*,*,#3143,.F.);
#4094=ORIENTED_EDGE('',*,*,#3146,.F.);
#4095=ORIENTED_EDGE('',*,*,#3131,.F.);
#4096=ORIENTED_EDGE('',*,*,#3135,.F.);
#4097=ORIENTED_EDGE('',*,*,#3138,.F.);
#4098=ORIENTED_EDGE('',*,*,#3141,.F.);
#4099=ORIENTED_EDGE('',*,*,#3144,.F.);
#4100=ORIENTED_EDGE('',*,*,#3147,.F.);
#4101=ORIENTED_EDGE('',*,*,#3148,.F.);
#4102=ORIENTED_EDGE('',*,*,#3149,.T.);
#4103=ORIENTED_EDGE('',*,*,#3150,.T.);
#4104=ORIENTED_EDGE('',*,*,#3151,.F.);
#4105=ORIENTED_EDGE('',*,*,#3152,.F.);
#4106=ORIENTED_EDGE('',*,*,#3153,.T.);
#4107=ORIENTED_EDGE('',*,*,#3154,.T.);
#4108=ORIENTED_EDGE('',*,*,#3149,.F.);
#4109=ORIENTED_EDGE('',*,*,#3155,.F.);
#4110=ORIENTED_EDGE('',*,*,#3156,.T.);
#4111=ORIENTED_EDGE('',*,*,#3157,.T.);
#4112=ORIENTED_EDGE('',*,*,#3153,.F.);
#4113=ORIENTED_EDGE('',*,*,#3158,.F.);
#4114=ORIENTED_EDGE('',*,*,#3159,.T.);
#4115=ORIENTED_EDGE('',*,*,#3160,.T.);
#4116=ORIENTED_EDGE('',*,*,#3156,.F.);
#4117=ORIENTED_EDGE('',*,*,#3161,.F.);
#4118=ORIENTED_EDGE('',*,*,#3162,.T.);
#4119=ORIENTED_EDGE('',*,*,#3163,.T.);
#4120=ORIENTED_EDGE('',*,*,#3159,.F.);
#4121=ORIENTED_EDGE('',*,*,#3164,.F.);
#4122=ORIENTED_EDGE('',*,*,#3151,.T.);
#4123=ORIENTED_EDGE('',*,*,#3165,.T.);
#4124=ORIENTED_EDGE('',*,*,#3162,.F.);
#4125=ORIENTED_EDGE('',*,*,#3165,.F.);
#4126=ORIENTED_EDGE('',*,*,#3150,.F.);
#4127=ORIENTED_EDGE('',*,*,#3154,.F.);
#4128=ORIENTED_EDGE('',*,*,#3157,.F.);
#4129=ORIENTED_EDGE('',*,*,#3160,.F.);
#4130=ORIENTED_EDGE('',*,*,#3163,.F.);
#4131=ORIENTED_EDGE('',*,*,#3166,.F.);
#4132=ORIENTED_EDGE('',*,*,#3167,.F.);
#4133=ORIENTED_EDGE('',*,*,#3168,.T.);
#4134=ORIENTED_EDGE('',*,*,#3169,.T.);
#4135=ORIENTED_EDGE('',*,*,#3170,.F.);
#4136=ORIENTED_EDGE('',*,*,#3171,.F.);
#4137=ORIENTED_EDGE('',*,*,#3172,.T.);
#4138=ORIENTED_EDGE('',*,*,#3173,.T.);
#4139=ORIENTED_EDGE('',*,*,#3168,.F.);
#4140=ORIENTED_EDGE('',*,*,#3174,.F.);
#4141=ORIENTED_EDGE('',*,*,#3175,.T.);
#4142=ORIENTED_EDGE('',*,*,#3176,.T.);
#4143=ORIENTED_EDGE('',*,*,#3172,.F.);
#4144=ORIENTED_EDGE('',*,*,#3177,.F.);
#4145=ORIENTED_EDGE('',*,*,#3178,.T.);
#4146=ORIENTED_EDGE('',*,*,#3179,.T.);
#4147=ORIENTED_EDGE('',*,*,#3175,.F.);
#4148=ORIENTED_EDGE('',*,*,#3180,.F.);
#4149=ORIENTED_EDGE('',*,*,#3181,.T.);
#4150=ORIENTED_EDGE('',*,*,#3182,.T.);
#4151=ORIENTED_EDGE('',*,*,#3178,.F.);
#4152=ORIENTED_EDGE('',*,*,#3183,.F.);
#4153=ORIENTED_EDGE('',*,*,#3170,.T.);
#4154=ORIENTED_EDGE('',*,*,#3184,.T.);
#4155=ORIENTED_EDGE('',*,*,#3181,.F.);
#4156=ORIENTED_EDGE('',*,*,#3184,.F.);
#4157=ORIENTED_EDGE('',*,*,#3169,.F.);
#4158=ORIENTED_EDGE('',*,*,#3173,.F.);
#4159=ORIENTED_EDGE('',*,*,#3176,.F.);
#4160=ORIENTED_EDGE('',*,*,#3179,.F.);
#4161=ORIENTED_EDGE('',*,*,#3182,.F.);
#4162=ORIENTED_EDGE('',*,*,#3185,.F.);
#4163=ORIENTED_EDGE('',*,*,#3186,.F.);
#4164=ORIENTED_EDGE('',*,*,#3187,.T.);
#4165=ORIENTED_EDGE('',*,*,#3188,.F.);
#4166=ORIENTED_EDGE('',*,*,#3187,.F.);
#4167=ORIENTED_EDGE('',*,*,#3189,.F.);
#4168=ORIENTED_EDGE('',*,*,#3190,.T.);
#4169=ORIENTED_EDGE('',*,*,#3191,.F.);
#4170=ORIENTED_EDGE('',*,*,#3190,.F.);
#4171=ORIENTED_EDGE('',*,*,#3192,.F.);
#4172=ORIENTED_EDGE('',*,*,#3193,.T.);
#4173=ORIENTED_EDGE('',*,*,#3194,.F.);
#4174=ORIENTED_EDGE('',*,*,#3193,.F.);
#4175=ORIENTED_EDGE('',*,*,#3195,.F.);
#4176=ORIENTED_EDGE('',*,*,#3196,.T.);
#4177=ORIENTED_EDGE('',*,*,#3197,.F.);
#4178=ORIENTED_EDGE('',*,*,#3196,.F.);
#4179=ORIENTED_EDGE('',*,*,#3198,.F.);
#4180=ORIENTED_EDGE('',*,*,#3199,.F.);
#4181=ORIENTED_EDGE('',*,*,#3200,.F.);
#4182=ORIENTED_EDGE('',*,*,#3201,.F.);
#4183=ORIENTED_EDGE('',*,*,#3197,.T.);
#4184=ORIENTED_EDGE('',*,*,#3202,.F.);
#4185=ORIENTED_EDGE('',*,*,#3203,.F.);
#4186=ORIENTED_EDGE('',*,*,#3204,.F.);
#4187=ORIENTED_EDGE('',*,*,#3205,.F.);
#4188=ORIENTED_EDGE('',*,*,#3091,.T.);
#4189=ORIENTED_EDGE('',*,*,#3107,.T.);
#4190=ORIENTED_EDGE('',*,*,#3104,.T.);
#4191=ORIENTED_EDGE('',*,*,#3101,.T.);
#4192=ORIENTED_EDGE('',*,*,#3098,.T.);
#4193=ORIENTED_EDGE('',*,*,#3095,.T.);
#4194=ORIENTED_EDGE('',*,*,#3206,.F.);
#4195=ORIENTED_EDGE('',*,*,#3207,.F.);
#4196=ORIENTED_EDGE('',*,*,#3208,.F.);
#4197=ORIENTED_EDGE('',*,*,#3209,.F.);
#4198=ORIENTED_EDGE('',*,*,#3129,.T.);
#4199=ORIENTED_EDGE('',*,*,#3145,.T.);
#4200=ORIENTED_EDGE('',*,*,#3142,.T.);
#4201=ORIENTED_EDGE('',*,*,#3139,.T.);
#4202=ORIENTED_EDGE('',*,*,#3136,.T.);
#4203=ORIENTED_EDGE('',*,*,#3133,.T.);
#4204=ORIENTED_EDGE('',*,*,#3210,.F.);
#4205=ORIENTED_EDGE('',*,*,#3211,.F.);
#4206=ORIENTED_EDGE('',*,*,#3212,.F.);
#4207=ORIENTED_EDGE('',*,*,#3213,.F.);
#4208=ORIENTED_EDGE('',*,*,#3191,.T.);
#4209=ORIENTED_EDGE('',*,*,#3210,.T.);
#4210=ORIENTED_EDGE('',*,*,#3214,.T.);
#4211=ORIENTED_EDGE('',*,*,#3050,.T.);
#4212=ORIENTED_EDGE('',*,*,#3215,.T.);
#4213=ORIENTED_EDGE('',*,*,#3216,.T.);
#4214=ORIENTED_EDGE('',*,*,#3206,.T.);
#4215=ORIENTED_EDGE('',*,*,#3217,.T.);
#4216=ORIENTED_EDGE('',*,*,#3218,.T.);
#4217=ORIENTED_EDGE('',*,*,#3219,.T.);
#4218=ORIENTED_EDGE('',*,*,#3211,.T.);
#4219=ORIENTED_EDGE('',*,*,#3216,.F.);
#4220=ORIENTED_EDGE('',*,*,#3220,.F.);
#4221=ORIENTED_EDGE('',*,*,#3221,.F.);
#4222=ORIENTED_EDGE('',*,*,#3209,.T.);
#4223=ORIENTED_EDGE('',*,*,#3222,.F.);
#4224=ORIENTED_EDGE('',*,*,#3223,.F.);
#4225=ORIENTED_EDGE('',*,*,#3217,.F.);
#4226=ORIENTED_EDGE('',*,*,#3212,.T.);
#4227=ORIENTED_EDGE('',*,*,#3221,.T.);
#4228=ORIENTED_EDGE('',*,*,#3224,.T.);
#4229=ORIENTED_EDGE('',*,*,#3052,.T.);
#4230=ORIENTED_EDGE('',*,*,#3225,.T.);
#4231=ORIENTED_EDGE('',*,*,#3208,.T.);
#4232=ORIENTED_EDGE('',*,*,#3226,.T.);
#4233=ORIENTED_EDGE('',*,*,#3227,.T.);
#4234=ORIENTED_EDGE('',*,*,#3222,.T.);
#4235=ORIENTED_EDGE('',*,*,#3202,.T.);
#4236=ORIENTED_EDGE('',*,*,#3228,.T.);
#4237=ORIENTED_EDGE('',*,*,#3229,.T.);
#4238=ORIENTED_EDGE('',*,*,#3230,.T.);
#4239=ORIENTED_EDGE('',*,*,#3198,.T.);
#4240=ORIENTED_EDGE('',*,*,#3231,.T.);
#4241=ORIENTED_EDGE('',*,*,#3032,.T.);
#4242=ORIENTED_EDGE('',*,*,#3232,.T.);
#4243=ORIENTED_EDGE('',*,*,#3233,.T.);
#4244=ORIENTED_EDGE('',*,*,#3205,.T.);
#4245=ORIENTED_EDGE('',*,*,#3234,.F.);
#4246=ORIENTED_EDGE('',*,*,#3235,.F.);
#4247=ORIENTED_EDGE('',*,*,#3228,.F.);
#4248=ORIENTED_EDGE('',*,*,#3204,.T.);
#4249=ORIENTED_EDGE('',*,*,#3236,.T.);
#4250=ORIENTED_EDGE('',*,*,#3237,.T.);
#4251=ORIENTED_EDGE('',*,*,#3234,.T.);
#4252=ORIENTED_EDGE('',*,*,#3238,.F.);
#4253=ORIENTED_EDGE('',*,*,#3239,.T.);
#4254=ORIENTED_EDGE('',*,*,#3109,.T.);
#4255=ORIENTED_EDGE('',*,*,#3239,.F.);
#4256=ORIENTED_EDGE('',*,*,#3240,.F.);
#4257=ORIENTED_EDGE('',*,*,#3241,.T.);
#4258=ORIENTED_EDGE('',*,*,#3147,.T.);
#4259=ORIENTED_EDGE('',*,*,#3241,.F.);
#4260=ORIENTED_EDGE('',*,*,#3242,.F.);
#4261=ORIENTED_EDGE('',*,*,#3243,.F.);
#4262=ORIENTED_EDGE('',*,*,#3244,.F.);
#4263=ORIENTED_EDGE('',*,*,#3245,.F.);
#4264=ORIENTED_EDGE('',*,*,#3188,.T.);
#4265=ORIENTED_EDGE('',*,*,#3246,.F.);
#4266=ORIENTED_EDGE('',*,*,#3247,.F.);
#4267=ORIENTED_EDGE('',*,*,#3248,.F.);
#4268=ORIENTED_EDGE('',*,*,#3249,.F.);
#4269=ORIENTED_EDGE('',*,*,#3194,.T.);
#4270=ORIENTED_EDGE('',*,*,#3250,.F.);
#4271=ORIENTED_EDGE('',*,*,#3251,.F.);
#4272=ORIENTED_EDGE('',*,*,#3252,.F.);
#4273=ORIENTED_EDGE('',*,*,#3253,.F.);
#4274=ORIENTED_EDGE('',*,*,#3167,.T.);
#4275=ORIENTED_EDGE('',*,*,#3183,.T.);
#4276=ORIENTED_EDGE('',*,*,#3180,.T.);
#4277=ORIENTED_EDGE('',*,*,#3177,.T.);
#4278=ORIENTED_EDGE('',*,*,#3174,.T.);
#4279=ORIENTED_EDGE('',*,*,#3171,.T.);
#4280=ORIENTED_EDGE('',*,*,#3254,.F.);
#4281=ORIENTED_EDGE('',*,*,#3255,.F.);
#4282=ORIENTED_EDGE('',*,*,#3256,.F.);
#4283=ORIENTED_EDGE('',*,*,#3257,.F.);
#4284=ORIENTED_EDGE('',*,*,#3072,.T.);
#4285=ORIENTED_EDGE('',*,*,#3088,.T.);
#4286=ORIENTED_EDGE('',*,*,#3085,.T.);
#4287=ORIENTED_EDGE('',*,*,#3082,.T.);
#4288=ORIENTED_EDGE('',*,*,#3079,.T.);
#4289=ORIENTED_EDGE('',*,*,#3076,.T.);
#4290=ORIENTED_EDGE('',*,*,#3246,.T.);
#4291=ORIENTED_EDGE('',*,*,#3258,.T.);
#4292=ORIENTED_EDGE('',*,*,#3259,.T.);
#4293=ORIENTED_EDGE('',*,*,#3046,.T.);
#4294=ORIENTED_EDGE('',*,*,#3260,.T.);
#4295=ORIENTED_EDGE('',*,*,#3249,.T.);
#4296=ORIENTED_EDGE('',*,*,#3261,.F.);
#4297=ORIENTED_EDGE('',*,*,#3262,.F.);
#4298=ORIENTED_EDGE('',*,*,#3258,.F.);
#4299=ORIENTED_EDGE('',*,*,#3248,.T.);
#4300=ORIENTED_EDGE('',*,*,#3263,.T.);
#4301=ORIENTED_EDGE('',*,*,#3044,.T.);
#4302=ORIENTED_EDGE('',*,*,#3264,.T.);
#4303=ORIENTED_EDGE('',*,*,#3261,.T.);
#4304=ORIENTED_EDGE('',*,*,#3250,.T.);
#4305=ORIENTED_EDGE('',*,*,#3265,.T.);
#4306=ORIENTED_EDGE('',*,*,#3266,.T.);
#4307=ORIENTED_EDGE('',*,*,#3267,.T.);
#4308=ORIENTED_EDGE('',*,*,#3252,.T.);
#4309=ORIENTED_EDGE('',*,*,#3268,.T.);
#4310=ORIENTED_EDGE('',*,*,#3269,.T.);
#4311=ORIENTED_EDGE('',*,*,#3270,.T.);
#4312=ORIENTED_EDGE('',*,*,#3244,.T.);
#4313=ORIENTED_EDGE('',*,*,#3271,.T.);
#4314=ORIENTED_EDGE('',*,*,#3038,.T.);
#4315=ORIENTED_EDGE('',*,*,#3272,.T.);
#4316=ORIENTED_EDGE('',*,*,#3273,.T.);
#4317=ORIENTED_EDGE('',*,*,#3251,.T.);
#4318=ORIENTED_EDGE('',*,*,#3267,.F.);
#4319=ORIENTED_EDGE('',*,*,#3274,.F.);
#4320=ORIENTED_EDGE('',*,*,#3268,.F.);
#4321=ORIENTED_EDGE('',*,*,#3245,.T.);
#4322=ORIENTED_EDGE('',*,*,#3273,.F.);
#4323=ORIENTED_EDGE('',*,*,#3275,.F.);
#4324=ORIENTED_EDGE('',*,*,#3276,.F.);
#4325=ORIENTED_EDGE('',*,*,#3277,.F.);
#4326=ORIENTED_EDGE('',*,*,#3278,.T.);
#4327=ORIENTED_EDGE('',*,*,#3185,.T.);
#4328=ORIENTED_EDGE('',*,*,#3278,.F.);
#4329=ORIENTED_EDGE('',*,*,#3279,.F.);
#4330=ORIENTED_EDGE('',*,*,#3280,.T.);
#4331=ORIENTED_EDGE('',*,*,#3090,.T.);
#4332=ORIENTED_EDGE('',*,*,#3280,.F.);
#4333=ORIENTED_EDGE('',*,*,#3054,.F.);
#4334=ORIENTED_EDGE('',*,*,#3214,.F.);
#4335=ORIENTED_EDGE('',*,*,#3213,.T.);
#4336=ORIENTED_EDGE('',*,*,#3225,.F.);
#4337=ORIENTED_EDGE('',*,*,#3061,.F.);
#4338=ORIENTED_EDGE('',*,*,#3231,.F.);
#4339=ORIENTED_EDGE('',*,*,#3201,.T.);
#4340=ORIENTED_EDGE('',*,*,#3281,.F.);
#4341=ORIENTED_EDGE('',*,*,#3060,.F.);
#4342=ORIENTED_EDGE('',*,*,#3282,.F.);
#4343=ORIENTED_EDGE('',*,*,#3283,.F.);
#4344=ORIENTED_EDGE('',*,*,#3284,.F.);
#4345=ORIENTED_EDGE('',*,*,#3285,.F.);
#4346=ORIENTED_EDGE('',*,*,#3286,.F.);
#4347=ORIENTED_EDGE('',*,*,#3236,.F.);
#4348=ORIENTED_EDGE('',*,*,#3203,.T.);
#4349=ORIENTED_EDGE('',*,*,#3230,.F.);
#4350=ORIENTED_EDGE('',*,*,#3287,.F.);
#4351=ORIENTED_EDGE('',*,*,#3288,.F.);
#4352=ORIENTED_EDGE('',*,*,#3289,.F.);
#4353=ORIENTED_EDGE('',*,*,#3290,.F.);
#4354=ORIENTED_EDGE('',*,*,#3291,.F.);
#4355=ORIENTED_EDGE('',*,*,#3292,.F.);
#4356=ORIENTED_EDGE('',*,*,#3293,.F.);
#4357=ORIENTED_EDGE('',*,*,#3294,.F.);
#4358=ORIENTED_EDGE('',*,*,#3295,.F.);
#4359=ORIENTED_EDGE('',*,*,#3296,.F.);
#4360=ORIENTED_EDGE('',*,*,#3297,.T.);
#4361=ORIENTED_EDGE('',*,*,#3298,.F.);
#4362=ORIENTED_EDGE('',*,*,#3299,.F.);
#4363=ORIENTED_EDGE('',*,*,#3300,.F.);
#4364=ORIENTED_EDGE('',*,*,#3301,.F.);
#4365=ORIENTED_EDGE('',*,*,#3302,.F.);
#4366=ORIENTED_EDGE('',*,*,#3303,.F.);
#4367=ORIENTED_EDGE('',*,*,#3304,.F.);
#4368=ORIENTED_EDGE('',*,*,#3305,.F.);
#4369=ORIENTED_EDGE('',*,*,#3306,.F.);
#4370=ORIENTED_EDGE('',*,*,#3307,.F.);
#4371=ORIENTED_EDGE('',*,*,#3308,.F.);
#4372=ORIENTED_EDGE('',*,*,#3309,.F.);
#4373=ORIENTED_EDGE('',*,*,#3226,.F.);
#4374=ORIENTED_EDGE('',*,*,#3207,.T.);
#4375=ORIENTED_EDGE('',*,*,#3219,.F.);
#4376=ORIENTED_EDGE('',*,*,#3310,.F.);
#4377=ORIENTED_EDGE('',*,*,#3311,.F.);
#4378=ORIENTED_EDGE('',*,*,#3312,.F.);
#4379=ORIENTED_EDGE('',*,*,#3313,.T.);
#4380=ORIENTED_EDGE('',*,*,#3314,.T.);
#4381=ORIENTED_EDGE('',*,*,#3315,.T.);
#4382=ORIENTED_EDGE('',*,*,#3315,.F.);
#4383=ORIENTED_EDGE('',*,*,#3316,.T.);
#4384=ORIENTED_EDGE('',*,*,#3317,.F.);
#4385=ORIENTED_EDGE('',*,*,#3318,.F.);
#4386=ORIENTED_EDGE('',*,*,#3319,.T.);
#4387=ORIENTED_EDGE('',*,*,#3320,.T.);
#4388=ORIENTED_EDGE('',*,*,#3284,.T.);
#4389=ORIENTED_EDGE('',*,*,#3321,.T.);
#4390=ORIENTED_EDGE('',*,*,#3322,.T.);
#4391=ORIENTED_EDGE('',*,*,#3323,.T.);
#4392=ORIENTED_EDGE('',*,*,#3319,.F.);
#4393=ORIENTED_EDGE('',*,*,#3324,.T.);
#4394=ORIENTED_EDGE('',*,*,#3325,.T.);
#4395=ORIENTED_EDGE('',*,*,#3326,.T.);
#4396=ORIENTED_EDGE('',*,*,#3322,.F.);
#4397=ORIENTED_EDGE('',*,*,#3327,.T.);
#4398=ORIENTED_EDGE('',*,*,#3327,.F.);
#4399=ORIENTED_EDGE('',*,*,#3324,.F.);
#4400=ORIENTED_EDGE('',*,*,#3321,.F.);
#4401=ORIENTED_EDGE('',*,*,#3283,.T.);
#4402=ORIENTED_EDGE('',*,*,#3328,.F.);
#4403=ORIENTED_EDGE('',*,*,#3329,.F.);
#4404=ORIENTED_EDGE('',*,*,#3330,.T.);
#4405=ORIENTED_EDGE('',*,*,#3331,.T.);
#4406=ORIENTED_EDGE('',*,*,#3332,.T.);
#4407=ORIENTED_EDGE('',*,*,#3333,.T.);
#4408=ORIENTED_EDGE('',*,*,#3334,.T.);
#4409=ORIENTED_EDGE('',*,*,#3330,.F.);
#4410=ORIENTED_EDGE('',*,*,#3335,.T.);
#4411=ORIENTED_EDGE('',*,*,#3333,.F.);
#4412=ORIENTED_EDGE('',*,*,#3336,.T.);
#4413=ORIENTED_EDGE('',*,*,#3337,.T.);
#4414=ORIENTED_EDGE('',*,*,#3335,.F.);
#4415=ORIENTED_EDGE('',*,*,#3338,.F.);
#4416=ORIENTED_EDGE('',*,*,#3339,.F.);
#4417=ORIENTED_EDGE('',*,*,#3340,.F.);
#4418=ORIENTED_EDGE('',*,*,#3332,.F.);
#4419=ORIENTED_EDGE('',*,*,#3341,.T.);
#4420=ORIENTED_EDGE('',*,*,#3342,.F.);
#4421=ORIENTED_EDGE('',*,*,#3338,.T.);
#4422=ORIENTED_EDGE('',*,*,#3331,.F.);
#4423=ORIENTED_EDGE('',*,*,#3343,.T.);
#4424=ORIENTED_EDGE('',*,*,#3344,.F.);
#4425=ORIENTED_EDGE('',*,*,#3345,.T.);
#4426=ORIENTED_EDGE('',*,*,#3346,.F.);
#4427=ORIENTED_EDGE('',*,*,#3347,.F.);
#4428=ORIENTED_EDGE('',*,*,#3348,.F.);
#4429=ORIENTED_EDGE('',*,*,#3349,.F.);
#4430=ORIENTED_EDGE('',*,*,#3350,.F.);
#4431=ORIENTED_EDGE('',*,*,#3351,.F.);
#4432=ORIENTED_EDGE('',*,*,#3347,.T.);
#4433=ORIENTED_EDGE('',*,*,#3352,.T.);
#4434=ORIENTED_EDGE('',*,*,#3350,.T.);
#4435=ORIENTED_EDGE('',*,*,#3353,.T.);
#4436=ORIENTED_EDGE('',*,*,#3354,.T.);
#4437=ORIENTED_EDGE('',*,*,#3355,.T.);
#4438=ORIENTED_EDGE('',*,*,#3356,.T.);
#4439=ORIENTED_EDGE('',*,*,#3354,.F.);
#4440=ORIENTED_EDGE('',*,*,#3357,.T.);
#4441=ORIENTED_EDGE('',*,*,#3351,.T.);
#4442=ORIENTED_EDGE('',*,*,#3358,.T.);
#4443=ORIENTED_EDGE('',*,*,#3359,.T.);
#4444=ORIENTED_EDGE('',*,*,#3360,.T.);
#4445=ORIENTED_EDGE('',*,*,#3349,.T.);
#4446=ORIENTED_EDGE('',*,*,#3361,.T.);
#4447=ORIENTED_EDGE('',*,*,#3362,.T.);
#4448=ORIENTED_EDGE('',*,*,#3363,.T.);
#4449=ORIENTED_EDGE('',*,*,#3348,.T.);
#4450=ORIENTED_EDGE('',*,*,#3364,.T.);
#4451=ORIENTED_EDGE('',*,*,#3365,.T.);
#4452=ORIENTED_EDGE('',*,*,#3366,.T.);
#4453=ORIENTED_EDGE('',*,*,#3346,.T.);
#4454=ORIENTED_EDGE('',*,*,#3367,.T.);
#4455=ORIENTED_EDGE('',*,*,#3365,.F.);
#4456=ORIENTED_EDGE('',*,*,#3368,.T.);
#4457=ORIENTED_EDGE('',*,*,#3369,.T.);
#4458=ORIENTED_EDGE('',*,*,#3355,.F.);
#4459=ORIENTED_EDGE('',*,*,#3370,.T.);
#4460=ORIENTED_EDGE('',*,*,#3371,.F.);
#4461=ORIENTED_EDGE('',*,*,#3372,.T.);
#4462=ORIENTED_EDGE('',*,*,#3358,.F.);
#4463=ORIENTED_EDGE('',*,*,#3352,.F.);
#4464=ORIENTED_EDGE('',*,*,#3366,.F.);
#4465=ORIENTED_EDGE('',*,*,#3373,.F.);
#4466=ORIENTED_EDGE('',*,*,#3374,.F.);
#4467=ORIENTED_EDGE('',*,*,#3375,.F.);
#4468=ORIENTED_EDGE('',*,*,#3376,.F.);
#4469=ORIENTED_EDGE('',*,*,#3370,.F.);
#4470=ORIENTED_EDGE('',*,*,#3369,.F.);
#4471=ORIENTED_EDGE('',*,*,#3377,.T.);
#4472=ORIENTED_EDGE('',*,*,#3378,.F.);
#4473=ORIENTED_EDGE('',*,*,#3373,.T.);
#4474=ORIENTED_EDGE('',*,*,#3368,.F.);
#4475=ORIENTED_EDGE('',*,*,#3379,.T.);
#4476=ORIENTED_EDGE('',*,*,#3380,.F.);
#4477=ORIENTED_EDGE('',*,*,#3381,.T.);
#4478=ORIENTED_EDGE('',*,*,#3334,.F.);
#4479=ORIENTED_EDGE('',*,*,#3382,.F.);
#4480=ORIENTED_EDGE('',*,*,#3383,.F.);
#4481=ORIENTED_EDGE('',*,*,#3379,.F.);
#4482=ORIENTED_EDGE('',*,*,#3367,.F.);
#4483=ORIENTED_EDGE('',*,*,#3363,.F.);
#4484=ORIENTED_EDGE('',*,*,#3384,.F.);
#4485=ORIENTED_EDGE('',*,*,#3385,.F.);
#4486=ORIENTED_EDGE('',*,*,#3386,.F.);
#4487=ORIENTED_EDGE('',*,*,#3387,.F.);
#4488=ORIENTED_EDGE('',*,*,#3388,.F.);
#4489=ORIENTED_EDGE('',*,*,#3343,.F.);
#4490=ORIENTED_EDGE('',*,*,#3389,.T.);
#4491=ORIENTED_EDGE('',*,*,#3390,.T.);
#4492=ORIENTED_EDGE('',*,*,#3391,.T.);
#4493=ORIENTED_EDGE('',*,*,#3389,.F.);
#4494=ORIENTED_EDGE('',*,*,#3392,.T.);
#4495=ORIENTED_EDGE('',*,*,#3393,.T.);
#4496=ORIENTED_EDGE('',*,*,#3394,.T.);
#4497=ORIENTED_EDGE('',*,*,#3393,.F.);
#4498=ORIENTED_EDGE('',*,*,#3395,.T.);
#4499=ORIENTED_EDGE('',*,*,#3396,.T.);
#4500=ORIENTED_EDGE('',*,*,#3357,.F.);
#4501=ORIENTED_EDGE('',*,*,#3397,.F.);
#4502=ORIENTED_EDGE('',*,*,#3398,.F.);
#4503=ORIENTED_EDGE('',*,*,#3399,.F.);
#4504=ORIENTED_EDGE('',*,*,#3392,.F.);
#4505=ORIENTED_EDGE('',*,*,#3400,.F.);
#4506=ORIENTED_EDGE('',*,*,#3401,.F.);
#4507=ORIENTED_EDGE('',*,*,#3402,.F.);
#4508=ORIENTED_EDGE('',*,*,#3403,.F.);
#4509=ORIENTED_EDGE('',*,*,#3404,.F.);
#4510=ORIENTED_EDGE('',*,*,#3405,.F.);
#4511=ORIENTED_EDGE('',*,*,#3361,.F.);
#4512=ORIENTED_EDGE('',*,*,#3391,.F.);
#4513=ORIENTED_EDGE('',*,*,#3406,.T.);
#4514=ORIENTED_EDGE('',*,*,#3407,.T.);
#4515=ORIENTED_EDGE('',*,*,#3400,.T.);
#4516=ORIENTED_EDGE('',*,*,#3390,.F.);
#4517=ORIENTED_EDGE('',*,*,#3408,.T.);
#4518=ORIENTED_EDGE('',*,*,#3409,.F.);
#4519=ORIENTED_EDGE('',*,*,#3410,.T.);
#4520=ORIENTED_EDGE('',*,*,#3411,.F.);
#4521=ORIENTED_EDGE('',*,*,#3412,.F.);
#4522=ORIENTED_EDGE('',*,*,#3413,.F.);
#4523=ORIENTED_EDGE('',*,*,#3414,.F.);
#4524=ORIENTED_EDGE('',*,*,#3415,.F.);
#4525=ORIENTED_EDGE('',*,*,#3416,.F.);
#4526=ORIENTED_EDGE('',*,*,#3417,.T.);
#4527=ORIENTED_EDGE('',*,*,#3418,.T.);
#4528=ORIENTED_EDGE('',*,*,#3419,.T.);
#4529=ORIENTED_EDGE('',*,*,#3417,.F.);
#4530=ORIENTED_EDGE('',*,*,#3386,.T.);
#4531=ORIENTED_EDGE('',*,*,#3415,.T.);
#4532=ORIENTED_EDGE('',*,*,#3420,.T.);
#4533=ORIENTED_EDGE('',*,*,#3421,.T.);
#4534=ORIENTED_EDGE('',*,*,#3422,.T.);
#4535=ORIENTED_EDGE('',*,*,#3416,.T.);
#4536=ORIENTED_EDGE('',*,*,#3385,.T.);
#4537=ORIENTED_EDGE('',*,*,#3412,.T.);
#4538=ORIENTED_EDGE('',*,*,#3423,.T.);
#4539=ORIENTED_EDGE('',*,*,#3414,.T.);
#4540=ORIENTED_EDGE('',*,*,#3424,.T.);
#4541=ORIENTED_EDGE('',*,*,#3425,.T.);
#4542=ORIENTED_EDGE('',*,*,#3404,.T.);
#4543=ORIENTED_EDGE('',*,*,#3413,.T.);
#4544=ORIENTED_EDGE('',*,*,#3426,.T.);
#4545=ORIENTED_EDGE('',*,*,#3427,.T.);
#4546=ORIENTED_EDGE('',*,*,#3428,.T.);
#4547=ORIENTED_EDGE('',*,*,#3411,.T.);
#4548=ORIENTED_EDGE('',*,*,#3403,.T.);
#4549=ORIENTED_EDGE('',*,*,#3427,.F.);
#4550=ORIENTED_EDGE('',*,*,#3429,.T.);
#4551=ORIENTED_EDGE('',*,*,#3430,.T.);
#4552=ORIENTED_EDGE('',*,*,#3418,.F.);
#4553=ORIENTED_EDGE('',*,*,#3431,.T.);
#4554=ORIENTED_EDGE('',*,*,#3432,.F.);
#4555=ORIENTED_EDGE('',*,*,#3433,.T.);
#4556=ORIENTED_EDGE('',*,*,#3420,.F.);
#4557=ORIENTED_EDGE('',*,*,#3423,.F.);
#4558=ORIENTED_EDGE('',*,*,#3428,.F.);
#4559=ORIENTED_EDGE('',*,*,#3434,.F.);
#4560=ORIENTED_EDGE('',*,*,#3435,.F.);
#4561=ORIENTED_EDGE('',*,*,#3436,.F.);
#4562=ORIENTED_EDGE('',*,*,#3437,.F.);
#4563=ORIENTED_EDGE('',*,*,#3431,.F.);
#4564=ORIENTED_EDGE('',*,*,#3430,.F.);
#4565=ORIENTED_EDGE('',*,*,#3438,.T.);
#4566=ORIENTED_EDGE('',*,*,#3439,.F.);
#4567=ORIENTED_EDGE('',*,*,#3434,.T.);
#4568=ORIENTED_EDGE('',*,*,#3429,.F.);
#4569=ORIENTED_EDGE('',*,*,#3402,.T.);
#4570=ORIENTED_EDGE('',*,*,#3440,.T.);
#4571=ORIENTED_EDGE('',*,*,#3441,.T.);
#4572=ORIENTED_EDGE('',*,*,#3442,.F.);
#4573=ORIENTED_EDGE('',*,*,#3443,.F.);
#4574=ORIENTED_EDGE('',*,*,#3444,.F.);
#4575=ORIENTED_EDGE('',*,*,#3445,.T.);
#4576=ORIENTED_EDGE('',*,*,#3446,.T.);
#4577=ORIENTED_EDGE('',*,*,#3443,.T.);
#4578=ORIENTED_EDGE('',*,*,#3447,.T.);
#4579=ORIENTED_EDGE('',*,*,#3448,.T.);
#4580=ORIENTED_EDGE('',*,*,#3449,.F.);
#4581=ORIENTED_EDGE('',*,*,#3450,.F.);
#4582=ORIENTED_EDGE('',*,*,#3451,.F.);
#4583=ORIENTED_EDGE('',*,*,#3452,.T.);
#4584=ORIENTED_EDGE('',*,*,#3453,.T.);
#4585=ORIENTED_EDGE('',*,*,#3450,.T.);
#4586=ORIENTED_EDGE('',*,*,#3454,.T.);
#4587=ORIENTED_EDGE('',*,*,#3455,.T.);
#4588=ORIENTED_EDGE('',*,*,#3442,.T.);
#4589=ORIENTED_EDGE('',*,*,#3456,.T.);
#4590=ORIENTED_EDGE('',*,*,#3451,.T.);
#4591=ORIENTED_EDGE('',*,*,#3457,.T.);
#4592=ORIENTED_EDGE('',*,*,#3458,.F.);
#4593=ORIENTED_EDGE('',*,*,#3459,.F.);
#4594=ORIENTED_EDGE('',*,*,#3460,.F.);
#4595=ORIENTED_EDGE('',*,*,#3461,.T.);
#4596=ORIENTED_EDGE('',*,*,#3462,.T.);
#4597=ORIENTED_EDGE('',*,*,#3459,.T.);
#4598=ORIENTED_EDGE('',*,*,#3463,.T.);
#4599=ORIENTED_EDGE('',*,*,#3464,.T.);
#4600=ORIENTED_EDGE('',*,*,#3465,.F.);
#4601=ORIENTED_EDGE('',*,*,#3466,.F.);
#4602=ORIENTED_EDGE('',*,*,#3467,.F.);
#4603=ORIENTED_EDGE('',*,*,#3468,.T.);
#4604=ORIENTED_EDGE('',*,*,#3469,.T.);
#4605=ORIENTED_EDGE('',*,*,#3466,.T.);
#4606=ORIENTED_EDGE('',*,*,#3470,.T.);
#4607=ORIENTED_EDGE('',*,*,#3471,.T.);
#4608=ORIENTED_EDGE('',*,*,#3449,.T.);
#4609=ORIENTED_EDGE('',*,*,#3472,.T.);
#4610=ORIENTED_EDGE('',*,*,#3467,.T.);
#4611=ORIENTED_EDGE('',*,*,#3473,.T.);
#4612=ORIENTED_EDGE('',*,*,#3465,.T.);
#4613=ORIENTED_EDGE('',*,*,#3474,.T.);
#4614=ORIENTED_EDGE('',*,*,#3460,.T.);
#4615=ORIENTED_EDGE('',*,*,#3475,.T.);
#4616=ORIENTED_EDGE('',*,*,#3458,.T.);
#4617=ORIENTED_EDGE('',*,*,#3476,.T.);
#4618=ORIENTED_EDGE('',*,*,#3444,.T.);
#4619=ORIENTED_EDGE('',*,*,#3477,.T.);
#4620=ORIENTED_EDGE('',*,*,#3447,.F.);
#4621=ORIENTED_EDGE('',*,*,#3457,.F.);
#4622=ORIENTED_EDGE('',*,*,#3453,.F.);
#4623=ORIENTED_EDGE('',*,*,#3478,.F.);
#4624=ORIENTED_EDGE('',*,*,#3445,.F.);
#4625=ORIENTED_EDGE('',*,*,#3479,.T.);
#4626=ORIENTED_EDGE('',*,*,#3480,.F.);
#4627=ORIENTED_EDGE('',*,*,#3481,.F.);
#4628=ORIENTED_EDGE('',*,*,#3482,.F.);
#4629=ORIENTED_EDGE('',*,*,#3464,.F.);
#4630=ORIENTED_EDGE('',*,*,#3483,.T.);
#4631=ORIENTED_EDGE('',*,*,#3448,.F.);
#4632=ORIENTED_EDGE('',*,*,#3478,.T.);
#4633=ORIENTED_EDGE('',*,*,#3452,.F.);
#4634=ORIENTED_EDGE('',*,*,#3484,.T.);
#4635=ORIENTED_EDGE('',*,*,#3485,.F.);
#4636=ORIENTED_EDGE('',*,*,#3486,.F.);
#4637=ORIENTED_EDGE('',*,*,#3479,.F.);
#4638=ORIENTED_EDGE('',*,*,#3454,.F.);
#4639=ORIENTED_EDGE('',*,*,#3473,.F.);
#4640=ORIENTED_EDGE('',*,*,#3469,.F.);
#4641=ORIENTED_EDGE('',*,*,#3487,.F.);
#4642=ORIENTED_EDGE('',*,*,#3455,.F.);
#4643=ORIENTED_EDGE('',*,*,#3487,.T.);
#4644=ORIENTED_EDGE('',*,*,#3468,.F.);
#4645=ORIENTED_EDGE('',*,*,#3488,.T.);
#4646=ORIENTED_EDGE('',*,*,#3489,.F.);
#4647=ORIENTED_EDGE('',*,*,#3490,.F.);
#4648=ORIENTED_EDGE('',*,*,#3484,.F.);
#4649=ORIENTED_EDGE('',*,*,#3456,.F.);
#4650=ORIENTED_EDGE('',*,*,#3476,.F.);
#4651=ORIENTED_EDGE('',*,*,#3474,.F.);
#4652=ORIENTED_EDGE('',*,*,#3472,.F.);
#4653=ORIENTED_EDGE('',*,*,#3491,.T.);
#4654=ORIENTED_EDGE('',*,*,#3492,.T.);
#4655=ORIENTED_EDGE('',*,*,#3493,.T.);
#4656=ORIENTED_EDGE('',*,*,#3494,.T.);
#4657=ORIENTED_EDGE('',*,*,#3495,.T.);
#4658=ORIENTED_EDGE('',*,*,#3496,.T.);
#4659=ORIENTED_EDGE('',*,*,#3497,.T.);
#4660=ORIENTED_EDGE('',*,*,#3498,.T.);
#4661=ORIENTED_EDGE('',*,*,#3499,.T.);
#4662=ORIENTED_EDGE('',*,*,#3500,.T.);
#4663=ORIENTED_EDGE('',*,*,#3501,.T.);
#4664=ORIENTED_EDGE('',*,*,#3502,.T.);
#4665=ORIENTED_EDGE('',*,*,#3503,.T.);
#4666=ORIENTED_EDGE('',*,*,#3504,.T.);
#4667=ORIENTED_EDGE('',*,*,#3505,.T.);
#4668=ORIENTED_EDGE('',*,*,#3506,.T.);
#4669=ORIENTED_EDGE('',*,*,#3507,.T.);
#4670=ORIENTED_EDGE('',*,*,#3508,.T.);
#4671=ORIENTED_EDGE('',*,*,#3509,.T.);
#4672=ORIENTED_EDGE('',*,*,#3510,.T.);
#4673=ORIENTED_EDGE('',*,*,#3511,.T.);
#4674=ORIENTED_EDGE('',*,*,#3512,.T.);
#4675=ORIENTED_EDGE('',*,*,#3513,.T.);
#4676=ORIENTED_EDGE('',*,*,#3514,.T.);
#4677=ORIENTED_EDGE('',*,*,#3515,.T.);
#4678=ORIENTED_EDGE('',*,*,#3516,.T.);
#4679=ORIENTED_EDGE('',*,*,#3517,.T.);
#4680=ORIENTED_EDGE('',*,*,#3518,.T.);
#4681=ORIENTED_EDGE('',*,*,#3388,.T.);
#4682=ORIENTED_EDGE('',*,*,#3519,.T.);
#4683=ORIENTED_EDGE('',*,*,#3520,.T.);
#4684=ORIENTED_EDGE('',*,*,#3344,.T.);
#4685=ORIENTED_EDGE('',*,*,#3521,.T.);
#4686=ORIENTED_EDGE('',*,*,#3522,.F.);
#4687=ORIENTED_EDGE('',*,*,#3523,.T.);
#4688=ORIENTED_EDGE('',*,*,#3524,.T.);
#4689=ORIENTED_EDGE('',*,*,#3525,.T.);
#4690=ORIENTED_EDGE('',*,*,#3437,.T.);
#4691=ORIENTED_EDGE('',*,*,#3524,.F.);
#4692=ORIENTED_EDGE('',*,*,#3526,.T.);
#4693=ORIENTED_EDGE('',*,*,#3432,.T.);
#4694=ORIENTED_EDGE('',*,*,#3419,.F.);
#4695=ORIENTED_EDGE('',*,*,#3527,.T.);
#4696=ORIENTED_EDGE('',*,*,#3519,.F.);
#4697=ORIENTED_EDGE('',*,*,#3387,.T.);
#4698=ORIENTED_EDGE('',*,*,#3528,.F.);
#4699=ORIENTED_EDGE('',*,*,#3529,.T.);
#4700=ORIENTED_EDGE('',*,*,#3342,.T.);
#4701=ORIENTED_EDGE('',*,*,#3530,.T.);
#4702=ORIENTED_EDGE('',*,*,#3531,.F.);
#4703=ORIENTED_EDGE('',*,*,#3525,.F.);
#4704=ORIENTED_EDGE('',*,*,#3436,.T.);
#4705=ORIENTED_EDGE('',*,*,#3532,.F.);
#4706=ORIENTED_EDGE('',*,*,#3533,.F.);
#4707=ORIENTED_EDGE('',*,*,#3534,.F.);
#4708=ORIENTED_EDGE('',*,*,#3535,.F.);
#4709=ORIENTED_EDGE('',*,*,#3529,.F.);
#4710=ORIENTED_EDGE('',*,*,#3536,.F.);
#4711=ORIENTED_EDGE('',*,*,#3537,.F.);
#4712=ORIENTED_EDGE('',*,*,#3339,.T.);
#4713=ORIENTED_EDGE('',*,*,#3538,.T.);
#4714=ORIENTED_EDGE('',*,*,#3539,.T.);
#4715=ORIENTED_EDGE('',*,*,#3540,.T.);
#4716=ORIENTED_EDGE('',*,*,#3537,.T.);
#4717=ORIENTED_EDGE('',*,*,#3541,.T.);
#4718=ORIENTED_EDGE('',*,*,#3336,.F.);
#4719=ORIENTED_EDGE('',*,*,#3340,.T.);
#4720=ORIENTED_EDGE('',*,*,#3540,.F.);
#4721=ORIENTED_EDGE('',*,*,#3542,.T.);
#4722=ORIENTED_EDGE('',*,*,#3543,.T.);
#4723=ORIENTED_EDGE('',*,*,#3380,.T.);
#4724=ORIENTED_EDGE('',*,*,#3383,.T.);
#4725=ORIENTED_EDGE('',*,*,#3544,.T.);
#4726=ORIENTED_EDGE('',*,*,#3545,.T.);
#4727=ORIENTED_EDGE('',*,*,#3546,.T.);
#4728=ORIENTED_EDGE('',*,*,#3547,.T.);
#4729=ORIENTED_EDGE('',*,*,#3548,.T.);
#4730=ORIENTED_EDGE('',*,*,#3549,.T.);
#4731=ORIENTED_EDGE('',*,*,#3545,.F.);
#4732=ORIENTED_EDGE('',*,*,#3374,.T.);
#4733=ORIENTED_EDGE('',*,*,#3378,.T.);
#4734=ORIENTED_EDGE('',*,*,#3337,.F.);
#4735=ORIENTED_EDGE('',*,*,#3550,.T.);
#4736=ORIENTED_EDGE('',*,*,#3544,.F.);
#4737=ORIENTED_EDGE('',*,*,#3382,.T.);
#4738=ORIENTED_EDGE('',*,*,#3548,.F.);
#4739=ORIENTED_EDGE('',*,*,#3551,.F.);
#4740=ORIENTED_EDGE('',*,*,#3552,.F.);
#4741=ORIENTED_EDGE('',*,*,#3553,.F.);
#4742=ORIENTED_EDGE('',*,*,#3554,.T.);
#4743=ORIENTED_EDGE('',*,*,#3555,.T.);
#4744=ORIENTED_EDGE('',*,*,#3556,.F.);
#4745=ORIENTED_EDGE('',*,*,#3375,.T.);
#4746=ORIENTED_EDGE('',*,*,#3557,.T.);
#4747=ORIENTED_EDGE('',*,*,#3558,.T.);
#4748=ORIENTED_EDGE('',*,*,#3409,.T.);
#4749=ORIENTED_EDGE('',*,*,#3559,.T.);
#4750=ORIENTED_EDGE('',*,*,#3560,.T.);
#4751=ORIENTED_EDGE('',*,*,#3561,.T.);
#4752=ORIENTED_EDGE('',*,*,#3562,.T.);
#4753=ORIENTED_EDGE('',*,*,#3563,.T.);
#4754=ORIENTED_EDGE('',*,*,#3532,.T.);
#4755=ORIENTED_EDGE('',*,*,#3564,.T.);
#4756=ORIENTED_EDGE('',*,*,#3561,.F.);
#4757=ORIENTED_EDGE('',*,*,#3435,.T.);
#4758=ORIENTED_EDGE('',*,*,#3439,.T.);
#4759=ORIENTED_EDGE('',*,*,#3565,.T.);
#4760=ORIENTED_EDGE('',*,*,#3440,.F.);
#4761=ORIENTED_EDGE('',*,*,#3401,.T.);
#4762=ORIENTED_EDGE('',*,*,#3407,.F.);
#4763=ORIENTED_EDGE('',*,*,#3559,.F.);
#4764=ORIENTED_EDGE('',*,*,#3566,.T.);
#4765=ORIENTED_EDGE('',*,*,#3567,.F.);
#4766=ORIENTED_EDGE('',*,*,#3568,.F.);
#4767=ORIENTED_EDGE('',*,*,#3394,.F.);
#4768=ORIENTED_EDGE('',*,*,#3569,.F.);
#4769=ORIENTED_EDGE('',*,*,#3566,.F.);
#4770=ORIENTED_EDGE('',*,*,#3408,.F.);
#4771=ORIENTED_EDGE('',*,*,#3570,.T.);
#4772=ORIENTED_EDGE('',*,*,#3556,.T.);
#4773=ORIENTED_EDGE('',*,*,#3571,.T.);
#4774=ORIENTED_EDGE('',*,*,#3572,.T.);
#4775=ORIENTED_EDGE('',*,*,#3376,.T.);
#4776=ORIENTED_EDGE('',*,*,#3570,.F.);
#4777=ORIENTED_EDGE('',*,*,#3573,.T.);
#4778=ORIENTED_EDGE('',*,*,#3371,.T.);
#4779=ORIENTED_EDGE('',*,*,#3356,.F.);
#4780=ORIENTED_EDGE('',*,*,#3574,.T.);
#4781=ORIENTED_EDGE('',*,*,#3575,.T.);
#4782=ORIENTED_EDGE('',*,*,#3397,.T.);
#4783=ORIENTED_EDGE('',*,*,#3576,.F.);
#4784=ORIENTED_EDGE('',*,*,#3567,.T.);
#4785=ORIENTED_EDGE('',*,*,#3577,.T.);
#4786=ORIENTED_EDGE('',*,*,#3578,.T.);
#4787=ORIENTED_EDGE('',*,*,#3579,.F.);
#4788=ORIENTED_EDGE('',*,*,#3396,.F.);
#4789=ORIENTED_EDGE('',*,*,#3580,.T.);
#4790=ORIENTED_EDGE('',*,*,#3577,.F.);
#4791=ORIENTED_EDGE('',*,*,#3569,.T.);
#4792=ORIENTED_EDGE('',*,*,#3395,.F.);
#4793=ORIENTED_EDGE('',*,*,#3399,.T.);
#4794=ORIENTED_EDGE('',*,*,#3581,.T.);
#4795=ORIENTED_EDGE('',*,*,#3582,.T.);
#4796=ORIENTED_EDGE('',*,*,#3583,.T.);
#4797=ORIENTED_EDGE('',*,*,#3581,.F.);
#4798=ORIENTED_EDGE('',*,*,#3398,.T.);
#4799=ORIENTED_EDGE('',*,*,#3575,.F.);
#4800=ORIENTED_EDGE('',*,*,#3584,.T.);
#4801=ORIENTED_EDGE('',*,*,#3585,.F.);
#4802=ORIENTED_EDGE('',*,*,#3541,.F.);
#4803=ORIENTED_EDGE('',*,*,#3586,.F.);
#4804=ORIENTED_EDGE('',*,*,#3587,.F.);
#4805=ORIENTED_EDGE('',*,*,#3588,.T.);
#4806=ORIENTED_EDGE('',*,*,#3589,.F.);
#4807=ORIENTED_EDGE('',*,*,#3590,.F.);
#4808=ORIENTED_EDGE('',*,*,#3576,.T.);
#4809=ORIENTED_EDGE('',*,*,#3591,.F.);
#4810=ORIENTED_EDGE('',*,*,#3592,.F.);
#4811=ORIENTED_EDGE('',*,*,#3593,.F.);
#4812=ORIENTED_EDGE('',*,*,#3521,.F.);
#4813=ORIENTED_EDGE('',*,*,#3594,.F.);
#4814=ORIENTED_EDGE('',*,*,#3595,.F.);
#4815=ORIENTED_EDGE('',*,*,#3528,.T.);
#4816=ORIENTED_EDGE('',*,*,#3596,.F.);
#4817=ORIENTED_EDGE('',*,*,#3597,.F.);
#4818=ORIENTED_EDGE('',*,*,#3598,.T.);
#4819=ORIENTED_EDGE('',*,*,#3599,.F.);
#4820=ORIENTED_EDGE('',*,*,#3560,.F.);
#4821=ORIENTED_EDGE('',*,*,#3600,.T.);
#4822=ORIENTED_EDGE('',*,*,#3601,.F.);
#4823=ORIENTED_EDGE('',*,*,#3589,.T.);
#4824=ORIENTED_EDGE('',*,*,#3553,.T.);
#4825=ORIENTED_EDGE('',*,*,#3587,.T.);
#4826=ORIENTED_EDGE('',*,*,#3602,.T.);
#4827=ORIENTED_EDGE('',*,*,#3317,.T.);
#4828=ORIENTED_EDGE('',*,*,#3603,.F.);
#4829=ORIENTED_EDGE('',*,*,#3596,.T.);
#4830=ORIENTED_EDGE('',*,*,#3568,.T.);
#4831=ORIENTED_EDGE('',*,*,#3590,.T.);
#4832=ORIENTED_EDGE('',*,*,#3601,.T.);
#4833=ORIENTED_EDGE('',*,*,#3604,.T.);
#4834=ORIENTED_EDGE('',*,*,#3605,.T.);
#4835=ORIENTED_EDGE('',*,*,#3606,.F.);
#4836=ORIENTED_EDGE('',*,*,#3607,.F.);
#4837=ORIENTED_EDGE('',*,*,#3608,.T.);
#4838=ORIENTED_EDGE('',*,*,#3609,.T.);
#4839=ORIENTED_EDGE('',*,*,#3610,.F.);
#4840=ORIENTED_EDGE('',*,*,#3611,.F.);
#4841=ORIENTED_EDGE('',*,*,#3605,.F.);
#4842=ORIENTED_EDGE('',*,*,#3612,.T.);
#4843=ORIENTED_EDGE('',*,*,#3607,.T.);
#4844=ORIENTED_EDGE('',*,*,#3613,.F.);
#4845=ORIENTED_EDGE('',*,*,#3614,.F.);
#4846=ORIENTED_EDGE('',*,*,#3615,.T.);
#4847=ORIENTED_EDGE('',*,*,#3614,.T.);
#4848=ORIENTED_EDGE('',*,*,#3616,.F.);
#4849=ORIENTED_EDGE('',*,*,#3609,.F.);
#4850=ORIENTED_EDGE('',*,*,#3617,.T.);
#4851=ORIENTED_EDGE('',*,*,#3602,.F.);
#4852=ORIENTED_EDGE('',*,*,#3586,.T.);
#4853=ORIENTED_EDGE('',*,*,#3536,.T.);
#4854=ORIENTED_EDGE('',*,*,#3595,.T.);
#4855=ORIENTED_EDGE('',*,*,#3618,.T.);
#4856=ORIENTED_EDGE('',*,*,#3619,.T.);
#4857=ORIENTED_EDGE('',*,*,#3618,.F.);
#4858=ORIENTED_EDGE('',*,*,#3594,.T.);
#4859=ORIENTED_EDGE('',*,*,#3535,.T.);
#4860=ORIENTED_EDGE('',*,*,#3597,.T.);
#4861=ORIENTED_EDGE('',*,*,#3603,.T.);
#4862=ORIENTED_EDGE('',*,*,#3599,.T.);
#4863=ORIENTED_EDGE('',*,*,#3620,.F.);
#4864=ORIENTED_EDGE('',*,*,#3621,.F.);
#4865=ORIENTED_EDGE('',*,*,#3557,.F.);
#4866=ORIENTED_EDGE('',*,*,#3422,.F.);
#4867=ORIENTED_EDGE('',*,*,#3622,.F.);
#4868=ORIENTED_EDGE('',*,*,#3426,.F.);
#4869=ORIENTED_EDGE('',*,*,#3424,.F.);
#4870=ORIENTED_EDGE('',*,*,#3592,.T.);
#4871=ORIENTED_EDGE('',*,*,#3531,.T.);
#4872=ORIENTED_EDGE('',*,*,#3623,.F.);
#4873=ORIENTED_EDGE('',*,*,#3624,.F.);
#4874=ORIENTED_EDGE('',*,*,#3625,.F.);
#4875=ORIENTED_EDGE('',*,*,#3626,.T.);
#4876=ORIENTED_EDGE('',*,*,#3610,.T.);
#4877=ORIENTED_EDGE('',*,*,#3616,.T.);
#4878=ORIENTED_EDGE('',*,*,#3613,.T.);
#4879=ORIENTED_EDGE('',*,*,#3606,.T.);
#4880=ORIENTED_EDGE('',*,*,#3611,.T.);
#4881=ORIENTED_EDGE('',*,*,#3626,.F.);
#4882=ORIENTED_EDGE('',*,*,#3565,.F.);
#4883=ORIENTED_EDGE('',*,*,#3627,.F.);
#4884=ORIENTED_EDGE('',*,*,#3628,.F.);
#4885=ORIENTED_EDGE('',*,*,#3629,.F.);
#4886=ORIENTED_EDGE('',*,*,#3630,.F.);
#4887=ORIENTED_EDGE('',*,*,#3631,.F.);
#4888=ORIENTED_EDGE('',*,*,#3543,.F.);
#4889=ORIENTED_EDGE('',*,*,#3632,.F.);
#4890=ORIENTED_EDGE('',*,*,#3633,.F.);
#4891=ORIENTED_EDGE('',*,*,#3634,.F.);
#4892=ORIENTED_EDGE('',*,*,#3635,.F.);
#4893=ORIENTED_EDGE('',*,*,#3636,.F.);
#4894=ORIENTED_EDGE('',*,*,#3620,.T.);
#4895=ORIENTED_EDGE('',*,*,#3598,.F.);
#4896=ORIENTED_EDGE('',*,*,#3534,.T.);
#4897=ORIENTED_EDGE('',*,*,#3533,.T.);
#4898=ORIENTED_EDGE('',*,*,#3563,.F.);
#4899=ORIENTED_EDGE('',*,*,#3637,.T.);
#4900=ORIENTED_EDGE('',*,*,#3628,.T.);
#4901=ORIENTED_EDGE('',*,*,#3638,.F.);
#4902=ORIENTED_EDGE('',*,*,#3564,.F.);
#4903=ORIENTED_EDGE('',*,*,#3639,.T.);
#4904=ORIENTED_EDGE('',*,*,#3629,.T.);
#4905=ORIENTED_EDGE('',*,*,#3637,.F.);
#4906=ORIENTED_EDGE('',*,*,#3562,.F.);
#4907=ORIENTED_EDGE('',*,*,#3441,.F.);
#4908=ORIENTED_EDGE('',*,*,#3630,.T.);
#4909=ORIENTED_EDGE('',*,*,#3639,.F.);
#4910=ORIENTED_EDGE('',*,*,#3438,.F.);
#4911=ORIENTED_EDGE('',*,*,#3558,.F.);
#4912=ORIENTED_EDGE('',*,*,#3621,.T.);
#4913=ORIENTED_EDGE('',*,*,#3638,.T.);
#4914=ORIENTED_EDGE('',*,*,#3627,.T.);
#4915=ORIENTED_EDGE('',*,*,#3406,.F.);
#4916=ORIENTED_EDGE('',*,*,#3410,.F.);
#4917=ORIENTED_EDGE('',*,*,#3640,.T.);
#4918=ORIENTED_EDGE('',*,*,#3584,.F.);
#4919=ORIENTED_EDGE('',*,*,#3552,.T.);
#4920=ORIENTED_EDGE('',*,*,#3551,.T.);
#4921=ORIENTED_EDGE('',*,*,#3547,.F.);
#4922=ORIENTED_EDGE('',*,*,#3641,.T.);
#4923=ORIENTED_EDGE('',*,*,#3633,.T.);
#4924=ORIENTED_EDGE('',*,*,#3642,.F.);
#4925=ORIENTED_EDGE('',*,*,#3549,.F.);
#4926=ORIENTED_EDGE('',*,*,#3643,.T.);
#4927=ORIENTED_EDGE('',*,*,#3634,.T.);
#4928=ORIENTED_EDGE('',*,*,#3641,.F.);
#4929=ORIENTED_EDGE('',*,*,#3546,.F.);
#4930=ORIENTED_EDGE('',*,*,#3381,.F.);
#4931=ORIENTED_EDGE('',*,*,#3635,.T.);
#4932=ORIENTED_EDGE('',*,*,#3643,.F.);
#4933=ORIENTED_EDGE('',*,*,#3377,.F.);
#4934=ORIENTED_EDGE('',*,*,#3539,.F.);
#4935=ORIENTED_EDGE('',*,*,#3644,.T.);
#4936=ORIENTED_EDGE('',*,*,#3642,.T.);
#4937=ORIENTED_EDGE('',*,*,#3632,.T.);
#4938=ORIENTED_EDGE('',*,*,#3550,.F.);
#4939=ORIENTED_EDGE('',*,*,#3542,.F.);
#4940=ORIENTED_EDGE('',*,*,#3585,.T.);
#4941=ORIENTED_EDGE('',*,*,#3640,.F.);
#4942=ORIENTED_EDGE('',*,*,#3644,.F.);
#4943=ORIENTED_EDGE('',*,*,#3538,.F.);
#4944=ORIENTED_EDGE('',*,*,#3523,.F.);
#4945=ORIENTED_EDGE('',*,*,#3645,.T.);
#4946=ORIENTED_EDGE('',*,*,#3646,.T.);
#4947=ORIENTED_EDGE('',*,*,#3647,.F.);
#4948=ORIENTED_EDGE('',*,*,#3526,.F.);
#4949=ORIENTED_EDGE('',*,*,#3624,.T.);
#4950=ORIENTED_EDGE('',*,*,#3648,.T.);
#4951=ORIENTED_EDGE('',*,*,#3649,.T.);
#4952=ORIENTED_EDGE('',*,*,#3645,.F.);
#4953=ORIENTED_EDGE('',*,*,#3522,.T.);
#4954=ORIENTED_EDGE('',*,*,#3593,.T.);
#4955=ORIENTED_EDGE('',*,*,#3345,.F.);
#4956=ORIENTED_EDGE('',*,*,#3650,.T.);
#4957=ORIENTED_EDGE('',*,*,#3648,.F.);
#4958=ORIENTED_EDGE('',*,*,#3623,.T.);
#4959=ORIENTED_EDGE('',*,*,#3530,.F.);
#4960=ORIENTED_EDGE('',*,*,#3341,.F.);
#4961=ORIENTED_EDGE('',*,*,#3433,.F.);
#4962=ORIENTED_EDGE('',*,*,#3647,.T.);
#4963=ORIENTED_EDGE('',*,*,#3651,.T.);
#4964=ORIENTED_EDGE('',*,*,#3527,.F.);
#4965=ORIENTED_EDGE('',*,*,#3520,.F.);
#4966=ORIENTED_EDGE('',*,*,#3651,.F.);
#4967=ORIENTED_EDGE('',*,*,#3646,.F.);
#4968=ORIENTED_EDGE('',*,*,#3649,.F.);
#4969=ORIENTED_EDGE('',*,*,#3650,.F.);
#4970=ORIENTED_EDGE('',*,*,#3652,.F.);
#4971=ORIENTED_EDGE('',*,*,#3591,.T.);
#4972=ORIENTED_EDGE('',*,*,#3579,.T.);
#4973=ORIENTED_EDGE('',*,*,#3653,.F.);
#4974=ORIENTED_EDGE('',*,*,#3654,.F.);
#4975=ORIENTED_EDGE('',*,*,#3572,.F.);
#4976=ORIENTED_EDGE('',*,*,#3655,.T.);
#4977=ORIENTED_EDGE('',*,*,#3656,.T.);
#4978=ORIENTED_EDGE('',*,*,#3657,.F.);
#4979=ORIENTED_EDGE('',*,*,#3573,.F.);
#4980=ORIENTED_EDGE('',*,*,#3654,.T.);
#4981=ORIENTED_EDGE('',*,*,#3658,.T.);
#4982=ORIENTED_EDGE('',*,*,#3659,.T.);
#4983=ORIENTED_EDGE('',*,*,#3655,.F.);
#4984=ORIENTED_EDGE('',*,*,#3571,.F.);
#4985=ORIENTED_EDGE('',*,*,#3555,.F.);
#4986=ORIENTED_EDGE('',*,*,#3554,.F.);
#4987=ORIENTED_EDGE('',*,*,#3588,.F.);
#4988=ORIENTED_EDGE('',*,*,#3582,.F.);
#4989=ORIENTED_EDGE('',*,*,#3660,.T.);
#4990=ORIENTED_EDGE('',*,*,#3658,.F.);
#4991=ORIENTED_EDGE('',*,*,#3653,.T.);
#4992=ORIENTED_EDGE('',*,*,#3578,.F.);
#4993=ORIENTED_EDGE('',*,*,#3580,.F.);
#4994=ORIENTED_EDGE('',*,*,#3372,.F.);
#4995=ORIENTED_EDGE('',*,*,#3657,.T.);
#4996=ORIENTED_EDGE('',*,*,#3661,.T.);
#4997=ORIENTED_EDGE('',*,*,#3574,.F.);
#4998=ORIENTED_EDGE('',*,*,#3583,.F.);
#4999=ORIENTED_EDGE('',*,*,#3661,.F.);
#5000=ORIENTED_EDGE('',*,*,#3656,.F.);
#5001=ORIENTED_EDGE('',*,*,#3659,.F.);
#5002=ORIENTED_EDGE('',*,*,#3660,.F.);
#5003=ORIENTED_EDGE('',*,*,#3662,.F.);
#5004=ORIENTED_EDGE('',*,*,#3663,.F.);
#5005=ORIENTED_EDGE('',*,*,#3664,.T.);
#5006=ORIENTED_EDGE('',*,*,#3631,.T.);
#5007=ORIENTED_EDGE('',*,*,#3664,.F.);
#5008=ORIENTED_EDGE('',*,*,#3665,.F.);
#5009=ORIENTED_EDGE('',*,*,#3666,.T.);
#5010=ORIENTED_EDGE('',*,*,#3636,.T.);
#5011=ORIENTED_EDGE('',*,*,#3666,.F.);
#5012=ORIENTED_EDGE('',*,*,#3667,.F.);
#5013=ORIENTED_EDGE('',*,*,#3668,.T.);
#5014=ORIENTED_EDGE('',*,*,#3652,.T.);
#5015=ORIENTED_EDGE('',*,*,#3668,.F.);
#5016=ORIENTED_EDGE('',*,*,#3359,.F.);
#5017=ORIENTED_EDGE('',*,*,#3405,.T.);
#5018=ORIENTED_EDGE('',*,*,#3425,.F.);
#5019=ORIENTED_EDGE('',*,*,#3622,.T.);
#5020=ORIENTED_EDGE('',*,*,#3421,.F.);
#5021=ORIENTED_EDGE('',*,*,#3384,.T.);
#5022=ORIENTED_EDGE('',*,*,#3362,.F.);
#5023=ORIENTED_EDGE('',*,*,#3669,.T.);
#5024=ORIENTED_EDGE('',*,*,#3024,.T.);
#5025=ORIENTED_EDGE('',*,*,#3021,.F.);
#5026=ORIENTED_EDGE('',*,*,#3029,.T.);
#5027=ORIENTED_EDGE('',*,*,#3026,.F.);
#5028=ORIENTED_EDGE('',*,*,#3010,.T.);
#5029=ORIENTED_EDGE('',*,*,#3008,.F.);
#5030=ORIENTED_EDGE('',*,*,#3018,.T.);
#5031=ORIENTED_EDGE('',*,*,#3015,.F.);
#5032=ORIENTED_EDGE('',*,*,#3670,.F.);
#5033=ORIENTED_EDGE('',*,*,#3671,.T.);
#5034=ORIENTED_EDGE('',*,*,#3662,.T.);
#5035=ORIENTED_EDGE('',*,*,#3671,.F.);
#5036=ORIENTED_EDGE('',*,*,#3360,.F.);
#5037=ORIENTED_EDGE('',*,*,#3669,.F.);
#5038=ORIENTED_EDGE('',*,*,#3364,.F.);
#5039=ORIENTED_EDGE('',*,*,#3353,.F.);
#5040=ORIENTED_EDGE('',*,*,#3006,.T.);
#5041=ORIENTED_EDGE('',*,*,#3012,.F.);
#5042=ORIENTED_EDGE('',*,*,#3025,.T.);
#5043=ORIENTED_EDGE('',*,*,#3028,.F.);
#5044=ORIENTED_EDGE('',*,*,#3019,.T.);
#5045=ORIENTED_EDGE('',*,*,#3023,.F.);
#5046=ORIENTED_EDGE('',*,*,#3013,.T.);
#5047=ORIENTED_EDGE('',*,*,#3017,.F.);
#5048=ORIENTED_EDGE('',*,*,#3665,.T.);
#5049=ORIENTED_EDGE('',*,*,#3663,.T.);
#5050=ORIENTED_EDGE('',*,*,#3667,.T.);
#5051=ORIENTED_EDGE('',*,*,#3670,.T.);
#5052=ORIENTED_EDGE('',*,*,#3625,.T.);
#5053=ORIENTED_EDGE('',*,*,#3672,.F.);
#5054=ORIENTED_EDGE('',*,*,#3312,.T.);
#5055=ORIENTED_EDGE('',*,*,#3318,.T.);
#5056=ORIENTED_EDGE('',*,*,#3600,.F.);
#5057=ORIENTED_EDGE('',*,*,#3673,.F.);
#5058=ORIENTED_EDGE('',*,*,#3674,.F.);
#5059=ORIENTED_EDGE('',*,*,#3673,.T.);
#5060=ORIENTED_EDGE('',*,*,#3617,.F.);
#5061=ORIENTED_EDGE('',*,*,#3675,.F.);
#5062=ORIENTED_EDGE('',*,*,#3676,.F.);
#5063=ORIENTED_EDGE('',*,*,#3675,.T.);
#5064=ORIENTED_EDGE('',*,*,#3619,.F.);
#5065=ORIENTED_EDGE('',*,*,#3316,.F.);
#5066=ORIENTED_EDGE('',*,*,#3314,.F.);
#5067=ORIENTED_EDGE('',*,*,#3313,.F.);
#5068=ORIENTED_EDGE('',*,*,#3677,.F.);
#5069=ORIENTED_EDGE('',*,*,#3678,.F.);
#5070=ORIENTED_EDGE('',*,*,#3679,.F.);
#5071=ORIENTED_EDGE('',*,*,#3680,.F.);
#5072=ORIENTED_EDGE('',*,*,#3681,.F.);
#5073=ORIENTED_EDGE('',*,*,#3682,.T.);
#5074=ORIENTED_EDGE('',*,*,#3615,.F.);
#5075=ORIENTED_EDGE('',*,*,#3683,.T.);
#5076=ORIENTED_EDGE('',*,*,#3684,.T.);
#5077=ORIENTED_EDGE('',*,*,#3684,.F.);
#5078=ORIENTED_EDGE('',*,*,#3685,.T.);
#5079=ORIENTED_EDGE('',*,*,#3686,.T.);
#5080=ORIENTED_EDGE('',*,*,#3687,.T.);
#5081=ORIENTED_EDGE('',*,*,#3688,.T.);
#5082=ORIENTED_EDGE('',*,*,#3689,.T.);
#5083=ORIENTED_EDGE('',*,*,#3690,.T.);
#5084=ORIENTED_EDGE('',*,*,#3685,.F.);
#5085=ORIENTED_EDGE('',*,*,#3691,.T.);
#5086=ORIENTED_EDGE('',*,*,#3604,.F.);
#5087=ORIENTED_EDGE('',*,*,#3692,.F.);
#5088=ORIENTED_EDGE('',*,*,#3693,.F.);
#5089=ORIENTED_EDGE('',*,*,#3681,.T.);
#5090=ORIENTED_EDGE('',*,*,#3694,.T.);
#5091=ORIENTED_EDGE('',*,*,#3695,.F.);
#5092=ORIENTED_EDGE('',*,*,#3696,.F.);
#5093=ORIENTED_EDGE('',*,*,#3691,.F.);
#5094=ORIENTED_EDGE('',*,*,#3697,.F.);
#5095=ORIENTED_EDGE('',*,*,#3698,.T.);
#5096=ORIENTED_EDGE('',*,*,#3699,.T.);
#5097=ORIENTED_EDGE('',*,*,#3700,.F.);
#5098=ORIENTED_EDGE('',*,*,#3694,.F.);
#5099=ORIENTED_EDGE('',*,*,#3680,.T.);
#5100=ORIENTED_EDGE('',*,*,#3608,.F.);
#5101=ORIENTED_EDGE('',*,*,#3701,.T.);
#5102=ORIENTED_EDGE('',*,*,#3702,.T.);
#5103=ORIENTED_EDGE('',*,*,#3703,.F.);
#5104=ORIENTED_EDGE('',*,*,#3699,.F.);
#5105=ORIENTED_EDGE('',*,*,#3701,.F.);
#5106=ORIENTED_EDGE('',*,*,#3698,.F.);
#5107=ORIENTED_EDGE('',*,*,#3704,.F.);
#5108=ORIENTED_EDGE('',*,*,#3705,.F.);
#5109=ORIENTED_EDGE('',*,*,#3697,.T.);
#5110=ORIENTED_EDGE('',*,*,#3706,.F.);
#5111=ORIENTED_EDGE('',*,*,#3686,.F.);
#5112=ORIENTED_EDGE('',*,*,#3690,.F.);
#5113=ORIENTED_EDGE('',*,*,#3707,.T.);
#5114=ORIENTED_EDGE('',*,*,#3693,.T.);
#5115=ORIENTED_EDGE('',*,*,#3708,.F.);
#5116=ORIENTED_EDGE('',*,*,#3687,.F.);
#5117=ORIENTED_EDGE('',*,*,#3706,.T.);
#5118=ORIENTED_EDGE('',*,*,#3704,.T.);
#5119=ORIENTED_EDGE('',*,*,#3707,.F.);
#5120=ORIENTED_EDGE('',*,*,#3689,.F.);
#5121=ORIENTED_EDGE('',*,*,#3709,.T.);
#5122=ORIENTED_EDGE('',*,*,#3710,.T.);
#5123=ORIENTED_EDGE('',*,*,#3709,.F.);
#5124=ORIENTED_EDGE('',*,*,#3688,.F.);
#5125=ORIENTED_EDGE('',*,*,#3708,.T.);
#5126=ORIENTED_EDGE('',*,*,#3328,.T.);
#5127=ORIENTED_EDGE('',*,*,#3711,.T.);
#5128=ORIENTED_EDGE('',*,*,#3492,.F.);
#5129=ORIENTED_EDGE('',*,*,#3712,.F.);
#5130=ORIENTED_EDGE('',*,*,#3067,.F.);
#5131=ORIENTED_EDGE('',*,*,#3713,.T.);
#5132=ORIENTED_EDGE('',*,*,#3712,.T.);
#5133=ORIENTED_EDGE('',*,*,#3491,.F.);
#5134=ORIENTED_EDGE('',*,*,#3714,.F.);
#5135=ORIENTED_EDGE('',*,*,#3446,.F.);
#5136=ORIENTED_EDGE('',*,*,#3483,.F.);
#5137=ORIENTED_EDGE('',*,*,#3463,.F.);
#5138=ORIENTED_EDGE('',*,*,#3477,.F.);
#5139=ORIENTED_EDGE('',*,*,#3462,.F.);
#5140=ORIENTED_EDGE('',*,*,#3715,.F.);
#5141=ORIENTED_EDGE('',*,*,#3470,.F.);
#5142=ORIENTED_EDGE('',*,*,#3475,.F.);
#5143=ORIENTED_EDGE('',*,*,#3716,.T.);
#5144=ORIENTED_EDGE('',*,*,#3717,.T.);
#5145=ORIENTED_EDGE('',*,*,#3481,.T.);
#5146=ORIENTED_EDGE('',*,*,#3718,.T.);
#5147=ORIENTED_EDGE('',*,*,#3719,.T.);
#5148=ORIENTED_EDGE('',*,*,#3480,.T.);
#5149=ORIENTED_EDGE('',*,*,#3486,.T.);
#5150=ORIENTED_EDGE('',*,*,#3720,.T.);
#5151=ORIENTED_EDGE('',*,*,#3721,.T.);
#5152=ORIENTED_EDGE('',*,*,#3485,.T.);
#5153=ORIENTED_EDGE('',*,*,#3490,.T.);
#5154=ORIENTED_EDGE('',*,*,#3722,.T.);
#5155=ORIENTED_EDGE('',*,*,#3723,.T.);
#5156=ORIENTED_EDGE('',*,*,#3489,.T.);
#5157=ORIENTED_EDGE('',*,*,#3724,.T.);
#5158=ORIENTED_EDGE('',*,*,#3725,.T.);
#5159=ORIENTED_EDGE('',*,*,#3721,.F.);
#5160=ORIENTED_EDGE('',*,*,#3723,.F.);
#5161=ORIENTED_EDGE('',*,*,#3726,.T.);
#5162=ORIENTED_EDGE('',*,*,#3727,.F.);
#5163=ORIENTED_EDGE('',*,*,#3728,.F.);
#5164=ORIENTED_EDGE('',*,*,#3726,.F.);
#5165=ORIENTED_EDGE('',*,*,#3716,.F.);
#5166=ORIENTED_EDGE('',*,*,#3719,.F.);
#5167=ORIENTED_EDGE('',*,*,#3729,.T.);
#5168=ORIENTED_EDGE('',*,*,#3730,.T.);
#5169=ORIENTED_EDGE('',*,*,#3727,.T.);
#5170=ORIENTED_EDGE('',*,*,#3728,.T.);
#5171=ORIENTED_EDGE('',*,*,#3730,.F.);
#5172=ORIENTED_EDGE('',*,*,#3683,.F.);
#5173=ORIENTED_EDGE('',*,*,#3731,.T.);
#5174=ORIENTED_EDGE('',*,*,#3729,.F.);
#5175=ORIENTED_EDGE('',*,*,#3731,.F.);
#5176=ORIENTED_EDGE('',*,*,#3461,.F.);
#5177=ORIENTED_EDGE('',*,*,#3482,.T.);
#5178=ORIENTED_EDGE('',*,*,#3717,.F.);
#5179=ORIENTED_EDGE('',*,*,#3724,.F.);
#5180=ORIENTED_EDGE('',*,*,#3488,.F.);
#5181=ORIENTED_EDGE('',*,*,#3471,.F.);
#5182=ORIENTED_EDGE('',*,*,#3715,.T.);
#5183=ORIENTED_EDGE('',*,*,#3722,.F.);
#5184=ORIENTED_EDGE('',*,*,#3732,.T.);
#5185=ORIENTED_EDGE('',*,*,#3733,.T.);
#5186=ORIENTED_EDGE('',*,*,#3732,.F.);
#5187=ORIENTED_EDGE('',*,*,#3718,.F.);
#5188=ORIENTED_EDGE('',*,*,#3734,.T.);
#5189=ORIENTED_EDGE('',*,*,#3735,.T.);
#5190=ORIENTED_EDGE('',*,*,#3734,.F.);
#5191=ORIENTED_EDGE('',*,*,#3725,.F.);
#5192=ORIENTED_EDGE('',*,*,#3736,.T.);
#5193=ORIENTED_EDGE('',*,*,#3737,.T.);
#5194=ORIENTED_EDGE('',*,*,#3736,.F.);
#5195=ORIENTED_EDGE('',*,*,#3720,.F.);
#5196=ORIENTED_EDGE('',*,*,#3738,.T.);
#5197=ORIENTED_EDGE('',*,*,#3739,.T.);
#5198=ORIENTED_EDGE('',*,*,#3738,.F.);
#5199=ORIENTED_EDGE('',*,*,#3740,.F.);
#5200=ORIENTED_EDGE('',*,*,#3741,.F.);
#5201=ORIENTED_EDGE('',*,*,#3742,.T.);
#5202=ORIENTED_EDGE('',*,*,#3743,.F.);
#5203=ORIENTED_EDGE('',*,*,#3744,.T.);
#5204=ORIENTED_EDGE('',*,*,#3297,.F.);
#5205=ORIENTED_EDGE('',*,*,#3745,.F.);
#5206=ORIENTED_EDGE('',*,*,#3746,.T.);
#5207=ORIENTED_EDGE('',*,*,#3747,.F.);
#5208=ORIENTED_EDGE('',*,*,#3148,.T.);
#5209=ORIENTED_EDGE('',*,*,#3164,.T.);
#5210=ORIENTED_EDGE('',*,*,#3161,.T.);
#5211=ORIENTED_EDGE('',*,*,#3158,.T.);
#5212=ORIENTED_EDGE('',*,*,#3155,.T.);
#5213=ORIENTED_EDGE('',*,*,#3152,.T.);
#5214=ORIENTED_EDGE('',*,*,#3748,.F.);
#5215=ORIENTED_EDGE('',*,*,#3275,.T.);
#5216=ORIENTED_EDGE('',*,*,#3272,.F.);
#5217=ORIENTED_EDGE('',*,*,#3037,.T.);
#5218=ORIENTED_EDGE('',*,*,#3069,.F.);
#5219=ORIENTED_EDGE('',*,*,#3749,.F.);
#5220=ORIENTED_EDGE('',*,*,#3057,.F.);
#5221=ORIENTED_EDGE('',*,*,#3035,.T.);
#5222=ORIENTED_EDGE('',*,*,#3750,.F.);
#5223=ORIENTED_EDGE('',*,*,#3751,.T.);
#5224=ORIENTED_EDGE('',*,*,#3232,.F.);
#5225=ORIENTED_EDGE('',*,*,#3031,.T.);
#5226=ORIENTED_EDGE('',*,*,#3062,.F.);
#5227=ORIENTED_EDGE('',*,*,#3053,.T.);
#5228=ORIENTED_EDGE('',*,*,#3224,.F.);
#5229=ORIENTED_EDGE('',*,*,#3220,.T.);
#5230=ORIENTED_EDGE('',*,*,#3215,.F.);
#5231=ORIENTED_EDGE('',*,*,#3049,.T.);
#5232=ORIENTED_EDGE('',*,*,#3056,.F.);
#5233=ORIENTED_EDGE('',*,*,#3752,.F.);
#5234=ORIENTED_EDGE('',*,*,#3063,.F.);
#5235=ORIENTED_EDGE('',*,*,#3047,.T.);
#5236=ORIENTED_EDGE('',*,*,#3259,.F.);
#5237=ORIENTED_EDGE('',*,*,#3262,.T.);
#5238=ORIENTED_EDGE('',*,*,#3264,.F.);
#5239=ORIENTED_EDGE('',*,*,#3043,.T.);
#5240=ORIENTED_EDGE('',*,*,#3070,.F.);
#5241=ORIENTED_EDGE('',*,*,#3041,.T.);
#5242=ORIENTED_EDGE('',*,*,#3189,.T.);
#5243=ORIENTED_EDGE('',*,*,#3192,.T.);
#5244=ORIENTED_EDGE('',*,*,#3195,.T.);
#5245=ORIENTED_EDGE('',*,*,#3186,.T.);
#5246=ORIENTED_EDGE('',*,*,#3753,.F.);
#5247=ORIENTED_EDGE('',*,*,#3754,.F.);
#5248=ORIENTED_EDGE('',*,*,#3755,.T.);
#5249=ORIENTED_EDGE('',*,*,#3756,.F.);
#5250=ORIENTED_EDGE('',*,*,#3110,.T.);
#5251=ORIENTED_EDGE('',*,*,#3126,.T.);
#5252=ORIENTED_EDGE('',*,*,#3123,.T.);
#5253=ORIENTED_EDGE('',*,*,#3120,.T.);
#5254=ORIENTED_EDGE('',*,*,#3117,.T.);
#5255=ORIENTED_EDGE('',*,*,#3114,.T.);
#5256=ORIENTED_EDGE('',*,*,#3744,.F.);
#5257=ORIENTED_EDGE('',*,*,#3757,.T.);
#5258=ORIENTED_EDGE('',*,*,#3166,.T.);
#5259=ORIENTED_EDGE('',*,*,#3757,.F.);
#5260=ORIENTED_EDGE('',*,*,#3758,.F.);
#5261=ORIENTED_EDGE('',*,*,#3759,.T.);
#5262=ORIENTED_EDGE('',*,*,#3128,.T.);
#5263=ORIENTED_EDGE('',*,*,#3759,.F.);
#5264=ORIENTED_EDGE('',*,*,#3255,.T.);
#5265=ORIENTED_EDGE('',*,*,#3760,.F.);
#5266=ORIENTED_EDGE('',*,*,#3761,.F.);
#5267=ORIENTED_EDGE('',*,*,#3762,.F.);
#5268=ORIENTED_EDGE('',*,*,#3256,.T.);
#5269=ORIENTED_EDGE('',*,*,#3762,.T.);
#5270=ORIENTED_EDGE('',*,*,#3763,.T.);
#5271=ORIENTED_EDGE('',*,*,#3764,.T.);
#5272=ORIENTED_EDGE('',*,*,#3254,.T.);
#5273=ORIENTED_EDGE('',*,*,#3765,.T.);
#5274=ORIENTED_EDGE('',*,*,#3766,.T.);
#5275=ORIENTED_EDGE('',*,*,#3760,.T.);
#5276=ORIENTED_EDGE('',*,*,#3767,.F.);
#5277=ORIENTED_EDGE('',*,*,#3768,.F.);
#5278=ORIENTED_EDGE('',*,*,#3769,.F.);
#5279=ORIENTED_EDGE('',*,*,#3755,.F.);
#5280=ORIENTED_EDGE('',*,*,#3756,.T.);
#5281=ORIENTED_EDGE('',*,*,#3769,.T.);
#5282=ORIENTED_EDGE('',*,*,#3770,.T.);
#5283=ORIENTED_EDGE('',*,*,#3771,.T.);
#5284=ORIENTED_EDGE('',*,*,#3754,.T.);
#5285=ORIENTED_EDGE('',*,*,#3772,.T.);
#5286=ORIENTED_EDGE('',*,*,#3773,.T.);
#5287=ORIENTED_EDGE('',*,*,#3767,.T.);
#5288=ORIENTED_EDGE('',*,*,#3242,.T.);
#5289=ORIENTED_EDGE('',*,*,#3276,.T.);
#5290=ORIENTED_EDGE('',*,*,#3748,.T.);
#5291=ORIENTED_EDGE('',*,*,#3040,.T.);
#5292=ORIENTED_EDGE('',*,*,#3774,.T.);
#5293=ORIENTED_EDGE('',*,*,#3200,.T.);
#5294=ORIENTED_EDGE('',*,*,#3775,.T.);
#5295=ORIENTED_EDGE('',*,*,#3750,.T.);
#5296=ORIENTED_EDGE('',*,*,#3034,.T.);
#5297=ORIENTED_EDGE('',*,*,#3281,.T.);
#5298=ORIENTED_EDGE('',*,*,#3199,.T.);
#5299=ORIENTED_EDGE('',*,*,#3233,.F.);
#5300=ORIENTED_EDGE('',*,*,#3751,.F.);
#5301=ORIENTED_EDGE('',*,*,#3775,.F.);
#5302=ORIENTED_EDGE('',*,*,#3745,.T.);
#5303=ORIENTED_EDGE('',*,*,#3296,.T.);
#5304=ORIENTED_EDGE('',*,*,#3743,.T.);
#5305=ORIENTED_EDGE('',*,*,#3776,.T.);
#5306=ORIENTED_EDGE('',*,*,#3777,.F.);
#5307=ORIENTED_EDGE('',*,*,#3746,.F.);
#5308=ORIENTED_EDGE('',*,*,#3776,.F.);
#5309=ORIENTED_EDGE('',*,*,#3742,.F.);
#5310=ORIENTED_EDGE('',*,*,#3747,.T.);
#5311=ORIENTED_EDGE('',*,*,#3777,.T.);
#5312=ORIENTED_EDGE('',*,*,#3741,.T.);
#5313=ORIENTED_EDGE('',*,*,#3298,.T.);
#5314=ORIENTED_EDGE('',*,*,#3778,.F.);
#5315=ORIENTED_EDGE('',*,*,#3779,.F.);
#5316=ORIENTED_EDGE('',*,*,#3780,.F.);
#5317=ORIENTED_EDGE('',*,*,#3781,.F.);
#5318=ORIENTED_EDGE('',*,*,#3782,.F.);
#5319=ORIENTED_EDGE('',*,*,#3783,.F.);
#5320=ORIENTED_EDGE('',*,*,#3739,.F.);
#5321=ORIENTED_EDGE('',*,*,#3496,.F.);
#5322=ORIENTED_EDGE('',*,*,#3784,.T.);
#5323=ORIENTED_EDGE('',*,*,#3778,.T.);
#5324=ORIENTED_EDGE('',*,*,#3785,.F.);
#5325=ORIENTED_EDGE('',*,*,#3497,.F.);
#5326=ORIENTED_EDGE('',*,*,#3785,.T.);
#5327=ORIENTED_EDGE('',*,*,#3783,.T.);
#5328=ORIENTED_EDGE('',*,*,#3786,.F.);
#5329=ORIENTED_EDGE('',*,*,#3498,.F.);
#5330=ORIENTED_EDGE('',*,*,#3786,.T.);
#5331=ORIENTED_EDGE('',*,*,#3782,.T.);
#5332=ORIENTED_EDGE('',*,*,#3787,.F.);
#5333=ORIENTED_EDGE('',*,*,#3499,.F.);
#5334=ORIENTED_EDGE('',*,*,#3787,.T.);
#5335=ORIENTED_EDGE('',*,*,#3781,.T.);
#5336=ORIENTED_EDGE('',*,*,#3788,.F.);
#5337=ORIENTED_EDGE('',*,*,#3500,.F.);
#5338=ORIENTED_EDGE('',*,*,#3788,.T.);
#5339=ORIENTED_EDGE('',*,*,#3780,.T.);
#5340=ORIENTED_EDGE('',*,*,#3789,.F.);
#5341=ORIENTED_EDGE('',*,*,#3495,.F.);
#5342=ORIENTED_EDGE('',*,*,#3789,.T.);
#5343=ORIENTED_EDGE('',*,*,#3779,.T.);
#5344=ORIENTED_EDGE('',*,*,#3784,.F.);
#5345=ORIENTED_EDGE('',*,*,#3790,.F.);
#5346=ORIENTED_EDGE('',*,*,#3791,.F.);
#5347=ORIENTED_EDGE('',*,*,#3792,.F.);
#5348=ORIENTED_EDGE('',*,*,#3793,.F.);
#5349=ORIENTED_EDGE('',*,*,#3794,.F.);
#5350=ORIENTED_EDGE('',*,*,#3795,.F.);
#5351=ORIENTED_EDGE('',*,*,#3735,.F.);
#5352=ORIENTED_EDGE('',*,*,#3502,.F.);
#5353=ORIENTED_EDGE('',*,*,#3796,.T.);
#5354=ORIENTED_EDGE('',*,*,#3790,.T.);
#5355=ORIENTED_EDGE('',*,*,#3797,.F.);
#5356=ORIENTED_EDGE('',*,*,#3503,.F.);
#5357=ORIENTED_EDGE('',*,*,#3797,.T.);
#5358=ORIENTED_EDGE('',*,*,#3795,.T.);
#5359=ORIENTED_EDGE('',*,*,#3798,.F.);
#5360=ORIENTED_EDGE('',*,*,#3504,.F.);
#5361=ORIENTED_EDGE('',*,*,#3798,.T.);
#5362=ORIENTED_EDGE('',*,*,#3794,.T.);
#5363=ORIENTED_EDGE('',*,*,#3799,.F.);
#5364=ORIENTED_EDGE('',*,*,#3505,.F.);
#5365=ORIENTED_EDGE('',*,*,#3799,.T.);
#5366=ORIENTED_EDGE('',*,*,#3793,.T.);
#5367=ORIENTED_EDGE('',*,*,#3800,.F.);
#5368=ORIENTED_EDGE('',*,*,#3506,.F.);
#5369=ORIENTED_EDGE('',*,*,#3800,.T.);
#5370=ORIENTED_EDGE('',*,*,#3792,.T.);
#5371=ORIENTED_EDGE('',*,*,#3801,.F.);
#5372=ORIENTED_EDGE('',*,*,#3501,.F.);
#5373=ORIENTED_EDGE('',*,*,#3801,.T.);
#5374=ORIENTED_EDGE('',*,*,#3791,.T.);
#5375=ORIENTED_EDGE('',*,*,#3796,.F.);
#5376=ORIENTED_EDGE('',*,*,#3802,.F.);
#5377=ORIENTED_EDGE('',*,*,#3803,.F.);
#5378=ORIENTED_EDGE('',*,*,#3804,.F.);
#5379=ORIENTED_EDGE('',*,*,#3805,.F.);
#5380=ORIENTED_EDGE('',*,*,#3806,.F.);
#5381=ORIENTED_EDGE('',*,*,#3807,.F.);
#5382=ORIENTED_EDGE('',*,*,#3733,.F.);
#5383=ORIENTED_EDGE('',*,*,#3508,.F.);
#5384=ORIENTED_EDGE('',*,*,#3808,.T.);
#5385=ORIENTED_EDGE('',*,*,#3802,.T.);
#5386=ORIENTED_EDGE('',*,*,#3809,.F.);
#5387=ORIENTED_EDGE('',*,*,#3509,.F.);
#5388=ORIENTED_EDGE('',*,*,#3809,.T.);
#5389=ORIENTED_EDGE('',*,*,#3807,.T.);
#5390=ORIENTED_EDGE('',*,*,#3810,.F.);
#5391=ORIENTED_EDGE('',*,*,#3510,.F.);
#5392=ORIENTED_EDGE('',*,*,#3810,.T.);
#5393=ORIENTED_EDGE('',*,*,#3806,.T.);
#5394=ORIENTED_EDGE('',*,*,#3811,.F.);
#5395=ORIENTED_EDGE('',*,*,#3511,.F.);
#5396=ORIENTED_EDGE('',*,*,#3811,.T.);
#5397=ORIENTED_EDGE('',*,*,#3805,.T.);
#5398=ORIENTED_EDGE('',*,*,#3812,.F.);
#5399=ORIENTED_EDGE('',*,*,#3512,.F.);
#5400=ORIENTED_EDGE('',*,*,#3812,.T.);
#5401=ORIENTED_EDGE('',*,*,#3804,.T.);
#5402=ORIENTED_EDGE('',*,*,#3813,.F.);
#5403=ORIENTED_EDGE('',*,*,#3507,.F.);
#5404=ORIENTED_EDGE('',*,*,#3813,.T.);
#5405=ORIENTED_EDGE('',*,*,#3803,.T.);
#5406=ORIENTED_EDGE('',*,*,#3808,.F.);
#5407=ORIENTED_EDGE('',*,*,#3814,.F.);
#5408=ORIENTED_EDGE('',*,*,#3815,.F.);
#5409=ORIENTED_EDGE('',*,*,#3816,.F.);
#5410=ORIENTED_EDGE('',*,*,#3817,.F.);
#5411=ORIENTED_EDGE('',*,*,#3818,.F.);
#5412=ORIENTED_EDGE('',*,*,#3819,.F.);
#5413=ORIENTED_EDGE('',*,*,#3737,.F.);
#5414=ORIENTED_EDGE('',*,*,#3514,.F.);
#5415=ORIENTED_EDGE('',*,*,#3820,.T.);
#5416=ORIENTED_EDGE('',*,*,#3814,.T.);
#5417=ORIENTED_EDGE('',*,*,#3821,.F.);
#5418=ORIENTED_EDGE('',*,*,#3515,.F.);
#5419=ORIENTED_EDGE('',*,*,#3821,.T.);
#5420=ORIENTED_EDGE('',*,*,#3819,.T.);
#5421=ORIENTED_EDGE('',*,*,#3822,.F.);
#5422=ORIENTED_EDGE('',*,*,#3516,.F.);
#5423=ORIENTED_EDGE('',*,*,#3822,.T.);
#5424=ORIENTED_EDGE('',*,*,#3818,.T.);
#5425=ORIENTED_EDGE('',*,*,#3823,.F.);
#5426=ORIENTED_EDGE('',*,*,#3517,.F.);
#5427=ORIENTED_EDGE('',*,*,#3823,.T.);
#5428=ORIENTED_EDGE('',*,*,#3817,.T.);
#5429=ORIENTED_EDGE('',*,*,#3824,.F.);
#5430=ORIENTED_EDGE('',*,*,#3518,.F.);
#5431=ORIENTED_EDGE('',*,*,#3824,.T.);
#5432=ORIENTED_EDGE('',*,*,#3816,.T.);
#5433=ORIENTED_EDGE('',*,*,#3825,.F.);
#5434=ORIENTED_EDGE('',*,*,#3513,.F.);
#5435=ORIENTED_EDGE('',*,*,#3825,.T.);
#5436=ORIENTED_EDGE('',*,*,#3815,.T.);
#5437=ORIENTED_EDGE('',*,*,#3820,.F.);
#5438=ORIENTED_EDGE('',*,*,#3826,.F.);
#5439=ORIENTED_EDGE('',*,*,#3827,.F.);
#5440=ORIENTED_EDGE('',*,*,#3828,.F.);
#5441=ORIENTED_EDGE('',*,*,#3829,.F.);
#5442=ORIENTED_EDGE('',*,*,#3830,.F.);
#5443=ORIENTED_EDGE('',*,*,#3831,.F.);
#5444=ORIENTED_EDGE('',*,*,#3832,.F.);
#5445=ORIENTED_EDGE('',*,*,#3269,.F.);
#5446=ORIENTED_EDGE('',*,*,#3274,.T.);
#5447=ORIENTED_EDGE('',*,*,#3266,.F.);
#5448=ORIENTED_EDGE('',*,*,#3277,.T.);
#5449=ORIENTED_EDGE('',*,*,#3833,.F.);
#5450=ORIENTED_EDGE('',*,*,#3770,.F.);
#5451=ORIENTED_EDGE('',*,*,#3768,.T.);
#5452=ORIENTED_EDGE('',*,*,#3773,.F.);
#5453=ORIENTED_EDGE('',*,*,#3758,.T.);
#5454=ORIENTED_EDGE('',*,*,#3834,.F.);
#5455=ORIENTED_EDGE('',*,*,#3763,.F.);
#5456=ORIENTED_EDGE('',*,*,#3761,.T.);
#5457=ORIENTED_EDGE('',*,*,#3766,.F.);
#5458=ORIENTED_EDGE('',*,*,#3279,.T.);
#5459=ORIENTED_EDGE('',*,*,#3835,.F.);
#5460=ORIENTED_EDGE('',*,*,#3218,.F.);
#5461=ORIENTED_EDGE('',*,*,#3223,.T.);
#5462=ORIENTED_EDGE('',*,*,#3227,.F.);
#5463=ORIENTED_EDGE('',*,*,#3240,.T.);
#5464=ORIENTED_EDGE('',*,*,#3836,.F.);
#5465=ORIENTED_EDGE('',*,*,#3837,.T.);
#5466=ORIENTED_EDGE('',*,*,#3838,.F.);
#5467=ORIENTED_EDGE('',*,*,#3839,.F.);
#5468=ORIENTED_EDGE('',*,*,#3840,.F.);
#5469=ORIENTED_EDGE('',*,*,#3678,.T.);
#5470=ORIENTED_EDGE('',*,*,#3841,.F.);
#5471=ORIENTED_EDGE('',*,*,#3842,.T.);
#5472=ORIENTED_EDGE('',*,*,#3843,.F.);
#5473=ORIENTED_EDGE('',*,*,#3844,.T.);
#5474=ORIENTED_EDGE('',*,*,#3845,.F.);
#5475=ORIENTED_EDGE('',*,*,#3846,.T.);
#5476=ORIENTED_EDGE('',*,*,#3847,.F.);
#5477=ORIENTED_EDGE('',*,*,#3229,.F.);
#5478=ORIENTED_EDGE('',*,*,#3235,.T.);
#5479=ORIENTED_EDGE('',*,*,#3237,.F.);
#5480=ORIENTED_EDGE('',*,*,#3238,.T.);
#5481=ORIENTED_EDGE('',*,*,#3848,.F.);
#5482=ORIENTED_EDGE('',*,*,#3849,.F.);
#5483=ORIENTED_EDGE('',*,*,#3849,.T.);
#5484=ORIENTED_EDGE('',*,*,#3850,.F.);
#5485=ORIENTED_EDGE('',*,*,#3289,.T.);
#5486=ORIENTED_EDGE('',*,*,#3851,.F.);
#5487=ORIENTED_EDGE('',*,*,#3852,.T.);
#5488=ORIENTED_EDGE('',*,*,#3290,.T.);
#5489=ORIENTED_EDGE('',*,*,#3850,.T.);
#5490=ORIENTED_EDGE('',*,*,#3848,.T.);
#5491=ORIENTED_EDGE('',*,*,#3851,.T.);
#5492=ORIENTED_EDGE('',*,*,#3288,.T.);
#5493=ORIENTED_EDGE('',*,*,#3853,.F.);
#5494=ORIENTED_EDGE('',*,*,#3854,.F.);
#5495=ORIENTED_EDGE('',*,*,#3855,.F.);
#5496=ORIENTED_EDGE('',*,*,#3844,.F.);
#5497=ORIENTED_EDGE('',*,*,#3856,.F.);
#5498=ORIENTED_EDGE('',*,*,#3830,.T.);
#5499=ORIENTED_EDGE('',*,*,#3857,.F.);
#5500=ORIENTED_EDGE('',*,*,#3299,.T.);
#5501=ORIENTED_EDGE('',*,*,#3740,.T.);
#5502=ORIENTED_EDGE('',*,*,#3295,.T.);
#5503=ORIENTED_EDGE('',*,*,#3858,.F.);
#5504=ORIENTED_EDGE('',*,*,#3291,.T.);
#5505=ORIENTED_EDGE('',*,*,#3852,.F.);
#5506=ORIENTED_EDGE('',*,*,#3287,.T.);
#5507=ORIENTED_EDGE('',*,*,#3847,.T.);
#5508=ORIENTED_EDGE('',*,*,#3286,.T.);
#5509=ORIENTED_EDGE('',*,*,#3293,.T.);
#5510=ORIENTED_EDGE('',*,*,#3859,.F.);
#5511=ORIENTED_EDGE('',*,*,#3854,.T.);
#5512=ORIENTED_EDGE('',*,*,#3860,.F.);
#5513=ORIENTED_EDGE('',*,*,#3853,.T.);
#5514=ORIENTED_EDGE('',*,*,#3859,.T.);
#5515=ORIENTED_EDGE('',*,*,#3292,.T.);
#5516=ORIENTED_EDGE('',*,*,#3858,.T.);
#5517=ORIENTED_EDGE('',*,*,#3294,.T.);
#5518=ORIENTED_EDGE('',*,*,#3860,.T.);
#5519=ORIENTED_EDGE('',*,*,#3861,.T.);
#5520=ORIENTED_EDGE('',*,*,#3300,.T.);
#5521=ORIENTED_EDGE('',*,*,#3857,.T.);
#5522=ORIENTED_EDGE('',*,*,#3829,.T.);
#5523=ORIENTED_EDGE('',*,*,#3862,.F.);
#5524=ORIENTED_EDGE('',*,*,#3863,.F.);
#5525=ORIENTED_EDGE('',*,*,#3702,.F.);
#5526=ORIENTED_EDGE('',*,*,#3705,.T.);
#5527=ORIENTED_EDGE('',*,*,#3710,.F.);
#5528=ORIENTED_EDGE('',*,*,#3692,.T.);
#5529=ORIENTED_EDGE('',*,*,#3612,.F.);
#5530=ORIENTED_EDGE('',*,*,#3682,.F.);
#5531=ORIENTED_EDGE('',*,*,#3696,.T.);
#5532=ORIENTED_EDGE('',*,*,#3864,.F.);
#5533=ORIENTED_EDGE('',*,*,#3865,.F.);
#5534=ORIENTED_EDGE('',*,*,#3864,.T.);
#5535=ORIENTED_EDGE('',*,*,#3695,.T.);
#5536=ORIENTED_EDGE('',*,*,#3700,.T.);
#5537=ORIENTED_EDGE('',*,*,#3703,.T.);
#5538=ORIENTED_EDGE('',*,*,#3863,.T.);
#5539=ORIENTED_EDGE('',*,*,#3866,.F.);
#5540=ORIENTED_EDGE('',*,*,#3831,.T.);
#5541=ORIENTED_EDGE('',*,*,#3856,.T.);
#5542=ORIENTED_EDGE('',*,*,#3843,.T.);
#5543=ORIENTED_EDGE('',*,*,#3867,.T.);
#5544=ORIENTED_EDGE('',*,*,#3838,.T.);
#5545=ORIENTED_EDGE('',*,*,#3868,.T.);
#5546=ORIENTED_EDGE('',*,*,#3827,.T.);
#5547=ORIENTED_EDGE('',*,*,#3866,.T.);
#5548=ORIENTED_EDGE('',*,*,#3862,.T.);
#5549=ORIENTED_EDGE('',*,*,#3865,.T.);
#5550=ORIENTED_EDGE('',*,*,#3826,.T.);
#5551=ORIENTED_EDGE('',*,*,#3869,.F.);
#5552=ORIENTED_EDGE('',*,*,#3870,.F.);
#5553=ORIENTED_EDGE('',*,*,#3303,.T.);
#5554=ORIENTED_EDGE('',*,*,#3871,.F.);
#5555=ORIENTED_EDGE('',*,*,#3870,.T.);
#5556=ORIENTED_EDGE('',*,*,#3872,.F.);
#5557=ORIENTED_EDGE('',*,*,#3869,.T.);
#5558=ORIENTED_EDGE('',*,*,#3871,.T.);
#5559=ORIENTED_EDGE('',*,*,#3302,.T.);
#5560=ORIENTED_EDGE('',*,*,#3873,.T.);
#5561=ORIENTED_EDGE('',*,*,#3304,.T.);
#5562=ORIENTED_EDGE('',*,*,#3872,.T.);
#5563=ORIENTED_EDGE('',*,*,#3874,.F.);
#5564=ORIENTED_EDGE('',*,*,#3875,.F.);
#5565=ORIENTED_EDGE('',*,*,#3876,.F.);
#5566=ORIENTED_EDGE('',*,*,#3310,.T.);
#5567=ORIENTED_EDGE('',*,*,#3835,.T.);
#5568=ORIENTED_EDGE('',*,*,#3309,.T.);
#5569=ORIENTED_EDGE('',*,*,#3877,.F.);
#5570=ORIENTED_EDGE('',*,*,#3305,.T.);
#5571=ORIENTED_EDGE('',*,*,#3873,.F.);
#5572=ORIENTED_EDGE('',*,*,#3301,.T.);
#5573=ORIENTED_EDGE('',*,*,#3861,.F.);
#5574=ORIENTED_EDGE('',*,*,#3828,.T.);
#5575=ORIENTED_EDGE('',*,*,#3868,.F.);
#5576=ORIENTED_EDGE('',*,*,#3837,.F.);
#5577=ORIENTED_EDGE('',*,*,#3307,.T.);
#5578=ORIENTED_EDGE('',*,*,#3878,.F.);
#5579=ORIENTED_EDGE('',*,*,#3875,.T.);
#5580=ORIENTED_EDGE('',*,*,#3879,.F.);
#5581=ORIENTED_EDGE('',*,*,#3874,.T.);
#5582=ORIENTED_EDGE('',*,*,#3878,.T.);
#5583=ORIENTED_EDGE('',*,*,#3306,.T.);
#5584=ORIENTED_EDGE('',*,*,#3877,.T.);
#5585=ORIENTED_EDGE('',*,*,#3308,.T.);
#5586=ORIENTED_EDGE('',*,*,#3879,.T.);
#5587=ORIENTED_EDGE('',*,*,#3880,.F.);
#5588=ORIENTED_EDGE('',*,*,#3881,.T.);
#5589=ORIENTED_EDGE('',*,*,#3832,.T.);
#5590=ORIENTED_EDGE('',*,*,#3882,.T.);
#5591=ORIENTED_EDGE('',*,*,#3833,.T.);
#5592=ORIENTED_EDGE('',*,*,#3883,.T.);
#5593=ORIENTED_EDGE('',*,*,#3834,.T.);
#5594=ORIENTED_EDGE('',*,*,#3884,.T.);
#5595=ORIENTED_EDGE('',*,*,#3885,.F.);
#5596=ORIENTED_EDGE('',*,*,#3839,.T.);
#5597=ORIENTED_EDGE('',*,*,#3867,.F.);
#5598=ORIENTED_EDGE('',*,*,#3842,.F.);
#5599=ORIENTED_EDGE('',*,*,#3059,.F.);
#5600=ORIENTED_EDGE('',*,*,#3886,.T.);
#5601=ORIENTED_EDGE('',*,*,#3493,.F.);
#5602=ORIENTED_EDGE('',*,*,#3711,.F.);
#5603=ORIENTED_EDGE('',*,*,#3282,.T.);
#5604=ORIENTED_EDGE('',*,*,#3887,.F.);
#5605=ORIENTED_EDGE('',*,*,#3676,.T.);
#5606=ORIENTED_EDGE('',*,*,#3679,.T.);
#5607=ORIENTED_EDGE('',*,*,#3840,.T.);
#5608=ORIENTED_EDGE('',*,*,#3885,.T.);
#5609=ORIENTED_EDGE('',*,*,#3888,.T.);
#5610=ORIENTED_EDGE('',*,*,#3836,.T.);
#5611=ORIENTED_EDGE('',*,*,#3677,.T.);
#5612=ORIENTED_EDGE('',*,*,#3672,.T.);
#5613=ORIENTED_EDGE('',*,*,#3889,.T.);
#5614=ORIENTED_EDGE('',*,*,#3311,.T.);
#5615=ORIENTED_EDGE('',*,*,#3876,.T.);
#5616=ORIENTED_EDGE('',*,*,#3889,.F.);
#5617=ORIENTED_EDGE('',*,*,#3890,.F.);
#5618=ORIENTED_EDGE('',*,*,#3055,.F.);
#5619=ORIENTED_EDGE('',*,*,#3323,.F.);
#5620=ORIENTED_EDGE('',*,*,#3891,.F.);
#5621=ORIENTED_EDGE('',*,*,#3846,.F.);
#5622=ORIENTED_EDGE('',*,*,#3892,.F.);
#5623=ORIENTED_EDGE('',*,*,#3320,.F.);
#5624=ORIENTED_EDGE('',*,*,#3892,.T.);
#5625=ORIENTED_EDGE('',*,*,#3845,.T.);
#5626=ORIENTED_EDGE('',*,*,#3855,.T.);
#5627=ORIENTED_EDGE('',*,*,#3285,.T.);
#5628=ORIENTED_EDGE('',*,*,#3260,.F.);
#5629=ORIENTED_EDGE('',*,*,#3065,.F.);
#5630=ORIENTED_EDGE('',*,*,#3888,.F.);
#5631=ORIENTED_EDGE('',*,*,#3884,.F.);
#5632=ORIENTED_EDGE('',*,*,#3765,.F.);
#5633=ORIENTED_EDGE('',*,*,#3257,.T.);
#5634=ORIENTED_EDGE('',*,*,#3764,.F.);
#5635=ORIENTED_EDGE('',*,*,#3883,.F.);
#5636=ORIENTED_EDGE('',*,*,#3772,.F.);
#5637=ORIENTED_EDGE('',*,*,#3753,.T.);
#5638=ORIENTED_EDGE('',*,*,#3771,.F.);
#5639=ORIENTED_EDGE('',*,*,#3882,.F.);
#5640=ORIENTED_EDGE('',*,*,#3265,.F.);
#5641=ORIENTED_EDGE('',*,*,#3253,.T.);
#5642=ORIENTED_EDGE('',*,*,#3270,.F.);
#5643=ORIENTED_EDGE('',*,*,#3881,.F.);
#5644=ORIENTED_EDGE('',*,*,#3893,.F.);
#5645=ORIENTED_EDGE('',*,*,#3325,.F.);
#5646=ORIENTED_EDGE('',*,*,#3329,.T.);
#5647=ORIENTED_EDGE('',*,*,#3713,.F.);
#5648=ORIENTED_EDGE('',*,*,#3066,.F.);
#5649=ORIENTED_EDGE('',*,*,#3271,.F.);
#5650=ORIENTED_EDGE('',*,*,#3243,.T.);
#5651=ORIENTED_EDGE('',*,*,#3774,.F.);
#5652=ORIENTED_EDGE('',*,*,#3071,.F.);
#5653=ORIENTED_EDGE('',*,*,#3263,.F.);
#5654=ORIENTED_EDGE('',*,*,#3247,.T.);
#5655=ORIENTED_EDGE('',*,*,#3326,.F.);
#5656=ORIENTED_EDGE('',*,*,#3893,.T.);
#5657=ORIENTED_EDGE('',*,*,#3880,.T.);
#5658=ORIENTED_EDGE('',*,*,#3841,.T.);
#5659=ORIENTED_EDGE('',*,*,#3891,.T.);
#5660=ORIENTED_EDGE('',*,*,#3068,.F.);
#5661=ORIENTED_EDGE('',*,*,#3714,.T.);
#5662=ORIENTED_EDGE('',*,*,#3494,.F.);
#5663=ORIENTED_EDGE('',*,*,#3886,.F.);
#5664=ORIENTED_EDGE('',*,*,#3058,.F.);
#5665=ORIENTED_EDGE('',*,*,#3749,.T.);
#5666=ORIENTED_EDGE('',*,*,#3894,.F.);
#5667=ORIENTED_EDGE('',*,*,#3752,.T.);
#5668=ORIENTED_EDGE('',*,*,#3890,.T.);
#5669=ORIENTED_EDGE('',*,*,#3674,.T.);
#5670=ORIENTED_EDGE('',*,*,#3064,.T.);
#5671=ORIENTED_EDGE('',*,*,#3894,.T.);
#5672=ORIENTED_EDGE('',*,*,#3887,.T.);
#5673=CYLINDRICAL_SURFACE('',#6165,1.);
#5674=CYLINDRICAL_SURFACE('',#6169,1.);
#5675=CYLINDRICAL_SURFACE('',#6173,1.);
#5676=CYLINDRICAL_SURFACE('',#6177,1.);
#5677=CYLINDRICAL_SURFACE('',#6197,0.5);
#5678=CYLINDRICAL_SURFACE('',#6199,0.5);
#5679=CYLINDRICAL_SURFACE('',#6200,0.5);
#5680=CYLINDRICAL_SURFACE('',#6201,0.5);
#5681=CYLINDRICAL_SURFACE('',#6203,0.5);
#5682=CYLINDRICAL_SURFACE('',#6204,0.5);
#5683=CYLINDRICAL_SURFACE('',#6253,3.75);
#5684=CYLINDRICAL_SURFACE('',#6256,3.75);
#5685=CYLINDRICAL_SURFACE('',#6259,3.75);
#5686=CYLINDRICAL_SURFACE('',#6262,3.75);
#5687=CYLINDRICAL_SURFACE('',#6281,2.);
#5688=CYLINDRICAL_SURFACE('',#6283,2.);
#5689=CYLINDRICAL_SURFACE('',#6285,7.07106781186547);
#5690=CYLINDRICAL_SURFACE('',#6287,7.07106781186548);
#5691=CYLINDRICAL_SURFACE('',#6289,2.);
#5692=CYLINDRICAL_SURFACE('',#6291,2.);
#5693=CYLINDRICAL_SURFACE('',#6293,2.);
#5694=CYLINDRICAL_SURFACE('',#6295,2.);
#5695=CYLINDRICAL_SURFACE('',#6297,7.07106781186548);
#5696=CYLINDRICAL_SURFACE('',#6299,2.);
#5697=CYLINDRICAL_SURFACE('',#6301,2.);
#5698=CYLINDRICAL_SURFACE('',#6303,2.);
#5699=CYLINDRICAL_SURFACE('',#6321,2.);
#5700=CYLINDRICAL_SURFACE('',#6323,7.07106781186548);
#5701=CYLINDRICAL_SURFACE('',#6325,2.);
#5702=CYLINDRICAL_SURFACE('',#6327,2.);
#5703=CYLINDRICAL_SURFACE('',#6329,2.);
#5704=CYLINDRICAL_SURFACE('',#6331,2.);
#5705=CYLINDRICAL_SURFACE('',#6333,7.07106781186548);
#5706=CYLINDRICAL_SURFACE('',#6335,7.07106781186548);
#5707=CYLINDRICAL_SURFACE('',#6337,2.);
#5708=CYLINDRICAL_SURFACE('',#6339,2.);
#5709=CYLINDRICAL_SURFACE('',#6347,0.5);
#5710=CYLINDRICAL_SURFACE('',#6355,0.5);
#5711=CYLINDRICAL_SURFACE('',#6365,0.5);
#5712=CYLINDRICAL_SURFACE('',#6372,0.5);
#5713=CYLINDRICAL_SURFACE('',#6374,0.5);
#5714=CYLINDRICAL_SURFACE('',#6384,0.5);
#5715=CYLINDRICAL_SURFACE('',#6389,0.5);
#5716=CYLINDRICAL_SURFACE('',#6390,0.5);
#5717=CYLINDRICAL_SURFACE('',#6392,0.5);
#5718=CYLINDRICAL_SURFACE('',#6394,0.5);
#5719=CYLINDRICAL_SURFACE('',#6399,0.5);
#5720=CYLINDRICAL_SURFACE('',#6403,0.5);
#5721=CYLINDRICAL_SURFACE('',#6405,0.5);
#5722=CYLINDRICAL_SURFACE('',#6412,0.5);
#5723=CYLINDRICAL_SURFACE('',#6418,0.5);
#5724=CYLINDRICAL_SURFACE('',#6420,0.5);
#5725=CYLINDRICAL_SURFACE('',#6434,0.5);
#5726=CYLINDRICAL_SURFACE('',#6435,0.5);
#5727=CYLINDRICAL_SURFACE('',#6437,0.5);
#5728=CYLINDRICAL_SURFACE('',#6438,0.5);
#5729=CYLINDRICAL_SURFACE('',#6440,0.5);
#5730=CYLINDRICAL_SURFACE('',#6445,0.5);
#5731=CYLINDRICAL_SURFACE('',#6449,0.5);
#5732=CYLINDRICAL_SURFACE('',#6451,0.5);
#5733=CYLINDRICAL_SURFACE('',#6457,0.5);
#5734=CYLINDRICAL_SURFACE('',#6464,0.5);
#5735=CYLINDRICAL_SURFACE('',#6467,0.5);
#5736=CYLINDRICAL_SURFACE('',#6472,0.5);
#5737=CYLINDRICAL_SURFACE('',#6479,0.5);
#5738=CYLINDRICAL_SURFACE('',#6482,0.5);
#5739=CYLINDRICAL_SURFACE('',#6483,0.5);
#5740=CYLINDRICAL_SURFACE('',#6484,0.5);
#5741=CYLINDRICAL_SURFACE('',#6495,0.5);
#5742=CYLINDRICAL_SURFACE('',#6498,0.5);
#5743=CYLINDRICAL_SURFACE('',#6499,0.5);
#5744=CYLINDRICAL_SURFACE('',#6505,0.5);
#5745=CYLINDRICAL_SURFACE('',#6506,0.5);
#5746=CYLINDRICAL_SURFACE('',#6509,0.5);
#5747=CYLINDRICAL_SURFACE('',#6510,0.5);
#5748=CYLINDRICAL_SURFACE('',#6514,0.5);
#5749=CYLINDRICAL_SURFACE('',#6515,0.5);
#5750=CYLINDRICAL_SURFACE('',#6521,0.5);
#5751=CYLINDRICAL_SURFACE('',#6522,0.5);
#5752=CYLINDRICAL_SURFACE('',#6525,0.5);
#5753=CYLINDRICAL_SURFACE('',#6526,0.5);
#5754=CYLINDRICAL_SURFACE('',#6528,0.5);
#5755=CYLINDRICAL_SURFACE('',#6529,33.25);
#5756=CYLINDRICAL_SURFACE('',#6533,33.25);
#5757=CYLINDRICAL_SURFACE('',#6537,33.25);
#5758=CYLINDRICAL_SURFACE('',#6541,33.25);
#5759=CYLINDRICAL_SURFACE('',#6553,28.25);
#5760=CYLINDRICAL_SURFACE('',#6581,1.85);
#5761=CYLINDRICAL_SURFACE('',#6583,1.85);
#5762=CYLINDRICAL_SURFACE('',#6585,1.85);
#5763=CYLINDRICAL_SURFACE('',#6588,1.85);
#5764=CYLINDRICAL_SURFACE('',#6600,28.25);
#5765=CYLINDRICAL_SURFACE('',#6625,33.05);
#5766=CYLINDRICAL_SURFACE('',#6631,29.85);
#5767=CYLINDRICAL_SURFACE('',#6633,1.6);
#5768=CYLINDRICAL_SURFACE('',#6635,1.6);
#5769=CYLINDRICAL_SURFACE('',#6637,1.6);
#5770=CYLINDRICAL_SURFACE('',#6639,1.6);
#5771=CYLINDRICAL_SURFACE('',#6658,2.);
#5772=CYLINDRICAL_SURFACE('',#6659,2.);
#5773=CYLINDRICAL_SURFACE('',#6661,7.07106781186548);
#5774=CYLINDRICAL_SURFACE('',#6663,2.);
#5775=CYLINDRICAL_SURFACE('',#6665,2.);
#5776=CYLINDRICAL_SURFACE('',#6667,7.07106781186547);
#5777=CYLINDRICAL_SURFACE('',#6669,2.);
#5778=CYLINDRICAL_SURFACE('',#6671,2.);
#5779=CYLINDRICAL_SURFACE('',#6673,2.);
#5780=CYLINDRICAL_SURFACE('',#6674,2.);
#5781=CYLINDRICAL_SURFACE('',#6675,7.07106781186548);
#5782=CYLINDRICAL_SURFACE('',#6676,2.);
#5783=CYLINDRICAL_SURFACE('',#6677,7.07106781186547);
#5784=CYLINDRICAL_SURFACE('',#6678,2.);
#5785=CYLINDRICAL_SURFACE('',#6707,1.68002976164114);
#5786=CYLINDRICAL_SURFACE('',#6723,0.781024967590662);
#5787=CYLINDRICAL_SURFACE('',#6728,0.781024967590662);
#5788=CYLINDRICAL_SURFACE('',#6740,0.781024967590666);
#5789=CYLINDRICAL_SURFACE('',#6745,0.781024967590666);
#5790=CYLINDRICAL_SURFACE('',#6755,0.5);
#5791=CYLINDRICAL_SURFACE('',#6757,0.5);
#5792=CYLINDRICAL_SURFACE('',#6762,0.5);
#5793=CYLINDRICAL_SURFACE('',#6764,0.5);
#5794=CYLINDRICAL_SURFACE('',#6765,0.5);
#5795=ADVANCED_FACE('',(#416),#5673,.F.);
#5796=ADVANCED_FACE('',(#417),#247,.F.);
#5797=ADVANCED_FACE('',(#418),#5674,.F.);
#5798=ADVANCED_FACE('',(#419),#248,.F.);
#5799=ADVANCED_FACE('',(#420),#5675,.F.);
#5800=ADVANCED_FACE('',(#421),#249,.F.);
#5801=ADVANCED_FACE('',(#422),#5676,.F.);
#5802=ADVANCED_FACE('',(#423),#250,.F.);
#5803=ADVANCED_FACE('',(#424),#251,.T.);
#5804=ADVANCED_FACE('',(#425),#252,.T.);
#5805=ADVANCED_FACE('',(#426),#253,.T.);
#5806=ADVANCED_FACE('',(#427),#254,.T.);
#5807=ADVANCED_FACE('',(#428),#255,.T.);
#5808=ADVANCED_FACE('',(#429),#256,.T.);
#5809=ADVANCED_FACE('',(#430),#257,.T.);
#5810=ADVANCED_FACE('',(#431),#258,.T.);
#5811=ADVANCED_FACE('',(#432),#5677,.T.);
#5812=ADVANCED_FACE('',(#433),#5678,.T.);
#5813=ADVANCED_FACE('',(#434),#5679,.T.);
#5814=ADVANCED_FACE('',(#435),#5680,.T.);
#5815=ADVANCED_FACE('',(#436),#5681,.T.);
#5816=ADVANCED_FACE('',(#437),#5682,.T.);
#5817=ADVANCED_FACE('',(#438),#259,.F.);
#5818=ADVANCED_FACE('',(#439),#260,.F.);
#5819=ADVANCED_FACE('',(#440),#261,.F.);
#5820=ADVANCED_FACE('',(#441),#262,.F.);
#5821=ADVANCED_FACE('',(#442),#263,.F.);
#5822=ADVANCED_FACE('',(#443),#264,.F.);
#5823=ADVANCED_FACE('',(#444,#112),#265,.T.);
#5824=ADVANCED_FACE('',(#445),#266,.F.);
#5825=ADVANCED_FACE('',(#446),#267,.F.);
#5826=ADVANCED_FACE('',(#447),#268,.F.);
#5827=ADVANCED_FACE('',(#448),#269,.F.);
#5828=ADVANCED_FACE('',(#449),#270,.F.);
#5829=ADVANCED_FACE('',(#450),#271,.F.);
#5830=ADVANCED_FACE('',(#451,#113),#272,.T.);
#5831=ADVANCED_FACE('',(#452),#273,.F.);
#5832=ADVANCED_FACE('',(#453),#274,.F.);
#5833=ADVANCED_FACE('',(#454),#275,.F.);
#5834=ADVANCED_FACE('',(#455),#276,.F.);
#5835=ADVANCED_FACE('',(#456),#277,.F.);
#5836=ADVANCED_FACE('',(#457),#278,.F.);
#5837=ADVANCED_FACE('',(#458,#114),#279,.T.);
#5838=ADVANCED_FACE('',(#459),#280,.F.);
#5839=ADVANCED_FACE('',(#460),#281,.F.);
#5840=ADVANCED_FACE('',(#461),#282,.F.);
#5841=ADVANCED_FACE('',(#462),#283,.F.);
#5842=ADVANCED_FACE('',(#463),#284,.F.);
#5843=ADVANCED_FACE('',(#464),#285,.F.);
#5844=ADVANCED_FACE('',(#465,#115),#286,.T.);
#5845=ADVANCED_FACE('',(#466),#287,.F.);
#5846=ADVANCED_FACE('',(#467),#288,.F.);
#5847=ADVANCED_FACE('',(#468),#289,.F.);
#5848=ADVANCED_FACE('',(#469),#290,.F.);
#5849=ADVANCED_FACE('',(#470),#291,.F.);
#5850=ADVANCED_FACE('',(#471),#292,.F.);
#5851=ADVANCED_FACE('',(#472,#116),#293,.T.);
#5852=ADVANCED_FACE('',(#473),#294,.F.);
#5853=ADVANCED_FACE('',(#474),#295,.F.);
#5854=ADVANCED_FACE('',(#475),#296,.F.);
#5855=ADVANCED_FACE('',(#476),#297,.F.);
#5856=ADVANCED_FACE('',(#477),#298,.F.);
#5857=ADVANCED_FACE('',(#478),#299,.F.);
#5858=ADVANCED_FACE('',(#479,#117),#300,.T.);
#5859=ADVANCED_FACE('',(#480),#5683,.F.);
#5860=ADVANCED_FACE('',(#481),#5684,.F.);
#5861=ADVANCED_FACE('',(#482),#5685,.F.);
#5862=ADVANCED_FACE('',(#483),#5686,.F.);
#5863=ADVANCED_FACE('',(#484,#118),#301,.F.);
#5864=ADVANCED_FACE('',(#485,#119),#302,.F.);
#5865=ADVANCED_FACE('',(#486,#120),#303,.F.);
#5866=ADVANCED_FACE('',(#487,#121),#304,.F.);
#5867=ADVANCED_FACE('',(#488),#5687,.F.);
#5868=ADVANCED_FACE('',(#489),#5688,.F.);
#5869=ADVANCED_FACE('',(#490),#5689,.T.);
#5870=ADVANCED_FACE('',(#491),#5690,.T.);
#5871=ADVANCED_FACE('',(#492),#5691,.F.);
#5872=ADVANCED_FACE('',(#493),#5692,.F.);
#5873=ADVANCED_FACE('',(#494),#5693,.F.);
#5874=ADVANCED_FACE('',(#495),#5694,.F.);
#5875=ADVANCED_FACE('',(#496),#5695,.T.);
#5876=ADVANCED_FACE('',(#497),#5696,.F.);
#5877=ADVANCED_FACE('',(#498),#5697,.F.);
#5878=ADVANCED_FACE('',(#499),#5698,.F.);
#5879=ADVANCED_FACE('',(#500,#122),#305,.F.);
#5880=ADVANCED_FACE('',(#501,#123),#306,.F.);
#5881=ADVANCED_FACE('',(#502,#124),#307,.F.);
#5882=ADVANCED_FACE('',(#503,#125),#308,.F.);
#5883=ADVANCED_FACE('',(#504),#5699,.F.);
#5884=ADVANCED_FACE('',(#505),#5700,.T.);
#5885=ADVANCED_FACE('',(#506),#5701,.F.);
#5886=ADVANCED_FACE('',(#507),#5702,.F.);
#5887=ADVANCED_FACE('',(#508),#5703,.F.);
#5888=ADVANCED_FACE('',(#509),#5704,.F.);
#5889=ADVANCED_FACE('',(#510),#5705,.T.);
#5890=ADVANCED_FACE('',(#511),#5706,.T.);
#5891=ADVANCED_FACE('',(#512),#5707,.F.);
#5892=ADVANCED_FACE('',(#513),#5708,.F.);
#5893=ADVANCED_FACE('',(#514),#309,.T.);
#5894=ADVANCED_FACE('',(#515),#5709,.F.);
#5895=ADVANCED_FACE('',(#516),#310,.T.);
#5896=ADVANCED_FACE('',(#517),#99,.F.);
#5897=ADVANCED_FACE('',(#518),#5710,.F.);
#5898=ADVANCED_FACE('',(#519),#100,.F.);
#5899=ADVANCED_FACE('',(#520),#311,.T.);
#5900=ADVANCED_FACE('',(#521),#81,.T.);
#5901=ADVANCED_FACE('',(#522),#5711,.T.);
#5902=ADVANCED_FACE('',(#523),#82,.T.);
#5903=ADVANCED_FACE('',(#524),#312,.F.);
#5904=ADVANCED_FACE('',(#525),#5712,.T.);
#5905=ADVANCED_FACE('',(#526),#5713,.T.);
#5906=ADVANCED_FACE('',(#527),#83,.T.);
#5907=ADVANCED_FACE('',(#528),#84,.T.);
#5908=ADVANCED_FACE('',(#529),#5714,.T.);
#5909=ADVANCED_FACE('',(#530),#85,.T.);
#5910=ADVANCED_FACE('',(#531),#5715,.T.);
#5911=ADVANCED_FACE('',(#532),#5716,.T.);
#5912=ADVANCED_FACE('',(#533),#5717,.T.);
#5913=ADVANCED_FACE('',(#534),#5718,.T.);
#5914=ADVANCED_FACE('',(#535),#86,.T.);
#5915=ADVANCED_FACE('',(#536),#5719,.T.);
#5916=ADVANCED_FACE('',(#537),#313,.F.);
#5917=ADVANCED_FACE('',(#538),#5720,.T.);
#5918=ADVANCED_FACE('',(#539),#5721,.T.);
#5919=ADVANCED_FACE('',(#540),#314,.T.);
#5920=ADVANCED_FACE('',(#541),#87,.T.);
#5921=ADVANCED_FACE('',(#542),#5722,.T.);
#5922=ADVANCED_FACE('',(#543),#88,.T.);
#5923=ADVANCED_FACE('',(#544),#315,.T.);
#5924=ADVANCED_FACE('',(#545),#5723,.T.);
#5925=ADVANCED_FACE('',(#546),#5724,.T.);
#5926=ADVANCED_FACE('',(#547),#89,.T.);
#5927=ADVANCED_FACE('',(#548),#90,.T.);
#5928=ADVANCED_FACE('',(#549),#91,.T.);
#5929=ADVANCED_FACE('',(#550),#5725,.T.);
#5930=ADVANCED_FACE('',(#551),#5726,.T.);
#5931=ADVANCED_FACE('',(#552),#5727,.T.);
#5932=ADVANCED_FACE('',(#553),#5728,.T.);
#5933=ADVANCED_FACE('',(#554),#5729,.T.);
#5934=ADVANCED_FACE('',(#555),#92,.T.);
#5935=ADVANCED_FACE('',(#556),#5730,.T.);
#5936=ADVANCED_FACE('',(#557),#316,.F.);
#5937=ADVANCED_FACE('',(#558),#5731,.T.);
#5938=ADVANCED_FACE('',(#559),#5732,.T.);
#5939=ADVANCED_FACE('',(#560),#93,.T.);
#5940=ADVANCED_FACE('',(#561),#5733,.T.);
#5941=ADVANCED_FACE('',(#562),#94,.T.);
#5942=ADVANCED_FACE('',(#563),#5734,.T.);
#5943=ADVANCED_FACE('',(#564),#5735,.T.);
#5944=ADVANCED_FACE('',(#565),#95,.T.);
#5945=ADVANCED_FACE('',(#566),#5736,.T.);
#5946=ADVANCED_FACE('',(#567),#96,.T.);
#5947=ADVANCED_FACE('',(#568),#5737,.T.);
#5948=ADVANCED_FACE('',(#569),#5738,.T.);
#5949=ADVANCED_FACE('',(#570),#5739,.T.);
#5950=ADVANCED_FACE('',(#571),#5740,.T.);
#5951=ADVANCED_FACE('',(#572),#317,.T.);
#5952=ADVANCED_FACE('',(#573),#318,.T.);
#5953=ADVANCED_FACE('',(#574),#319,.T.);
#5954=ADVANCED_FACE('',(#575),#320,.T.);
#5955=ADVANCED_FACE('',(#576),#321,.T.);
#5956=ADVANCED_FACE('',(#577,#126,#127,#128,#129,#130),#322,.F.);
#5957=ADVANCED_FACE('',(#578),#5741,.T.);
#5958=ADVANCED_FACE('',(#579),#15,.F.);
#5959=ADVANCED_FACE('',(#580),#5742,.T.);
#5960=ADVANCED_FACE('',(#581),#5743,.T.);
#5961=ADVANCED_FACE('',(#582),#16,.F.);
#5962=ADVANCED_FACE('',(#583),#101,.F.);
#5963=ADVANCED_FACE('',(#584),#102,.F.);
#5964=ADVANCED_FACE('',(#585),#17,.F.);
#5965=ADVANCED_FACE('',(#586),#5744,.T.);
#5966=ADVANCED_FACE('',(#587),#5745,.T.);
#5967=ADVANCED_FACE('',(#588),#18,.F.);
#5968=ADVANCED_FACE('',(#589),#5746,.T.);
#5969=ADVANCED_FACE('',(#590),#5747,.T.);
#5970=ADVANCED_FACE('',(#591),#103,.F.);
#5971=ADVANCED_FACE('',(#592),#19,.F.);
#5972=ADVANCED_FACE('',(#593),#20,.F.);
#5973=ADVANCED_FACE('',(#594),#5748,.T.);
#5974=ADVANCED_FACE('',(#595),#5749,.T.);
#5975=ADVANCED_FACE('',(#596),#104,.F.);
#5976=ADVANCED_FACE('',(#597),#323,.F.);
#5977=ADVANCED_FACE('',(#598),#21,.F.);
#5978=ADVANCED_FACE('',(#599),#5750,.T.);
#5979=ADVANCED_FACE('',(#600),#5751,.T.);
#5980=ADVANCED_FACE('',(#601),#22,.F.);
#5981=ADVANCED_FACE('',(#602),#5752,.T.);
#5982=ADVANCED_FACE('',(#603),#5753,.T.);
#5983=ADVANCED_FACE('',(#604),#5754,.T.);
#5984=ADVANCED_FACE('',(#605),#5755,.T.);
#5985=ADVANCED_FACE('',(#606),#5756,.T.);
#5986=ADVANCED_FACE('',(#607),#5757,.T.);
#5987=ADVANCED_FACE('',(#608),#5758,.T.);
#5988=ADVANCED_FACE('',(#609),#23,.T.);
#5989=ADVANCED_FACE('',(#610),#24,.T.);
#5990=ADVANCED_FACE('',(#611),#25,.T.);
#5991=ADVANCED_FACE('',(#612),#26,.T.);
#5992=ADVANCED_FACE('',(#613),#27,.T.);
#5993=ADVANCED_FACE('',(#614),#28,.T.);
#5994=ADVANCED_FACE('',(#615),#29,.T.);
#5995=ADVANCED_FACE('',(#616),#30,.T.);
#5996=ADVANCED_FACE('',(#617),#324,.F.);
#5997=ADVANCED_FACE('',(#618),#325,.T.);
#5998=ADVANCED_FACE('',(#619),#326,.F.);
#5999=ADVANCED_FACE('',(#620),#5759,.F.);
#6000=ADVANCED_FACE('',(#621,#131),#327,.F.);
#6001=ADVANCED_FACE('',(#622,#132),#328,.T.);
#6002=ADVANCED_FACE('',(#623),#329,.F.);
#6003=ADVANCED_FACE('',(#624),#330,.F.);
#6004=ADVANCED_FACE('',(#625),#331,.F.);
#6005=ADVANCED_FACE('',(#626),#332,.F.);
#6006=ADVANCED_FACE('',(#627),#333,.F.);
#6007=ADVANCED_FACE('',(#628),#334,.F.);
#6008=ADVANCED_FACE('',(#629),#335,.F.);
#6009=ADVANCED_FACE('',(#630),#336,.F.);
#6010=ADVANCED_FACE('',(#631),#337,.F.);
#6011=ADVANCED_FACE('',(#632),#338,.F.);
#6012=ADVANCED_FACE('',(#633),#339,.F.);
#6013=ADVANCED_FACE('',(#634),#340,.F.);
#6014=ADVANCED_FACE('',(#635),#341,.F.);
#6015=ADVANCED_FACE('',(#636,#133),#342,.F.);
#6016=ADVANCED_FACE('',(#637),#343,.F.);
#6017=ADVANCED_FACE('',(#638),#344,.F.);
#6018=ADVANCED_FACE('',(#639),#345,.F.);
#6019=ADVANCED_FACE('',(#640),#346,.F.);
#6020=ADVANCED_FACE('',(#641),#347,.F.);
#6021=ADVANCED_FACE('',(#642,#134),#348,.F.);
#6022=ADVANCED_FACE('',(#643),#5760,.F.);
#6023=ADVANCED_FACE('',(#644),#5761,.F.);
#6024=ADVANCED_FACE('',(#645),#5762,.F.);
#6025=ADVANCED_FACE('',(#646,#135),#349,.T.);
#6026=ADVANCED_FACE('',(#647),#5763,.F.);
#6027=ADVANCED_FACE('',(#648),#350,.T.);
#6028=ADVANCED_FACE('',(#649,#136,#137,#138,#139,#140),#351,.T.);
#6029=ADVANCED_FACE('',(#650),#352,.T.);
#6030=ADVANCED_FACE('',(#651),#353,.T.);
#6031=ADVANCED_FACE('',(#652),#354,.T.);
#6032=ADVANCED_FACE('',(#653),#355,.T.);
#6033=ADVANCED_FACE('',(#654),#356,.F.);
#6034=ADVANCED_FACE('',(#655,#141),#357,.T.);
#6035=ADVANCED_FACE('',(#656),#5764,.F.);
#6036=ADVANCED_FACE('',(#657),#358,.T.);
#6037=ADVANCED_FACE('',(#658),#359,.T.);
#6038=ADVANCED_FACE('',(#659),#360,.T.);
#6039=ADVANCED_FACE('',(#660),#361,.T.);
#6040=ADVANCED_FACE('',(#661),#362,.F.);
#6041=ADVANCED_FACE('',(#662),#31,.F.);
#6042=ADVANCED_FACE('',(#663),#32,.F.);
#6043=ADVANCED_FACE('',(#664),#33,.F.);
#6044=ADVANCED_FACE('',(#665),#34,.F.);
#6045=ADVANCED_FACE('',(#666),#35,.F.);
#6046=ADVANCED_FACE('',(#667),#36,.F.);
#6047=ADVANCED_FACE('',(#668),#363,.T.);
#6048=ADVANCED_FACE('',(#669),#364,.T.);
#6049=ADVANCED_FACE('',(#670,#142),#365,.T.);
#6050=ADVANCED_FACE('',(#671,#143),#366,.T.);
#6051=ADVANCED_FACE('',(#672,#144),#367,.T.);
#6052=ADVANCED_FACE('',(#673,#145),#368,.T.);
#6053=ADVANCED_FACE('',(#674),#5765,.F.);
#6054=ADVANCED_FACE('',(#675),#105,.F.);
#6055=ADVANCED_FACE('',(#676),#5766,.T.);
#6056=ADVANCED_FACE('',(#677),#369,.T.);
#6057=ADVANCED_FACE('',(#678),#5767,.F.);
#6058=ADVANCED_FACE('',(#679),#5768,.F.);
#6059=ADVANCED_FACE('',(#680),#5769,.F.);
#6060=ADVANCED_FACE('',(#681),#5770,.F.);
#6061=ADVANCED_FACE('',(#682,#146),#370,.T.);
#6062=ADVANCED_FACE('',(#683,#147),#371,.F.);
#6063=ADVANCED_FACE('',(#684,#148,#149,#150,#151),#372,.F.);
#6064=ADVANCED_FACE('',(#685,#152),#373,.F.);
#6065=ADVANCED_FACE('',(#686),#5771,.F.);
#6066=ADVANCED_FACE('',(#687),#5772,.F.);
#6067=ADVANCED_FACE('',(#688),#5773,.T.);
#6068=ADVANCED_FACE('',(#689),#5774,.F.);
#6069=ADVANCED_FACE('',(#690),#5775,.F.);
#6070=ADVANCED_FACE('',(#691),#5776,.T.);
#6071=ADVANCED_FACE('',(#692),#5777,.F.);
#6072=ADVANCED_FACE('',(#693),#5778,.F.);
#6073=ADVANCED_FACE('',(#694),#5779,.F.);
#6074=ADVANCED_FACE('',(#695),#5780,.F.);
#6075=ADVANCED_FACE('',(#696),#5781,.T.);
#6076=ADVANCED_FACE('',(#697),#5782,.F.);
#6077=ADVANCED_FACE('',(#698),#5783,.T.);
#6078=ADVANCED_FACE('',(#699),#5784,.F.);
#6079=ADVANCED_FACE('',(#700,#153),#374,.F.);
#6080=ADVANCED_FACE('',(#701),#375,.F.);
#6081=ADVANCED_FACE('',(#702),#376,.F.);
#6082=ADVANCED_FACE('',(#703),#377,.F.);
#6083=ADVANCED_FACE('',(#704),#378,.F.);
#6084=ADVANCED_FACE('',(#705),#379,.F.);
#6085=ADVANCED_FACE('',(#706),#380,.F.);
#6086=ADVANCED_FACE('',(#707,#154),#381,.T.);
#6087=ADVANCED_FACE('',(#708),#382,.F.);
#6088=ADVANCED_FACE('',(#709),#383,.F.);
#6089=ADVANCED_FACE('',(#710),#384,.F.);
#6090=ADVANCED_FACE('',(#711),#385,.F.);
#6091=ADVANCED_FACE('',(#712),#386,.F.);
#6092=ADVANCED_FACE('',(#713),#387,.F.);
#6093=ADVANCED_FACE('',(#714,#155),#388,.F.);
#6094=ADVANCED_FACE('',(#715),#389,.F.);
#6095=ADVANCED_FACE('',(#716),#390,.F.);
#6096=ADVANCED_FACE('',(#717),#391,.F.);
#6097=ADVANCED_FACE('',(#718),#392,.F.);
#6098=ADVANCED_FACE('',(#719),#393,.F.);
#6099=ADVANCED_FACE('',(#720),#394,.F.);
#6100=ADVANCED_FACE('',(#721,#156),#395,.T.);
#6101=ADVANCED_FACE('',(#722),#396,.F.);
#6102=ADVANCED_FACE('',(#723),#397,.F.);
#6103=ADVANCED_FACE('',(#724),#398,.F.);
#6104=ADVANCED_FACE('',(#725),#399,.F.);
#6105=ADVANCED_FACE('',(#726),#400,.F.);
#6106=ADVANCED_FACE('',(#727),#401,.F.);
#6107=ADVANCED_FACE('',(#728),#5785,.F.);
#6108=ADVANCED_FACE('',(#729,#157),#402,.T.);
#6109=ADVANCED_FACE('',(#730,#158),#403,.T.);
#6110=ADVANCED_FACE('',(#731,#159),#404,.T.);
#6111=ADVANCED_FACE('',(#732,#160),#405,.T.);
#6112=ADVANCED_FACE('',(#733),#406,.T.);
#6113=ADVANCED_FACE('',(#734),#407,.T.);
#6114=ADVANCED_FACE('',(#735,#161),#408,.T.);
#6115=ADVANCED_FACE('',(#736),#5786,.F.);
#6116=ADVANCED_FACE('',(#737),#106,.T.);
#6117=ADVANCED_FACE('',(#738),#37,.F.);
#6118=ADVANCED_FACE('',(#739),#5787,.F.);
#6119=ADVANCED_FACE('',(#740),#409,.T.);
#6120=ADVANCED_FACE('',(#741),#107,.T.);
#6121=ADVANCED_FACE('',(#742),#38,.F.);
#6122=ADVANCED_FACE('',(#743),#108,.T.);
#6123=ADVANCED_FACE('',(#744),#410,.T.);
#6124=ADVANCED_FACE('',(#745),#411,.T.);
#6125=ADVANCED_FACE('',(#746),#109,.T.);
#6126=ADVANCED_FACE('',(#747),#5788,.F.);
#6127=ADVANCED_FACE('',(#748),#110,.T.);
#6128=ADVANCED_FACE('',(#749),#39,.F.);
#6129=ADVANCED_FACE('',(#750),#5789,.F.);
#6130=ADVANCED_FACE('',(#751),#412,.T.);
#6131=ADVANCED_FACE('',(#752),#111,.T.);
#6132=ADVANCED_FACE('',(#753),#40,.F.);
#6133=ADVANCED_FACE('',(#754),#413,.T.);
#6134=ADVANCED_FACE('',(#755),#41,.F.);
#6135=ADVANCED_FACE('',(#756),#5790,.T.);
#6136=ADVANCED_FACE('',(#757),#5791,.T.);
#6137=ADVANCED_FACE('',(#758),#97,.T.);
#6138=ADVANCED_FACE('',(#759),#414,.T.);
#6139=ADVANCED_FACE('',(#760),#5792,.T.);
#6140=ADVANCED_FACE('',(#761),#415,.T.);
#6141=ADVANCED_FACE('',(#762),#5793,.T.);
#6142=ADVANCED_FACE('',(#763),#42,.F.);
#6143=ADVANCED_FACE('',(#764),#5794,.T.);
#6144=ADVANCED_FACE('',(#765),#98,.T.);
#6145=CLOSED_SHELL('',(#5795,#5796,#5797,#5798,#5799,#5800,#5801,#5802,
#5803,#5804,#5805,#5806,#5807,#5808,#5809,#5810,#5811,#5812,#5813,#5814,
#5815,#5816,#5817,#5818,#5819,#5820,#5821,#5822,#5823,#5824,#5825,#5826,
#5827,#5828,#5829,#5830,#5831,#5832,#5833,#5834,#5835,#5836,#5837,#5838,
#5839,#5840,#5841,#5842,#5843,#5844,#5845,#5846,#5847,#5848,#5849,#5850,
#5851,#5852,#5853,#5854,#5855,#5856,#5857,#5858,#5859,#5860,#5861,#5862,
#5863,#5864,#5865,#5866,#5867,#5868,#5869,#5870,#5871,#5872,#5873,#5874,
#5875,#5876,#5877,#5878,#5879,#5880,#5881,#5882,#5883,#5884,#5885,#5886,
#5887,#5888,#5889,#5890,#5891,#5892,#5893,#5894,#5895,#5896,#5897,#5898,
#5899,#5900,#5901,#5902,#5903,#5904,#5905,#5906,#5907,#5908,#5909,#5910,
#5911,#5912,#5913,#5914,#5915,#5916,#5917,#5918,#5919,#5920,#5921,#5922,
#5923,#5924,#5925,#5926,#5927,#5928,#5929,#5930,#5931,#5932,#5933,#5934,
#5935,#5936,#5937,#5938,#5939,#5940,#5941,#5942,#5943,#5944,#5945,#5946,
#5947,#5948,#5949,#5950,#5951,#5952,#5953,#5954,#5955,#5956,#5957,#5958,
#5959,#5960,#5961,#5962,#5963,#5964,#5965,#5966,#5967,#5968,#5969,#5970,
#5971,#5972,#5973,#5974,#5975,#5976,#5977,#5978,#5979,#5980,#5981,#5982,
#5983,#5984,#5985,#5986,#5987,#5988,#5989,#5990,#5991,#5992,#5993,#5994,
#5995,#5996,#5997,#5998,#5999,#6000,#6001,#6002,#6003,#6004,#6005,#6006,
#6007,#6008,#6009,#6010,#6011,#6012,#6013,#6014,#6015,#6016,#6017,#6018,
#6019,#6020,#6021,#6022,#6023,#6024,#6025,#6026,#6027,#6028,#6029,#6030,
#6031,#6032,#6033,#6034,#6035,#6036,#6037,#6038,#6039,#6040,#6041,#6042,
#6043,#6044,#6045,#6046,#6047,#6048,#6049,#6050,#6051,#6052,#6053,#6054,
#6055,#6056,#6057,#6058,#6059,#6060,#6061,#6062,#6063,#6064,#6065,#6066,
#6067,#6068,#6069,#6070,#6071,#6072,#6073,#6074,#6075,#6076,#6077,#6078,
#6079,#6080,#6081,#6082,#6083,#6084,#6085,#6086,#6087,#6088,#6089,#6090,
#6091,#6092,#6093,#6094,#6095,#6096,#6097,#6098,#6099,#6100,#6101,#6102,
#6103,#6104,#6105,#6106,#6107,#6108,#6109,#6110,#6111,#6112,#6113,#6114,
#6115,#6116,#6117,#6118,#6119,#6120,#6121,#6122,#6123,#6124,#6125,#6126,
#6127,#6128,#6129,#6130,#6131,#6132,#6133,#6134,#6135,#6136,#6137,#6138,
#6139,#6140,#6141,#6142,#6143,#6144));
#6146=DERIVED_UNIT_ELEMENT(#6148,1.);
#6147=DERIVED_UNIT_ELEMENT(#12334,-3.);
#6148=(
MASS_UNIT()
NAMED_UNIT(*)
SI_UNIT($,.GRAM.)
);
#6149=DERIVED_UNIT((#6146,#6147));
#6150=MEASURE_REPRESENTATION_ITEM('density measure',
POSITIVE_RATIO_MEASURE(1.541),#6149);
#6151=PROPERTY_DEFINITION_REPRESENTATION(#6156,#6153);
#6152=PROPERTY_DEFINITION_REPRESENTATION(#6157,#6154);
#6153=REPRESENTATION('material name',(#6155),#12331);
#6154=REPRESENTATION('density',(#6150),#12331);
#6155=DESCRIPTIVE_REPRESENTATION_ITEM('PET Plastic','PET Plastic');
#6156=PROPERTY_DEFINITION('material property','material name',#12341);
#6157=PROPERTY_DEFINITION('material property','density of part',#12341);
#6158=DATE_TIME_ROLE('creation_date');
#6159=APPLIED_DATE_AND_TIME_ASSIGNMENT(#6160,#6158,(#12341));
#6160=DATE_AND_TIME(#6161,#6162);
#6161=CALENDAR_DATE(2026,9,9);
#6162=LOCAL_TIME(0,0,0.,#6163);
#6163=COORDINATED_UNIVERSAL_TIME_OFFSET(0,0,.BEHIND.);
#6164=AXIS2_PLACEMENT_3D('placement',#8499,#6768,#6769);
#6165=AXIS2_PLACEMENT_3D('',#8500,#6770,#6771);
#6166=AXIS2_PLACEMENT_3D('',#8503,#6772,#6773);
#6167=AXIS2_PLACEMENT_3D('',#8507,#6775,#6776);
#6168=AXIS2_PLACEMENT_3D('',#8509,#6778,#6779);
#6169=AXIS2_PLACEMENT_3D('',#8515,#6783,#6784);
#6170=AXIS2_PLACEMENT_3D('',#8518,#6785,#6786);
#6171=AXIS2_PLACEMENT_3D('',#8522,#6788,#6789);
#6172=AXIS2_PLACEMENT_3D('',#8524,#6791,#6792);
#6173=AXIS2_PLACEMENT_3D('',#8527,#6795,#6796);
#6174=AXIS2_PLACEMENT_3D('',#8530,#6797,#6798);
#6175=AXIS2_PLACEMENT_3D('',#8534,#6800,#6801);
#6176=AXIS2_PLACEMENT_3D('',#8536,#6803,#6804);
#6177=AXIS2_PLACEMENT_3D('',#8539,#6807,#6808);
#6178=AXIS2_PLACEMENT_3D('',#8541,#6809,#6810);
#6179=AXIS2_PLACEMENT_3D('',#8543,#6811,#6812);
#6180=AXIS2_PLACEMENT_3D('',#8545,#6814,#6815);
#6181=AXIS2_PLACEMENT_3D('',#8548,#6818,#6819);
#6182=AXIS2_PLACEMENT_3D('',#8551,#6820,#6821);
#6183=AXIS2_PLACEMENT_3D('',#8555,#6824,#6825);
#6184=AXIS2_PLACEMENT_3D('',#8558,#6826,#6827);
#6185=AXIS2_PLACEMENT_3D('',#8562,#6830,#6831);
#6186=AXIS2_PLACEMENT_3D('',#8565,#6832,#6833);
#6187=AXIS2_PLACEMENT_3D('',#8569,#6836,#6837);
#6188=AXIS2_PLACEMENT_3D('',#8572,#6838,#6839);
#6189=AXIS2_PLACEMENT_3D('',#8576,#6842,#6843);
#6190=AXIS2_PLACEMENT_3D('',#8579,#6844,#6845);
#6191=AXIS2_PLACEMENT_3D('',#8583,#6848,#6849);
#6192=AXIS2_PLACEMENT_3D('',#8586,#6850,#6851);
#6193=AXIS2_PLACEMENT_3D('',#8590,#6854,#6855);
#6194=AXIS2_PLACEMENT_3D('',#8593,#6856,#6857);
#6195=AXIS2_PLACEMENT_3D('',#8597,#6860,#6861);
#6196=AXIS2_PLACEMENT_3D('',#8600,#6862,#6863);
#6197=AXIS2_PLACEMENT_3D('',#8604,#6866,#6867);
#6198=AXIS2_PLACEMENT_3D('',#8608,#6869,#6870);
#6199=AXIS2_PLACEMENT_3D('',#8610,#6872,#6873);
#6200=AXIS2_PLACEMENT_3D('',#8644,#6876,#6877);
#6201=AXIS2_PLACEMENT_3D('',#8647,#6880,#6881);
#6202=AXIS2_PLACEMENT_3D('',#8651,#6883,#6884);
#6203=AXIS2_PLACEMENT_3D('',#8653,#6886,#6887);
#6204=AXIS2_PLACEMENT_3D('',#8687,#6890,#6891);
#6205=AXIS2_PLACEMENT_3D('',#8690,#6894,#6895);
#6206=AXIS2_PLACEMENT_3D('',#8699,#6900,#6901);
#6207=AXIS2_PLACEMENT_3D('',#8705,#6905,#6906);
#6208=AXIS2_PLACEMENT_3D('',#8711,#6910,#6911);
#6209=AXIS2_PLACEMENT_3D('',#8717,#6915,#6916);
#6210=AXIS2_PLACEMENT_3D('',#8723,#6920,#6921);
#6211=AXIS2_PLACEMENT_3D('',#8726,#6924,#6925);
#6212=AXIS2_PLACEMENT_3D('',#8728,#6926,#6927);
#6213=AXIS2_PLACEMENT_3D('',#8729,#6928,#6929);
#6214=AXIS2_PLACEMENT_3D('',#8738,#6934,#6935);
#6215=AXIS2_PLACEMENT_3D('',#8744,#6939,#6940);
#6216=AXIS2_PLACEMENT_3D('',#8750,#6944,#6945);
#6217=AXIS2_PLACEMENT_3D('',#8756,#6949,#6950);
#6218=AXIS2_PLACEMENT_3D('',#8762,#6954,#6955);
#6219=AXIS2_PLACEMENT_3D('',#8765,#6958,#6959);
#6220=AXIS2_PLACEMENT_3D('',#8767,#6960,#6961);
#6221=AXIS2_PLACEMENT_3D('',#8768,#6962,#6963);
#6222=AXIS2_PLACEMENT_3D('',#8777,#6968,#6969);
#6223=AXIS2_PLACEMENT_3D('',#8783,#6973,#6974);
#6224=AXIS2_PLACEMENT_3D('',#8789,#6978,#6979);
#6225=AXIS2_PLACEMENT_3D('',#8795,#6983,#6984);
#6226=AXIS2_PLACEMENT_3D('',#8801,#6988,#6989);
#6227=AXIS2_PLACEMENT_3D('',#8804,#6992,#6993);
#6228=AXIS2_PLACEMENT_3D('',#8806,#6994,#6995);
#6229=AXIS2_PLACEMENT_3D('',#8807,#6996,#6997);
#6230=AXIS2_PLACEMENT_3D('',#8816,#7002,#7003);
#6231=AXIS2_PLACEMENT_3D('',#8822,#7007,#7008);
#6232=AXIS2_PLACEMENT_3D('',#8828,#7012,#7013);
#6233=AXIS2_PLACEMENT_3D('',#8834,#7017,#7018);
#6234=AXIS2_PLACEMENT_3D('',#8840,#7022,#7023);
#6235=AXIS2_PLACEMENT_3D('',#8843,#7026,#7027);
#6236=AXIS2_PLACEMENT_3D('',#8845,#7028,#7029);
#6237=AXIS2_PLACEMENT_3D('',#8846,#7030,#7031);
#6238=AXIS2_PLACEMENT_3D('',#8855,#7036,#7037);
#6239=AXIS2_PLACEMENT_3D('',#8861,#7041,#7042);
#6240=AXIS2_PLACEMENT_3D('',#8867,#7046,#7047);
#6241=AXIS2_PLACEMENT_3D('',#8873,#7051,#7052);
#6242=AXIS2_PLACEMENT_3D('',#8879,#7056,#7057);
#6243=AXIS2_PLACEMENT_3D('',#8882,#7060,#7061);
#6244=AXIS2_PLACEMENT_3D('',#8884,#7062,#7063);
#6245=AXIS2_PLACEMENT_3D('',#8885,#7064,#7065);
#6246=AXIS2_PLACEMENT_3D('',#8894,#7070,#7071);
#6247=AXIS2_PLACEMENT_3D('',#8900,#7075,#7076);
#6248=AXIS2_PLACEMENT_3D('',#8906,#7080,#7081);
#6249=AXIS2_PLACEMENT_3D('',#8912,#7085,#7086);
#6250=AXIS2_PLACEMENT_3D('',#8918,#7090,#7091);
#6251=AXIS2_PLACEMENT_3D('',#8921,#7094,#7095);
#6252=AXIS2_PLACEMENT_3D('',#8923,#7096,#7097);
#6253=AXIS2_PLACEMENT_3D('',#8924,#7098,#7099);
#6254=AXIS2_PLACEMENT_3D('',#8926,#7100,#7101);
#6255=AXIS2_PLACEMENT_3D('',#8929,#7103,#7104);
#6256=AXIS2_PLACEMENT_3D('',#8930,#7105,#7106);
#6257=AXIS2_PLACEMENT_3D('',#8932,#7107,#7108);
#6258=AXIS2_PLACEMENT_3D('',#8935,#7110,#7111);
#6259=AXIS2_PLACEMENT_3D('',#8936,#7112,#7113);
#6260=AXIS2_PLACEMENT_3D('',#8938,#7114,#7115);
#6261=AXIS2_PLACEMENT_3D('',#8941,#7117,#7118);
#6262=AXIS2_PLACEMENT_3D('',#8942,#7119,#7120);
#6263=AXIS2_PLACEMENT_3D('',#8944,#7121,#7122);
#6264=AXIS2_PLACEMENT_3D('',#8947,#7124,#7125);
#6265=AXIS2_PLACEMENT_3D('',#8948,#7126,#7127);
#6266=AXIS2_PLACEMENT_3D('',#8951,#7128,#7129);
#6267=AXIS2_PLACEMENT_3D('',#8953,#7130,#7131);
#6268=AXIS2_PLACEMENT_3D('',#8955,#7132,#7133);
#6269=AXIS2_PLACEMENT_3D('',#8957,#7135,#7136);
#6270=AXIS2_PLACEMENT_3D('',#8960,#7137,#7138);
#6271=AXIS2_PLACEMENT_3D('',#8964,#7140,#7141);
#6272=AXIS2_PLACEMENT_3D('',#8965,#7142,#7143);
#6273=AXIS2_PLACEMENT_3D('',#8966,#7144,#7145);
#6274=AXIS2_PLACEMENT_3D('',#8969,#7146,#7147);
#6275=AXIS2_PLACEMENT_3D('',#8973,#7149,#7150);
#6276=AXIS2_PLACEMENT_3D('',#8974,#7151,#7152);
#6277=AXIS2_PLACEMENT_3D('',#8975,#7153,#7154);
#6278=AXIS2_PLACEMENT_3D('',#8978,#7155,#7156);
#6279=AXIS2_PLACEMENT_3D('',#8980,#7157,#7158);
#6280=AXIS2_PLACEMENT_3D('',#8982,#7159,#7160);
#6281=AXIS2_PLACEMENT_3D('',#8984,#7162,#7163);
#6282=AXIS2_PLACEMENT_3D('',#8987,#7165,#7166);
#6283=AXIS2_PLACEMENT_3D('',#8989,#7168,#7169);
#6284=AXIS2_PLACEMENT_3D('',#8993,#7171,#7172);
#6285=AXIS2_PLACEMENT_3D('',#8995,#7174,#7175);
#6286=AXIS2_PLACEMENT_3D('',#8997,#7176,#7177);
#6287=AXIS2_PLACEMENT_3D('',#8999,#7179,#7180);
#6288=AXIS2_PLACEMENT_3D('',#9002,#7182,#7183);
#6289=AXIS2_PLACEMENT_3D('',#9003,#7184,#7185);
#6290=AXIS2_PLACEMENT_3D('',#9004,#7186,#7187);
#6291=AXIS2_PLACEMENT_3D('',#9006,#7189,#7190);
#6292=AXIS2_PLACEMENT_3D('',#9009,#7192,#7193);
#6293=AXIS2_PLACEMENT_3D('',#9010,#7194,#7195);
#6294=AXIS2_PLACEMENT_3D('',#9014,#7197,#7198);
#6295=AXIS2_PLACEMENT_3D('',#9016,#7200,#7201);
#6296=AXIS2_PLACEMENT_3D('',#9019,#7203,#7204);
#6297=AXIS2_PLACEMENT_3D('',#9021,#7206,#7207);
#6298=AXIS2_PLACEMENT_3D('',#9024,#7209,#7210);
#6299=AXIS2_PLACEMENT_3D('',#9025,#7211,#7212);
#6300=AXIS2_PLACEMENT_3D('',#9028,#7214,#7215);
#6301=AXIS2_PLACEMENT_3D('',#9029,#7216,#7217);
#6302=AXIS2_PLACEMENT_3D('',#9031,#7218,#7219);
#6303=AXIS2_PLACEMENT_3D('',#9033,#7221,#7222);
#6304=AXIS2_PLACEMENT_3D('',#9035,#7223,#7224);
#6305=AXIS2_PLACEMENT_3D('',#9037,#7226,#7227);
#6306=AXIS2_PLACEMENT_3D('',#9040,#7228,#7229);
#6307=AXIS2_PLACEMENT_3D('',#9044,#7231,#7232);
#6308=AXIS2_PLACEMENT_3D('',#9045,#7233,#7234);
#6309=AXIS2_PLACEMENT_3D('',#9046,#7235,#7236);
#6310=AXIS2_PLACEMENT_3D('',#9049,#7237,#7238);
#6311=AXIS2_PLACEMENT_3D('',#9053,#7240,#7241);
#6312=AXIS2_PLACEMENT_3D('',#9054,#7242,#7243);
#6313=AXIS2_PLACEMENT_3D('',#9055,#7244,#7245);
#6314=AXIS2_PLACEMENT_3D('',#9058,#7246,#7247);
#6315=AXIS2_PLACEMENT_3D('',#9060,#7248,#7249);
#6316=AXIS2_PLACEMENT_3D('',#9062,#7250,#7251);
#6317=AXIS2_PLACEMENT_3D('',#9064,#7253,#7254);
#6318=AXIS2_PLACEMENT_3D('',#9067,#7255,#7256);
#6319=AXIS2_PLACEMENT_3D('',#9069,#7257,#7258);
#6320=AXIS2_PLACEMENT_3D('',#9071,#7259,#7260);
#6321=AXIS2_PLACEMENT_3D('',#9073,#7262,#7263);
#6322=AXIS2_PLACEMENT_3D('',#9076,#7265,#7266);
#6323=AXIS2_PLACEMENT_3D('',#9078,#7268,#7269);
#6324=AXIS2_PLACEMENT_3D('',#9081,#7271,#7272);
#6325=AXIS2_PLACEMENT_3D('',#9082,#7273,#7274);
#6326=AXIS2_PLACEMENT_3D('',#9084,#7276,#7277);
#6327=AXIS2_PLACEMENT_3D('',#9085,#7278,#7279);
#6328=AXIS2_PLACEMENT_3D('',#9089,#7281,#7282);
#6329=AXIS2_PLACEMENT_3D('',#9091,#7284,#7285);
#6330=AXIS2_PLACEMENT_3D('',#9095,#7287,#7288);
#6331=AXIS2_PLACEMENT_3D('',#9097,#7290,#7291);
#6332=AXIS2_PLACEMENT_3D('',#9100,#7293,#7294);
#6333=AXIS2_PLACEMENT_3D('',#9102,#7296,#7297);
#6334=AXIS2_PLACEMENT_3D('',#9103,#7298,#7299);
#6335=AXIS2_PLACEMENT_3D('',#9104,#7300,#7301);
#6336=AXIS2_PLACEMENT_3D('',#9106,#7302,#7303);
#6337=AXIS2_PLACEMENT_3D('',#9108,#7305,#7306);
#6338=AXIS2_PLACEMENT_3D('',#9110,#7307,#7308);
#6339=AXIS2_PLACEMENT_3D('',#9112,#7310,#7311);
#6340=AXIS2_PLACEMENT_3D('',#9114,#7312,#7313);
#6341=AXIS2_PLACEMENT_3D('',#9116,#7315,#7316);
#6342=AXIS2_PLACEMENT_3D('',#9154,#7322,#7323);
#6343=AXIS2_PLACEMENT_3D('',#9174,#7325,#7326);
#6344=AXIS2_PLACEMENT_3D('',#9194,#7332,#7333);
#6345=AXIS2_PLACEMENT_3D('',#9206,#7335,#7336);
#6346=AXIS2_PLACEMENT_3D('',#9226,#7338,#7339);
#6347=AXIS2_PLACEMENT_3D('',#9239,#7343,#7344);
#6348=AXIS2_PLACEMENT_3D('',#9242,#7345,#7346);
#6349=AXIS2_PLACEMENT_3D('',#9246,#7348,#7349);
#6350=AXIS2_PLACEMENT_3D('',#9248,#7351,#7352);
#6351=AXIS2_PLACEMENT_3D('',#9263,#7355,#7356);
#6352=AXIS2_PLACEMENT_3D('',#9266,#7357,#7358);
#6353=AXIS2_PLACEMENT_3D('',#9267,#7359,#7360);
#6354=AXIS2_PLACEMENT_3D('',#9268,#7361,#7362);
#6355=AXIS2_PLACEMENT_3D('',#9269,#7363,#7364);
#6356=AXIS2_PLACEMENT_3D('',#9272,#7365,#7366);
#6357=AXIS2_PLACEMENT_3D('',#9275,#7369,#7370);
#6358=AXIS2_PLACEMENT_3D('',#9284,#7371,#7372);
#6359=AXIS2_PLACEMENT_3D('',#9285,#7373,#7374);
#6360=AXIS2_PLACEMENT_3D('',#9286,#7375,#7376);
#6361=AXIS2_PLACEMENT_3D('',#9301,#7378,#7379);
#6362=AXIS2_PLACEMENT_3D('',#9304,#7380,#7381);
#6363=AXIS2_PLACEMENT_3D('',#9306,#7382,#7383);
#6364=AXIS2_PLACEMENT_3D('',#9307,#7384,#7385);
#6365=AXIS2_PLACEMENT_3D('',#9308,#7386,#7387);
#6366=AXIS2_PLACEMENT_3D('',#9311,#7388,#7389);
#6367=AXIS2_PLACEMENT_3D('',#9314,#7392,#7393);
#6368=AXIS2_PLACEMENT_3D('',#9316,#7394,#7395);
#6369=AXIS2_PLACEMENT_3D('',#9317,#7396,#7397);
#6370=AXIS2_PLACEMENT_3D('',#9318,#7398,#7399);
#6371=AXIS2_PLACEMENT_3D('',#9322,#7401,#7402);
#6372=AXIS2_PLACEMENT_3D('',#9324,#7404,#7405);
#6373=AXIS2_PLACEMENT_3D('',#9327,#7407,#7408);
#6374=AXIS2_PLACEMENT_3D('',#9328,#7409,#7410);
#6375=AXIS2_PLACEMENT_3D('',#9332,#7412,#7413);
#6376=AXIS2_PLACEMENT_3D('',#9334,#7415,#7416);
#6377=AXIS2_PLACEMENT_3D('',#9337,#7417,#7418);
#6378=AXIS2_PLACEMENT_3D('',#9339,#7419,#7420);
#6379=AXIS2_PLACEMENT_3D('',#9340,#7421,#7422);
#6380=AXIS2_PLACEMENT_3D('',#9341,#7423,#7424);
#6381=AXIS2_PLACEMENT_3D('',#9344,#7425,#7426);
#6382=AXIS2_PLACEMENT_3D('',#9346,#7427,#7428);
#6383=AXIS2_PLACEMENT_3D('',#9347,#7429,#7430);
#6384=AXIS2_PLACEMENT_3D('',#9348,#7431,#7432);
#6385=AXIS2_PLACEMENT_3D('',#9351,#7435,#7436);
#6386=AXIS2_PLACEMENT_3D('',#9354,#7437,#7438);
#6387=AXIS2_PLACEMENT_3D('',#9356,#7439,#7440);
#6388=AXIS2_PLACEMENT_3D('',#9357,#7441,#7442);
#6389=AXIS2_PLACEMENT_3D('',#9358,#7443,#7444);
#6390=AXIS2_PLACEMENT_3D('',#9361,#7447,#7448);
#6391=AXIS2_PLACEMENT_3D('',#9364,#7449,#7450);
#6392=AXIS2_PLACEMENT_3D('',#9367,#7453,#7454);
#6393=AXIS2_PLACEMENT_3D('',#9370,#7455,#7456);
#6394=AXIS2_PLACEMENT_3D('',#9373,#7459,#7460);
#6395=AXIS2_PLACEMENT_3D('',#9376,#7461,#7462);
#6396=AXIS2_PLACEMENT_3D('',#9379,#7465,#7466);
#6397=AXIS2_PLACEMENT_3D('',#9381,#7467,#7468);
#6398=AXIS2_PLACEMENT_3D('',#9382,#7469,#7470);
#6399=AXIS2_PLACEMENT_3D('',#9383,#7471,#7472);
#6400=AXIS2_PLACEMENT_3D('',#9387,#7474,#7475);
#6401=AXIS2_PLACEMENT_3D('',#9389,#7477,#7478);
#6402=AXIS2_PLACEMENT_3D('',#9395,#7481,#7482);
#6403=AXIS2_PLACEMENT_3D('',#9397,#7484,#7485);
#6404=AXIS2_PLACEMENT_3D('',#9400,#7487,#7488);
#6405=AXIS2_PLACEMENT_3D('',#9401,#7489,#7490);
#6406=AXIS2_PLACEMENT_3D('',#9405,#7492,#7493);
#6407=AXIS2_PLACEMENT_3D('',#9407,#7495,#7496);
#6408=AXIS2_PLACEMENT_3D('',#9420,#7504,#7505);
#6409=AXIS2_PLACEMENT_3D('',#9423,#7506,#7507);
#6410=AXIS2_PLACEMENT_3D('',#9425,#7508,#7509);
#6411=AXIS2_PLACEMENT_3D('',#9426,#7510,#7511);
#6412=AXIS2_PLACEMENT_3D('',#9427,#7512,#7513);
#6413=AXIS2_PLACEMENT_3D('',#9431,#7515,#7516);
#6414=AXIS2_PLACEMENT_3D('',#9433,#7518,#7519);
#6415=AXIS2_PLACEMENT_3D('',#9435,#7520,#7521);
#6416=AXIS2_PLACEMENT_3D('',#9436,#7522,#7523);
#6417=AXIS2_PLACEMENT_3D('',#9437,#7524,#7525);
#6418=AXIS2_PLACEMENT_3D('',#9454,#7535,#7536);
#6419=AXIS2_PLACEMENT_3D('',#9457,#7538,#7539);
#6420=AXIS2_PLACEMENT_3D('',#9458,#7540,#7541);
#6421=AXIS2_PLACEMENT_3D('',#9462,#7543,#7544);
#6422=AXIS2_PLACEMENT_3D('',#9464,#7546,#7547);
#6423=AXIS2_PLACEMENT_3D('',#9466,#7548,#7549);
#6424=AXIS2_PLACEMENT_3D('',#9468,#7550,#7551);
#6425=AXIS2_PLACEMENT_3D('',#9469,#7552,#7553);
#6426=AXIS2_PLACEMENT_3D('',#9470,#7554,#7555);
#6427=AXIS2_PLACEMENT_3D('',#9473,#7556,#7557);
#6428=AXIS2_PLACEMENT_3D('',#9474,#7558,#7559);
#6429=AXIS2_PLACEMENT_3D('',#9475,#7560,#7561);
#6430=AXIS2_PLACEMENT_3D('',#9476,#7562,#7563);
#6431=AXIS2_PLACEMENT_3D('',#9478,#7564,#7565);
#6432=AXIS2_PLACEMENT_3D('',#9480,#7566,#7567);
#6433=AXIS2_PLACEMENT_3D('',#9481,#7568,#7569);
#6434=AXIS2_PLACEMENT_3D('',#9482,#7570,#7571);
#6435=AXIS2_PLACEMENT_3D('',#9484,#7573,#7574);
#6436=AXIS2_PLACEMENT_3D('',#9486,#7575,#7576);
#6437=AXIS2_PLACEMENT_3D('',#9488,#7578,#7579);
#6438=AXIS2_PLACEMENT_3D('',#9491,#7582,#7583);
#6439=AXIS2_PLACEMENT_3D('',#9493,#7584,#7585);
#6440=AXIS2_PLACEMENT_3D('',#9495,#7587,#7588);
#6441=AXIS2_PLACEMENT_3D('',#9497,#7589,#7590);
#6442=AXIS2_PLACEMENT_3D('',#9499,#7592,#7593);
#6443=AXIS2_PLACEMENT_3D('',#9501,#7594,#7595);
#6444=AXIS2_PLACEMENT_3D('',#9502,#7596,#7597);
#6445=AXIS2_PLACEMENT_3D('',#9503,#7598,#7599);
#6446=AXIS2_PLACEMENT_3D('',#9507,#7601,#7602);
#6447=AXIS2_PLACEMENT_3D('',#9509,#7604,#7605);
#6448=AXIS2_PLACEMENT_3D('',#9515,#7608,#7609);
#6449=AXIS2_PLACEMENT_3D('',#9517,#7611,#7612);
#6450=AXIS2_PLACEMENT_3D('',#9520,#7614,#7615);
#6451=AXIS2_PLACEMENT_3D('',#9521,#7616,#7617);
#6452=AXIS2_PLACEMENT_3D('',#9523,#7618,#7619);
#6453=AXIS2_PLACEMENT_3D('',#9525,#7621,#7622);
#6454=AXIS2_PLACEMENT_3D('',#9528,#7623,#7624);
#6455=AXIS2_PLACEMENT_3D('',#9530,#7625,#7626);
#6456=AXIS2_PLACEMENT_3D('',#9531,#7627,#7628);
#6457=AXIS2_PLACEMENT_3D('',#9532,#7629,#7630);
#6458=AXIS2_PLACEMENT_3D('',#9535,#7631,#7632);
#6459=AXIS2_PLACEMENT_3D('',#9539,#7635,#7636);
#6460=AXIS2_PLACEMENT_3D('',#9540,#7637,#7638);
#6461=AXIS2_PLACEMENT_3D('',#9543,#7639,#7640);
#6462=AXIS2_PLACEMENT_3D('',#9545,#7641,#7642);
#6463=AXIS2_PLACEMENT_3D('',#9546,#7643,#7644);
#6464=AXIS2_PLACEMENT_3D('',#9547,#7645,#7646);
#6465=AXIS2_PLACEMENT_3D('',#9550,#7647,#7648);
#6466=AXIS2_PLACEMENT_3D('',#9554,#7651,#7652);
#6467=AXIS2_PLACEMENT_3D('',#9555,#7653,#7654);
#6468=AXIS2_PLACEMENT_3D('',#9558,#7657,#7658);
#6469=AXIS2_PLACEMENT_3D('',#9561,#7659,#7660);
#6470=AXIS2_PLACEMENT_3D('',#9563,#7661,#7662);
#6471=AXIS2_PLACEMENT_3D('',#9564,#7663,#7664);
#6472=AXIS2_PLACEMENT_3D('',#9565,#7665,#7666);
#6473=AXIS2_PLACEMENT_3D('',#9568,#7667,#7668);
#6474=AXIS2_PLACEMENT_3D('',#9572,#7671,#7672);
#6475=AXIS2_PLACEMENT_3D('',#9573,#7673,#7674);
#6476=AXIS2_PLACEMENT_3D('',#9576,#7675,#7676);
#6477=AXIS2_PLACEMENT_3D('',#9578,#7677,#7678);
#6478=AXIS2_PLACEMENT_3D('',#9579,#7679,#7680);
#6479=AXIS2_PLACEMENT_3D('',#9580,#7681,#7682);
#6480=AXIS2_PLACEMENT_3D('',#9583,#7683,#7684);
#6481=AXIS2_PLACEMENT_3D('',#9587,#7687,#7688);
#6482=AXIS2_PLACEMENT_3D('',#9588,#7689,#7690);
#6483=AXIS2_PLACEMENT_3D('',#9591,#7693,#7694);
#6484=AXIS2_PLACEMENT_3D('',#9594,#7697,#7698);
#6485=AXIS2_PLACEMENT_3D('',#9597,#7701,#7702);
#6486=AXIS2_PLACEMENT_3D('',#9599,#7704,#7705);
#6487=AXIS2_PLACEMENT_3D('',#9608,#7711,#7712);
#6488=AXIS2_PLACEMENT_3D('',#9614,#7716,#7717);
#6489=AXIS2_PLACEMENT_3D('',#9616,#7719,#7720);
#6490=AXIS2_PLACEMENT_3D('',#9622,#7724,#7725);
#6491=AXIS2_PLACEMENT_3D('',#9625,#7726,#7727);
#6492=AXIS2_PLACEMENT_3D('',#9627,#7728,#7729);
#6493=AXIS2_PLACEMENT_3D('',#9629,#7730,#7731);
#6494=AXIS2_PLACEMENT_3D('',#9630,#7732,#7733);
#6495=AXIS2_PLACEMENT_3D('',#9679,#7758,#7759);
#6496=AXIS2_PLACEMENT_3D('',#9681,#7760,#7761);
#6497=AXIS2_PLACEMENT_3D('',#9754,#7763,#7764);
#6498=AXIS2_PLACEMENT_3D('',#9760,#7765,#7766);
#6499=AXIS2_PLACEMENT_3D('',#9762,#7768,#7769);
#6500=AXIS2_PLACEMENT_3D('',#9822,#7771,#7772);
#6501=AXIS2_PLACEMENT_3D('',#9844,#7773,#7774);
#6502=AXIS2_PLACEMENT_3D('',#9845,#7775,#7776);
#6503=AXIS2_PLACEMENT_3D('',#9847,#7777,#7778);
#6504=AXIS2_PLACEMENT_3D('',#9896,#7779,#7780);
#6505=AXIS2_PLACEMENT_3D('',#9907,#7781,#7782);
#6506=AXIS2_PLACEMENT_3D('',#9909,#7784,#7785);
#6507=AXIS2_PLACEMENT_3D('',#9912,#7787,#7788);
#6508=AXIS2_PLACEMENT_3D('',#9934,#7789,#7790);
#6509=AXIS2_PLACEMENT_3D('',#9957,#7791,#7792);
#6510=AXIS2_PLACEMENT_3D('',#9959,#7794,#7795);
#6511=AXIS2_PLACEMENT_3D('',#9961,#7797,#7798);
#6512=AXIS2_PLACEMENT_3D('',#9979,#7799,#7800);
#6513=AXIS2_PLACEMENT_3D('',#10079,#7801,#7802);
#6514=AXIS2_PLACEMENT_3D('',#10097,#7803,#7804);
#6515=AXIS2_PLACEMENT_3D('',#10099,#7806,#7807);
#6516=AXIS2_PLACEMENT_3D('',#10101,#7809,#7810);
#6517=AXIS2_PLACEMENT_3D('',#10103,#7811,#7812);
#6518=AXIS2_PLACEMENT_3D('',#10111,#7813,#7814);
#6519=AXIS2_PLACEMENT_3D('',#10112,#7815,#7816);
#6520=AXIS2_PLACEMENT_3D('',#10135,#7818,#7819);
#6521=AXIS2_PLACEMENT_3D('',#10153,#7820,#7821);
#6522=AXIS2_PLACEMENT_3D('',#10155,#7823,#7824);
#6523=AXIS2_PLACEMENT_3D('',#10158,#7826,#7827);
#6524=AXIS2_PLACEMENT_3D('',#10201,#7828,#7829);
#6525=AXIS2_PLACEMENT_3D('',#10212,#7830,#7831);
#6526=AXIS2_PLACEMENT_3D('',#10214,#7833,#7834);
#6527=AXIS2_PLACEMENT_3D('',#10216,#7835,#7836);
#6528=AXIS2_PLACEMENT_3D('',#10218,#7838,#7839);
#6529=AXIS2_PLACEMENT_3D('',#10220,#7841,#7842);
#6530=AXIS2_PLACEMENT_3D('',#10223,#7844,#7845);
#6531=AXIS2_PLACEMENT_3D('',#10225,#7846,#7847);
#6532=AXIS2_PLACEMENT_3D('',#10226,#7848,#7849);
#6533=AXIS2_PLACEMENT_3D('',#10227,#7850,#7851);
#6534=AXIS2_PLACEMENT_3D('',#10231,#7853,#7854);
#6535=AXIS2_PLACEMENT_3D('',#10232,#7855,#7856);
#6536=AXIS2_PLACEMENT_3D('',#10233,#7857,#7858);
#6537=AXIS2_PLACEMENT_3D('',#10234,#7859,#7860);
#6538=AXIS2_PLACEMENT_3D('',#10236,#7861,#7862);
#6539=AXIS2_PLACEMENT_3D('',#10239,#7864,#7865);
#6540=AXIS2_PLACEMENT_3D('',#10240,#7866,#7867);
#6541=AXIS2_PLACEMENT_3D('',#10241,#7868,#7869);
#6542=AXIS2_PLACEMENT_3D('',#10243,#7870,#7871);
#6543=AXIS2_PLACEMENT_3D('',#10244,#7872,#7873);
#6544=AXIS2_PLACEMENT_3D('',#10247,#7875,#7876);
#6545=AXIS2_PLACEMENT_3D('',#10368,#7878,#7879);
#6546=AXIS2_PLACEMENT_3D('',#10417,#7881,#7882);
#6547=AXIS2_PLACEMENT_3D('',#10418,#7883,#7884);
#6548=AXIS2_PLACEMENT_3D('',#10458,#7886,#7887);
#6549=AXIS2_PLACEMENT_3D('',#10500,#7889,#7890);
#6550=AXIS2_PLACEMENT_3D('',#10582,#7891,#7892);
#6551=AXIS2_PLACEMENT_3D('',#10586,#7895,#7896);
#6552=AXIS2_PLACEMENT_3D('',#10588,#7898,#7899);
#6553=AXIS2_PLACEMENT_3D('',#10592,#7902,#7903);
#6554=AXIS2_PLACEMENT_3D('',#10594,#7904,#7905);
#6555=AXIS2_PLACEMENT_3D('',#10596,#7907,#7908);
#6556=AXIS2_PLACEMENT_3D('',#10605,#7913,#7914);
#6557=AXIS2_PLACEMENT_3D('',#10606,#7915,#7916);
#6558=AXIS2_PLACEMENT_3D('',#10615,#7921,#7922);
#6559=AXIS2_PLACEMENT_3D('',#10616,#7923,#7924);
#6560=AXIS2_PLACEMENT_3D('',#10619,#7927,#7928);
#6561=AXIS2_PLACEMENT_3D('',#10621,#7930,#7931);
#6562=AXIS2_PLACEMENT_3D('',#10622,#7932,#7933);
#6563=AXIS2_PLACEMENT_3D('',#10623,#7934,#7935);
#6564=AXIS2_PLACEMENT_3D('',#10628,#7939,#7940);
#6565=AXIS2_PLACEMENT_3D('',#10630,#7942,#7943);
#6566=AXIS2_PLACEMENT_3D('',#10631,#7944,#7945);
#6567=AXIS2_PLACEMENT_3D('',#10633,#7947,#7948);
#6568=AXIS2_PLACEMENT_3D('',#10634,#7949,#7950);
#6569=AXIS2_PLACEMENT_3D('',#10640,#7954,#7955);
#6570=AXIS2_PLACEMENT_3D('',#10644,#7958,#7959);
#6571=AXIS2_PLACEMENT_3D('',#10646,#7961,#7962);
#6572=AXIS2_PLACEMENT_3D('',#10648,#7964,#7965);
#6573=AXIS2_PLACEMENT_3D('',#10650,#7966,#7967);
#6574=AXIS2_PLACEMENT_3D('',#10651,#7968,#7969);
#6575=AXIS2_PLACEMENT_3D('',#10655,#7972,#7973);
#6576=AXIS2_PLACEMENT_3D('',#10661,#7977,#7978);
#6577=AXIS2_PLACEMENT_3D('',#10665,#7981,#7982);
#6578=AXIS2_PLACEMENT_3D('',#10667,#7984,#7985);
#6579=AXIS2_PLACEMENT_3D('',#10669,#7987,#7988);
#6580=AXIS2_PLACEMENT_3D('',#10671,#7989,#7990);
#6581=AXIS2_PLACEMENT_3D('',#10672,#7991,#7992);
#6582=AXIS2_PLACEMENT_3D('',#10674,#7993,#7994);
#6583=AXIS2_PLACEMENT_3D('',#10676,#7996,#7997);
#6584=AXIS2_PLACEMENT_3D('',#10678,#7998,#7999);
#6585=AXIS2_PLACEMENT_3D('',#10680,#8001,#8002);
#6586=AXIS2_PLACEMENT_3D('',#10682,#8003,#8004);
#6587=AXIS2_PLACEMENT_3D('',#10684,#8006,#8007);
#6588=AXIS2_PLACEMENT_3D('',#10686,#8009,#8010);
#6589=AXIS2_PLACEMENT_3D('',#10688,#8011,#8012);
#6590=AXIS2_PLACEMENT_3D('',#10690,#8014,#8015);
#6591=AXIS2_PLACEMENT_3D('',#10691,#8016,#8017);
#6592=AXIS2_PLACEMENT_3D('',#10692,#8018,#8019);
#6593=AXIS2_PLACEMENT_3D('',#10696,#8022,#8023);
#6594=AXIS2_PLACEMENT_3D('',#10700,#8026,#8027);
#6595=AXIS2_PLACEMENT_3D('',#10702,#8029,#8030);
#6596=AXIS2_PLACEMENT_3D('',#10708,#8034,#8035);
#6597=AXIS2_PLACEMENT_3D('',#10714,#8039,#8040);
#6598=AXIS2_PLACEMENT_3D('',#10716,#8041,#8042);
#6599=AXIS2_PLACEMENT_3D('',#10718,#8043,#8044);
#6600=AXIS2_PLACEMENT_3D('',#10719,#8045,#8046);
#6601=AXIS2_PLACEMENT_3D('',#10723,#8048,#8049);
#6602=AXIS2_PLACEMENT_3D('',#10725,#8050,#8051);
#6603=AXIS2_PLACEMENT_3D('',#10727,#8052,#8053);
#6604=AXIS2_PLACEMENT_3D('',#10729,#8054,#8055);
#6605=AXIS2_PLACEMENT_3D('',#10730,#8056,#8057);
#6606=AXIS2_PLACEMENT_3D('',#10731,#8058,#8059);
#6607=AXIS2_PLACEMENT_3D('',#10737,#8063,#8064);
#6608=AXIS2_PLACEMENT_3D('',#10743,#8068,#8069);
#6609=AXIS2_PLACEMENT_3D('',#10751,#8074,#8075);
#6610=AXIS2_PLACEMENT_3D('',#10757,#8079,#8080);
#6611=AXIS2_PLACEMENT_3D('',#11421,#8084,#8085);
#6612=AXIS2_PLACEMENT_3D('',#11422,#8086,#8087);
#6613=AXIS2_PLACEMENT_3D('',#11424,#8089,#8090);
#6614=AXIS2_PLACEMENT_3D('',#11426,#8091,#8092);
#6615=AXIS2_PLACEMENT_3D('',#11429,#8094,#8095);
#6616=AXIS2_PLACEMENT_3D('',#11430,#8096,#8097);
#6617=AXIS2_PLACEMENT_3D('',#11431,#8098,#8099);
#6618=AXIS2_PLACEMENT_3D('',#11433,#8100,#8101);
#6619=AXIS2_PLACEMENT_3D('',#11434,#8102,#8103);
#6620=AXIS2_PLACEMENT_3D('',#11435,#8104,#8105);
#6621=AXIS2_PLACEMENT_3D('',#11437,#8106,#8107);
#6622=AXIS2_PLACEMENT_3D('',#11438,#8108,#8109);
#6623=AXIS2_PLACEMENT_3D('',#11439,#8110,#8111);
#6624=AXIS2_PLACEMENT_3D('',#11442,#8113,#8114);
#6625=AXIS2_PLACEMENT_3D('',#11443,#8115,#8116);
#6626=AXIS2_PLACEMENT_3D('',#11447,#8118,#8119);
#6627=AXIS2_PLACEMENT_3D('',#11448,#8120,#8121);
#6628=AXIS2_PLACEMENT_3D('',#11449,#8122,#8123);
#6629=AXIS2_PLACEMENT_3D('',#11451,#8124,#8125);
#6630=AXIS2_PLACEMENT_3D('',#11452,#8126,#8127);
#6631=AXIS2_PLACEMENT_3D('',#11453,#8128,#8129);
#6632=AXIS2_PLACEMENT_3D('',#11455,#8131,#8132);
#6633=AXIS2_PLACEMENT_3D('',#11456,#8133,#8134);
#6634=AXIS2_PLACEMENT_3D('',#11459,#8136,#8137);
#6635=AXIS2_PLACEMENT_3D('',#11460,#8138,#8139);
#6636=AXIS2_PLACEMENT_3D('',#11463,#8141,#8142);
#6637=AXIS2_PLACEMENT_3D('',#11464,#8143,#8144);
#6638=AXIS2_PLACEMENT_3D('',#11467,#8146,#8147);
#6639=AXIS2_PLACEMENT_3D('',#11468,#8148,#8149);
#6640=AXIS2_PLACEMENT_3D('',#11471,#8151,#8152);
#6641=AXIS2_PLACEMENT_3D('',#11472,#8153,#8154);
#6642=AXIS2_PLACEMENT_3D('',#11475,#8156,#8157);
#6643=AXIS2_PLACEMENT_3D('',#11477,#8158,#8159);
#6644=AXIS2_PLACEMENT_3D('',#11478,#8160,#8161);
#6645=AXIS2_PLACEMENT_3D('',#11480,#8162,#8163);
#6646=AXIS2_PLACEMENT_3D('',#11481,#8164,#8165);
#6647=AXIS2_PLACEMENT_3D('',#11483,#8166,#8167);
#6648=AXIS2_PLACEMENT_3D('',#11485,#8168,#8169);
#6649=AXIS2_PLACEMENT_3D('',#11486,#8170,#8171);
#6650=AXIS2_PLACEMENT_3D('',#11487,#8172,#8173);
#6651=AXIS2_PLACEMENT_3D('',#11488,#8174,#8175);
#6652=AXIS2_PLACEMENT_3D('',#11502,#8176,#8177);
#6653=AXIS2_PLACEMENT_3D('',#11503,#8178,#8179);
#6654=AXIS2_PLACEMENT_3D('',#11505,#8181,#8182);
#6655=AXIS2_PLACEMENT_3D('',#11510,#8184,#8185);
#6656=AXIS2_PLACEMENT_3D('',#11512,#8186,#8187);
#6657=AXIS2_PLACEMENT_3D('',#11513,#8188,#8189);
#6658=AXIS2_PLACEMENT_3D('',#11514,#8190,#8191);
#6659=AXIS2_PLACEMENT_3D('',#11516,#8193,#8194);
#6660=AXIS2_PLACEMENT_3D('',#11518,#8195,#8196);
#6661=AXIS2_PLACEMENT_3D('',#11520,#8198,#8199);
#6662=AXIS2_PLACEMENT_3D('',#11524,#8201,#8202);
#6663=AXIS2_PLACEMENT_3D('',#11526,#8204,#8205);
#6664=AXIS2_PLACEMENT_3D('',#11528,#8206,#8207);
#6665=AXIS2_PLACEMENT_3D('',#11530,#8209,#8210);
#6666=AXIS2_PLACEMENT_3D('',#11533,#8212,#8213);
#6667=AXIS2_PLACEMENT_3D('',#11534,#8214,#8215);
#6668=AXIS2_PLACEMENT_3D('',#11538,#8217,#8218);
#6669=AXIS2_PLACEMENT_3D('',#11540,#8220,#8221);
#6670=AXIS2_PLACEMENT_3D('',#11542,#8222,#8223);
#6671=AXIS2_PLACEMENT_3D('',#11544,#8225,#8226);
#6672=AXIS2_PLACEMENT_3D('',#11547,#8228,#8229);
#6673=AXIS2_PLACEMENT_3D('',#11548,#8230,#8231);
#6674=AXIS2_PLACEMENT_3D('',#11550,#8233,#8234);
#6675=AXIS2_PLACEMENT_3D('',#11552,#8236,#8237);
#6676=AXIS2_PLACEMENT_3D('',#11553,#8238,#8239);
#6677=AXIS2_PLACEMENT_3D('',#11555,#8241,#8242);
#6678=AXIS2_PLACEMENT_3D('',#11557,#8244,#8245);
#6679=AXIS2_PLACEMENT_3D('',#11558,#8246,#8247);
#6680=AXIS2_PLACEMENT_3D('',#11571,#8254,#8255);
#6681=AXIS2_PLACEMENT_3D('',#11574,#8258,#8259);
#6682=AXIS2_PLACEMENT_3D('',#11576,#8261,#8262);
#6683=AXIS2_PLACEMENT_3D('',#11578,#8264,#8265);
#6684=AXIS2_PLACEMENT_3D('',#11580,#8267,#8268);
#6685=AXIS2_PLACEMENT_3D('',#11582,#8270,#8271);
#6686=AXIS2_PLACEMENT_3D('',#11583,#8272,#8273);
#6687=AXIS2_PLACEMENT_3D('',#11596,#8280,#8281);
#6688=AXIS2_PLACEMENT_3D('',#11599,#8284,#8285);
#6689=AXIS2_PLACEMENT_3D('',#11601,#8287,#8288);
#6690=AXIS2_PLACEMENT_3D('',#11603,#8290,#8291);
#6691=AXIS2_PLACEMENT_3D('',#11605,#8293,#8294);
#6692=AXIS2_PLACEMENT_3D('',#11607,#8296,#8297);
#6693=AXIS2_PLACEMENT_3D('',#11608,#8298,#8299);
#6694=AXIS2_PLACEMENT_3D('',#11621,#8306,#8307);
#6695=AXIS2_PLACEMENT_3D('',#11624,#8310,#8311);
#6696=AXIS2_PLACEMENT_3D('',#11626,#8313,#8314);
#6697=AXIS2_PLACEMENT_3D('',#11628,#8316,#8317);
#6698=AXIS2_PLACEMENT_3D('',#11630,#8319,#8320);
#6699=AXIS2_PLACEMENT_3D('',#11632,#8322,#8323);
#6700=AXIS2_PLACEMENT_3D('',#11633,#8324,#8325);
#6701=AXIS2_PLACEMENT_3D('',#11646,#8332,#8333);
#6702=AXIS2_PLACEMENT_3D('',#11649,#8336,#8337);
#6703=AXIS2_PLACEMENT_3D('',#11651,#8339,#8340);
#6704=AXIS2_PLACEMENT_3D('',#11653,#8342,#8343);
#6705=AXIS2_PLACEMENT_3D('',#11655,#8345,#8346);
#6706=AXIS2_PLACEMENT_3D('',#11657,#8348,#8349);
#6707=AXIS2_PLACEMENT_3D('',#11658,#8350,#8351);
#6708=AXIS2_PLACEMENT_3D('',#11661,#8352,#8353);
#6709=AXIS2_PLACEMENT_3D('',#11665,#8355,#8356);
#6710=AXIS2_PLACEMENT_3D('',#11667,#8357,#8358);
#6711=AXIS2_PLACEMENT_3D('',#11669,#8359,#8360);
#6712=AXIS2_PLACEMENT_3D('',#11671,#8362,#8363);
#6713=AXIS2_PLACEMENT_3D('',#11673,#8365,#8366);
#6714=AXIS2_PLACEMENT_3D('',#11675,#8368,#8369);
#6715=AXIS2_PLACEMENT_3D('',#11677,#8371,#8372);
#6716=AXIS2_PLACEMENT_3D('',#11679,#8374,#8375);
#6717=AXIS2_PLACEMENT_3D('',#11681,#8376,#8377);
#6718=AXIS2_PLACEMENT_3D('',#11688,#8381,#8382);
#6719=AXIS2_PLACEMENT_3D('',#11689,#8383,#8384);
#6720=AXIS2_PLACEMENT_3D('',#11692,#8385,#8386);
#6721=AXIS2_PLACEMENT_3D('',#11700,#8390,#8391);
#6722=AXIS2_PLACEMENT_3D('',#11702,#8393,#8394);
#6723=AXIS2_PLACEMENT_3D('',#11704,#8396,#8397);
#6724=AXIS2_PLACEMENT_3D('',#11707,#8398,#8399);
#6725=AXIS2_PLACEMENT_3D('',#11708,#8400,#8401);
#6726=AXIS2_PLACEMENT_3D('',#11709,#8402,#8403);
#6727=AXIS2_PLACEMENT_3D('',#11784,#8404,#8405);
#6728=AXIS2_PLACEMENT_3D('',#11785,#8406,#8407);
#6729=AXIS2_PLACEMENT_3D('',#11788,#8408,#8409);
#6730=AXIS2_PLACEMENT_3D('',#11789,#8410,#8411);
#6731=AXIS2_PLACEMENT_3D('',#11790,#8412,#8413);
#6732=AXIS2_PLACEMENT_3D('',#11791,#8414,#8415);
#6733=AXIS2_PLACEMENT_3D('',#11805,#8417,#8418);
#6734=AXIS2_PLACEMENT_3D('',#11806,#8419,#8420);
#6735=AXIS2_PLACEMENT_3D('',#11881,#8421,#8422);
#6736=AXIS2_PLACEMENT_3D('',#11894,#8423,#8424);
#6737=AXIS2_PLACEMENT_3D('',#11897,#8425,#8426);
#6738=AXIS2_PLACEMENT_3D('',#11900,#8429,#8430);
#6739=AXIS2_PLACEMENT_3D('',#11923,#8433,#8434);
#6740=AXIS2_PLACEMENT_3D('',#11924,#8435,#8436);
#6741=AXIS2_PLACEMENT_3D('',#11927,#8437,#8438);
#6742=AXIS2_PLACEMENT_3D('',#11928,#8439,#8440);
#6743=AXIS2_PLACEMENT_3D('',#11929,#8441,#8442);
#6744=AXIS2_PLACEMENT_3D('',#12004,#8443,#8444);
#6745=AXIS2_PLACEMENT_3D('',#12005,#8445,#8446);
#6746=AXIS2_PLACEMENT_3D('',#12008,#8447,#8448);
#6747=AXIS2_PLACEMENT_3D('',#12009,#8449,#8450);
#6748=AXIS2_PLACEMENT_3D('',#12010,#8451,#8452);
#6749=AXIS2_PLACEMENT_3D('',#12011,#8453,#8454);
#6750=AXIS2_PLACEMENT_3D('',#12012,#8455,#8456);
#6751=AXIS2_PLACEMENT_3D('',#12013,#8457,#8458);
#6752=AXIS2_PLACEMENT_3D('',#12088,#8459,#8460);
#6753=AXIS2_PLACEMENT_3D('',#12090,#8461,#8462);
#6754=AXIS2_PLACEMENT_3D('',#12096,#8467,#8468);
#6755=AXIS2_PLACEMENT_3D('',#12202,#8469,#8470);
#6756=AXIS2_PLACEMENT_3D('',#12203,#8471,#8472);
#6757=AXIS2_PLACEMENT_3D('',#12205,#8474,#8475);
#6758=AXIS2_PLACEMENT_3D('',#12206,#8476,#8477);
#6759=AXIS2_PLACEMENT_3D('',#12207,#8478,#8479);
#6760=AXIS2_PLACEMENT_3D('',#12208,#8480,#8481);
#6761=AXIS2_PLACEMENT_3D('',#12209,#8482,#8483);
#6762=AXIS2_PLACEMENT_3D('',#12212,#8486,#8487);
#6763=AXIS2_PLACEMENT_3D('',#12213,#8488,#8489);
#6764=AXIS2_PLACEMENT_3D('',#12215,#8491,#8492);
#6765=AXIS2_PLACEMENT_3D('',#12326,#8493,#8494);
#6766=AXIS2_PLACEMENT_3D('',#12327,#8495,#8496);
#6767=AXIS2_PLACEMENT_3D('',#12328,#8497,#8498);
#6768=DIRECTION('axis',(0.,0.,1.));
#6769=DIRECTION('refdir',(1.,0.,0.));
#6770=DIRECTION('center_axis',(0.,0.,1.));
#6771=DIRECTION('ref_axis',(-0.707106781186548,0.707106781186548,0.));
#6772=DIRECTION('center_axis',(-2.46374041525693E-16,0.,-1.));
#6773=DIRECTION('ref_axis',(-0.707106781186548,0.707106781186548,0.));
#6774=DIRECTION('',(0.,0.,-1.));
#6775=DIRECTION('center_axis',(0.,0.,-1.));
#6776=DIRECTION('ref_axis',(-0.707106781186548,0.707106781186548,0.));
#6777=DIRECTION('',(0.,0.,1.));
#6778=DIRECTION('center_axis',(0.,1.,0.));
#6779=DIRECTION('ref_axis',(-1.,0.,0.));
#6780=DIRECTION('',(-1.,0.,0.));
#6781=DIRECTION('',(0.,0.,-1.));
#6782=DIRECTION('',(-1.,0.,2.46374041525693E-16));
#6783=DIRECTION('center_axis',(0.,0.,1.));
#6784=DIRECTION('ref_axis',(-0.707106781186549,-0.707106781186546,0.));
#6785=DIRECTION('center_axis',(-2.46374041525693E-16,0.,-1.));
#6786=DIRECTION('ref_axis',(-0.707106781186549,-0.707106781186546,0.));
#6787=DIRECTION('',(0.,0.,-1.));
#6788=DIRECTION('center_axis',(0.,0.,-1.));
#6789=DIRECTION('ref_axis',(-0.707106781186549,-0.707106781186546,0.));
#6790=DIRECTION('',(0.,0.,1.));
#6791=DIRECTION('center_axis',(-1.,0.,0.));
#6792=DIRECTION('ref_axis',(0.,-1.,0.));
#6793=DIRECTION('',(0.,-1.,0.));
#6794=DIRECTION('',(0.,-1.,0.));
#6795=DIRECTION('center_axis',(0.,0.,1.));
#6796=DIRECTION('ref_axis',(0.70710678118655,-0.707106781186545,0.));
#6797=DIRECTION('center_axis',(-2.46374041525693E-16,0.,-1.));
#6798=DIRECTION('ref_axis',(0.70710678118655,-0.707106781186545,0.));
#6799=DIRECTION('',(0.,0.,-1.));
#6800=DIRECTION('center_axis',(0.,0.,-1.));
#6801=DIRECTION('ref_axis',(0.70710678118655,-0.707106781186545,0.));
#6802=DIRECTION('',(0.,0.,1.));
#6803=DIRECTION('center_axis',(0.,-1.,0.));
#6804=DIRECTION('ref_axis',(1.,0.,0.));
#6805=DIRECTION('',(1.,0.,-2.46374041525693E-16));
#6806=DIRECTION('',(1.,0.,0.));
#6807=DIRECTION('center_axis',(0.,0.,1.));
#6808=DIRECTION('ref_axis',(0.707106781186548,0.707106781186548,0.));
#6809=DIRECTION('center_axis',(-2.46374041525693E-16,0.,-1.));
#6810=DIRECTION('ref_axis',(0.707106781186548,0.707106781186548,0.));
#6811=DIRECTION('center_axis',(0.,0.,-1.));
#6812=DIRECTION('ref_axis',(0.707106781186548,0.707106781186548,0.));
#6813=DIRECTION('',(0.,0.,1.));
#6814=DIRECTION('center_axis',(1.,-1.09202264717228E-16,0.));
#6815=DIRECTION('ref_axis',(1.09202264717228E-16,1.,0.));
#6816=DIRECTION('',(1.09202264717228E-16,1.,-2.69046033021422E-32));
#6817=DIRECTION('',(1.09202264717228E-16,1.,0.));
#6818=DIRECTION('center_axis',(0.,0.,-1.));
#6819=DIRECTION('ref_axis',(-1.,0.,0.));
#6820=DIRECTION('center_axis',(0.,0.,-1.));
#6821=DIRECTION('ref_axis',(-0.707106781186546,-0.707106781186549,0.));
#6822=DIRECTION('',(1.,0.,0.));
#6823=DIRECTION('',(0.,-1.,0.));
#6824=DIRECTION('center_axis',(0.,0.,1.));
#6825=DIRECTION('ref_axis',(1.,0.,0.));
#6826=DIRECTION('center_axis',(0.,0.,1.));
#6827=DIRECTION('ref_axis',(-0.707106781186546,-0.707106781186549,0.));
#6828=DIRECTION('',(0.,1.,0.));
#6829=DIRECTION('',(-1.,0.,0.));
#6830=DIRECTION('center_axis',(0.,0.,1.));
#6831=DIRECTION('ref_axis',(1.,0.,0.));
#6832=DIRECTION('center_axis',(0.,0.,1.));
#6833=DIRECTION('ref_axis',(0.707106781186546,-0.707106781186549,0.));
#6834=DIRECTION('',(-1.,0.,0.));
#6835=DIRECTION('',(0.,-1.,0.));
#6836=DIRECTION('center_axis',(0.,0.,-1.));
#6837=DIRECTION('ref_axis',(-1.,0.,0.));
#6838=DIRECTION('center_axis',(0.,0.,-1.));
#6839=DIRECTION('ref_axis',(0.707106781186546,-0.707106781186549,0.));
#6840=DIRECTION('',(0.,1.,0.));
#6841=DIRECTION('',(1.,0.,0.));
#6842=DIRECTION('center_axis',(0.,0.,1.));
#6843=DIRECTION('ref_axis',(1.,0.,0.));
#6844=DIRECTION('center_axis',(0.,0.,1.));
#6845=DIRECTION('ref_axis',(0.707106781186546,-0.707106781186549,0.));
#6846=DIRECTION('',(-1.,0.,0.));
#6847=DIRECTION('',(0.,-1.,0.));
#6848=DIRECTION('center_axis',(0.,0.,-1.));
#6849=DIRECTION('ref_axis',(-1.,0.,0.));
#6850=DIRECTION('center_axis',(0.,0.,-1.));
#6851=DIRECTION('ref_axis',(0.707106781186546,-0.707106781186549,0.));
#6852=DIRECTION('',(0.,1.,0.));
#6853=DIRECTION('',(1.,0.,0.));
#6854=DIRECTION('center_axis',(0.,0.,-1.));
#6855=DIRECTION('ref_axis',(-1.,0.,0.));
#6856=DIRECTION('center_axis',(0.,0.,-1.));
#6857=DIRECTION('ref_axis',(-0.707106781186546,-0.707106781186549,0.));
#6858=DIRECTION('',(1.,0.,0.));
#6859=DIRECTION('',(0.,-1.,0.));
#6860=DIRECTION('center_axis',(0.,0.,1.));
#6861=DIRECTION('ref_axis',(1.,0.,0.));
#6862=DIRECTION('center_axis',(0.,0.,1.));
#6863=DIRECTION('ref_axis',(-0.707106781186546,-0.707106781186549,0.));
#6864=DIRECTION('',(0.,1.,0.));
#6865=DIRECTION('',(-1.,0.,0.));
#6866=DIRECTION('center_axis',(2.14665479081601E-16,0.,1.));
#6867=DIRECTION('ref_axis',(-0.707106781186546,-0.707106781186549,0.));
#6868=DIRECTION('',(-2.14665479081601E-16,0.,-1.));
#6869=DIRECTION('center_axis',(0.,-3.5527136788005E-14,-1.));
#6870=DIRECTION('ref_axis',(-1.,0.,0.));
#6871=DIRECTION('',(2.14665479081601E-16,0.,1.));
#6872=DIRECTION('center_axis',(2.14665479081601E-16,0.,1.));
#6873=DIRECTION('ref_axis',(-0.707106781186546,-0.707106781186549,0.));
#6874=DIRECTION('',(2.14665479081601E-16,0.,1.));
#6875=DIRECTION('',(-2.14665479081601E-16,0.,-1.));
#6876=DIRECTION('center_axis',(2.14665479081601E-16,0.,1.));
#6877=DIRECTION('ref_axis',(-0.707106781186546,-0.707106781186549,0.));
#6878=DIRECTION('',(-2.14665479081601E-16,0.,-1.));
#6879=DIRECTION('',(2.14665479081601E-16,0.,1.));
#6880=DIRECTION('center_axis',(-5.36663697704003E-17,0.,-1.));
#6881=DIRECTION('ref_axis',(0.707106781186546,-0.707106781186549,0.));
#6882=DIRECTION('',(-5.36663697704003E-17,0.,-1.));
#6883=DIRECTION('center_axis',(0.,3.5527136788005E-14,-1.));
#6884=DIRECTION('ref_axis',(1.,0.,0.));
#6885=DIRECTION('',(5.36663697704003E-17,0.,1.));
#6886=DIRECTION('center_axis',(-5.36663697704003E-17,0.,-1.));
#6887=DIRECTION('ref_axis',(0.707106781186546,-0.707106781186549,0.));
#6888=DIRECTION('',(5.36663697704003E-17,0.,1.));
#6889=DIRECTION('',(-5.36663697704003E-17,0.,-1.));
#6890=DIRECTION('center_axis',(-5.36663697704003E-17,0.,-1.));
#6891=DIRECTION('ref_axis',(0.707106781186546,-0.707106781186549,0.));
#6892=DIRECTION('',(-5.36663697704003E-17,0.,-1.));
#6893=DIRECTION('',(5.36663697704003E-17,0.,1.));
#6894=DIRECTION('center_axis',(-0.866025403784438,0.,0.500000000000001));
#6895=DIRECTION('ref_axis',(0.500000000000001,0.,0.866025403784438));
#6896=DIRECTION('',(0.500000000000001,0.,0.866025403784438));
#6897=DIRECTION('',(0.,1.,0.));
#6898=DIRECTION('',(0.500000000000001,0.,0.866025403784438));
#6899=DIRECTION('',(0.,1.,0.));
#6900=DIRECTION('center_axis',(-0.866025403784439,0.,-0.499999999999999));
#6901=DIRECTION('ref_axis',(-0.499999999999999,0.,0.866025403784439));
#6902=DIRECTION('',(-0.499999999999999,0.,0.866025403784439));
#6903=DIRECTION('',(0.,1.,0.));
#6904=DIRECTION('',(-0.499999999999999,0.,0.866025403784439));
#6905=DIRECTION('center_axis',(-2.22044604925031E-15,0.,-1.));
#6906=DIRECTION('ref_axis',(-1.,0.,2.22044604925031E-15));
#6907=DIRECTION('',(-1.,0.,2.22044604925031E-15));
#6908=DIRECTION('',(0.,1.,0.));
#6909=DIRECTION('',(-1.,0.,2.22044604925031E-15));
#6910=DIRECTION('center_axis',(0.866025403784437,0.,-0.500000000000003));
#6911=DIRECTION('ref_axis',(-0.500000000000003,0.,-0.866025403784437));
#6912=DIRECTION('',(-0.500000000000003,0.,-0.866025403784437));
#6913=DIRECTION('',(0.,1.,0.));
#6914=DIRECTION('',(-0.500000000000003,0.,-0.866025403784437));
#6915=DIRECTION('center_axis',(0.866025403784438,0.,0.500000000000002));
#6916=DIRECTION('ref_axis',(0.500000000000002,0.,-0.866025403784438));
#6917=DIRECTION('',(0.500000000000002,0.,-0.866025403784438));
#6918=DIRECTION('',(0.,1.,0.));
#6919=DIRECTION('',(0.500000000000002,0.,-0.866025403784438));
#6920=DIRECTION('center_axis',(-2.96059473233376E-15,0.,1.));
#6921=DIRECTION('ref_axis',(1.,0.,2.96059473233376E-15));
#6922=DIRECTION('',(1.,0.,2.96059473233376E-15));
#6923=DIRECTION('',(1.,0.,2.96059473233376E-15));
#6924=DIRECTION('center_axis',(0.,-1.,0.));
#6925=DIRECTION('ref_axis',(0.,0.,-1.));
#6926=DIRECTION('center_axis',(0.,-1.,0.));
#6927=DIRECTION('ref_axis',(1.,0.,0.));
#6928=DIRECTION('center_axis',(0.866025403784443,0.,-0.499999999999993));
#6929=DIRECTION('ref_axis',(-0.499999999999993,0.,-0.866025403784443));
#6930=DIRECTION('',(-0.499999999999993,0.,-0.866025403784443));
#6931=DIRECTION('',(0.,1.,0.));
#6932=DIRECTION('',(-0.499999999999993,0.,-0.866025403784443));
#6933=DIRECTION('',(0.,1.,0.));
#6934=DIRECTION('center_axis',(0.866025403784435,0.,0.500000000000006));
#6935=DIRECTION('ref_axis',(0.500000000000006,0.,-0.866025403784435));
#6936=DIRECTION('',(0.500000000000006,0.,-0.866025403784435));
#6937=DIRECTION('',(0.,1.,0.));
#6938=DIRECTION('',(0.500000000000006,0.,-0.866025403784435));
#6939=DIRECTION('center_axis',(-5.92118946466752E-15,0.,1.));
#6940=DIRECTION('ref_axis',(1.,0.,5.92118946466752E-15));
#6941=DIRECTION('',(1.,0.,5.92118946466752E-15));
#6942=DIRECTION('',(0.,1.,0.));
#6943=DIRECTION('',(1.,0.,5.92118946466752E-15));
#6944=DIRECTION('center_axis',(-0.86602540378444,0.,0.499999999999998));
#6945=DIRECTION('ref_axis',(0.499999999999998,0.,0.86602540378444));
#6946=DIRECTION('',(0.499999999999998,0.,0.86602540378444));
#6947=DIRECTION('',(0.,1.,0.));
#6948=DIRECTION('',(0.499999999999998,0.,0.86602540378444));
#6949=DIRECTION('center_axis',(-0.866025403784435,0.,-0.500000000000006));
#6950=DIRECTION('ref_axis',(-0.500000000000006,0.,0.866025403784435));
#6951=DIRECTION('',(-0.500000000000006,0.,0.866025403784435));
#6952=DIRECTION('',(0.,1.,0.));
#6953=DIRECTION('',(-0.500000000000006,0.,0.866025403784435));
#6954=DIRECTION('center_axis',(1.1842378929335E-14,0.,-1.));
#6955=DIRECTION('ref_axis',(-1.,0.,-1.1842378929335E-14));
#6956=DIRECTION('',(-1.,0.,-1.1842378929335E-14));
#6957=DIRECTION('',(-1.,0.,-1.1842378929335E-14));
#6958=DIRECTION('center_axis',(0.,-1.,0.));
#6959=DIRECTION('ref_axis',(0.,0.,-1.));
#6960=DIRECTION('center_axis',(0.,-1.,0.));
#6961=DIRECTION('ref_axis',(1.,0.,0.));
#6962=DIRECTION('center_axis',(-0.866025403784438,0.,0.500000000000002));
#6963=DIRECTION('ref_axis',(0.500000000000002,0.,0.866025403784437));
#6964=DIRECTION('',(0.500000000000002,0.,0.866025403784437));
#6965=DIRECTION('',(0.,1.,0.));
#6966=DIRECTION('',(0.500000000000002,0.,0.866025403784437));
#6967=DIRECTION('',(0.,1.,0.));
#6968=DIRECTION('center_axis',(-0.866025403784441,0.,-0.499999999999996));
#6969=DIRECTION('ref_axis',(-0.499999999999996,0.,0.866025403784441));
#6970=DIRECTION('',(-0.499999999999996,0.,0.866025403784441));
#6971=DIRECTION('',(0.,1.,0.));
#6972=DIRECTION('',(-0.499999999999996,0.,0.866025403784441));
#6973=DIRECTION('center_axis',(-2.96059473233375E-15,0.,-1.));
#6974=DIRECTION('ref_axis',(-1.,0.,2.96059473233375E-15));
#6975=DIRECTION('',(-1.,0.,2.96059473233375E-15));
#6976=DIRECTION('',(0.,1.,0.));
#6977=DIRECTION('',(-1.,0.,2.96059473233375E-15));
#6978=DIRECTION('center_axis',(0.866025403784435,0.,-0.500000000000006));
#6979=DIRECTION('ref_axis',(-0.500000000000006,0.,-0.866025403784435));
#6980=DIRECTION('',(-0.500000000000006,0.,-0.866025403784435));
#6981=DIRECTION('',(0.,1.,0.));
#6982=DIRECTION('',(-0.500000000000006,0.,-0.866025403784435));
#6983=DIRECTION('center_axis',(0.866025403784441,0.,0.499999999999997));
#6984=DIRECTION('ref_axis',(0.499999999999997,0.,-0.866025403784441));
#6985=DIRECTION('',(0.499999999999997,0.,-0.866025403784441));
#6986=DIRECTION('',(0.,1.,0.));
#6987=DIRECTION('',(0.499999999999997,0.,-0.866025403784441));
#6988=DIRECTION('center_axis',(-1.1842378929335E-14,0.,1.));
#6989=DIRECTION('ref_axis',(1.,0.,1.1842378929335E-14));
#6990=DIRECTION('',(1.,0.,1.1842378929335E-14));
#6991=DIRECTION('',(1.,0.,1.1842378929335E-14));
#6992=DIRECTION('center_axis',(0.,-1.,0.));
#6993=DIRECTION('ref_axis',(0.,0.,-1.));
#6994=DIRECTION('center_axis',(0.,-1.,0.));
#6995=DIRECTION('ref_axis',(1.,0.,0.));
#6996=DIRECTION('center_axis',(0.866025403784438,0.,-0.500000000000001));
#6997=DIRECTION('ref_axis',(-0.500000000000001,0.,-0.866025403784438));
#6998=DIRECTION('',(-0.500000000000001,0.,-0.866025403784438));
#6999=DIRECTION('',(0.,1.,0.));
#7000=DIRECTION('',(-0.500000000000001,0.,-0.866025403784438));
#7001=DIRECTION('',(0.,1.,0.));
#7002=DIRECTION('center_axis',(0.866025403784439,0.,0.499999999999999));
#7003=DIRECTION('ref_axis',(0.499999999999999,0.,-0.866025403784439));
#7004=DIRECTION('',(0.499999999999999,0.,-0.866025403784439));
#7005=DIRECTION('',(0.,1.,0.));
#7006=DIRECTION('',(0.499999999999999,0.,-0.866025403784439));
#7007=DIRECTION('center_axis',(0.,0.,1.));
#7008=DIRECTION('ref_axis',(1.,0.,0.));
#7009=DIRECTION('',(1.,0.,0.));
#7010=DIRECTION('',(0.,1.,0.));
#7011=DIRECTION('',(1.,0.,0.));
#7012=DIRECTION('center_axis',(-0.866025403784439,0.,0.5));
#7013=DIRECTION('ref_axis',(0.5,0.,0.866025403784439));
#7014=DIRECTION('',(0.5,0.,0.866025403784439));
#7015=DIRECTION('',(0.,1.,0.));
#7016=DIRECTION('',(0.5,0.,0.866025403784439));
#7017=DIRECTION('center_axis',(-0.866025403784439,0.,-0.5));
#7018=DIRECTION('ref_axis',(-0.5,0.,0.866025403784439));
#7019=DIRECTION('',(-0.5,0.,0.866025403784439));
#7020=DIRECTION('',(0.,1.,0.));
#7021=DIRECTION('',(-0.5,0.,0.866025403784439));
#7022=DIRECTION('center_axis',(-3.70074341541719E-16,0.,-1.));
#7023=DIRECTION('ref_axis',(-1.,0.,3.70074341541719E-16));
#7024=DIRECTION('',(-1.,0.,3.70074341541719E-16));
#7025=DIRECTION('',(-1.,0.,3.70074341541719E-16));
#7026=DIRECTION('center_axis',(0.,-1.,0.));
#7027=DIRECTION('ref_axis',(0.,0.,-1.));
#7028=DIRECTION('center_axis',(0.,-1.,0.));
#7029=DIRECTION('ref_axis',(1.,0.,0.));
#7030=DIRECTION('center_axis',(0.866025403784438,0.,-0.500000000000002));
#7031=DIRECTION('ref_axis',(-0.500000000000002,0.,-0.866025403784437));
#7032=DIRECTION('',(-0.500000000000002,0.,-0.866025403784437));
#7033=DIRECTION('',(0.,1.,0.));
#7034=DIRECTION('',(-0.500000000000002,0.,-0.866025403784437));
#7035=DIRECTION('',(0.,1.,0.));
#7036=DIRECTION('center_axis',(0.866025403784439,0.,0.5));
#7037=DIRECTION('ref_axis',(0.5,0.,-0.866025403784439));
#7038=DIRECTION('',(0.5,0.,-0.866025403784439));
#7039=DIRECTION('',(0.,1.,0.));
#7040=DIRECTION('',(0.5,0.,-0.866025403784439));
#7041=DIRECTION('center_axis',(0.,0.,1.));
#7042=DIRECTION('ref_axis',(1.,0.,0.));
#7043=DIRECTION('',(1.,0.,0.));
#7044=DIRECTION('',(0.,1.,0.));
#7045=DIRECTION('',(1.,0.,0.));
#7046=DIRECTION('center_axis',(-0.866025403784438,0.,0.500000000000001));
#7047=DIRECTION('ref_axis',(0.500000000000001,0.,0.866025403784438));
#7048=DIRECTION('',(0.500000000000001,0.,0.866025403784438));
#7049=DIRECTION('',(0.,1.,0.));
#7050=DIRECTION('',(0.500000000000001,0.,0.866025403784438));
#7051=DIRECTION('center_axis',(-0.866025403784439,0.,-0.499999999999999));
#7052=DIRECTION('ref_axis',(-0.499999999999999,0.,0.866025403784439));
#7053=DIRECTION('',(-0.499999999999999,0.,0.866025403784439));
#7054=DIRECTION('',(0.,1.,0.));
#7055=DIRECTION('',(-0.499999999999999,0.,0.866025403784439));
#7056=DIRECTION('center_axis',(0.,0.,-1.));
#7057=DIRECTION('ref_axis',(-1.,0.,0.));
#7058=DIRECTION('',(-1.,0.,0.));
#7059=DIRECTION('',(-1.,0.,0.));
#7060=DIRECTION('center_axis',(0.,-1.,0.));
#7061=DIRECTION('ref_axis',(0.,0.,-1.));
#7062=DIRECTION('center_axis',(0.,-1.,0.));
#7063=DIRECTION('ref_axis',(1.,0.,0.));
#7064=DIRECTION('center_axis',(-0.866025403784442,0.,0.499999999999993));
#7065=DIRECTION('ref_axis',(0.499999999999993,0.,0.866025403784442));
#7066=DIRECTION('',(0.499999999999993,0.,0.866025403784442));
#7067=DIRECTION('',(0.,1.,0.));
#7068=DIRECTION('',(0.499999999999993,0.,0.866025403784442));
#7069=DIRECTION('',(0.,1.,0.));
#7070=DIRECTION('center_axis',(-0.86602540378444,0.,-0.499999999999998));
#7071=DIRECTION('ref_axis',(-0.499999999999998,0.,0.86602540378444));
#7072=DIRECTION('',(-0.499999999999998,0.,0.86602540378444));
#7073=DIRECTION('',(0.,1.,0.));
#7074=DIRECTION('',(-0.499999999999998,0.,0.86602540378444));
#7075=DIRECTION('center_axis',(-5.9211894646675E-15,0.,-1.));
#7076=DIRECTION('ref_axis',(-1.,0.,5.9211894646675E-15));
#7077=DIRECTION('',(-1.,0.,5.9211894646675E-15));
#7078=DIRECTION('',(0.,1.,0.));
#7079=DIRECTION('',(-1.,0.,5.9211894646675E-15));
#7080=DIRECTION('center_axis',(0.866025403784437,0.,-0.500000000000003));
#7081=DIRECTION('ref_axis',(-0.500000000000003,0.,-0.866025403784437));
#7082=DIRECTION('',(-0.500000000000003,0.,-0.866025403784437));
#7083=DIRECTION('',(0.,1.,0.));
#7084=DIRECTION('',(-0.500000000000003,0.,-0.866025403784437));
#7085=DIRECTION('center_axis',(0.866025403784445,0.,0.499999999999989));
#7086=DIRECTION('ref_axis',(0.499999999999989,0.,-0.866025403784445));
#7087=DIRECTION('',(0.499999999999989,0.,-0.866025403784445));
#7088=DIRECTION('',(0.,1.,0.));
#7089=DIRECTION('',(0.499999999999989,0.,-0.866025403784445));
#7090=DIRECTION('center_axis',(5.9211894646674E-15,0.,1.));
#7091=DIRECTION('ref_axis',(1.,0.,-5.9211894646674E-15));
#7092=DIRECTION('',(1.,0.,-5.9211894646674E-15));
#7093=DIRECTION('',(1.,0.,-5.9211894646674E-15));
#7094=DIRECTION('center_axis',(0.,-1.,0.));
#7095=DIRECTION('ref_axis',(0.,0.,-1.));
#7096=DIRECTION('center_axis',(0.,-1.,0.));
#7097=DIRECTION('ref_axis',(1.,0.,0.));
#7098=DIRECTION('center_axis',(0.,1.,0.));
#7099=DIRECTION('ref_axis',(1.,0.,0.));
#7100=DIRECTION('center_axis',(0.,1.,0.));
#7101=DIRECTION('ref_axis',(1.,0.,0.));
#7102=DIRECTION('',(0.,1.,0.));
#7103=DIRECTION('center_axis',(0.,-1.,-1.2455064598027E-16));
#7104=DIRECTION('ref_axis',(1.,0.,0.));
#7105=DIRECTION('center_axis',(0.,1.,0.));
#7106=DIRECTION('ref_axis',(1.,0.,0.));
#7107=DIRECTION('center_axis',(0.,1.,0.));
#7108=DIRECTION('ref_axis',(1.,0.,0.));
#7109=DIRECTION('',(0.,1.,0.));
#7110=DIRECTION('center_axis',(0.,-1.,1.2455064598027E-16));
#7111=DIRECTION('ref_axis',(1.,0.,0.));
#7112=DIRECTION('center_axis',(0.,1.,0.));
#7113=DIRECTION('ref_axis',(1.,0.,0.));
#7114=DIRECTION('center_axis',(0.,1.,0.));
#7115=DIRECTION('ref_axis',(1.,0.,0.));
#7116=DIRECTION('',(0.,1.,0.));
#7117=DIRECTION('center_axis',(0.,-1.,-1.2455064598027E-16));
#7118=DIRECTION('ref_axis',(1.,0.,0.));
#7119=DIRECTION('center_axis',(0.,1.,0.));
#7120=DIRECTION('ref_axis',(1.,0.,0.));
#7121=DIRECTION('center_axis',(0.,1.,0.));
#7122=DIRECTION('ref_axis',(1.,0.,0.));
#7123=DIRECTION('',(0.,1.,0.));
#7124=DIRECTION('center_axis',(0.,-1.,1.2455064598027E-16));
#7125=DIRECTION('ref_axis',(1.,0.,0.));
#7126=DIRECTION('center_axis',(0.,-1.,1.2455064598027E-16));
#7127=DIRECTION('ref_axis',(2.14665479081601E-16,1.2455064598027E-16,1.));
#7128=DIRECTION('center_axis',(0.,1.,-1.2455064598027E-16));
#7129=DIRECTION('ref_axis',(0.578479985039541,0.,0.815696577722778));
#7130=DIRECTION('center_axis',(0.,-1.,1.2455064598027E-16));
#7131=DIRECTION('ref_axis',(0.707106781186548,0.,-0.707106781186547));
#7132=DIRECTION('center_axis',(0.,1.,-1.2455064598027E-16));
#7133=DIRECTION('ref_axis',(0.578479985039541,0.,-0.815696577722778));
#7134=DIRECTION('',(2.14665479081601E-16,1.2455064598027E-16,1.));
#7135=DIRECTION('center_axis',(0.,1.,0.));
#7136=DIRECTION('ref_axis',(-2.14665479081601E-16,0.,-1.));
#7137=DIRECTION('center_axis',(0.,-1.,0.));
#7138=DIRECTION('ref_axis',(0.578479985039541,0.,0.815696577722778));
#7139=DIRECTION('',(-2.14665479081601E-16,0.,-1.));
#7140=DIRECTION('center_axis',(0.,-1.,0.));
#7141=DIRECTION('ref_axis',(0.578479985039541,0.,-0.815696577722778));
#7142=DIRECTION('center_axis',(0.,1.,0.));
#7143=DIRECTION('ref_axis',(0.707106781186548,0.,-0.707106781186547));
#7144=DIRECTION('center_axis',(0.,1.,0.));
#7145=DIRECTION('ref_axis',(-2.14665479081601E-16,0.,-1.));
#7146=DIRECTION('center_axis',(0.,-1.,0.));
#7147=DIRECTION('ref_axis',(0.578479985039534,0.,0.815696577722783));
#7148=DIRECTION('',(-2.14665479081601E-16,0.,-1.));
#7149=DIRECTION('center_axis',(0.,-1.,0.));
#7150=DIRECTION('ref_axis',(0.578479985039536,0.,-0.815696577722782));
#7151=DIRECTION('center_axis',(0.,1.,0.));
#7152=DIRECTION('ref_axis',(0.707106781186549,0.,-0.707106781186546));
#7153=DIRECTION('center_axis',(0.,-1.,1.2455064598027E-16));
#7154=DIRECTION('ref_axis',(2.14665479081601E-16,1.2455064598027E-16,1.));
#7155=DIRECTION('center_axis',(0.,1.,-1.2455064598027E-16));
#7156=DIRECTION('ref_axis',(0.578479985039534,0.,0.815696577722783));
#7157=DIRECTION('center_axis',(0.,-1.,1.2455064598027E-16));
#7158=DIRECTION('ref_axis',(0.707106781186549,0.,-0.707106781186546));
#7159=DIRECTION('center_axis',(0.,1.,-1.2455064598027E-16));
#7160=DIRECTION('ref_axis',(0.578479985039536,0.,-0.815696577722782));
#7161=DIRECTION('',(2.14665479081601E-16,1.2455064598027E-16,1.));
#7162=DIRECTION('center_axis',(0.,1.,0.));
#7163=DIRECTION('ref_axis',(0.578479985039534,0.,0.815696577722783));
#7164=DIRECTION('',(0.,-1.,0.));
#7165=DIRECTION('center_axis',(0.,-1.,0.));
#7166=DIRECTION('ref_axis',(0.578479985039534,0.,0.815696577722783));
#7167=DIRECTION('',(0.,1.,0.));
#7168=DIRECTION('center_axis',(0.,1.,0.));
#7169=DIRECTION('ref_axis',(0.578479985039534,0.,0.815696577722783));
#7170=DIRECTION('',(0.,1.,0.));
#7171=DIRECTION('center_axis',(0.,1.,0.));
#7172=DIRECTION('ref_axis',(0.578479985039534,0.,0.815696577722783));
#7173=DIRECTION('',(0.,-1.,0.));
#7174=DIRECTION('center_axis',(0.,-1.,0.));
#7175=DIRECTION('ref_axis',(-1.,0.,2.35513868802566E-16));
#7176=DIRECTION('center_axis',(0.,-1.,0.));
#7177=DIRECTION('ref_axis',(0.707106781186549,0.,-0.707106781186546));
#7178=DIRECTION('',(0.,-1.,0.));
#7179=DIRECTION('center_axis',(0.,-1.,0.));
#7180=DIRECTION('ref_axis',(-1.,0.,6.2803698347351E-16));
#7181=DIRECTION('',(0.,-1.,0.));
#7182=DIRECTION('center_axis',(0.,1.,0.));
#7183=DIRECTION('ref_axis',(0.707106781186549,0.,-0.707106781186546));
#7184=DIRECTION('center_axis',(0.,-1.,0.));
#7185=DIRECTION('ref_axis',(0.578479985039536,0.,-0.815696577722782));
#7186=DIRECTION('center_axis',(0.,-1.,0.));
#7187=DIRECTION('ref_axis',(0.578479985039536,0.,-0.815696577722782));
#7188=DIRECTION('',(0.,1.,0.));
#7189=DIRECTION('center_axis',(0.,-1.,0.));
#7190=DIRECTION('ref_axis',(0.578479985039536,0.,-0.815696577722782));
#7191=DIRECTION('',(0.,1.,0.));
#7192=DIRECTION('center_axis',(0.,1.,0.));
#7193=DIRECTION('ref_axis',(0.578479985039536,0.,-0.815696577722782));
#7194=DIRECTION('center_axis',(0.,1.,0.));
#7195=DIRECTION('ref_axis',(0.578479985039541,0.,0.815696577722778));
#7196=DIRECTION('',(0.,1.,0.));
#7197=DIRECTION('center_axis',(0.,1.,0.));
#7198=DIRECTION('ref_axis',(0.578479985039541,0.,0.815696577722778));
#7199=DIRECTION('',(0.,-1.,0.));
#7200=DIRECTION('center_axis',(0.,1.,0.));
#7201=DIRECTION('ref_axis',(0.578479985039541,0.,0.815696577722778));
#7202=DIRECTION('',(0.,-1.,0.));
#7203=DIRECTION('center_axis',(0.,-1.,0.));
#7204=DIRECTION('ref_axis',(0.578479985039541,0.,0.815696577722778));
#7205=DIRECTION('',(0.,1.,0.));
#7206=DIRECTION('center_axis',(0.,-1.,0.));
#7207=DIRECTION('ref_axis',(-1.,0.,7.85046229341887E-17));
#7208=DIRECTION('',(0.,-1.,0.));
#7209=DIRECTION('center_axis',(0.,1.,0.));
#7210=DIRECTION('ref_axis',(0.707106781186548,0.,-0.707106781186547));
#7211=DIRECTION('center_axis',(0.,-1.,0.));
#7212=DIRECTION('ref_axis',(0.578479985039541,0.,-0.815696577722778));
#7213=DIRECTION('',(0.,1.,0.));
#7214=DIRECTION('center_axis',(0.,1.,0.));
#7215=DIRECTION('ref_axis',(0.578479985039541,0.,-0.815696577722778));
#7216=DIRECTION('center_axis',(0.,-1.,0.));
#7217=DIRECTION('ref_axis',(1.,0.,0.));
#7218=DIRECTION('center_axis',(0.,-1.,0.));
#7219=DIRECTION('ref_axis',(1.,0.,0.));
#7220=DIRECTION('',(0.,-1.,0.));
#7221=DIRECTION('center_axis',(0.,-1.,0.));
#7222=DIRECTION('ref_axis',(1.,0.,0.));
#7223=DIRECTION('center_axis',(0.,-1.,0.));
#7224=DIRECTION('ref_axis',(1.,0.,0.));
#7225=DIRECTION('',(0.,-1.,0.));
#7226=DIRECTION('center_axis',(0.,-1.,-1.2455064598027E-16));
#7227=DIRECTION('ref_axis',(-5.36663697704003E-17,1.2455064598027E-16,-1.));
#7228=DIRECTION('center_axis',(0.,1.,1.2455064598027E-16));
#7229=DIRECTION('ref_axis',(-0.578479985039536,0.,0.815696577722782));
#7230=DIRECTION('',(-5.36663697704003E-17,1.2455064598027E-16,-1.));
#7231=DIRECTION('center_axis',(0.,1.,1.2455064598027E-16));
#7232=DIRECTION('ref_axis',(-0.578479985039536,0.,-0.815696577722782));
#7233=DIRECTION('center_axis',(0.,-1.,-1.2455064598027E-16));
#7234=DIRECTION('ref_axis',(-0.707106781186547,0.,0.707106781186548));
#7235=DIRECTION('center_axis',(0.,-1.,-1.2455064598027E-16));
#7236=DIRECTION('ref_axis',(-5.36663697704003E-17,1.2455064598027E-16,-1.));
#7237=DIRECTION('center_axis',(0.,1.,1.2455064598027E-16));
#7238=DIRECTION('ref_axis',(-0.578479985039536,0.,0.815696577722782));
#7239=DIRECTION('',(-5.36663697704003E-17,1.2455064598027E-16,-1.));
#7240=DIRECTION('center_axis',(0.,1.,1.2455064598027E-16));
#7241=DIRECTION('ref_axis',(-0.578479985039536,0.,-0.815696577722782));
#7242=DIRECTION('center_axis',(0.,-1.,-1.2455064598027E-16));
#7243=DIRECTION('ref_axis',(-0.70710678118655,0.,0.707106781186545));
#7244=DIRECTION('center_axis',(0.,1.,0.));
#7245=DIRECTION('ref_axis',(5.36663697704003E-17,0.,1.));
#7246=DIRECTION('center_axis',(0.,-1.,0.));
#7247=DIRECTION('ref_axis',(-0.578479985039536,0.,0.815696577722782));
#7248=DIRECTION('center_axis',(0.,1.,0.));
#7249=DIRECTION('ref_axis',(-0.707106781186547,0.,0.707106781186548));
#7250=DIRECTION('center_axis',(0.,-1.,0.));
#7251=DIRECTION('ref_axis',(-0.578479985039536,0.,-0.815696577722782));
#7252=DIRECTION('',(5.36663697704003E-17,0.,1.));
#7253=DIRECTION('center_axis',(0.,1.,0.));
#7254=DIRECTION('ref_axis',(5.36663697704003E-17,0.,1.));
#7255=DIRECTION('center_axis',(0.,-1.,0.));
#7256=DIRECTION('ref_axis',(-0.578479985039536,0.,0.815696577722782));
#7257=DIRECTION('center_axis',(0.,1.,0.));
#7258=DIRECTION('ref_axis',(-0.70710678118655,0.,0.707106781186545));
#7259=DIRECTION('center_axis',(0.,-1.,0.));
#7260=DIRECTION('ref_axis',(-0.578479985039536,0.,-0.815696577722782));
#7261=DIRECTION('',(5.36663697704003E-17,0.,1.));
#7262=DIRECTION('center_axis',(0.,-1.,0.));
#7263=DIRECTION('ref_axis',(-0.578479985039536,0.,0.815696577722782));
#7264=DIRECTION('',(0.,-1.,0.));
#7265=DIRECTION('center_axis',(0.,-1.,0.));
#7266=DIRECTION('ref_axis',(-0.578479985039536,0.,0.815696577722782));
#7267=DIRECTION('',(0.,1.,0.));
#7268=DIRECTION('center_axis',(0.,-1.,0.));
#7269=DIRECTION('ref_axis',(1.,0.,-5.49532360539321E-16));
#7270=DIRECTION('',(0.,1.,0.));
#7271=DIRECTION('center_axis',(0.,-1.,0.));
#7272=DIRECTION('ref_axis',(-0.70710678118655,0.,0.707106781186545));
#7273=DIRECTION('center_axis',(0.,1.,0.));
#7274=DIRECTION('ref_axis',(-0.578479985039536,0.,-0.815696577722782));
#7275=DIRECTION('',(0.,-1.,0.));
#7276=DIRECTION('center_axis',(0.,-1.,0.));
#7277=DIRECTION('ref_axis',(-0.578479985039536,0.,-0.815696577722782));
#7278=DIRECTION('center_axis',(0.,-1.,0.));
#7279=DIRECTION('ref_axis',(-0.578479985039536,0.,0.815696577722782));
#7280=DIRECTION('',(0.,1.,0.));
#7281=DIRECTION('center_axis',(0.,1.,0.));
#7282=DIRECTION('ref_axis',(-0.578479985039536,0.,0.815696577722782));
#7283=DIRECTION('',(0.,-1.,0.));
#7284=DIRECTION('center_axis',(0.,1.,0.));
#7285=DIRECTION('ref_axis',(-0.578479985039536,0.,-0.815696577722782));
#7286=DIRECTION('',(0.,1.,0.));
#7287=DIRECTION('center_axis',(0.,1.,0.));
#7288=DIRECTION('ref_axis',(-0.578479985039536,0.,-0.815696577722782));
#7289=DIRECTION('',(0.,-1.,0.));
#7290=DIRECTION('center_axis',(0.,1.,0.));
#7291=DIRECTION('ref_axis',(-0.578479985039536,0.,-0.815696577722782));
#7292=DIRECTION('',(0.,-1.,0.));
#7293=DIRECTION('center_axis',(0.,-1.,0.));
#7294=DIRECTION('ref_axis',(-0.578479985039536,0.,-0.815696577722782));
#7295=DIRECTION('',(0.,1.,0.));
#7296=DIRECTION('center_axis',(0.,-1.,0.));
#7297=DIRECTION('ref_axis',(1.,0.,-1.57009245868377E-16));
#7298=DIRECTION('center_axis',(0.,1.,0.));
#7299=DIRECTION('ref_axis',(-0.707106781186547,0.,0.707106781186548));
#7300=DIRECTION('center_axis',(0.,-1.,0.));
#7301=DIRECTION('ref_axis',(1.,0.,-1.57009245868377E-16));
#7302=DIRECTION('center_axis',(0.,-1.,0.));
#7303=DIRECTION('ref_axis',(-0.707106781186547,0.,0.707106781186548));
#7304=DIRECTION('',(0.,-1.,0.));
#7305=DIRECTION('center_axis',(0.,-1.,0.));
#7306=DIRECTION('ref_axis',(1.,0.,0.));
#7307=DIRECTION('center_axis',(0.,-1.,0.));
#7308=DIRECTION('ref_axis',(1.,0.,0.));
#7309=DIRECTION('',(0.,-1.,0.));
#7310=DIRECTION('center_axis',(0.,-1.,0.));
#7311=DIRECTION('ref_axis',(1.,0.,0.));
#7312=DIRECTION('center_axis',(0.,-1.,0.));
#7313=DIRECTION('ref_axis',(1.,0.,0.));
#7314=DIRECTION('',(0.,-1.,0.));
#7315=DIRECTION('center_axis',(-1.,0.,2.14665479081601E-16));
#7316=DIRECTION('ref_axis',(2.14665479081601E-16,0.,1.));
#7317=DIRECTION('',(0.,1.,0.));
#7318=DIRECTION('',(0.,0.,1.));
#7319=DIRECTION('',(0.,-1.,0.));
#7320=DIRECTION('',(4.29330958163203E-16,0.,1.));
#7321=DIRECTION('',(4.29330958163203E-16,0.,1.));
#7322=DIRECTION('center_axis',(-1.,0.,2.14665479081601E-16));
#7323=DIRECTION('ref_axis',(-2.95005088323147E-32,-1.,-1.37425490854543E-16));
#7324=DIRECTION('',(4.29330958163203E-16,0.,1.));
#7325=DIRECTION('center_axis',(-1.,0.,2.14665479081601E-16));
#7326=DIRECTION('ref_axis',(-2.95005088323147E-32,-1.,-1.37425490854543E-16));
#7327=DIRECTION('',(4.29330958163203E-16,0.,1.));
#7328=DIRECTION('',(0.,1.,0.));
#7329=DIRECTION('',(-2.14665479081601E-16,0.,-1.));
#7330=DIRECTION('',(0.,-1.,0.));
#7331=DIRECTION('',(4.29330958163203E-16,0.,1.));
#7332=DIRECTION('center_axis',(-1.,0.,2.14665479081601E-16));
#7333=DIRECTION('ref_axis',(-1.37144201137005E-32,-1.,-6.38874036588211E-17));
#7334=DIRECTION('',(4.29330958163203E-16,0.,1.));
#7335=DIRECTION('center_axis',(-1.,0.,2.14665479081601E-16));
#7336=DIRECTION('ref_axis',(-2.95005088323143E-32,-1.,-1.37425490854541E-16));
#7337=DIRECTION('',(4.29330958163203E-16,0.,1.));
#7338=DIRECTION('center_axis',(-1.,0.,2.14665479081601E-16));
#7339=DIRECTION('ref_axis',(2.41166659704173E-30,-1.,1.12345338773589E-14));
#7340=DIRECTION('',(4.29330958163203E-16,0.,1.));
#7341=DIRECTION('',(4.29330958163203E-16,0.,1.));
#7342=DIRECTION('',(0.,1.,0.));
#7343=DIRECTION('center_axis',(-1.,0.,2.46374041525693E-16));
#7344=DIRECTION('ref_axis',(1.96261557335473E-16,-0.707106781186535,0.70710678118656));
#7345=DIRECTION('center_axis',(-1.,1.2491960895923E-16,0.));
#7346=DIRECTION('ref_axis',(1.96261557335473E-16,-0.707106781186535,0.70710678118656));
#7347=DIRECTION('',(1.,0.,-2.46374041525693E-16));
#7348=DIRECTION('center_axis',(1.,0.,0.));
#7349=DIRECTION('ref_axis',(1.96261557335473E-16,-0.707106781186535,0.70710678118656));
#7350=DIRECTION('',(-1.,0.,2.46374041525693E-16));
#7351=DIRECTION('center_axis',(0.,1.,0.));
#7352=DIRECTION('ref_axis',(1.,0.,-2.46374041525693E-16));
#7353=DIRECTION('',(0.,0.,-1.));
#7354=DIRECTION('',(0.,0.,-1.));
#7355=DIRECTION('center_axis',(0.,1.,0.));
#7356=DIRECTION('ref_axis',(0.,0.,1.));
#7357=DIRECTION('center_axis',(1.,0.,0.));
#7358=DIRECTION('ref_axis',(0.,-1.,0.));
#7359=DIRECTION('center_axis',(0.,-1.,0.));
#7360=DIRECTION('ref_axis',(-0.707106781186548,0.,0.707106781186548));
#7361=DIRECTION('center_axis',(0.,1.,0.));
#7362=DIRECTION('ref_axis',(-0.707106781186548,0.,0.707106781186548));
#7363=DIRECTION('center_axis',(1.,0.,-2.46374041525694E-16));
#7364=DIRECTION('ref_axis',(-1.74212755471166E-16,-0.707106781186535,-0.70710678118656));
#7365=DIRECTION('center_axis',(1.,0.,0.));
#7366=DIRECTION('ref_axis',(0.,-1.,0.));
#7367=DIRECTION('',(-1.,0.,2.46374041525694E-16));
#7368=DIRECTION('',(1.,0.,-2.46374041525694E-16));
#7369=DIRECTION('center_axis',(0.,1.,0.));
#7370=DIRECTION('ref_axis',(0.,0.,1.));
#7371=DIRECTION('center_axis',(0.,-1.,0.));
#7372=DIRECTION('ref_axis',(0.707106781186548,0.,0.707106781186548));
#7373=DIRECTION('center_axis',(0.,1.,0.));
#7374=DIRECTION('ref_axis',(0.707106781186548,0.,0.707106781186548));
#7375=DIRECTION('center_axis',(0.,1.,0.));
#7376=DIRECTION('ref_axis',(-1.,0.,2.46374041525694E-16));
#7377=DIRECTION('',(0.,0.,1.));
#7378=DIRECTION('center_axis',(-0.40824829046386,-0.816496580927729,-0.40824829046386));
#7379=DIRECTION('ref_axis',(0.577350269189626,-0.577350269189626,0.577350269189626));
#7380=DIRECTION('center_axis',(1.,0.,0.));
#7381=DIRECTION('ref_axis',(0.,0.,1.));
#7382=DIRECTION('center_axis',(0.,-5.60270529276287E-32,1.));
#7383=DIRECTION('ref_axis',(0.707106781186546,-0.707106781186549,0.));
#7384=DIRECTION('center_axis',(0.,-1.,0.));
#7385=DIRECTION('ref_axis',(0.707106781186543,0.,0.707106781186552));
#7386=DIRECTION('center_axis',(1.,1.26161707343768E-16,-2.46374041525693E-16));
#7387=DIRECTION('ref_axis',(0.,-0.707106781186542,0.707106781186553));
#7388=DIRECTION('center_axis',(1.,0.,-8.88178419700113E-15));
#7389=DIRECTION('ref_axis',(8.88178419700113E-15,-2.22044604925028E-15,
1.));
#7390=DIRECTION('',(1.,1.26161707343768E-16,-2.46374041525693E-16));
#7391=DIRECTION('',(-1.,-1.26161707343768E-16,2.46374041525693E-16));
#7392=DIRECTION('center_axis',(0.408248290463829,-0.816496580927731,-0.408248290463886));
#7393=DIRECTION('ref_axis',(-0.577350269189605,-0.577350269189618,0.577350269189655));
#7394=DIRECTION('center_axis',(-1.48029736616687E-15,-1.,3.64706844762372E-31));
#7395=DIRECTION('ref_axis',(-0.707106781186543,0.,0.707106781186552));
#7396=DIRECTION('center_axis',(-8.29366988828607E-47,-5.60270529276287E-32,
1.));
#7397=DIRECTION('ref_axis',(-0.707106781186546,-0.707106781186549,0.));
#7398=DIRECTION('center_axis',(-2.46374041525693E-16,0.,-1.));
#7399=DIRECTION('ref_axis',(-1.,0.,2.46374041525693E-16));
#7400=DIRECTION('',(0.,-1.,0.));
#7401=DIRECTION('center_axis',(2.46374041525693E-16,0.,1.));
#7402=DIRECTION('ref_axis',(-0.000662121850348014,-0.999999780797303,1.63129636252711E-19));
#7403=DIRECTION('',(1.48029736616687E-15,1.,-3.64706844762371E-31));
#7404=DIRECTION('center_axis',(0.,-1.,0.));
#7405=DIRECTION('ref_axis',(0.707106781186541,0.,0.707106781186554));
#7406=DIRECTION('',(0.,1.,0.));
#7407=DIRECTION('center_axis',(-4.44089209850064E-15,1.,-4.44089209850041E-15));
#7408=DIRECTION('ref_axis',(0.,4.44089209850041E-15,1.));
#7409=DIRECTION('center_axis',(0.,-5.60270529276287E-32,1.));
#7410=DIRECTION('ref_axis',(0.707106781186546,-0.707106781186549,0.));
#7411=DIRECTION('',(0.,5.60270529276287E-32,-1.));
#7412=DIRECTION('center_axis',(0.707106781186554,0.,-0.707106781186541));
#7413=DIRECTION('ref_axis',(0.707106781186541,1.78419597577703E-16,0.707106781186554));
#7414=DIRECTION('',(0.,-5.60270529276287E-32,1.));
#7415=DIRECTION('center_axis',(0.408248290463847,-0.816496580927735,-0.408248290463861));
#7416=DIRECTION('ref_axis',(-0.57735026918961,-0.577350269189614,0.577350269189653));
#7417=DIRECTION('center_axis',(-1.,0.,0.));
#7418=DIRECTION('ref_axis',(0.,0.,1.));
#7419=DIRECTION('center_axis',(0.,-1.,0.));
#7420=DIRECTION('ref_axis',(-1.,0.,0.));
#7421=DIRECTION('center_axis',(-3.55271367880051E-14,0.,1.));
#7422=DIRECTION('ref_axis',(0.,-1.,0.));
#7423=DIRECTION('center_axis',(-0.408248290463854,-0.816496580927736,0.408248290463854));
#7424=DIRECTION('ref_axis',(-0.577350269189626,0.577350269189612,0.57735026918964));
#7425=DIRECTION('center_axis',(0.,0.,1.));
#7426=DIRECTION('ref_axis',(-1.,0.,0.));
#7427=DIRECTION('center_axis',(0.,1.,0.));
#7428=DIRECTION('ref_axis',(0.,0.,1.));
#7429=DIRECTION('center_axis',(-1.,0.,0.));
#7430=DIRECTION('ref_axis',(0.,1.,0.));
#7431=DIRECTION('center_axis',(0.,-1.,0.));
#7432=DIRECTION('ref_axis',(-0.707106781186541,0.,0.707106781186554));
#7433=DIRECTION('',(0.,1.,0.));
#7434=DIRECTION('',(0.,-1.,0.));
#7435=DIRECTION('center_axis',(0.408248290463863,-0.816496580927726,0.408248290463863));
#7436=DIRECTION('ref_axis',(0.577350269189621,0.577350269189628,0.577350269189628));
#7437=DIRECTION('center_axis',(1.,0.,0.));
#7438=DIRECTION('ref_axis',(0.,1.,0.));
#7439=DIRECTION('center_axis',(0.,1.,0.));
#7440=DIRECTION('ref_axis',(0.707106781186543,0.,0.707106781186552));
#7441=DIRECTION('center_axis',(0.,-5.60270529276287E-32,1.));
#7442=DIRECTION('ref_axis',(0.707106781186543,0.707106781186552,0.));
#7443=DIRECTION('center_axis',(-1.,-1.26161707343768E-16,2.46374041525693E-16));
#7444=DIRECTION('ref_axis',(0.,0.707106781186535,0.70710678118656));
#7445=DIRECTION('',(-1.,-1.26161707343768E-16,2.46374041525693E-16));
#7446=DIRECTION('',(1.,1.26161707343768E-16,-2.46374041525693E-16));
#7447=DIRECTION('center_axis',(-4.44089209850063E-16,0.,-1.));
#7448=DIRECTION('ref_axis',(-0.707106781186554,0.707106781186541,0.));
#7449=DIRECTION('center_axis',(0.,0.,1.));
#7450=DIRECTION('ref_axis',(-0.707106781186554,0.707106781186541,0.));
#7451=DIRECTION('',(4.44089209850063E-16,0.,1.));
#7452=DIRECTION('',(-4.44089209850063E-16,0.,-1.));
#7453=DIRECTION('center_axis',(-4.44089209850063E-16,0.,-1.));
#7454=DIRECTION('ref_axis',(-0.707106781186546,-0.707106781186549,0.));
#7455=DIRECTION('center_axis',(0.,0.,1.));
#7456=DIRECTION('ref_axis',(-0.707106781186546,-0.707106781186549,0.));
#7457=DIRECTION('',(4.44089209850063E-16,0.,1.));
#7458=DIRECTION('',(-4.44089209850063E-16,0.,-1.));
#7459=DIRECTION('center_axis',(1.,1.26161707343768E-16,-2.46374041525693E-16));
#7460=DIRECTION('ref_axis',(0.,-0.707106781186541,0.707106781186554));
#7461=DIRECTION('center_axis',(-1.,0.,8.88178419700113E-15));
#7462=DIRECTION('ref_axis',(0.,-1.,0.));
#7463=DIRECTION('',(-1.,-1.26161707343768E-16,2.46374041525693E-16));
#7464=DIRECTION('',(1.,1.26161707343768E-16,-2.46374041525693E-16));
#7465=DIRECTION('center_axis',(-0.816496580927727,-0.408248290463864,0.40824829046386));
#7466=DIRECTION('ref_axis',(0.577350269189625,-0.577350269189628,0.577350269189625));
#7467=DIRECTION('center_axis',(-8.29366988828609E-47,-5.60270529276287E-32,
1.));
#7468=DIRECTION('ref_axis',(0.707106781186546,-0.707106781186549,0.));
#7469=DIRECTION('center_axis',(-1.48029736616688E-15,-1.,3.64706844762373E-31));
#7470=DIRECTION('ref_axis',(0.707106781186543,0.,0.707106781186552));
#7471=DIRECTION('center_axis',(0.,1.,0.));
#7472=DIRECTION('ref_axis',(0.707106781186541,0.,0.707106781186554));
#7473=DIRECTION('',(0.,-1.,0.));
#7474=DIRECTION('center_axis',(0.499999999999999,-0.866025403784439,0.));
#7475=DIRECTION('ref_axis',(0.866025403784439,0.499999999999999,-4.26732357588585E-16));
#7476=DIRECTION('',(0.,1.,0.));
#7477=DIRECTION('center_axis',(-2.46374041525693E-16,0.,-1.));
#7478=DIRECTION('ref_axis',(-1.,0.,2.46374041525693E-16));
#7479=DIRECTION('',(-1.48029736616688E-15,-1.,3.64706844762373E-31));
#7480=DIRECTION('',(-0.866025403784438,-0.500000000000001,2.13366178794293E-16));
#7481=DIRECTION('center_axis',(2.46374041525693E-16,0.,1.));
#7482=DIRECTION('ref_axis',(-1.,1.86984930463184E-15,2.46374041525693E-16));
#7483=DIRECTION('',(0.866025403784438,-0.500000000000001,-2.13366178794293E-16));
#7484=DIRECTION('center_axis',(1.48029736616688E-15,1.,-3.64706844762373E-31));
#7485=DIRECTION('ref_axis',(0.707106781186541,0.,0.707106781186554));
#7486=DIRECTION('',(1.48029736616688E-15,1.,-3.64706844762373E-31));
#7487=DIRECTION('center_axis',(0.500000000000003,0.866025403784437,0.));
#7488=DIRECTION('ref_axis',(0.866025403784437,-0.500000000000003,-4.26732357588588E-16));
#7489=DIRECTION('center_axis',(-8.29366988828609E-47,-5.60270529276287E-32,
1.));
#7490=DIRECTION('ref_axis',(0.707106781186546,-0.707106781186549,0.));
#7491=DIRECTION('',(8.29366988828609E-47,5.60270529276287E-32,-1.));
#7492=DIRECTION('center_axis',(0.707106781186554,0.,-0.707106781186541));
#7493=DIRECTION('ref_axis',(0.707106781186541,1.78419597577703E-16,0.707106781186554));
#7494=DIRECTION('',(-8.29366988828609E-47,-5.60270529276287E-32,1.));
#7495=DIRECTION('center_axis',(1.26161707343768E-16,-1.,-5.60270529276287E-32));
#7496=DIRECTION('ref_axis',(-1.,-1.26161707343768E-16,2.46374041525693E-16));
#7497=DIRECTION('',(-8.29366988828607E-47,-5.60270529276287E-32,1.));
#7498=DIRECTION('',(1.,1.26161707343768E-16,-2.46374041525693E-16));
#7499=DIRECTION('',(-1.,-2.88510986071279E-16,2.46374041525693E-16));
#7500=DIRECTION('',(-4.44089209850063E-16,0.,-1.));
#7501=DIRECTION('',(1.,1.26161707343768E-16,-2.46374041525693E-16));
#7502=DIRECTION('',(-1.65873397765722E-46,-5.60270529276287E-32,1.));
#7503=DIRECTION('',(1.,1.26161707343768E-16,0.));
#7504=DIRECTION('center_axis',(0.408248290463863,-0.816496580927726,0.408248290463863));
#7505=DIRECTION('ref_axis',(0.577350269189621,0.577350269189628,0.577350269189628));
#7506=DIRECTION('center_axis',(1.,0.,0.));
#7507=DIRECTION('ref_axis',(0.,1.,0.));
#7508=DIRECTION('center_axis',(0.,1.,0.));
#7509=DIRECTION('ref_axis',(0.707106781186543,0.,0.707106781186552));
#7510=DIRECTION('center_axis',(0.,-5.60270529276287E-32,1.));
#7511=DIRECTION('ref_axis',(0.707106781186543,0.707106781186552,0.));
#7512=DIRECTION('center_axis',(-1.,-1.26161707343768E-16,2.46374041525693E-16));
#7513=DIRECTION('ref_axis',(0.,0.707106781186535,0.70710678118656));
#7514=DIRECTION('',(-1.,-1.26161707343768E-16,2.46374041525693E-16));
#7515=DIRECTION('center_axis',(1.,0.,8.88178419700081E-15));
#7516=DIRECTION('ref_axis',(0.,1.,0.));
#7517=DIRECTION('',(1.,1.26161707343768E-16,-2.46374041525693E-16));
#7518=DIRECTION('center_axis',(-0.408248290463851,-0.816496580927731,0.408248290463865));
#7519=DIRECTION('ref_axis',(-0.577350269189607,0.577350269189621,0.577350269189649));
#7520=DIRECTION('center_axis',(0.,-5.60270529276287E-32,1.));
#7521=DIRECTION('ref_axis',(-0.707106781186552,0.707106781186543,0.));
#7522=DIRECTION('center_axis',(0.,1.,0.));
#7523=DIRECTION('ref_axis',(-0.707106781186543,0.,0.707106781186552));
#7524=DIRECTION('center_axis',(-1.26161707343768E-16,1.,5.60270529276287E-32));
#7525=DIRECTION('ref_axis',(1.,1.26161707343768E-16,-2.46374041525693E-16));
#7526=DIRECTION('',(0.,-5.60270529276287E-32,1.));
#7527=DIRECTION('',(-1.,-1.26161707343768E-16,0.));
#7528=DIRECTION('',(0.,5.60270529276287E-32,-1.));
#7529=DIRECTION('',(0.,-5.60270529276287E-32,1.));
#7530=DIRECTION('',(-1.,-1.26161707343768E-16,0.));
#7531=DIRECTION('',(1.65873397765722E-46,5.60270529276287E-32,-1.));
#7532=DIRECTION('',(-1.,-1.26161707343768E-16,2.46374041525693E-16));
#7533=DIRECTION('',(4.44089209850063E-16,0.,1.));
#7534=DIRECTION('',(1.,0.,-2.46374041525693E-16));
#7535=DIRECTION('center_axis',(0.,5.60270529276287E-32,-1.));
#7536=DIRECTION('ref_axis',(0.707106781186541,0.707106781186554,0.));
#7537=DIRECTION('',(0.,5.60270529276287E-32,-1.));
#7538=DIRECTION('center_axis',(-0.707106781186548,0.,0.707106781186548));
#7539=DIRECTION('ref_axis',(0.707106781186548,-7.92342181100478E-32,0.707106781186548));
#7540=DIRECTION('center_axis',(0.,1.,0.));
#7541=DIRECTION('ref_axis',(0.707106781186541,0.,0.707106781186554));
#7542=DIRECTION('',(0.,-1.,0.));
#7543=DIRECTION('center_axis',(0.,-1.,0.));
#7544=DIRECTION('ref_axis',(1.,0.,0.));
#7545=DIRECTION('',(0.,1.,0.));
#7546=DIRECTION('center_axis',(-0.816496580927726,0.408248290463863,0.408248290463863));
#7547=DIRECTION('ref_axis',(0.577350269189616,0.577350269189645,0.577350269189616));
#7548=DIRECTION('center_axis',(1.,0.,0.));
#7549=DIRECTION('ref_axis',(0.,0.,1.));
#7550=DIRECTION('center_axis',(0.,1.,-1.77635683940023E-14));
#7551=DIRECTION('ref_axis',(1.,0.,0.));
#7552=DIRECTION('center_axis',(-3.55271367880051E-14,0.,1.));
#7553=DIRECTION('ref_axis',(0.,1.,0.));
#7554=DIRECTION('center_axis',(-0.408248290463861,-0.816496580927728,-0.408248290463861));
#7555=DIRECTION('ref_axis',(0.577350269189626,-0.577350269189625,0.577350269189626));
#7556=DIRECTION('center_axis',(0.,-1.,0.));
#7557=DIRECTION('ref_axis',(0.,0.,1.));
#7558=DIRECTION('center_axis',(1.,0.,0.));
#7559=DIRECTION('ref_axis',(0.,-1.,0.));
#7560=DIRECTION('center_axis',(0.,0.,1.));
#7561=DIRECTION('ref_axis',(1.,5.5511151231258E-16,0.));
#7562=DIRECTION('center_axis',(0.40824829046386,-0.816496580927729,-0.40824829046386));
#7563=DIRECTION('ref_axis',(-0.577350269189626,-0.577350269189626,0.577350269189626));
#7564=DIRECTION('center_axis',(-1.,0.,0.));
#7565=DIRECTION('ref_axis',(0.,-1.,0.));
#7566=DIRECTION('center_axis',(-2.96059473233376E-15,-1.,7.29413689524746E-31));
#7567=DIRECTION('ref_axis',(-0.707106781186543,0.,0.707106781186552));
#7568=DIRECTION('center_axis',(-1.65873397765722E-46,-5.60270529276287E-32,
1.));
#7569=DIRECTION('ref_axis',(-0.707106781186546,-0.707106781186549,0.));
#7570=DIRECTION('center_axis',(1.,1.26161707343768E-16,-2.46374041525693E-16));
#7571=DIRECTION('ref_axis',(0.,-0.707106781186542,0.707106781186553));
#7572=DIRECTION('',(-1.,-1.26161707343768E-16,2.46374041525693E-16));
#7573=DIRECTION('center_axis',(-4.44089209850063E-16,0.,-1.));
#7574=DIRECTION('ref_axis',(0.707106781186548,-0.707106781186547,0.));
#7575=DIRECTION('center_axis',(0.,0.,1.));
#7576=DIRECTION('ref_axis',(0.707106781186548,-0.707106781186547,0.));
#7577=DIRECTION('',(4.44089209850063E-16,0.,1.));
#7578=DIRECTION('center_axis',(-3.78485122031303E-16,1.,9.32489091721975E-32));
#7579=DIRECTION('ref_axis',(0.707106781186541,0.,0.707106781186554));
#7580=DIRECTION('',(3.78485122031303E-16,-1.,-9.32489091721975E-32));
#7581=DIRECTION('',(-3.78485122031303E-16,1.,9.32489091721975E-32));
#7582=DIRECTION('center_axis',(-4.44089209850063E-16,0.,-1.));
#7583=DIRECTION('ref_axis',(0.707106781186541,0.707106781186554,0.));
#7584=DIRECTION('center_axis',(0.,0.,1.));
#7585=DIRECTION('ref_axis',(0.707106781186541,0.707106781186554,0.));
#7586=DIRECTION('',(-4.44089209850063E-16,0.,-1.));
#7587=DIRECTION('center_axis',(-1.,-1.26161707343768E-16,2.46374041525693E-16));
#7588=DIRECTION('ref_axis',(0.,0.707106781186535,0.70710678118656));
#7589=DIRECTION('center_axis',(1.,0.,0.));
#7590=DIRECTION('ref_axis',(0.,1.,0.));
#7591=DIRECTION('',(1.,1.26161707343768E-16,-2.46374041525693E-16));
#7592=DIRECTION('center_axis',(-0.408248290463863,-0.816496580927726,0.408248290463863));
#7593=DIRECTION('ref_axis',(-0.577350269189626,0.577350269189626,0.577350269189626));
#7594=DIRECTION('center_axis',(-1.65873397765722E-46,-5.60270529276287E-32,
1.));
#7595=DIRECTION('ref_axis',(-0.707106781186543,0.707106781186552,0.));
#7596=DIRECTION('center_axis',(2.96059473233376E-15,1.,-7.29413689524747E-31));
#7597=DIRECTION('ref_axis',(-0.707106781186543,0.,0.707106781186552));
#7598=DIRECTION('center_axis',(-2.96059473233376E-15,-1.,7.29413689524746E-31));
#7599=DIRECTION('ref_axis',(-0.707106781186541,0.,0.707106781186554));
#7600=DIRECTION('',(2.96059473233376E-15,1.,-7.29413689524746E-31));
#7601=DIRECTION('center_axis',(-0.500000000000005,0.866025403784436,0.));
#7602=DIRECTION('ref_axis',(-0.866025403784436,-0.500000000000005,4.26732357588592E-16));
#7603=DIRECTION('',(-2.96059473233376E-15,-1.,7.29413689524746E-31));
#7604=DIRECTION('center_axis',(-2.46374041525693E-16,0.,-1.));
#7605=DIRECTION('ref_axis',(-1.,0.,2.46374041525693E-16));
#7606=DIRECTION('',(2.96059473233376E-15,1.,-7.29413689524747E-31));
#7607=DIRECTION('',(0.86602540378444,0.499999999999998,-2.13366178794293E-16));
#7608=DIRECTION('center_axis',(2.46374041525693E-16,0.,1.));
#7609=DIRECTION('ref_axis',(0.999996461194366,0.00266037567719185,-2.46373169655847E-16));
#7610=DIRECTION('',(-0.866025403784436,0.500000000000004,2.13366178794292E-16));
#7611=DIRECTION('center_axis',(-2.96059473233376E-15,-1.,7.29413689524747E-31));
#7612=DIRECTION('ref_axis',(-0.707106781186541,0.,0.707106781186554));
#7613=DIRECTION('',(-2.96059473233376E-15,-1.,7.29413689524747E-31));
#7614=DIRECTION('center_axis',(-0.500000000000003,-0.866025403784437,0.));
#7615=DIRECTION('ref_axis',(-0.866025403784437,0.500000000000003,4.26732357588587E-16));
#7616=DIRECTION('center_axis',(-1.65873397765722E-46,-5.60270529276287E-32,
1.));
#7617=DIRECTION('ref_axis',(-0.707106781186541,0.707106781186554,0.));
#7618=DIRECTION('center_axis',(0.707106781186554,0.,0.707106781186541));
#7619=DIRECTION('ref_axis',(0.707106781186541,7.92342181100471E-32,-0.707106781186554));
#7620=DIRECTION('',(-1.65873397765722E-46,-5.60270529276287E-32,1.));
#7621=DIRECTION('center_axis',(-0.408248290463859,-0.81649658092773,0.408248290463859));
#7622=DIRECTION('ref_axis',(0.577350269189624,-0.57735026918963,-0.577350269189624));
#7623=DIRECTION('center_axis',(0.,-1.,0.));
#7624=DIRECTION('ref_axis',(1.,0.,0.));
#7625=DIRECTION('center_axis',(0.,0.,-1.));
#7626=DIRECTION('ref_axis',(0.,-1.,0.));
#7627=DIRECTION('center_axis',(1.,0.,0.));
#7628=DIRECTION('ref_axis',(0.,0.,-1.));
#7629=DIRECTION('center_axis',(0.,0.,1.));
#7630=DIRECTION('ref_axis',(0.707106781186544,-0.707106781186551,0.));
#7631=DIRECTION('center_axis',(8.31365144537554E-17,-0.70710678118655,-0.707106781186545));
#7632=DIRECTION('ref_axis',(4.90653893338678E-17,-0.707106781186545,0.70710678118655));
#7633=DIRECTION('',(0.,0.,-1.));
#7634=DIRECTION('',(0.,0.,1.));
#7635=DIRECTION('center_axis',(0.70710678118655,0.,-0.707106781186545));
#7636=DIRECTION('ref_axis',(0.707106781186545,-4.90653893338678E-17,0.70710678118655));
#7637=DIRECTION('center_axis',(0.40824829046383,-0.816496580927745,-0.408248290463858));
#7638=DIRECTION('ref_axis',(0.577350269189616,0.577350269189602,-0.577350269189659));
#7639=DIRECTION('center_axis',(1.,0.,0.));
#7640=DIRECTION('ref_axis',(0.,1.,0.));
#7641=DIRECTION('center_axis',(0.,-3.55271367880051E-14,-1.));
#7642=DIRECTION('ref_axis',(1.,0.,0.));
#7643=DIRECTION('center_axis',(0.,1.,0.));
#7644=DIRECTION('ref_axis',(0.,0.,-1.));
#7645=DIRECTION('center_axis',(0.,0.,1.));
#7646=DIRECTION('ref_axis',(0.707106781186554,0.707106781186541,0.));
#7647=DIRECTION('center_axis',(0.70710678118655,0.,-0.707106781186545));
#7648=DIRECTION('ref_axis',(0.707106781186545,0.,0.70710678118655));
#7649=DIRECTION('',(0.,0.,-1.));
#7650=DIRECTION('',(0.,0.,1.));
#7651=DIRECTION('center_axis',(0.,0.707106781186549,-0.707106781186546));
#7652=DIRECTION('ref_axis',(9.81307786677358E-17,0.707106781186546,0.707106781186549));
#7653=DIRECTION('center_axis',(6.15935103814234E-17,-1.,-1.5175042084426E-32));
#7654=DIRECTION('ref_axis',(0.707106781186541,0.,-0.707106781186554));
#7655=DIRECTION('',(-6.15935103814234E-17,1.,1.5175042084426E-32));
#7656=DIRECTION('',(6.15935103814234E-17,-1.,-1.5175042084426E-32));
#7657=DIRECTION('center_axis',(-0.81649658092772,0.408248290463878,0.40824829046386));
#7658=DIRECTION('ref_axis',(-0.57735026918964,-0.57735026918964,-0.577350269189598));
#7659=DIRECTION('center_axis',(-1.,0.,0.));
#7660=DIRECTION('ref_axis',(0.,-1.,0.));
#7661=DIRECTION('center_axis',(4.93038065763134E-30,-3.5527136788005E-14,
-1.));
#7662=DIRECTION('ref_axis',(-1.,-1.38777878078145E-16,0.));
#7663=DIRECTION('center_axis',(0.,-1.,0.));
#7664=DIRECTION('ref_axis',(0.,0.,-1.));
#7665=DIRECTION('center_axis',(0.,0.,-1.));
#7666=DIRECTION('ref_axis',(-0.707106781186546,-0.707106781186549,0.));
#7667=DIRECTION('center_axis',(-0.707106781186549,-9.50131593757202E-17,
-0.707106781186546));
#7668=DIRECTION('ref_axis',(-0.707106781186546,-9.81307786677358E-17,0.707106781186549));
#7669=DIRECTION('',(0.,0.,-1.));
#7670=DIRECTION('',(0.,0.,1.));
#7671=DIRECTION('center_axis',(8.31365144537554E-17,-0.70710678118655,-0.707106781186545));
#7672=DIRECTION('ref_axis',(9.81307786677355E-17,-0.707106781186545,0.707106781186551));
#7673=DIRECTION('center_axis',(-0.408248290463863,-0.816496580927726,-0.408248290463863));
#7674=DIRECTION('ref_axis',(-0.577350269189626,0.577350269189626,-0.577350269189626));
#7675=DIRECTION('center_axis',(0.,1.,0.));
#7676=DIRECTION('ref_axis',(-1.,0.,0.));
#7677=DIRECTION('center_axis',(0.,0.,-1.));
#7678=DIRECTION('ref_axis',(0.,1.,0.));
#7679=DIRECTION('center_axis',(-1.,-8.88178419700128E-15,0.));
#7680=DIRECTION('ref_axis',(0.,0.,-1.));
#7681=DIRECTION('center_axis',(0.,0.,1.));
#7682=DIRECTION('ref_axis',(-0.707106781186554,0.707106781186541,0.));
#7683=DIRECTION('center_axis',(0.,0.707106781186549,-0.707106781186546));
#7684=DIRECTION('ref_axis',(-9.81307786677358E-17,0.707106781186546,0.707106781186549));
#7685=DIRECTION('',(0.,0.,-1.));
#7686=DIRECTION('',(0.,0.,1.));
#7687=DIRECTION('center_axis',(-0.707106781186549,-9.50131593757202E-17,
-0.707106781186546));
#7688=DIRECTION('ref_axis',(-0.707106781186546,-4.90653893338679E-17,0.707106781186549));
#7689=DIRECTION('center_axis',(1.,0.,-2.46374041525694E-16));
#7690=DIRECTION('ref_axis',(0.,0.707106781186535,-0.70710678118656));
#7691=DIRECTION('',(-1.,0.,2.46374041525694E-16));
#7692=DIRECTION('',(1.,0.,-2.46374041525694E-16));
#7693=DIRECTION('center_axis',(-1.8478053114427E-16,1.,4.55251262532781E-32));
#7694=DIRECTION('ref_axis',(-0.707106781186548,0.,-0.707106781186548));
#7695=DIRECTION('',(1.8478053114427E-16,-1.,-4.55251262532781E-32));
#7696=DIRECTION('',(-1.8478053114427E-16,1.,4.55251262532781E-32));
#7697=DIRECTION('center_axis',(-1.,-1.23187020762847E-16,2.46374041525694E-16));
#7698=DIRECTION('ref_axis',(0.,-0.707106781186543,-0.707106781186552));
#7699=DIRECTION('',(1.,1.23187020762847E-16,-2.46374041525694E-16));
#7700=DIRECTION('',(-1.,-1.23187020762847E-16,2.46374041525694E-16));
#7701=DIRECTION('center_axis',(1.,6.15935103814234E-17,0.));
#7702=DIRECTION('ref_axis',(6.15935103814234E-17,-1.,-1.5175042084426E-32));
#7703=DIRECTION('',(0.,1.,0.));
#7704=DIRECTION('center_axis',(-8.31365144537554E-17,0.70710678118655,0.707106781186545));
#7705=DIRECTION('ref_axis',(1.,0.,1.17572786268928E-16));
#7706=DIRECTION('',(-0.577350269189624,0.577350269189624,-0.577350269189629));
#7707=DIRECTION('',(1.,1.17572786268927E-16,-2.46374041525694E-16));
#7708=DIRECTION('',(1.,1.17572786268927E-16,-2.46374041525694E-16));
#7709=DIRECTION('',(0.577350269189625,0.577350269189626,-0.577350269189627));
#7710=DIRECTION('',(1.,6.15935103814234E-17,-2.46374041525694E-16));
#7711=DIRECTION('center_axis',(-0.70710678118655,0.,0.707106781186545));
#7712=DIRECTION('ref_axis',(0.707106781186545,0.,0.70710678118655));
#7713=DIRECTION('',(-0.577350269189625,-0.577350269189624,-0.577350269189629));
#7714=DIRECTION('',(0.,1.,0.));
#7715=DIRECTION('',(0.,1.,0.));
#7716=DIRECTION('center_axis',(0.,1.,0.));
#7717=DIRECTION('ref_axis',(1.,0.,-2.46374041525694E-16));
#7718=DIRECTION('',(-1.,0.,2.46374041525694E-16));
#7719=DIRECTION('center_axis',(0.,-0.707106781186549,0.707106781186546));
#7720=DIRECTION('ref_axis',(1.,0.,0.));
#7721=DIRECTION('',(0.577350269189626,-0.577350269189625,-0.577350269189627));
#7722=DIRECTION('',(-1.,0.,2.46374041525694E-16));
#7723=DIRECTION('',(-1.,0.,2.46374041525694E-16));
#7724=DIRECTION('center_axis',(2.46374041525694E-16,0.,1.));
#7725=DIRECTION('ref_axis',(1.,0.,-2.46374041525694E-16));
#7726=DIRECTION('center_axis',(2.46374041525694E-16,0.,1.));
#7727=DIRECTION('ref_axis',(1.,0.,-2.46374041525694E-16));
#7728=DIRECTION('center_axis',(2.46374041525694E-16,0.,1.));
#7729=DIRECTION('ref_axis',(1.,0.,-2.46374041525694E-16));
#7730=DIRECTION('center_axis',(2.46374041525694E-16,0.,1.));
#7731=DIRECTION('ref_axis',(1.,0.,-2.46374041525694E-16));
#7732=DIRECTION('center_axis',(2.46374041525694E-16,0.,1.));
#7733=DIRECTION('ref_axis',(1.,0.,-2.46374041525694E-16));
#7734=DIRECTION('',(-0.866025403784437,-0.500000000000003,2.13366178794292E-16));
#7735=DIRECTION('',(2.96059473233375E-15,-1.,-7.29413689524745E-31));
#7736=DIRECTION('',(0.86602540378444,-0.499999999999998,-2.13366178794293E-16));
#7737=DIRECTION('',(0.866025403784437,0.500000000000003,-2.13366178794292E-16));
#7738=DIRECTION('',(0.,1.,0.));
#7739=DIRECTION('',(-0.866025403784439,0.5,2.13366178794293E-16));
#7740=DIRECTION('',(1.48029736616688E-15,1.,-3.64706844762373E-31));
#7741=DIRECTION('',(-0.866025403784438,0.500000000000001,2.13366178794293E-16));
#7742=DIRECTION('',(-0.866025403784441,-0.499999999999996,2.13366178794293E-16));
#7743=DIRECTION('',(-1.48029736616687E-15,-1.,3.64706844762372E-31));
#7744=DIRECTION('',(0.866025403784439,-0.5,-2.13366178794293E-16));
#7745=DIRECTION('',(0.866025403784438,0.500000000000001,-2.13366178794293E-16));
#7746=DIRECTION('',(0.866025403784439,-0.499999999999999,-2.13366178794293E-16));
#7747=DIRECTION('',(0.866025403784438,0.500000000000001,-2.13366178794293E-16));
#7748=DIRECTION('',(0.,1.,0.));
#7749=DIRECTION('',(-0.866025403784438,0.500000000000001,2.13366178794293E-16));
#7750=DIRECTION('',(-0.866025403784442,-0.499999999999994,2.13366178794294E-16));
#7751=DIRECTION('',(0.,-1.,0.));
#7752=DIRECTION('',(0.866025403784438,0.500000000000001,-2.13366178794293E-16));
#7753=DIRECTION('',(0.,1.,0.));
#7754=DIRECTION('',(-0.866025403784438,0.500000000000001,2.13366178794293E-16));
#7755=DIRECTION('',(-0.866025403784437,-0.500000000000003,2.13366178794292E-16));
#7756=DIRECTION('',(1.48029736616688E-15,-1.,-3.64706844762373E-31));
#7757=DIRECTION('',(0.866025403784439,-0.5,-2.13366178794293E-16));
#7758=DIRECTION('center_axis',(-1.,-1.26161707343768E-16,0.));
#7759=DIRECTION('ref_axis',(0.,-0.707106781186543,0.707106781186552));
#7760=DIRECTION('center_axis',(-0.707106781186582,0.,-0.707106781186513));
#7761=DIRECTION('ref_axis',(0.707106781186513,1.7841959757771E-16,-0.707106781186582));
#7762=DIRECTION('',(-1.,-1.26161707343768E-16,0.));
#7763=DIRECTION('center_axis',(-0.866025403784434,0.500000000000007,-2.42654856880703E-14));
#7764=DIRECTION('ref_axis',(-0.500000000000007,-0.866025403784434,0.));
#7765=DIRECTION('center_axis',(0.866025403784436,-0.500000000000004,-2.13366178794292E-16));
#7766=DIRECTION('ref_axis',(-0.353553390593274,-0.612372435695795,0.707106781186547));
#7767=DIRECTION('',(0.866025403784436,-0.500000000000004,-2.13366178794292E-16));
#7768=DIRECTION('center_axis',(1.65873397765722E-46,5.60270529276287E-32,
-1.));
#7769=DIRECTION('ref_axis',(-0.707106781186547,-0.707106781186548,0.));
#7770=DIRECTION('',(1.65873397765722E-46,5.60270529276287E-32,-1.));
#7771=DIRECTION('center_axis',(-2.46374041525693E-16,0.,-1.));
#7772=DIRECTION('ref_axis',(0.999960297816973,0.00891082430476933,-4.14915466137285E-16));
#7773=DIRECTION('center_axis',(5.0464682937507E-16,-6.30808536718839E-17,
1.));
#7774=DIRECTION('ref_axis',(-1.,-5.70648032119457E-16,0.));
#7775=DIRECTION('center_axis',(-2.46374041525693E-16,0.,-1.));
#7776=DIRECTION('ref_axis',(-1.,0.,4.14915466137285E-16));
#7777=DIRECTION('center_axis',(5.0464682937507E-16,-6.30808536718839E-17,
1.));
#7778=DIRECTION('ref_axis',(-1.,-5.70648032119457E-16,0.));
#7779=DIRECTION('center_axis',(0.,1.,8.88178419700113E-15));
#7780=DIRECTION('ref_axis',(-1.,0.,0.));
#7781=DIRECTION('center_axis',(-1.48029736616687E-15,-1.,3.64706844762372E-31));
#7782=DIRECTION('ref_axis',(-0.707106781186541,0.,0.707106781186554));
#7783=DIRECTION('',(-1.48029736616687E-15,-1.,3.64706844762371E-31));
#7784=DIRECTION('center_axis',(-1.,-1.26161707343768E-16,2.46374041525693E-16));
#7785=DIRECTION('ref_axis',(0.,-0.707106781186543,0.707106781186552));
#7786=DIRECTION('',(-1.,-1.26161707343768E-16,2.46374041525693E-16));
#7787=DIRECTION('center_axis',(-0.70710678118657,0.,-0.707106781186526));
#7788=DIRECTION('ref_axis',(0.707106781186525,1.78419597577707E-16,-0.70710678118657));
#7789=DIRECTION('center_axis',(0.866025403784439,0.499999999999999,-5.47140469628368E-15));
#7790=DIRECTION('ref_axis',(8.88178419700081E-15,-4.44089209850041E-15,
1.));
#7791=DIRECTION('center_axis',(-0.866025403784438,-0.500000000000001,2.13366178794293E-16));
#7792=DIRECTION('ref_axis',(0.353553390593272,-0.612372435695784,0.707106781186557));
#7793=DIRECTION('',(0.866025403784438,0.500000000000001,-2.13366178794293E-16));
#7794=DIRECTION('center_axis',(8.29366988828607E-47,5.60270529276287E-32,
-1.));
#7795=DIRECTION('ref_axis',(-0.707106781186546,-0.707106781186549,0.));
#7796=DIRECTION('',(8.29366988828607E-47,5.60270529276287E-32,-1.));
#7797=DIRECTION('center_axis',(-2.46374041525693E-16,0.,-1.));
#7798=DIRECTION('ref_axis',(-1.,0.,4.14915466137285E-16));
#7799=DIRECTION('center_axis',(5.0464682937507E-16,-6.30808536718839E-17,
1.));
#7800=DIRECTION('ref_axis',(-1.,-5.70648032119457E-16,0.));
#7801=DIRECTION('center_axis',(-0.866025403784442,-0.499999999999994,0.));
#7802=DIRECTION('ref_axis',(0.,0.,1.));
#7803=DIRECTION('center_axis',(0.86602540378444,0.499999999999998,-2.13366178794293E-16));
#7804=DIRECTION('ref_axis',(-0.353553390593265,0.61237243569579,0.707106781186556));
#7805=DIRECTION('',(-0.86602540378444,-0.499999999999998,2.13366178794293E-16));
#7806=DIRECTION('center_axis',(1.,1.26161707343768E-16,0.));
#7807=DIRECTION('ref_axis',(0.,0.707106781186535,0.70710678118656));
#7808=DIRECTION('',(1.,1.26161707343768E-16,0.));
#7809=DIRECTION('center_axis',(-2.46374041525693E-16,0.,-1.));
#7810=DIRECTION('ref_axis',(-1.,0.,4.14915466137285E-16));
#7811=DIRECTION('center_axis',(2.46374041525693E-16,0.,1.));
#7812=DIRECTION('ref_axis',(-6.28175499271927E-16,1.,1.54766136543045E-31));
#7813=DIRECTION('center_axis',(5.0464682937507E-16,-6.30808536718839E-17,
1.));
#7814=DIRECTION('ref_axis',(-1.,-5.70648032119457E-16,0.));
#7815=DIRECTION('center_axis',(-2.46374041525693E-16,0.,-1.));
#7816=DIRECTION('ref_axis',(-1.,0.,2.46374041525693E-16));
#7817=DIRECTION('',(0.,1.,0.));
#7818=DIRECTION('center_axis',(0.866025403784438,-0.500000000000001,0.));
#7819=DIRECTION('ref_axis',(0.500000000000001,0.866025403784438,0.));
#7820=DIRECTION('center_axis',(-0.866025403784438,0.500000000000001,2.13366178794293E-16));
#7821=DIRECTION('ref_axis',(0.353553390593276,0.612372435695787,0.707106781186553));
#7822=DIRECTION('',(-0.866025403784438,0.500000000000001,2.13366178794293E-16));
#7823=DIRECTION('center_axis',(0.,5.60270529276287E-32,-1.));
#7824=DIRECTION('ref_axis',(0.707106781186541,0.707106781186554,0.));
#7825=DIRECTION('',(0.,5.60270529276287E-32,-1.));
#7826=DIRECTION('center_axis',(-0.707106781186544,0.,0.707106781186551));
#7827=DIRECTION('ref_axis',(0.707106781186551,-7.92342181100481E-32,0.707106781186544));
#7828=DIRECTION('center_axis',(0.,-1.,-3.55271367880058E-14));
#7829=DIRECTION('ref_axis',(8.88178419700144E-15,-3.55271367880058E-14,
1.));
#7830=DIRECTION('center_axis',(0.,-1.,0.));
#7831=DIRECTION('ref_axis',(-0.707106781186535,0.,0.70710678118656));
#7832=DIRECTION('',(0.,-1.,0.));
#7833=DIRECTION('center_axis',(0.,-5.60270529276287E-32,1.));
#7834=DIRECTION('ref_axis',(-0.707106781186554,0.707106781186541,0.));
#7835=DIRECTION('center_axis',(0.707106781186554,0.,0.707106781186541));
#7836=DIRECTION('ref_axis',(0.707106781186541,7.92342181100471E-32,-0.707106781186554));
#7837=DIRECTION('',(0.,-5.60270529276287E-32,1.));
#7838=DIRECTION('center_axis',(1.,1.26161707343768E-16,0.));
#7839=DIRECTION('ref_axis',(0.,0.707106781186535,0.70710678118656));
#7840=DIRECTION('',(1.,1.26161707343768E-16,0.));
#7841=DIRECTION('center_axis',(0.,0.,-1.));
#7842=DIRECTION('ref_axis',(-1.,-5.70648032119457E-16,0.));
#7843=DIRECTION('',(0.,0.,-1.));
#7844=DIRECTION('center_axis',(-2.46374041525693E-16,0.,-1.));
#7845=DIRECTION('ref_axis',(-1.,-5.70648032119457E-16,0.));
#7846=DIRECTION('center_axis',(5.0464682937507E-16,-6.30808536718839E-17,
1.));
#7847=DIRECTION('ref_axis',(-1.,-5.70648032119457E-16,0.));
#7848=DIRECTION('center_axis',(5.0464682937507E-16,-6.30808536718839E-17,
1.));
#7849=DIRECTION('ref_axis',(-1.,-5.70648032119457E-16,0.));
#7850=DIRECTION('center_axis',(0.,0.,-1.));
#7851=DIRECTION('ref_axis',(-1.,-5.70648032119457E-16,0.));
#7852=DIRECTION('',(0.,0.,1.));
#7853=DIRECTION('center_axis',(5.0464682937507E-16,-6.30808536718839E-17,
1.));
#7854=DIRECTION('ref_axis',(-1.,-5.70648032119457E-16,0.));
#7855=DIRECTION('center_axis',(5.0464682937507E-16,-6.30808536718839E-17,
1.));
#7856=DIRECTION('ref_axis',(-1.,-5.70648032119457E-16,0.));
#7857=DIRECTION('center_axis',(-2.46374041525693E-16,0.,-1.));
#7858=DIRECTION('ref_axis',(-1.,-5.70648032119457E-16,0.));
#7859=DIRECTION('center_axis',(0.,0.,-1.));
#7860=DIRECTION('ref_axis',(-1.,-5.70648032119457E-16,0.));
#7861=DIRECTION('center_axis',(-2.46374041525693E-16,0.,-1.));
#7862=DIRECTION('ref_axis',(-1.,-5.70648032119457E-16,0.));
#7863=DIRECTION('',(0.,0.,-1.));
#7864=DIRECTION('center_axis',(5.0464682937507E-16,-6.30808536718839E-17,
1.));
#7865=DIRECTION('ref_axis',(-1.,-5.70648032119457E-16,0.));
#7866=DIRECTION('center_axis',(5.0464682937507E-16,-6.30808536718839E-17,
1.));
#7867=DIRECTION('ref_axis',(-1.,-5.70648032119457E-16,0.));
#7868=DIRECTION('center_axis',(0.,0.,-1.));
#7869=DIRECTION('ref_axis',(-1.,-5.70648032119457E-16,0.));
#7870=DIRECTION('center_axis',(5.0464682937507E-16,-6.30808536718839E-17,
1.));
#7871=DIRECTION('ref_axis',(-1.,-5.70648032119457E-16,0.));
#7872=DIRECTION('center_axis',(5.0464682937507E-16,-6.30808536718839E-17,
1.));
#7873=DIRECTION('ref_axis',(-1.,-5.70648032119457E-16,0.));
#7874=DIRECTION('',(0.,0.,-1.));
#7875=DIRECTION('center_axis',(-2.46374041525693E-16,0.,-1.));
#7876=DIRECTION('ref_axis',(-1.,-5.70648032119457E-16,0.));
#7877=DIRECTION('',(1.,0.,-2.46374041525693E-16));
#7878=DIRECTION('center_axis',(5.0464682937507E-16,-6.30808536718839E-17,
1.));
#7879=DIRECTION('ref_axis',(-1.,0.,2.53765262771317E-16));
#7880=DIRECTION('',(0.,1.,0.));
#7881=DIRECTION('center_axis',(5.0464682937507E-16,-6.30808536718839E-17,
1.));
#7882=DIRECTION('ref_axis',(-1.,0.,2.53765262771317E-16));
#7883=DIRECTION('center_axis',(5.0464682937507E-16,-6.30808536718839E-17,
1.));
#7884=DIRECTION('ref_axis',(-1.,0.,2.53765262771317E-16));
#7885=DIRECTION('',(0.,-1.,0.));
#7886=DIRECTION('center_axis',(5.0464682937507E-16,-6.30808536718839E-17,
1.));
#7887=DIRECTION('ref_axis',(-1.,0.,2.53765262771317E-16));
#7888=DIRECTION('',(-1.,0.,2.46374041525693E-16));
#7889=DIRECTION('center_axis',(5.0464682937507E-16,-6.30808536718839E-17,
1.));
#7890=DIRECTION('ref_axis',(-1.,0.,2.53765262771317E-16));
#7891=DIRECTION('center_axis',(2.46374041525693E-16,0.,1.));
#7892=DIRECTION('ref_axis',(1.,0.,-2.46374041525693E-16));
#7893=DIRECTION('',(0.866025403784437,-0.500000000000002,-2.13366178794292E-16));
#7894=DIRECTION('',(0.,-1.,0.));
#7895=DIRECTION('center_axis',(1.,3.78485122031303E-16,-4.44089209850063E-16));
#7896=DIRECTION('ref_axis',(3.78485122031303E-16,-1.,-9.32489091721975E-32));
#7897=DIRECTION('',(-1.89242561015652E-16,-1.,4.66244545860988E-32));
#7898=DIRECTION('center_axis',(2.46374041525693E-16,0.,1.));
#7899=DIRECTION('ref_axis',(1.,0.,-2.46374041525693E-16));
#7900=DIRECTION('',(0.,-1.,0.));
#7901=DIRECTION('',(-0.866025403784437,-0.500000000000002,2.13366178794292E-16));
#7902=DIRECTION('center_axis',(2.53765262771317E-16,0.,1.));
#7903=DIRECTION('ref_axis',(-1.,0.,2.53765262771317E-16));
#7904=DIRECTION('center_axis',(2.46374041525693E-16,0.,1.));
#7905=DIRECTION('ref_axis',(-1.,0.,2.53765262771317E-16));
#7906=DIRECTION('',(2.53765262771317E-16,0.,1.));
#7907=DIRECTION('center_axis',(0.,0.,-1.));
#7908=DIRECTION('ref_axis',(-1.,0.,0.));
#7909=DIRECTION('',(3.79563427222277E-16,1.,-9.35145755800957E-32));
#7910=DIRECTION('',(-0.866025403784437,0.500000000000002,2.13366178794292E-16));
#7911=DIRECTION('',(-0.86602540378444,-0.499999999999998,2.13366178794293E-16));
#7912=DIRECTION('',(-2.96059473233376E-15,-1.,7.29413689524747E-31));
#7913=DIRECTION('center_axis',(0.,0.,1.));
#7914=DIRECTION('ref_axis',(-1.,0.,1.97372982155583E-16));
#7915=DIRECTION('center_axis',(2.46374041525693E-16,0.,1.));
#7916=DIRECTION('ref_axis',(1.,0.,-2.46374041525693E-16));
#7917=DIRECTION('',(0.,-1.,0.));
#7918=DIRECTION('',(0.866025403784439,-0.5,-2.13366178794293E-16));
#7919=DIRECTION('',(0.866025403784438,0.500000000000001,-2.13366178794293E-16));
#7920=DIRECTION('',(1.48029736616688E-15,1.,-3.64706844762373E-31));
#7921=DIRECTION('center_axis',(2.46374041525693E-16,0.,1.));
#7922=DIRECTION('ref_axis',(-1.,0.,1.97372982155583E-16));
#7923=DIRECTION('center_axis',(-0.500000000000002,-0.866025403784437,0.));
#7924=DIRECTION('ref_axis',(-0.866025403784437,0.500000000000002,2.13366178794292E-16));
#7925=DIRECTION('',(0.,0.,-1.));
#7926=DIRECTION('',(0.,0.,-1.));
#7927=DIRECTION('center_axis',(0.499999999999998,-0.86602540378444,0.));
#7928=DIRECTION('ref_axis',(-0.86602540378444,-0.499999999999998,2.13366178794293E-16));
#7929=DIRECTION('',(0.,0.,-1.));
#7930=DIRECTION('center_axis',(1.,-2.96059473233376E-15,0.));
#7931=DIRECTION('ref_axis',(-2.96059473233376E-15,-1.,7.29413689524747E-31));
#7932=DIRECTION('center_axis',(-1.,0.,0.));
#7933=DIRECTION('ref_axis',(0.,1.,0.));
#7934=DIRECTION('center_axis',(0.5,0.866025403784439,0.));
#7935=DIRECTION('ref_axis',(0.866025403784439,-0.5,-2.13366178794293E-16));
#7936=DIRECTION('',(-0.866025403784439,0.5,2.13366178794293E-16));
#7937=DIRECTION('',(0.,0.,-1.));
#7938=DIRECTION('',(0.,0.,-1.));
#7939=DIRECTION('center_axis',(-0.500000000000001,0.866025403784438,0.));
#7940=DIRECTION('ref_axis',(0.866025403784438,0.500000000000001,-2.13366178794293E-16));
#7941=DIRECTION('',(0.,0.,-1.));
#7942=DIRECTION('center_axis',(-1.,1.48029736616688E-15,0.));
#7943=DIRECTION('ref_axis',(1.48029736616688E-15,1.,-3.64706844762373E-31));
#7944=DIRECTION('center_axis',(1.,-1.48029736616687E-15,0.));
#7945=DIRECTION('ref_axis',(-1.48029736616687E-15,-1.,3.64706844762371E-31));
#7946=DIRECTION('',(1.48029736616687E-15,1.,-3.64706844762371E-31));
#7947=DIRECTION('center_axis',(2.46374041525693E-16,0.,1.));
#7948=DIRECTION('ref_axis',(1.,0.,-2.46374041525693E-16));
#7949=DIRECTION('center_axis',(0.500000000000004,0.866025403784436,0.));
#7950=DIRECTION('ref_axis',(0.866025403784436,-0.500000000000004,-2.13366178794292E-16));
#7951=DIRECTION('',(0.,0.,-1.));
#7952=DIRECTION('',(0.866025403784436,-0.500000000000004,-2.13366178794292E-16));
#7953=DIRECTION('',(0.,0.,-1.));
#7954=DIRECTION('center_axis',(-0.500000000000002,0.866025403784437,0.));
#7955=DIRECTION('ref_axis',(0.866025403784437,0.500000000000002,-2.13366178794292E-16));
#7956=DIRECTION('',(0.,0.,-1.));
#7957=DIRECTION('',(0.866025403784437,0.500000000000002,-2.13366178794292E-16));
#7958=DIRECTION('center_axis',(-1.,0.,0.));
#7959=DIRECTION('ref_axis',(0.,1.,0.));
#7960=DIRECTION('',(0.,1.,0.));
#7961=DIRECTION('center_axis',(1.,-2.96059473233376E-15,0.));
#7962=DIRECTION('ref_axis',(-2.96059473233376E-15,-1.,7.29413689524746E-31));
#7963=DIRECTION('',(0.,-1.,0.));
#7964=DIRECTION('center_axis',(0.,0.,-1.));
#7965=DIRECTION('ref_axis',(-1.,0.,0.));
#7966=DIRECTION('center_axis',(0.,0.,1.));
#7967=DIRECTION('ref_axis',(-1.,0.,1.97372982155583E-16));
#7968=DIRECTION('center_axis',(2.46374041525693E-16,0.,1.));
#7969=DIRECTION('ref_axis',(1.,0.,-2.46374041525693E-16));
#7970=DIRECTION('',(0.,1.,0.));
#7971=DIRECTION('',(0.866025403784438,0.500000000000001,-2.13366178794293E-16));
#7972=DIRECTION('center_axis',(-0.500000000000001,-0.866025403784438,0.));
#7973=DIRECTION('ref_axis',(-0.866025403784438,0.500000000000001,2.13366178794293E-16));
#7974=DIRECTION('',(0.,0.,-1.));
#7975=DIRECTION('',(-0.866025403784438,0.500000000000001,2.13366178794293E-16));
#7976=DIRECTION('',(0.,0.,-1.));
#7977=DIRECTION('center_axis',(0.500000000000001,-0.866025403784438,0.));
#7978=DIRECTION('ref_axis',(-0.866025403784438,-0.500000000000001,2.13366178794293E-16));
#7979=DIRECTION('',(0.,0.,-1.));
#7980=DIRECTION('',(-0.866025403784438,-0.500000000000001,2.13366178794293E-16));
#7981=DIRECTION('center_axis',(1.,0.,0.));
#7982=DIRECTION('ref_axis',(0.,-1.,0.));
#7983=DIRECTION('',(0.,-1.,0.));
#7984=DIRECTION('center_axis',(-1.,0.,0.));
#7985=DIRECTION('ref_axis',(0.,1.,0.));
#7986=DIRECTION('',(7.59126854444552E-16,1.,-1.87029151160191E-31));
#7987=DIRECTION('center_axis',(0.,0.,-1.));
#7988=DIRECTION('ref_axis',(-1.,0.,0.));
#7989=DIRECTION('center_axis',(0.,0.,1.));
#7990=DIRECTION('ref_axis',(-1.,0.,1.97372982155583E-16));
#7991=DIRECTION('center_axis',(1.97372982155583E-16,0.,1.));
#7992=DIRECTION('ref_axis',(-1.,0.,1.97372982155583E-16));
#7993=DIRECTION('center_axis',(2.46374041525693E-16,0.,1.));
#7994=DIRECTION('ref_axis',(-1.,0.,1.97372982155583E-16));
#7995=DIRECTION('',(1.97372982155583E-16,0.,1.));
#7996=DIRECTION('center_axis',(1.97372982155583E-16,0.,1.));
#7997=DIRECTION('ref_axis',(-1.,0.,1.97372982155583E-16));
#7998=DIRECTION('center_axis',(2.46374041525693E-16,0.,1.));
#7999=DIRECTION('ref_axis',(-1.,0.,1.97372982155583E-16));
#8000=DIRECTION('',(1.97372982155583E-16,0.,1.));
#8001=DIRECTION('center_axis',(1.97372982155583E-16,0.,1.));
#8002=DIRECTION('ref_axis',(-1.,0.,1.97372982155583E-16));
#8003=DIRECTION('center_axis',(2.46374041525693E-16,0.,1.));
#8004=DIRECTION('ref_axis',(-1.,0.,1.97372982155583E-16));
#8005=DIRECTION('',(1.97372982155583E-16,0.,1.));
#8006=DIRECTION('center_axis',(0.,0.,-1.));
#8007=DIRECTION('ref_axis',(-1.,0.,0.));
#8008=DIRECTION('',(1.26161707343768E-16,1.,-3.10829697240659E-32));
#8009=DIRECTION('center_axis',(1.97372982155583E-16,0.,1.));
#8010=DIRECTION('ref_axis',(-1.,0.,1.97372982155583E-16));
#8011=DIRECTION('center_axis',(2.46374041525693E-16,0.,1.));
#8012=DIRECTION('ref_axis',(-1.,0.,1.97372982155583E-16));
#8013=DIRECTION('',(1.97372982155583E-16,0.,1.));
#8014=DIRECTION('center_axis',(-1.,0.,4.44089209850063E-16));
#8015=DIRECTION('ref_axis',(0.,1.,0.));
#8016=DIRECTION('center_axis',(-2.46374041525693E-16,0.,-1.));
#8017=DIRECTION('ref_axis',(-1.,0.,2.46374041525693E-16));
#8018=DIRECTION('center_axis',(-1.,1.2491960895923E-16,0.));
#8019=DIRECTION('ref_axis',(1.2491960895923E-16,1.,-3.07769489250947E-32));
#8020=DIRECTION('',(0.,-1.,0.));
#8021=DIRECTION('',(0.,0.,-1.));
#8022=DIRECTION('center_axis',(0.,-1.,0.));
#8023=DIRECTION('ref_axis',(-1.,0.,2.46374041525693E-16));
#8024=DIRECTION('',(1.,0.,-2.46374041525693E-16));
#8025=DIRECTION('',(0.,0.,-1.));
#8026=DIRECTION('center_axis',(1.,0.,0.));
#8027=DIRECTION('ref_axis',(0.,-1.,0.));
#8028=DIRECTION('',(0.,1.,0.));
#8029=DIRECTION('center_axis',(-2.46374041525693E-16,0.,-1.));
#8030=DIRECTION('ref_axis',(-1.,0.,2.46374041525693E-16));
#8031=DIRECTION('',(0.,-1.,0.));
#8032=DIRECTION('',(-1.,0.,0.));
#8033=DIRECTION('',(0.,1.,0.));
#8034=DIRECTION('center_axis',(0.,1.,0.));
#8035=DIRECTION('ref_axis',(1.,0.,0.));
#8036=DIRECTION('',(0.,0.,-1.));
#8037=DIRECTION('',(1.,0.,0.));
#8038=DIRECTION('',(0.,0.,-1.));
#8039=DIRECTION('center_axis',(2.46374041525694E-16,0.,1.));
#8040=DIRECTION('ref_axis',(1.,0.,-2.46374041525694E-16));
#8041=DIRECTION('center_axis',(2.46374041525694E-16,0.,1.));
#8042=DIRECTION('ref_axis',(-1.,0.,0.));
#8043=DIRECTION('center_axis',(-2.46374041525694E-16,0.,-1.));
#8044=DIRECTION('ref_axis',(-1.,0.,2.46374041525694E-16));
#8045=DIRECTION('center_axis',(0.,0.,1.));
#8046=DIRECTION('ref_axis',(-1.,0.,0.));
#8047=DIRECTION('',(0.,0.,-1.));
#8048=DIRECTION('center_axis',(-2.46374041525694E-16,0.,-1.));
#8049=DIRECTION('ref_axis',(-1.,0.,2.46374041525694E-16));
#8050=DIRECTION('center_axis',(-2.46374041525694E-16,0.,-1.));
#8051=DIRECTION('ref_axis',(-1.,0.,2.46374041525694E-16));
#8052=DIRECTION('center_axis',(-2.46374041525694E-16,0.,-1.));
#8053=DIRECTION('ref_axis',(-1.,0.,2.46374041525694E-16));
#8054=DIRECTION('center_axis',(-2.46374041525694E-16,0.,-1.));
#8055=DIRECTION('ref_axis',(-1.,0.,2.46374041525694E-16));
#8056=DIRECTION('center_axis',(-2.46374041525694E-16,0.,-1.));
#8057=DIRECTION('ref_axis',(-1.,0.,2.46374041525694E-16));
#8058=DIRECTION('center_axis',(0.,1.,0.));
#8059=DIRECTION('ref_axis',(0.,0.,1.));
#8060=DIRECTION('',(0.,0.,-1.));
#8061=DIRECTION('',(0.,0.,-1.));
#8062=DIRECTION('',(-1.,0.,2.46374041525694E-16));
#8063=DIRECTION('center_axis',(0.,0.,1.));
#8064=DIRECTION('ref_axis',(1.,0.,0.));
#8065=DIRECTION('',(0.,1.,0.));
#8066=DIRECTION('',(1.,0.,0.));
#8067=DIRECTION('',(0.,1.,0.));
#8068=DIRECTION('center_axis',(-1.,0.,1.71352749781419E-16));
#8069=DIRECTION('ref_axis',(1.71352749781419E-16,0.,1.));
#8070=DIRECTION('',(0.,-1.,0.));
#8071=DIRECTION('',(0.,0.,-1.));
#8072=DIRECTION('',(0.,1.,0.));
#8073=DIRECTION('',(1.71352749781419E-16,0.,1.));
#8074=DIRECTION('center_axis',(0.,0.,-1.));
#8075=DIRECTION('ref_axis',(-1.,0.,0.));
#8076=DIRECTION('',(-1.,0.,0.));
#8077=DIRECTION('',(0.,1.,0.));
#8078=DIRECTION('',(-1.,0.,0.));
#8079=DIRECTION('center_axis',(0.,1.,0.));
#8080=DIRECTION('ref_axis',(1.,0.,-2.46374041525694E-16));
#8081=DIRECTION('',(1.,0.,-2.46374041525694E-16));
#8082=DIRECTION('',(0.,0.,1.));
#8083=DIRECTION('',(0.,1.,0.));
#8084=DIRECTION('center_axis',(1.23187020762847E-16,-1.,0.));
#8085=DIRECTION('ref_axis',(-1.,-1.23187020762847E-16,2.46374041525694E-16));
#8086=DIRECTION('center_axis',(-1.,-1.8478053114427E-16,0.));
#8087=DIRECTION('ref_axis',(-1.8478053114427E-16,1.,4.55251262532781E-32));
#8088=DIRECTION('',(0.,-1.,0.));
#8089=DIRECTION('center_axis',(2.46374041525694E-16,0.,1.));
#8090=DIRECTION('ref_axis',(1.,0.,-2.46374041525694E-16));
#8091=DIRECTION('center_axis',(-2.46374041525694E-16,0.,-1.));
#8092=DIRECTION('ref_axis',(1.,0.,0.));
#8093=DIRECTION('',(1.3436889859306E-16,-1.,-3.31050086017282E-32));
#8094=DIRECTION('center_axis',(-2.46374041525694E-16,0.,-1.));
#8095=DIRECTION('ref_axis',(1.,0.,0.));
#8096=DIRECTION('center_axis',(2.46374041525694E-16,0.,1.));
#8097=DIRECTION('ref_axis',(1.,0.,-2.46374041525694E-16));
#8098=DIRECTION('center_axis',(-2.46374041525694E-16,0.,-1.));
#8099=DIRECTION('ref_axis',(1.,0.,0.));
#8100=DIRECTION('center_axis',(-2.46374041525694E-16,0.,-1.));
#8101=DIRECTION('ref_axis',(1.,0.,0.));
#8102=DIRECTION('center_axis',(2.46374041525694E-16,0.,1.));
#8103=DIRECTION('ref_axis',(1.,0.,-2.46374041525694E-16));
#8104=DIRECTION('center_axis',(-2.46374041525694E-16,0.,-1.));
#8105=DIRECTION('ref_axis',(1.,0.,0.));
#8106=DIRECTION('center_axis',(-2.46374041525694E-16,0.,-1.));
#8107=DIRECTION('ref_axis',(1.,0.,0.));
#8108=DIRECTION('center_axis',(2.46374041525694E-16,0.,1.));
#8109=DIRECTION('ref_axis',(1.,0.,-2.46374041525694E-16));
#8110=DIRECTION('center_axis',(-2.46374041525694E-16,0.,-1.));
#8111=DIRECTION('ref_axis',(1.,0.,0.));
#8112=DIRECTION('',(1.3436889859306E-16,-1.,-3.31050086017282E-32));
#8113=DIRECTION('center_axis',(-2.46374041525694E-16,0.,-1.));
#8114=DIRECTION('ref_axis',(1.,0.,0.));
#8115=DIRECTION('center_axis',(0.,0.,-1.));
#8116=DIRECTION('ref_axis',(1.,0.,0.));
#8117=DIRECTION('',(0.,0.,-1.));
#8118=DIRECTION('center_axis',(2.46374041525694E-16,0.,1.));
#8119=DIRECTION('ref_axis',(-1.,1.3436889859306E-16,2.43543628699921E-16));
#8120=DIRECTION('center_axis',(2.46374041525694E-16,0.,1.));
#8121=DIRECTION('ref_axis',(-1.,1.3436889859306E-16,2.43543628699921E-16));
#8122=DIRECTION('center_axis',(-2.46374041525694E-16,0.,-1.));
#8123=DIRECTION('ref_axis',(-1.,0.,4.29980475497791E-16));
#8124=DIRECTION('center_axis',(-2.46374041525694E-16,0.,-1.));
#8125=DIRECTION('ref_axis',(-1.,0.,2.41757107539816E-16));
#8126=DIRECTION('center_axis',(-1.3436889859306E-16,-1.,3.31050086017282E-32));
#8127=DIRECTION('ref_axis',(1.,-1.3436889859306E-16,0.));
#8128=DIRECTION('center_axis',(0.,0.,-1.));
#8129=DIRECTION('ref_axis',(-1.,0.,0.));
#8130=DIRECTION('',(0.,0.,-1.));
#8131=DIRECTION('center_axis',(0.707106781186549,9.50131593757202E-17,0.707106781186546));
#8132=DIRECTION('ref_axis',(0.707106781186546,0.,-0.707106781186549));
#8133=DIRECTION('center_axis',(0.,0.,-1.));
#8134=DIRECTION('ref_axis',(1.,0.,0.));
#8135=DIRECTION('',(0.,0.,-1.));
#8136=DIRECTION('center_axis',(0.,0.,-1.));
#8137=DIRECTION('ref_axis',(1.,0.,0.));
#8138=DIRECTION('center_axis',(0.,0.,-1.));
#8139=DIRECTION('ref_axis',(1.,0.,0.));
#8140=DIRECTION('',(0.,0.,-1.));
#8141=DIRECTION('center_axis',(-2.46374041525694E-16,0.,-1.));
#8142=DIRECTION('ref_axis',(1.,0.,0.));
#8143=DIRECTION('center_axis',(0.,0.,-1.));
#8144=DIRECTION('ref_axis',(1.,0.,0.));
#8145=DIRECTION('',(0.,0.,-1.));
#8146=DIRECTION('center_axis',(-2.46374041525694E-16,0.,-1.));
#8147=DIRECTION('ref_axis',(1.,0.,0.));
#8148=DIRECTION('center_axis',(0.,0.,-1.));
#8149=DIRECTION('ref_axis',(1.,0.,0.));
#8150=DIRECTION('',(0.,0.,-1.));
#8151=DIRECTION('center_axis',(0.,0.,-1.));
#8152=DIRECTION('ref_axis',(1.,0.,0.));
#8153=DIRECTION('center_axis',(0.,1.,0.));
#8154=DIRECTION('ref_axis',(0.,0.,1.));
#8155=DIRECTION('',(5.46571335200077E-16,0.,1.));
#8156=DIRECTION('center_axis',(0.,1.,0.));
#8157=DIRECTION('ref_axis',(0.578479985039539,0.,0.81569657772278));
#8158=DIRECTION('center_axis',(0.,1.,0.));
#8159=DIRECTION('ref_axis',(0.707106781186546,0.,-0.707106781186549));
#8160=DIRECTION('center_axis',(0.,1.,0.));
#8161=DIRECTION('ref_axis',(0.578479985039536,0.,-0.815696577722782));
#8162=DIRECTION('center_axis',(0.,-1.,0.));
#8163=DIRECTION('ref_axis',(1.,0.,0.));
#8164=DIRECTION('center_axis',(0.,1.,0.));
#8165=DIRECTION('ref_axis',(0.,0.,1.));
#8166=DIRECTION('center_axis',(0.,-1.,0.));
#8167=DIRECTION('ref_axis',(0.578479985039536,0.,-0.815696577722782));
#8168=DIRECTION('center_axis',(0.,-1.,0.));
#8169=DIRECTION('ref_axis',(0.707106781186546,0.,-0.707106781186549));
#8170=DIRECTION('center_axis',(0.,-1.,0.));
#8171=DIRECTION('ref_axis',(0.578479985039539,0.,0.81569657772278));
#8172=DIRECTION('center_axis',(0.,1.,0.));
#8173=DIRECTION('ref_axis',(0.,0.,1.));
#8174=DIRECTION('center_axis',(0.,-1.,0.));
#8175=DIRECTION('ref_axis',(-0.578479985039536,0.,0.815696577722782));
#8176=DIRECTION('center_axis',(0.,-1.,0.));
#8177=DIRECTION('ref_axis',(0.578479985039541,0.,-0.815696577722778));
#8178=DIRECTION('center_axis',(0.,-1.,0.));
#8179=DIRECTION('ref_axis',(0.707106781186548,0.,-0.707106781186547));
#8180=DIRECTION('',(-1.,0.,2.46374041525693E-16));
#8181=DIRECTION('center_axis',(0.,1.,0.));
#8182=DIRECTION('ref_axis',(0.,0.,1.));
#8183=DIRECTION('',(5.36663697704003E-17,0.,1.));
#8184=DIRECTION('center_axis',(0.,-1.,0.));
#8185=DIRECTION('ref_axis',(-0.578479985039534,0.,0.815696577722783));
#8186=DIRECTION('center_axis',(0.,-1.,0.));
#8187=DIRECTION('ref_axis',(-0.707106781186547,0.,0.707106781186548));
#8188=DIRECTION('center_axis',(0.,-1.,0.));
#8189=DIRECTION('ref_axis',(-0.578479985039536,0.,-0.815696577722782));
#8190=DIRECTION('center_axis',(0.,-1.,0.));
#8191=DIRECTION('ref_axis',(1.,0.,0.));
#8192=DIRECTION('',(0.,-1.,0.));
#8193=DIRECTION('center_axis',(0.,-1.,0.));
#8194=DIRECTION('ref_axis',(1.,0.,0.));
#8195=DIRECTION('center_axis',(0.,-1.,0.));
#8196=DIRECTION('ref_axis',(1.,0.,0.));
#8197=DIRECTION('',(0.,-1.,0.));
#8198=DIRECTION('center_axis',(0.,-1.,0.));
#8199=DIRECTION('ref_axis',(1.,0.,-5.49532360539321E-16));
#8200=DIRECTION('',(0.,-1.,0.));
#8201=DIRECTION('center_axis',(0.,1.,0.));
#8202=DIRECTION('ref_axis',(-0.70710678118655,0.,0.707106781186545));
#8203=DIRECTION('',(0.,1.,0.));
#8204=DIRECTION('center_axis',(0.,1.,0.));
#8205=DIRECTION('ref_axis',(-0.578479985039536,0.,-0.815696577722782));
#8206=DIRECTION('center_axis',(0.,1.,0.));
#8207=DIRECTION('ref_axis',(-0.578479985039536,0.,-0.815696577722782));
#8208=DIRECTION('',(0.,-1.,0.));
#8209=DIRECTION('center_axis',(0.,-1.,0.));
#8210=DIRECTION('ref_axis',(-0.578479985039536,0.,0.815696577722782));
#8211=DIRECTION('',(0.,1.,0.));
#8212=DIRECTION('center_axis',(0.,1.,0.));
#8213=DIRECTION('ref_axis',(-0.578479985039536,0.,0.815696577722782));
#8214=DIRECTION('center_axis',(0.,-1.,0.));
#8215=DIRECTION('ref_axis',(1.,0.,-2.35513868802566E-16));
#8216=DIRECTION('',(0.,-1.,0.));
#8217=DIRECTION('center_axis',(0.,1.,0.));
#8218=DIRECTION('ref_axis',(-0.707106781186547,0.,0.707106781186548));
#8219=DIRECTION('',(0.,1.,0.));
#8220=DIRECTION('center_axis',(0.,1.,0.));
#8221=DIRECTION('ref_axis',(-0.578479985039536,0.,-0.815696577722782));
#8222=DIRECTION('center_axis',(0.,1.,0.));
#8223=DIRECTION('ref_axis',(-0.578479985039536,0.,-0.815696577722782));
#8224=DIRECTION('',(0.,-1.,0.));
#8225=DIRECTION('center_axis',(0.,-1.,0.));
#8226=DIRECTION('ref_axis',(-0.578479985039534,0.,0.815696577722783));
#8227=DIRECTION('',(0.,1.,0.));
#8228=DIRECTION('center_axis',(0.,1.,0.));
#8229=DIRECTION('ref_axis',(-0.578479985039534,0.,0.815696577722783));
#8230=DIRECTION('center_axis',(0.,-1.,0.));
#8231=DIRECTION('ref_axis',(-0.578479985039536,0.,0.815696577722782));
#8232=DIRECTION('',(0.,1.,0.));
#8233=DIRECTION('center_axis',(0.,-1.,0.));
#8234=DIRECTION('ref_axis',(0.578479985039541,0.,-0.815696577722778));
#8235=DIRECTION('',(0.,-1.,0.));
#8236=DIRECTION('center_axis',(0.,-1.,0.));
#8237=DIRECTION('ref_axis',(-1.,0.,7.85046229341887E-17));
#8238=DIRECTION('center_axis',(0.,-1.,0.));
#8239=DIRECTION('ref_axis',(0.578479985039536,0.,-0.815696577722782));
#8240=DIRECTION('',(0.,-1.,0.));
#8241=DIRECTION('center_axis',(0.,-1.,0.));
#8242=DIRECTION('ref_axis',(-1.,0.,-2.35513868802566E-16));
#8243=DIRECTION('',(0.,1.,0.));
#8244=DIRECTION('center_axis',(0.,1.,0.));
#8245=DIRECTION('ref_axis',(0.578479985039539,0.,0.81569657772278));
#8246=DIRECTION('center_axis',(0.,0.,1.));
#8247=DIRECTION('ref_axis',(1.,0.,0.));
#8248=DIRECTION('',(2.96059473233375E-15,-1.,-7.29413689524745E-31));
#8249=DIRECTION('',(-0.866025403784437,-0.500000000000003,2.13366178794292E-16));
#8250=DIRECTION('',(-0.866025403784439,0.5,2.13366178794293E-16));
#8251=DIRECTION('',(0.,1.,0.));
#8252=DIRECTION('',(0.866025403784437,0.500000000000003,-2.13366178794292E-16));
#8253=DIRECTION('',(0.86602540378444,-0.499999999999998,-2.13366178794293E-16));
#8254=DIRECTION('center_axis',(-1.,-2.96059473233375E-15,0.));
#8255=DIRECTION('ref_axis',(2.96059473233375E-15,-1.,-7.29413689524745E-31));
#8256=DIRECTION('',(0.,0.,1.));
#8257=DIRECTION('',(0.,0.,1.));
#8258=DIRECTION('center_axis',(-0.499999999999998,-0.86602540378444,0.));
#8259=DIRECTION('ref_axis',(0.86602540378444,-0.499999999999998,-2.13366178794293E-16));
#8260=DIRECTION('',(0.,0.,1.));
#8261=DIRECTION('center_axis',(0.500000000000003,-0.866025403784437,0.));
#8262=DIRECTION('ref_axis',(0.866025403784437,0.500000000000003,-2.13366178794292E-16));
#8263=DIRECTION('',(0.,0.,1.));
#8264=DIRECTION('center_axis',(1.,0.,0.));
#8265=DIRECTION('ref_axis',(0.,1.,0.));
#8266=DIRECTION('',(0.,0.,1.));
#8267=DIRECTION('center_axis',(0.5,0.866025403784439,0.));
#8268=DIRECTION('ref_axis',(-0.866025403784439,0.5,2.13366178794293E-16));
#8269=DIRECTION('',(0.,0.,1.));
#8270=DIRECTION('center_axis',(-0.500000000000003,0.866025403784437,0.));
#8271=DIRECTION('ref_axis',(-0.866025403784437,-0.500000000000003,2.13366178794292E-16));
#8272=DIRECTION('center_axis',(-2.46374041525694E-16,0.,-1.));
#8273=DIRECTION('ref_axis',(-1.,0.,2.46374041525694E-16));
#8274=DIRECTION('',(-0.866025403784438,0.500000000000001,2.13366178794293E-16));
#8275=DIRECTION('',(1.48029736616688E-15,1.,-3.64706844762373E-31));
#8276=DIRECTION('',(0.866025403784438,0.500000000000001,-2.13366178794293E-16));
#8277=DIRECTION('',(0.866025403784439,-0.5,-2.13366178794293E-16));
#8278=DIRECTION('',(-1.48029736616687E-15,-1.,3.64706844762372E-31));
#8279=DIRECTION('',(-0.866025403784441,-0.499999999999996,2.13366178794293E-16));
#8280=DIRECTION('center_axis',(0.500000000000001,0.866025403784438,0.));
#8281=DIRECTION('ref_axis',(-0.866025403784438,0.500000000000001,2.13366178794293E-16));
#8282=DIRECTION('',(0.,0.,1.));
#8283=DIRECTION('',(0.,0.,1.));
#8284=DIRECTION('center_axis',(-0.499999999999996,0.866025403784441,0.));
#8285=DIRECTION('ref_axis',(-0.866025403784441,-0.499999999999996,2.13366178794293E-16));
#8286=DIRECTION('',(0.,0.,1.));
#8287=DIRECTION('center_axis',(-1.,1.48029736616687E-15,0.));
#8288=DIRECTION('ref_axis',(-1.48029736616687E-15,-1.,3.64706844762372E-31));
#8289=DIRECTION('',(0.,0.,1.));
#8290=DIRECTION('center_axis',(-0.5,-0.866025403784439,0.));
#8291=DIRECTION('ref_axis',(0.866025403784439,-0.5,-2.13366178794293E-16));
#8292=DIRECTION('',(0.,0.,1.));
#8293=DIRECTION('center_axis',(0.500000000000001,-0.866025403784438,0.));
#8294=DIRECTION('ref_axis',(0.866025403784438,0.500000000000001,-2.13366178794293E-16));
#8295=DIRECTION('',(0.,0.,1.));
#8296=DIRECTION('center_axis',(1.,-1.48029736616688E-15,0.));
#8297=DIRECTION('ref_axis',(1.48029736616688E-15,1.,-3.64706844762373E-31));
#8298=DIRECTION('center_axis',(0.,0.,1.));
#8299=DIRECTION('ref_axis',(1.,0.,0.));
#8300=DIRECTION('',(0.866025403784438,0.500000000000001,-2.13366178794293E-16));
#8301=DIRECTION('',(0.866025403784439,-0.499999999999999,-2.13366178794293E-16));
#8302=DIRECTION('',(0.,-1.,0.));
#8303=DIRECTION('',(-0.866025403784442,-0.499999999999994,2.13366178794294E-16));
#8304=DIRECTION('',(-0.866025403784438,0.500000000000001,2.13366178794293E-16));
#8305=DIRECTION('',(0.,1.,0.));
#8306=DIRECTION('center_axis',(0.500000000000001,-0.866025403784438,0.));
#8307=DIRECTION('ref_axis',(0.866025403784438,0.500000000000001,-2.13366178794293E-16));
#8308=DIRECTION('',(0.,0.,1.));
#8309=DIRECTION('',(0.,0.,1.));
#8310=DIRECTION('center_axis',(1.,0.,0.));
#8311=DIRECTION('ref_axis',(0.,1.,0.));
#8312=DIRECTION('',(0.,0.,1.));
#8313=DIRECTION('center_axis',(0.500000000000001,0.866025403784438,0.));
#8314=DIRECTION('ref_axis',(-0.866025403784438,0.500000000000001,2.13366178794293E-16));
#8315=DIRECTION('',(0.,0.,1.));
#8316=DIRECTION('center_axis',(-0.499999999999994,0.866025403784442,0.));
#8317=DIRECTION('ref_axis',(-0.866025403784442,-0.499999999999994,2.13366178794294E-16));
#8318=DIRECTION('',(0.,0.,1.));
#8319=DIRECTION('center_axis',(-1.,0.,0.));
#8320=DIRECTION('ref_axis',(0.,-1.,0.));
#8321=DIRECTION('',(0.,0.,1.));
#8322=DIRECTION('center_axis',(-0.499999999999999,-0.866025403784439,0.));
#8323=DIRECTION('ref_axis',(0.866025403784439,-0.499999999999999,-2.13366178794293E-16));
#8324=DIRECTION('center_axis',(-2.46374041525694E-16,0.,-1.));
#8325=DIRECTION('ref_axis',(-1.,0.,2.46374041525694E-16));
#8326=DIRECTION('',(0.,1.,0.));
#8327=DIRECTION('',(0.866025403784438,0.500000000000001,-2.13366178794293E-16));
#8328=DIRECTION('',(0.866025403784439,-0.5,-2.13366178794293E-16));
#8329=DIRECTION('',(1.48029736616688E-15,-1.,-3.64706844762373E-31));
#8330=DIRECTION('',(-0.866025403784437,-0.500000000000003,2.13366178794292E-16));
#8331=DIRECTION('',(-0.866025403784438,0.500000000000001,2.13366178794293E-16));
#8332=DIRECTION('center_axis',(1.,0.,0.));
#8333=DIRECTION('ref_axis',(0.,1.,0.));
#8334=DIRECTION('',(0.,0.,1.));
#8335=DIRECTION('',(0.,0.,1.));
#8336=DIRECTION('center_axis',(0.500000000000001,0.866025403784438,0.));
#8337=DIRECTION('ref_axis',(-0.866025403784438,0.500000000000001,2.13366178794293E-16));
#8338=DIRECTION('',(0.,0.,1.));
#8339=DIRECTION('center_axis',(-0.500000000000003,0.866025403784437,0.));
#8340=DIRECTION('ref_axis',(-0.866025403784437,-0.500000000000003,2.13366178794292E-16));
#8341=DIRECTION('',(0.,0.,1.));
#8342=DIRECTION('center_axis',(-1.,-1.48029736616688E-15,0.));
#8343=DIRECTION('ref_axis',(1.48029736616688E-15,-1.,-3.64706844762373E-31));
#8344=DIRECTION('',(0.,0.,1.));
#8345=DIRECTION('center_axis',(-0.5,-0.866025403784439,0.));
#8346=DIRECTION('ref_axis',(0.866025403784439,-0.5,-2.13366178794293E-16));
#8347=DIRECTION('',(0.,0.,1.));
#8348=DIRECTION('center_axis',(0.500000000000001,-0.866025403784438,0.));
#8349=DIRECTION('ref_axis',(0.866025403784438,0.500000000000001,-2.13366178794293E-16));
#8350=DIRECTION('center_axis',(1.,0.,-2.96059473232168E-16));
#8351=DIRECTION('ref_axis',(0.,-1.,-1.65208832898983E-16));
#8352=DIRECTION('center_axis',(-1.,0.,2.85587916302366E-16));
#8353=DIRECTION('ref_axis',(0.,-1.,8.49948979544828E-17));
#8354=DIRECTION('',(1.,0.,-2.96059473232168E-16));
#8355=DIRECTION('center_axis',(-0.707106781186549,-0.707106781186546,3.86484297522161E-16));
#8356=DIRECTION('ref_axis',(-0.707106781186546,0.707106781186549,5.84101430273931E-17));
#8357=DIRECTION('center_axis',(1.,0.,-2.14665479081601E-16));
#8358=DIRECTION('ref_axis',(0.,-1.,-6.38874036588211E-17));
#8359=DIRECTION('center_axis',(-0.707106781186549,-0.707106781186546,3.86484297522161E-16));
#8360=DIRECTION('ref_axis',(-0.707106781186546,0.707106781186549,5.84101430273931E-17));
#8361=DIRECTION('',(-1.,0.,2.96059473232168E-16));
#8362=DIRECTION('center_axis',(0.,1.,0.));
#8363=DIRECTION('ref_axis',(0.,0.,1.));
#8364=DIRECTION('',(-1.63971400560023E-16,0.,-1.));
#8365=DIRECTION('center_axis',(0.,1.,0.));
#8366=DIRECTION('ref_axis',(0.,0.,1.));
#8367=DIRECTION('',(-1.63971400560023E-16,0.,-1.));
#8368=DIRECTION('center_axis',(0.,1.,0.));
#8369=DIRECTION('ref_axis',(0.,0.,1.));
#8370=DIRECTION('',(-1.63971400560023E-16,0.,-1.));
#8371=DIRECTION('center_axis',(0.,1.,0.));
#8372=DIRECTION('ref_axis',(0.,0.,1.));
#8373=DIRECTION('',(5.46571335200077E-16,0.,1.));
#8374=DIRECTION('center_axis',(0.,0.707106781186548,0.707106781186548));
#8375=DIRECTION('ref_axis',(1.,0.,0.));
#8376=DIRECTION('center_axis',(0.,-0.707106781186548,-0.707106781186548));
#8377=DIRECTION('ref_axis',(0.,0.707106781186547,-0.707106781186547));
#8378=DIRECTION('',(0.577350269189627,-0.577350269189629,0.577350269189622));
#8379=DIRECTION('',(-1.,0.,0.));
#8380=DIRECTION('',(-0.577350269189624,-0.577350269189627,0.577350269189627));
#8381=DIRECTION('center_axis',(0.,-0.707106781186548,-0.707106781186548));
#8382=DIRECTION('ref_axis',(4.9065389333868E-17,0.707106781186547,-0.707106781186547));
#8383=DIRECTION('center_axis',(0.,0.707106781186548,-0.707106781186548));
#8384=DIRECTION('ref_axis',(-1.,0.,0.));
#8385=DIRECTION('center_axis',(0.,-0.707106781186548,0.707106781186548));
#8386=DIRECTION('ref_axis',(0.,0.707106781186547,0.707106781186547));
#8387=DIRECTION('',(-0.577350269189625,-0.577350269189626,-0.577350269189626));
#8388=DIRECTION('',(1.,0.,0.));
#8389=DIRECTION('',(-0.577350269189624,0.577350269189626,0.577350269189626));
#8390=DIRECTION('center_axis',(0.,-0.707106781186548,0.707106781186548));
#8391=DIRECTION('ref_axis',(0.,0.707106781186547,0.707106781186547));
#8392=DIRECTION('',(1.,0.,-4.92748083051387E-16));
#8393=DIRECTION('center_axis',(0.,1.,0.));
#8394=DIRECTION('ref_axis',(0.,0.,1.));
#8395=DIRECTION('',(5.46571335200077E-16,0.,1.));
#8396=DIRECTION('center_axis',(1.,0.,0.));
#8397=DIRECTION('ref_axis',(0.,-1.,-5.33060595385006E-16));
#8398=DIRECTION('center_axis',(-0.520564755893198,-0.853822191631171,0.));
#8399=DIRECTION('ref_axis',(0.853822191631171,-0.520564755893198,0.));
#8400=DIRECTION('center_axis',(1.,0.,-2.14665479081601E-16));
#8401=DIRECTION('ref_axis',(0.,-1.,-1.37425490854543E-16));
#8402=DIRECTION('center_axis',(1.,0.,-2.14665479081601E-16));
#8403=DIRECTION('ref_axis',(0.,-1.,0.));
#8404=DIRECTION('center_axis',(0.707106781186549,0.707106781186546,-3.86484297522161E-16));
#8405=DIRECTION('ref_axis',(0.707106781186546,-0.707106781186549,3.83016651315936E-16));
#8406=DIRECTION('center_axis',(1.,0.,0.));
#8407=DIRECTION('ref_axis',(0.,-1.,-5.33060595385006E-16));
#8408=DIRECTION('center_axis',(-0.520564755893198,-0.853822191631171,0.));
#8409=DIRECTION('ref_axis',(0.853822191631171,-0.520564755893198,0.));
#8410=DIRECTION('center_axis',(1.,0.,-2.14665479081601E-16));
#8411=DIRECTION('ref_axis',(0.,-1.,-1.37425490854543E-16));
#8412=DIRECTION('center_axis',(0.707106781186549,0.707106781186546,-3.86484297522161E-16));
#8413=DIRECTION('ref_axis',(-5.46571335200077E-16,0.,-1.));
#8414=DIRECTION('center_axis',(-0.707106781186549,-0.707106781186546,3.86484297522161E-16));
#8415=DIRECTION('ref_axis',(-0.707106781186546,0.707106781186549,4.41588504004811E-16));
#8416=DIRECTION('',(5.46571335200077E-16,0.,1.));
#8417=DIRECTION('center_axis',(0.707106781186549,0.707106781186546,-3.86484297522161E-16));
#8418=DIRECTION('ref_axis',(0.707106781186546,-0.707106781186549,3.83016651315936E-16));
#8419=DIRECTION('center_axis',(1.,0.,-2.14665479081601E-16));
#8420=DIRECTION('ref_axis',(0.,-1.,0.));
#8421=DIRECTION('center_axis',(1.,0.,-2.14665479081601E-16));
#8422=DIRECTION('ref_axis',(0.,-1.,0.));
#8423=DIRECTION('center_axis',(1.,0.,-2.85587916302366E-16));
#8424=DIRECTION('ref_axis',(-2.85587916302366E-16,0.,-1.));
#8425=DIRECTION('center_axis',(1.,0.,-2.85587916302366E-16));
#8426=DIRECTION('ref_axis',(2.4273515803153E-32,-1.,8.49948979544828E-17));
#8427=DIRECTION('',(-2.85587916302366E-16,0.,-1.));
#8428=DIRECTION('',(-2.85587916302366E-16,0.,-1.));
#8429=DIRECTION('center_axis',(0.,1.,0.));
#8430=DIRECTION('ref_axis',(0.,0.,1.));
#8431=DIRECTION('',(-1.63971400560023E-16,0.,-1.));
#8432=DIRECTION('',(5.46571335200077E-16,0.,1.));
#8433=DIRECTION('center_axis',(-1.,0.,2.85587916302366E-16));
#8434=DIRECTION('ref_axis',(0.,0.,1.));
#8435=DIRECTION('center_axis',(1.,0.,0.));
#8436=DIRECTION('ref_axis',(0.,-1.,-8.88434325641673E-17));
#8437=DIRECTION('center_axis',(-0.520564755893198,-0.853822191631171,0.));
#8438=DIRECTION('ref_axis',(0.853822191631171,-0.520564755893198,0.));
#8439=DIRECTION('center_axis',(1.,0.,-2.14665479081601E-16));
#8440=DIRECTION('ref_axis',(0.,-1.,-1.37425490854541E-16));
#8441=DIRECTION('center_axis',(1.,0.,-2.14665479081601E-16));
#8442=DIRECTION('ref_axis',(0.,-1.,0.));
#8443=DIRECTION('center_axis',(0.707106781186549,0.707106781186546,-3.86484297522161E-16));
#8444=DIRECTION('ref_axis',(0.707106781186546,-0.707106781186549,4.59619981579121E-16));
#8445=DIRECTION('center_axis',(1.,0.,0.));
#8446=DIRECTION('ref_axis',(0.,-1.,3.19836357231002E-15));
#8447=DIRECTION('center_axis',(-0.520564755893198,-0.853822191631171,0.));
#8448=DIRECTION('ref_axis',(0.853822191631171,-0.520564755893198,0.));
#8449=DIRECTION('center_axis',(1.,0.,-2.14665479081601E-16));
#8450=DIRECTION('ref_axis',(0.,-1.,1.12345338773589E-14));
#8451=DIRECTION('center_axis',(0.707106781186549,0.707106781186546,-3.86484297522161E-16));
#8452=DIRECTION('ref_axis',(-5.46571335200077E-16,0.,-1.));
#8453=DIRECTION('center_axis',(-0.707106781186549,-0.707106781186546,3.86484297522161E-16));
#8454=DIRECTION('ref_axis',(-0.707106781186546,0.707106781186549,3.43457725337075E-16));
#8455=DIRECTION('center_axis',(0.707106781186549,0.707106781186546,-3.86484297522161E-16));
#8456=DIRECTION('ref_axis',(0.707106781186546,-0.707106781186549,3.83016651315934E-16));
#8457=DIRECTION('center_axis',(1.,0.,-2.14665479081601E-16));
#8458=DIRECTION('ref_axis',(0.,-1.,0.));
#8459=DIRECTION('center_axis',(-0.70710678118655,0.707106781186545,1.15945289256648E-16));
#8460=DIRECTION('ref_axis',(1.63971400560023E-16,0.,1.));
#8461=DIRECTION('center_axis',(0.70710678118655,-0.707106781186545,-1.15945289256648E-16));
#8462=DIRECTION('ref_axis',(0.707106781186545,0.70710678118655,-4.90653893338678E-17));
#8463=DIRECTION('',(-3.21998218622402E-16,0.,-1.));
#8464=DIRECTION('',(-3.21998218622402E-16,0.,-1.));
#8465=DIRECTION('',(-3.21998218622402E-16,0.,-1.));
#8466=DIRECTION('',(-3.21998218622402E-16,0.,-1.));
#8467=DIRECTION('center_axis',(0.70710678118655,-0.707106781186545,-1.15945289256648E-16));
#8468=DIRECTION('ref_axis',(0.707106781186545,0.70710678118655,-9.81307786677356E-17));
#8469=DIRECTION('center_axis',(0.,1.,0.));
#8470=DIRECTION('ref_axis',(0.707106781186516,0.,-0.707106781186579));
#8471=DIRECTION('center_axis',(0.,-1.,0.));
#8472=DIRECTION('ref_axis',(0.707106781186516,0.,-0.707106781186579));
#8473=DIRECTION('',(0.,-1.,0.));
#8474=DIRECTION('center_axis',(0.,1.,0.));
#8475=DIRECTION('ref_axis',(-0.707106781186541,0.,-0.707106781186554));
#8476=DIRECTION('center_axis',(0.,-1.,0.));
#8477=DIRECTION('ref_axis',(0.,0.,-1.));
#8478=DIRECTION('center_axis',(0.408248290463847,-0.816496580927735,0.408248290463861));
#8479=DIRECTION('ref_axis',(-0.577350269189609,-0.577350269189617,-0.577350269189651));
#8480=DIRECTION('center_axis',(-1.,0.,0.));
#8481=DIRECTION('ref_axis',(0.,-1.,0.));
#8482=DIRECTION('center_axis',(2.46374041525694E-16,0.,1.));
#8483=DIRECTION('ref_axis',(1.,0.,-2.46374041525694E-16));
#8484=DIRECTION('',(0.,-1.,0.));
#8485=DIRECTION('',(0.,1.,0.));
#8486=DIRECTION('center_axis',(0.,1.,0.));
#8487=DIRECTION('ref_axis',(-0.707106781186541,0.,0.707106781186554));
#8488=DIRECTION('center_axis',(1.,0.,-5.36663697704003E-17));
#8489=DIRECTION('ref_axis',(-5.36663697704003E-17,0.,-1.));
#8490=DIRECTION('',(0.,1.,0.));
#8491=DIRECTION('center_axis',(0.,1.,0.));
#8492=DIRECTION('ref_axis',(0.707106781186541,0.,0.707106781186554));
#8493=DIRECTION('center_axis',(-1.,0.,2.46374041525693E-16));
#8494=DIRECTION('ref_axis',(0.,-0.707106781186543,-0.707106781186553));
#8495=DIRECTION('center_axis',(1.,0.,-2.46374041525693E-16));
#8496=DIRECTION('ref_axis',(0.,-0.707106781186546,-0.707106781186549));
#8497=DIRECTION('center_axis',(-0.408248290463833,-0.816496580927742,0.408248290463862));
#8498=DIRECTION('ref_axis',(0.577350269189611,-0.577350269189613,-0.577350269189654));
#8499=CARTESIAN_POINT('',(0.,0.,0.));
#8500=CARTESIAN_POINT('Origin',(-29.5,65.5500000000001,-115.75));
#8501=CARTESIAN_POINT('',(-30.5,65.5500000000001,-112.75));
#8502=CARTESIAN_POINT('',(-29.5,66.55,-112.75));
#8503=CARTESIAN_POINT('Origin',(-29.5,65.5500000000001,-112.75));
#8504=CARTESIAN_POINT('',(-30.5,65.5500000000001,-115.75));
#8505=CARTESIAN_POINT('',(-30.5,65.5500000000001,-115.75));
#8506=CARTESIAN_POINT('',(-29.5,66.55,-115.75));
#8507=CARTESIAN_POINT('Origin',(-29.5,65.5500000000001,-115.75));
#8508=CARTESIAN_POINT('',(-29.5,66.55,-115.75));
#8509=CARTESIAN_POINT('Origin',(30.5,66.55,-115.75));
#8510=CARTESIAN_POINT('',(29.5,66.55,-115.75));
#8511=CARTESIAN_POINT('',(15.25,66.55,-115.75));
#8512=CARTESIAN_POINT('',(29.5,66.55,-112.75));
#8513=CARTESIAN_POINT('',(29.5,66.55,-115.75));
#8514=CARTESIAN_POINT('',(15.25,66.55,-112.75));
#8515=CARTESIAN_POINT('Origin',(-29.5,6.55000000000004,-115.75));
#8516=CARTESIAN_POINT('',(-29.5,5.55000000000003,-112.75));
#8517=CARTESIAN_POINT('',(-30.5,6.55000000000004,-112.75));
#8518=CARTESIAN_POINT('Origin',(-29.5,6.55000000000004,-112.75));
#8519=CARTESIAN_POINT('',(-29.5,5.55000000000003,-115.75));
#8520=CARTESIAN_POINT('',(-29.5,5.55000000000004,-115.75));
#8521=CARTESIAN_POINT('',(-30.5,6.55000000000004,-115.75));
#8522=CARTESIAN_POINT('Origin',(-29.5,6.55000000000004,-115.75));
#8523=CARTESIAN_POINT('',(-30.5,6.55000000000004,-115.75));
#8524=CARTESIAN_POINT('Origin',(-30.5,66.55,-115.75));
#8525=CARTESIAN_POINT('',(-30.5,51.3,-112.75));
#8526=CARTESIAN_POINT('',(-30.5,51.3,-115.75));
#8527=CARTESIAN_POINT('Origin',(29.5,6.55000000000004,-115.75));
#8528=CARTESIAN_POINT('',(30.5,6.55000000000004,-112.75));
#8529=CARTESIAN_POINT('',(29.5,5.55000000000003,-112.75));
#8530=CARTESIAN_POINT('Origin',(29.5,6.55000000000004,-112.75));
#8531=CARTESIAN_POINT('',(30.5,6.55000000000004,-115.75));
#8532=CARTESIAN_POINT('',(30.5,6.55000000000004,-115.75));
#8533=CARTESIAN_POINT('',(29.5,5.55000000000003,-115.75));
#8534=CARTESIAN_POINT('Origin',(29.5,6.55000000000004,-115.75));
#8535=CARTESIAN_POINT('',(29.5,5.55000000000004,-115.75));
#8536=CARTESIAN_POINT('Origin',(-30.5,5.55000000000004,-115.75));
#8537=CARTESIAN_POINT('',(-15.25,5.55000000000003,-112.75));
#8538=CARTESIAN_POINT('',(-15.25,5.55000000000003,-115.75));
#8539=CARTESIAN_POINT('Origin',(29.5,65.5500000000001,-115.75));
#8540=CARTESIAN_POINT('',(30.5,65.5500000000001,-112.75));
#8541=CARTESIAN_POINT('Origin',(29.5,65.5500000000001,-112.75));
#8542=CARTESIAN_POINT('',(30.5,65.5500000000001,-115.75));
#8543=CARTESIAN_POINT('Origin',(29.5,65.5500000000001,-115.75));
#8544=CARTESIAN_POINT('',(30.5,65.5500000000001,-115.75));
#8545=CARTESIAN_POINT('Origin',(30.5,5.55000000000003,-115.75));
#8546=CARTESIAN_POINT('',(30.5,20.8,-112.75));
#8547=CARTESIAN_POINT('',(30.5,20.8,-115.75));
#8548=CARTESIAN_POINT('Origin',(36.05,0.,54.1893767021635));
#8549=CARTESIAN_POINT('',(-35.55,0.,54.1893767021635));
#8550=CARTESIAN_POINT('',(-36.05,0.500000000000004,54.1893767021635));
#8551=CARTESIAN_POINT('Origin',(-35.55,0.5,54.1893767021635));
#8552=CARTESIAN_POINT('',(-36.05,0.,54.1893767021635));
#8553=CARTESIAN_POINT('',(-36.05,0.,54.1893767021635));
#8554=CARTESIAN_POINT('',(-36.05,80.5,54.1893767021635));
#8555=CARTESIAN_POINT('Origin',(-36.05,0.,71.3106232978366));
#8556=CARTESIAN_POINT('',(-36.05,0.5,71.3106232978366));
#8557=CARTESIAN_POINT('',(-35.55,0.,71.3106232978366));
#8558=CARTESIAN_POINT('Origin',(-35.55,0.5,71.3106232978366));
#8559=CARTESIAN_POINT('',(-36.05,0.,71.3106232978366));
#8560=CARTESIAN_POINT('',(-36.05,80.5,71.3106232978366));
#8561=CARTESIAN_POINT('',(36.05,0.,71.3106232978366));
#8562=CARTESIAN_POINT('Origin',(-36.05,0.,71.3106232978366));
#8563=CARTESIAN_POINT('',(35.55,0.,71.3106232978366));
#8564=CARTESIAN_POINT('',(36.05,0.500000000000004,71.3106232978366));
#8565=CARTESIAN_POINT('Origin',(35.55,0.5,71.3106232978366));
#8566=CARTESIAN_POINT('',(36.05,0.,71.3106232978366));
#8567=CARTESIAN_POINT('',(36.05,0.,71.3106232978366));
#8568=CARTESIAN_POINT('',(36.05,80.5,71.3106232978366));
#8569=CARTESIAN_POINT('Origin',(36.05,0.,54.1893767021635));
#8570=CARTESIAN_POINT('',(36.05,0.5,54.1893767021635));
#8571=CARTESIAN_POINT('',(35.55,0.,54.1893767021635));
#8572=CARTESIAN_POINT('Origin',(35.55,0.5,54.1893767021635));
#8573=CARTESIAN_POINT('',(36.05,0.,54.1893767021635));
#8574=CARTESIAN_POINT('',(36.05,80.5,54.1893767021635));
#8575=CARTESIAN_POINT('',(-36.05,0.,54.1893767021635));
#8576=CARTESIAN_POINT('Origin',(-36.05,0.,-54.1893767021634));
#8577=CARTESIAN_POINT('',(35.55,0.,-54.1893767021634));
#8578=CARTESIAN_POINT('',(36.05,0.500000000000004,-54.1893767021634));
#8579=CARTESIAN_POINT('Origin',(35.55,0.5,-54.1893767021634));
#8580=CARTESIAN_POINT('',(36.05,0.,-54.1893767021634));
#8581=CARTESIAN_POINT('',(36.05,0.,-54.1893767021634));
#8582=CARTESIAN_POINT('',(36.05,80.5,-54.1893767021634));
#8583=CARTESIAN_POINT('Origin',(36.05,0.,-71.3106232978365));
#8584=CARTESIAN_POINT('',(36.05,0.5,-71.3106232978365));
#8585=CARTESIAN_POINT('',(35.55,0.,-71.3106232978365));
#8586=CARTESIAN_POINT('Origin',(35.55,0.5,-71.3106232978365));
#8587=CARTESIAN_POINT('',(36.05,0.,-71.3106232978365));
#8588=CARTESIAN_POINT('',(36.05,80.5,-71.3106232978365));
#8589=CARTESIAN_POINT('',(-36.05,0.,-71.3106232978365));
#8590=CARTESIAN_POINT('Origin',(36.05,0.,-71.3106232978365));
#8591=CARTESIAN_POINT('',(-35.55,0.,-71.3106232978365));
#8592=CARTESIAN_POINT('',(-36.05,0.500000000000004,-71.3106232978365));
#8593=CARTESIAN_POINT('Origin',(-35.55,0.5,-71.3106232978365));
#8594=CARTESIAN_POINT('',(-36.05,0.,-71.3106232978365));
#8595=CARTESIAN_POINT('',(-36.05,0.,-71.3106232978365));
#8596=CARTESIAN_POINT('',(-36.05,80.5,-71.3106232978365));
#8597=CARTESIAN_POINT('Origin',(-36.05,0.,-54.1893767021634));
#8598=CARTESIAN_POINT('',(-36.05,0.5,-54.1893767021634));
#8599=CARTESIAN_POINT('',(-35.55,0.,-54.1893767021634));
#8600=CARTESIAN_POINT('Origin',(-35.55,0.5,-54.1893767021634));
#8601=CARTESIAN_POINT('',(-36.05,0.,-54.1893767021634));
#8602=CARTESIAN_POINT('',(-36.05,80.5,-54.1893767021634));
#8603=CARTESIAN_POINT('',(36.05,0.,-54.1893767021634));
#8604=CARTESIAN_POINT('Origin',(-35.55,0.5,-41.375));
#8605=CARTESIAN_POINT('',(-36.05,0.5,-82.25));
#8606=CARTESIAN_POINT('',(-36.05,0.5,-41.375));
#8607=CARTESIAN_POINT('',(-35.55,0.,-82.25));
#8608=CARTESIAN_POINT('Origin',(-35.55,0.5,-82.25));
#8609=CARTESIAN_POINT('',(-35.55,0.,-41.375));
#8610=CARTESIAN_POINT('Origin',(-35.55,0.5,-41.375));
#8611=CARTESIAN_POINT('',(-35.5500000471537,2.15287377766711E-16,85.0591209655597));
#8612=CARTESIAN_POINT('',(-35.55,0.,-41.375));
#8613=CARTESIAN_POINT('',(-35.9035533905933,0.146446609406734,85.2045952810938));
#8614=CARTESIAN_POINT('Ctrl Pts',(-35.5500000475962,1.80411241501588E-15,
85.0591209701062));
#8615=CARTESIAN_POINT('Ctrl Pts',(-35.5574076476338,7.05148741608186E-10,
85.0583999832279));
#8616=CARTESIAN_POINT('Ctrl Pts',(-35.5648295610595,0.000164597096703969,
85.0578912525038));
#8617=CARTESIAN_POINT('Ctrl Pts',(-35.5790526368677,0.000798484380837835,
85.0573292166558));
#8618=CARTESIAN_POINT('Ctrl Pts',(-35.5858385099963,0.00123966309549256,
85.0572409457298));
#8619=CARTESIAN_POINT('Ctrl Pts',(-35.6015200751973,0.00258112018742556,
85.0574529503163));
#8620=CARTESIAN_POINT('Ctrl Pts',(-35.6103861785915,0.003579972405577,85.0578835021696));
#8621=CARTESIAN_POINT('Ctrl Pts',(-35.6348272542558,0.00699586050480235,
85.0599200635769));
#8622=CARTESIAN_POINT('Ctrl Pts',(-35.6502037814382,0.00989807257715259,
85.0621678136966));
#8623=CARTESIAN_POINT('Ctrl Pts',(-35.7131860402988,0.0248240655766733,
85.075193670482));
#8624=CARTESIAN_POINT('Ctrl Pts',(-35.7569176316483,0.0426469196120451,
85.0935965038648));
#8625=CARTESIAN_POINT('Ctrl Pts',(-35.8372208220941,0.0879644652714905,
85.1416852014263));
#8626=CARTESIAN_POINT('Ctrl Pts',(-35.8731902486211,0.116083467434575,85.1720743562885));
#8627=CARTESIAN_POINT('Ctrl Pts',(-35.9035533905933,0.146446609406738,85.2045952810939));
#8628=CARTESIAN_POINT('',(-36.05,0.50000001592882,85.0591209778395));
#8629=CARTESIAN_POINT('Ctrl Pts',(-35.9035533905933,0.146446609406734,85.2045952810938));
#8630=CARTESIAN_POINT('Ctrl Pts',(-35.931007213868,0.173900432681509,85.1751904282246));
#8631=CARTESIAN_POINT('Ctrl Pts',(-35.9566067643813,0.205913745513218,85.1475583777559));
#8632=CARTESIAN_POINT('Ctrl Pts',(-36.0026201593651,0.282475164162913,85.0985289609625));
#8633=CARTESIAN_POINT('Ctrl Pts',(-36.0223987841279,0.328123698092409,85.0778909632484));
#8634=CARTESIAN_POINT('Ctrl Pts',(-36.0391264159864,0.394926616331337,85.0629510962559));
#8635=CARTESIAN_POINT('Ctrl Pts',(-36.0424343712978,0.41165652320028,85.0603134841893));
#8636=CARTESIAN_POINT('Ctrl Pts',(-36.0461886598852,0.437711324746499,85.0579977687755));
#8637=CARTESIAN_POINT('Ctrl Pts',(-36.0472438884924,0.446781598671447,85.0575142889615));
#8638=CARTESIAN_POINT('Ctrl Pts',(-36.0486528118693,0.462691267475972,85.0572372570244));
#8639=CARTESIAN_POINT('Ctrl Pts',(-36.0491153778944,0.469498157258294,85.0572998813825));
#8640=CARTESIAN_POINT('Ctrl Pts',(-36.0498136030679,0.484219101663298,85.0578269615682));
#8641=CARTESIAN_POINT('Ctrl Pts',(-36.0500000002535,0.492117007766645,85.0583537163037));
#8642=CARTESIAN_POINT('Ctrl Pts',(-36.05,0.500000016078307,85.0591209763037));
#8643=CARTESIAN_POINT('',(-36.05,0.5,-41.375));
#8644=CARTESIAN_POINT('Origin',(-35.55,0.5,-41.375));
#8645=CARTESIAN_POINT('',(-36.05,0.5,-41.375));
#8646=CARTESIAN_POINT('',(-35.55,0.,-41.375));
#8647=CARTESIAN_POINT('Origin',(35.55,0.5,41.375));
#8648=CARTESIAN_POINT('',(35.55,0.,-82.25));
#8649=CARTESIAN_POINT('',(35.55,0.,41.375));
#8650=CARTESIAN_POINT('',(36.05,0.5,-82.25));
#8651=CARTESIAN_POINT('Origin',(35.55,0.5,-82.25));
#8652=CARTESIAN_POINT('',(36.05,0.5,41.375));
#8653=CARTESIAN_POINT('Origin',(35.55,0.5,41.375));
#8654=CARTESIAN_POINT('',(36.0500000000001,0.499999952846324,85.0591209655597));
#8655=CARTESIAN_POINT('',(36.05,0.5,41.375));
#8656=CARTESIAN_POINT('',(35.9035533905933,0.14644660940675,85.2045952810938));
#8657=CARTESIAN_POINT('Ctrl Pts',(36.05,0.499999952403818,85.0591209701062));
#8658=CARTESIAN_POINT('Ctrl Pts',(36.0499999992949,0.492592352366524,85.058399983228));
#8659=CARTESIAN_POINT('Ctrl Pts',(36.0498354029033,0.485170438940706,85.0578912525039));
#8660=CARTESIAN_POINT('Ctrl Pts',(36.0492015156192,0.470947363132506,85.0573292166558));
#8661=CARTESIAN_POINT('Ctrl Pts',(36.0487603369046,0.464161490003785,85.0572409457299));
#8662=CARTESIAN_POINT('Ctrl Pts',(36.0474188798126,0.448479924802472,85.0574529503163));
#8663=CARTESIAN_POINT('Ctrl Pts',(36.0464200275944,0.43961382140806,85.0578835021697));
#8664=CARTESIAN_POINT('Ctrl Pts',(36.0430041394952,0.415172745744241,85.059920063577));
#8665=CARTESIAN_POINT('Ctrl Pts',(36.0401019274229,0.399796218561825,85.0621678136967));
#8666=CARTESIAN_POINT('Ctrl Pts',(36.0251759344234,0.336813959701406,85.075193670482));
#8667=CARTESIAN_POINT('Ctrl Pts',(36.0073530803881,0.293082368351904,85.0935965038647));
#8668=CARTESIAN_POINT('Ctrl Pts',(35.9620355347286,0.212779177905879,85.1416852014263));
#8669=CARTESIAN_POINT('Ctrl Pts',(35.9339165325655,0.176809751378886,85.1720743562885));
#8670=CARTESIAN_POINT('Ctrl Pts',(35.9035533905934,0.146446609406776,85.2045952810938));
#8671=CARTESIAN_POINT('',(35.5499999840712,4.61754073212618E-16,85.0591209778394));
#8672=CARTESIAN_POINT('Ctrl Pts',(35.9035533905933,0.146446609406749,85.2045952810938));
#8673=CARTESIAN_POINT('Ctrl Pts',(35.8760995673187,0.118992786132071,85.1751904282247));
#8674=CARTESIAN_POINT('Ctrl Pts',(35.844086254487,0.0933932356187493,85.147558377756));
#8675=CARTESIAN_POINT('Ctrl Pts',(35.7675248358372,0.0473798406349419,85.0985289609624));
#8676=CARTESIAN_POINT('Ctrl Pts',(35.7218763019077,0.0276012158721495,85.0778909632484));
#8677=CARTESIAN_POINT('Ctrl Pts',(35.6550733836687,0.0108735840135585,85.0629510962558));
#8678=CARTESIAN_POINT('Ctrl Pts',(35.6383434767998,0.00756562870223658,
85.0603134841893));
#8679=CARTESIAN_POINT('Ctrl Pts',(35.6122886752534,0.00381134011480126,
85.0579977687754));
#8680=CARTESIAN_POINT('Ctrl Pts',(35.6032184013285,0.00275611150756122,
85.0575142889615));
#8681=CARTESIAN_POINT('Ctrl Pts',(35.587308732524,0.00134718813064248,85.0572372570243));
#8682=CARTESIAN_POINT('Ctrl Pts',(35.5805018427417,0.000884622105602979,
85.0572998813824));
#8683=CARTESIAN_POINT('Ctrl Pts',(35.5657808983366,0.000186396932053797,
85.0578269615682));
#8684=CARTESIAN_POINT('Ctrl Pts',(35.5578829922331,-2.53489285252527E-10,
85.0583537163037));
#8685=CARTESIAN_POINT('Ctrl Pts',(35.5499999839217,1.38777878078145E-15,
85.0591209763036));
#8686=CARTESIAN_POINT('',(35.55,0.,41.375));
#8687=CARTESIAN_POINT('Origin',(35.55,0.5,41.375));
#8688=CARTESIAN_POINT('',(35.55,0.,41.375));
#8689=CARTESIAN_POINT('',(36.05,0.5,41.375));
#8690=CARTESIAN_POINT('Origin',(38.0500000000001,70.5,-62.75));
#8691=CARTESIAN_POINT('',(38.0500000000001,70.5,-62.75));
#8692=CARTESIAN_POINT('',(39.5500000000001,70.5,-60.1519237886466));
#8693=CARTESIAN_POINT('',(35.9465706879612,70.5,-66.3932464385809));
#8694=CARTESIAN_POINT('',(38.0500000000001,73.5,-62.75));
#8695=CARTESIAN_POINT('',(38.0500000000001,70.5,-62.75));
#8696=CARTESIAN_POINT('',(39.5500000000001,73.5,-60.1519237886466));
#8697=CARTESIAN_POINT('',(39.5500000000001,73.5,-60.1519237886466));
#8698=CARTESIAN_POINT('',(39.5500000000001,70.5,-60.1519237886466));
#8699=CARTESIAN_POINT('Origin',(39.55,70.5,-65.3480762113533));
#8700=CARTESIAN_POINT('',(39.55,70.5,-65.3480762113533));
#8701=CARTESIAN_POINT('',(40.4034293120389,70.5,-66.8262591404731));
#8702=CARTESIAN_POINT('',(39.55,73.5,-65.3480762113533));
#8703=CARTESIAN_POINT('',(39.55,70.5,-65.3480762113533));
#8704=CARTESIAN_POINT('',(38.0500000000001,73.5,-62.75));
#8705=CARTESIAN_POINT('Origin',(42.55,70.5,-65.3480762113533));
#8706=CARTESIAN_POINT('',(42.55,70.5,-65.3480762113533));
#8707=CARTESIAN_POINT('',(39.3,70.5,-65.3480762113533));
#8708=CARTESIAN_POINT('',(42.55,73.5,-65.3480762113533));
#8709=CARTESIAN_POINT('',(42.55,70.5,-65.3480762113533));
#8710=CARTESIAN_POINT('',(39.55,73.5,-65.3480762113533));
#8711=CARTESIAN_POINT('Origin',(44.0500000000001,70.5,-62.75));
#8712=CARTESIAN_POINT('',(44.0500000000001,70.5,-62.75));
#8713=CARTESIAN_POINT('',(41.1965706879612,70.5,-67.6922845442575));
#8714=CARTESIAN_POINT('',(44.0500000000001,73.5,-62.75));
#8715=CARTESIAN_POINT('',(44.0500000000001,70.5,-62.75));
#8716=CARTESIAN_POINT('',(42.5500000000001,73.5,-65.3480762113533));
#8717=CARTESIAN_POINT('Origin',(42.55,70.5,-60.1519237886466));
#8718=CARTESIAN_POINT('',(42.55,70.5,-60.1519237886466));
#8719=CARTESIAN_POINT('',(44.1534293120389,70.5,-62.9291448234431));
#8720=CARTESIAN_POINT('',(42.55,73.5,-60.1519237886466));
#8721=CARTESIAN_POINT('',(42.55,70.5,-60.1519237886466));
#8722=CARTESIAN_POINT('',(44.0500000000001,73.5,-62.75));
#8723=CARTESIAN_POINT('Origin',(39.5500000000001,70.5,-60.1519237886466));
#8724=CARTESIAN_POINT('',(37.8,70.5,-60.1519237886467));
#8725=CARTESIAN_POINT('',(42.55,73.5,-60.1519237886466));
#8726=CARTESIAN_POINT('Origin',(41.0500000000001,73.5,-62.75));
#8727=CARTESIAN_POINT('',(39.0500000000001,73.5,-62.75));
#8728=CARTESIAN_POINT('Origin',(41.0500000000001,73.5,-62.75));
#8729=CARTESIAN_POINT('Origin',(-38.05,70.5,62.7500000000001));
#8730=CARTESIAN_POINT('',(-38.05,70.5,62.7500000000001));
#8731=CARTESIAN_POINT('',(-39.5499999999999,70.5,60.1519237886467));
#8732=CARTESIAN_POINT('',(-35.9465706879611,70.5,66.393246438581));
#8733=CARTESIAN_POINT('',(-38.05,73.5,62.7500000000001));
#8734=CARTESIAN_POINT('',(-38.05,70.5,62.7500000000001));
#8735=CARTESIAN_POINT('',(-39.5499999999999,73.5,60.1519237886467));
#8736=CARTESIAN_POINT('',(-39.5499999999999,73.5,60.1519237886467));
#8737=CARTESIAN_POINT('',(-39.5499999999999,70.5,60.1519237886467));
#8738=CARTESIAN_POINT('Origin',(-39.55,70.5,65.3480762113534));
#8739=CARTESIAN_POINT('',(-39.55,70.5,65.3480762113534));
#8740=CARTESIAN_POINT('',(-40.4034293120388,70.5,66.8262591404732));
#8741=CARTESIAN_POINT('',(-39.55,73.5,65.3480762113534));
#8742=CARTESIAN_POINT('',(-39.55,70.5,65.3480762113534));
#8743=CARTESIAN_POINT('',(-38.05,73.5,62.7500000000001));
#8744=CARTESIAN_POINT('Origin',(-42.55,70.5,65.3480762113533));
#8745=CARTESIAN_POINT('',(-42.55,70.5,65.3480762113533));
#8746=CARTESIAN_POINT('',(-39.2999999999999,70.5,65.3480762113534));
#8747=CARTESIAN_POINT('',(-42.55,73.5,65.3480762113533));
#8748=CARTESIAN_POINT('',(-42.55,70.5,65.3480762113533));
#8749=CARTESIAN_POINT('',(-39.55,73.5,65.3480762113534));
#8750=CARTESIAN_POINT('Origin',(-44.05,70.5,62.75));
#8751=CARTESIAN_POINT('',(-44.05,70.5,62.75));
#8752=CARTESIAN_POINT('',(-41.1965706879611,70.5,67.6922845442576));
#8753=CARTESIAN_POINT('',(-44.05,73.5,62.75));
#8754=CARTESIAN_POINT('',(-44.05,70.5,62.75));
#8755=CARTESIAN_POINT('',(-42.55,73.5,65.3480762113533));
#8756=CARTESIAN_POINT('Origin',(-42.5499999999999,70.5,60.1519237886467));
#8757=CARTESIAN_POINT('',(-42.5499999999999,70.5,60.1519237886467));
#8758=CARTESIAN_POINT('',(-44.1534293120388,70.5,62.9291448234432));
#8759=CARTESIAN_POINT('',(-42.5499999999999,73.5,60.1519237886467));
#8760=CARTESIAN_POINT('',(-42.5499999999999,70.5,60.1519237886467));
#8761=CARTESIAN_POINT('',(-44.0499999999999,73.5,62.75));
#8762=CARTESIAN_POINT('Origin',(-39.5499999999999,70.5,60.1519237886467));
#8763=CARTESIAN_POINT('',(-37.7999999999999,70.5,60.1519237886468));
#8764=CARTESIAN_POINT('',(-42.5499999999999,73.5,60.1519237886467));
#8765=CARTESIAN_POINT('Origin',(-41.05,73.5,62.75));
#8766=CARTESIAN_POINT('',(-43.05,73.5,62.75));
#8767=CARTESIAN_POINT('Origin',(-41.05,73.5,62.75));
#8768=CARTESIAN_POINT('Origin',(38.0500000000001,70.5,8.32667268468867E-15));
#8769=CARTESIAN_POINT('',(38.0500000000001,70.5,8.88178419700125E-15));
#8770=CARTESIAN_POINT('',(39.5500000000001,70.5,2.5980762113533));
#8771=CARTESIAN_POINT('',(38.5544417382417,70.5,0.873718720092801));
#8772=CARTESIAN_POINT('',(38.0500000000001,73.5,8.88178419700125E-15));
#8773=CARTESIAN_POINT('',(38.0500000000001,70.5,8.88178419700125E-15));
#8774=CARTESIAN_POINT('',(39.5500000000001,73.5,2.5980762113533));
#8775=CARTESIAN_POINT('',(39.5500000000001,73.5,2.5980762113533));
#8776=CARTESIAN_POINT('',(39.5500000000001,70.5,2.5980762113533));
#8777=CARTESIAN_POINT('Origin',(39.5500000000001,70.5,-2.59807621135331));
#8778=CARTESIAN_POINT('',(39.5500000000001,70.5,-2.59807621135331));
#8779=CARTESIAN_POINT('',(39.3044417382416,70.5,-2.17275682576944));
#8780=CARTESIAN_POINT('',(39.5500000000001,73.5,-2.59807621135331));
#8781=CARTESIAN_POINT('',(39.5500000000001,70.5,-2.59807621135331));
#8782=CARTESIAN_POINT('',(38.0500000000001,73.5,8.88178419700125E-15));
#8783=CARTESIAN_POINT('Origin',(42.5500000000001,70.5,-2.59807621135332));
#8784=CARTESIAN_POINT('',(42.5500000000001,70.5,-2.59807621135332));
#8785=CARTESIAN_POINT('',(42.3177669529664,70.5,-2.59807621135332));
#8786=CARTESIAN_POINT('',(42.5500000000001,73.5,-2.59807621135332));
#8787=CARTESIAN_POINT('',(42.5500000000001,70.5,-2.59807621135332));
#8788=CARTESIAN_POINT('',(39.5500000000001,73.5,-2.59807621135331));
#8789=CARTESIAN_POINT('Origin',(44.0500000000001,70.5,-8.88178419700125E-15));
#8790=CARTESIAN_POINT('',(44.0500000000001,70.5,-8.88178419700125E-15));
#8791=CARTESIAN_POINT('',(43.8044417382417,70.5,-0.425319385583876));
#8792=CARTESIAN_POINT('',(44.0500000000001,73.5,-8.88178419700125E-15));
#8793=CARTESIAN_POINT('',(44.0500000000001,70.5,-8.88178419700125E-15));
#8794=CARTESIAN_POINT('',(42.5500000000001,73.5,-2.59807621135332));
#8795=CARTESIAN_POINT('Origin',(42.5500000000001,70.5,2.59807621135334));
#8796=CARTESIAN_POINT('',(42.5500000000001,70.5,2.59807621135334));
#8797=CARTESIAN_POINT('',(43.0544417382417,70.5,1.72435749126053));
#8798=CARTESIAN_POINT('',(42.5500000000001,73.5,2.59807621135334));
#8799=CARTESIAN_POINT('',(42.5500000000001,70.5,2.59807621135334));
#8800=CARTESIAN_POINT('',(44.0500000000001,73.5,-8.88178419700125E-15));
#8801=CARTESIAN_POINT('Origin',(39.5500000000001,70.5,2.5980762113533));
#8802=CARTESIAN_POINT('',(40.8177669529664,70.5,2.59807621135332));
#8803=CARTESIAN_POINT('',(42.5500000000001,73.5,2.59807621135334));
#8804=CARTESIAN_POINT('Origin',(41.0500000000001,73.5,9.15933995315754E-15));
#8805=CARTESIAN_POINT('',(39.0500000000001,73.5,-2.44929359829471E-16));
#8806=CARTESIAN_POINT('Origin',(41.0500000000001,73.5,0.));
#8807=CARTESIAN_POINT('Origin',(-38.05,70.5,-62.75));
#8808=CARTESIAN_POINT('',(-38.05,70.5,-62.75));
#8809=CARTESIAN_POINT('',(-39.55,70.5,-65.3480762113533));
#8810=CARTESIAN_POINT('',(-8.77502364422438,70.5,-12.0442535614191));
#8811=CARTESIAN_POINT('',(-38.05,73.5,-62.75));
#8812=CARTESIAN_POINT('',(-38.05,70.5,-62.75));
#8813=CARTESIAN_POINT('',(-39.55,73.5,-65.3480762113533));
#8814=CARTESIAN_POINT('',(-39.55,73.5,-65.3480762113533));
#8815=CARTESIAN_POINT('',(-39.55,70.5,-65.3480762113533));
#8816=CARTESIAN_POINT('Origin',(-39.55,70.5,-60.1519237886466));
#8817=CARTESIAN_POINT('',(-39.55,70.5,-60.1519237886466));
#8818=CARTESIAN_POINT('',(-67.5749763557756,70.5,-11.6112408595268));
#8819=CARTESIAN_POINT('',(-39.55,73.5,-60.1519237886466));
#8820=CARTESIAN_POINT('',(-39.55,70.5,-60.1519237886466));
#8821=CARTESIAN_POINT('',(-38.05,73.5,-62.75));
#8822=CARTESIAN_POINT('Origin',(-42.55,70.5,-60.1519237886466));
#8823=CARTESIAN_POINT('',(-42.55,70.5,-60.1519237886466));
#8824=CARTESIAN_POINT('',(-39.3,70.5,-60.1519237886466));
#8825=CARTESIAN_POINT('',(-42.55,73.5,-60.1519237886466));
#8826=CARTESIAN_POINT('',(-42.55,70.5,-60.1519237886466));
#8827=CARTESIAN_POINT('',(-39.55,73.5,-60.1519237886466));
#8828=CARTESIAN_POINT('Origin',(-44.05,70.5,-62.75));
#8829=CARTESIAN_POINT('',(-44.05,70.5,-62.75));
#8830=CARTESIAN_POINT('',(-14.0250236442244,70.5,-10.7452154557424));
#8831=CARTESIAN_POINT('',(-44.05,73.5,-62.75));
#8832=CARTESIAN_POINT('',(-44.05,70.5,-62.75));
#8833=CARTESIAN_POINT('',(-42.55,73.5,-60.1519237886466));
#8834=CARTESIAN_POINT('Origin',(-42.55,70.5,-65.3480762113533));
#8835=CARTESIAN_POINT('',(-42.55,70.5,-65.3480762113533));
#8836=CARTESIAN_POINT('',(-71.3249763557756,70.5,-15.5083551765568));
#8837=CARTESIAN_POINT('',(-42.55,73.5,-65.3480762113533));
#8838=CARTESIAN_POINT('',(-42.55,70.5,-65.3480762113533));
#8839=CARTESIAN_POINT('',(-44.05,73.5,-62.75));
#8840=CARTESIAN_POINT('Origin',(-39.55,70.5,-65.3480762113533));
#8841=CARTESIAN_POINT('',(-37.8,70.5,-65.3480762113533));
#8842=CARTESIAN_POINT('',(-42.55,73.5,-65.3480762113533));
#8843=CARTESIAN_POINT('Origin',(-41.05,73.5,-62.75));
#8844=CARTESIAN_POINT('',(-43.05,73.5,-62.75));
#8845=CARTESIAN_POINT('Origin',(-41.05,73.5,-62.75));
#8846=CARTESIAN_POINT('Origin',(-38.05,70.5,0.));
#8847=CARTESIAN_POINT('',(-38.05,70.5,0.));
#8848=CARTESIAN_POINT('',(-39.55,70.5,-2.59807621135331));
#8849=CARTESIAN_POINT('',(-38.5544417382416,70.5,-0.873718720092797));
#8850=CARTESIAN_POINT('',(-38.05,73.5,0.));
#8851=CARTESIAN_POINT('',(-38.05,70.5,0.));
#8852=CARTESIAN_POINT('',(-39.55,73.5,-2.59807621135331));
#8853=CARTESIAN_POINT('',(-39.55,73.5,-2.59807621135331));
#8854=CARTESIAN_POINT('',(-39.55,70.5,-2.59807621135331));
#8855=CARTESIAN_POINT('Origin',(-39.55,70.5,2.59807621135332));
#8856=CARTESIAN_POINT('',(-39.55,70.5,2.59807621135332));
#8857=CARTESIAN_POINT('',(-39.3044417382416,70.5,2.17275682576945));
#8858=CARTESIAN_POINT('',(-39.55,73.5,2.59807621135332));
#8859=CARTESIAN_POINT('',(-39.55,70.5,2.59807621135332));
#8860=CARTESIAN_POINT('',(-38.05,73.5,0.));
#8861=CARTESIAN_POINT('Origin',(-42.55,70.5,2.59807621135332));
#8862=CARTESIAN_POINT('',(-42.55,70.5,2.59807621135332));
#8863=CARTESIAN_POINT('',(-42.3177669529664,70.5,2.59807621135332));
#8864=CARTESIAN_POINT('',(-42.55,73.5,2.59807621135332));
#8865=CARTESIAN_POINT('',(-42.55,70.5,2.59807621135332));
#8866=CARTESIAN_POINT('',(-39.55,73.5,2.59807621135332));
#8867=CARTESIAN_POINT('Origin',(-44.05,70.5,7.7715611723761E-15));
#8868=CARTESIAN_POINT('',(-44.05,70.5,8.88178419700125E-15));
#8869=CARTESIAN_POINT('',(-43.8044417382416,70.5,0.425319385583869));
#8870=CARTESIAN_POINT('',(-44.05,73.5,8.88178419700125E-15));
#8871=CARTESIAN_POINT('',(-44.05,70.5,8.88178419700125E-15));
#8872=CARTESIAN_POINT('',(-42.55,73.5,2.59807621135332));
#8873=CARTESIAN_POINT('Origin',(-42.55,70.5,-2.59807621135331));
#8874=CARTESIAN_POINT('',(-42.55,70.5,-2.59807621135331));
#8875=CARTESIAN_POINT('',(-43.0544417382416,70.5,-1.72435749126052));
#8876=CARTESIAN_POINT('',(-42.55,73.5,-2.59807621135331));
#8877=CARTESIAN_POINT('',(-42.55,70.5,-2.59807621135331));
#8878=CARTESIAN_POINT('',(-44.05,73.5,8.88178419700125E-15));
#8879=CARTESIAN_POINT('Origin',(-39.55,70.5,-2.59807621135331));
#8880=CARTESIAN_POINT('',(-40.8177669529664,70.5,-2.59807621135331));
#8881=CARTESIAN_POINT('',(-42.55,73.5,-2.59807621135331));
#8882=CARTESIAN_POINT('Origin',(-41.05,73.5,3.60822483003176E-15));
#8883=CARTESIAN_POINT('',(-43.05,73.5,-2.44929359829471E-16));
#8884=CARTESIAN_POINT('Origin',(-41.05,73.5,0.));
#8885=CARTESIAN_POINT('Origin',(38.0500000000001,70.5,62.75));
#8886=CARTESIAN_POINT('',(38.0500000000001,70.5,62.75));
#8887=CARTESIAN_POINT('',(39.55,70.5,65.3480762113533));
#8888=CARTESIAN_POINT('',(8.77502364422472,70.5,12.0442535614186));
#8889=CARTESIAN_POINT('',(38.0500000000001,73.5,62.75));
#8890=CARTESIAN_POINT('',(38.0500000000001,70.5,62.75));
#8891=CARTESIAN_POINT('',(39.55,73.5,65.3480762113533));
#8892=CARTESIAN_POINT('',(39.55,73.5,65.3480762113533));
#8893=CARTESIAN_POINT('',(39.55,70.5,65.3480762113533));
#8894=CARTESIAN_POINT('Origin',(39.55,70.5,60.1519237886467));
#8895=CARTESIAN_POINT('',(39.55,70.5,60.1519237886467));
#8896=CARTESIAN_POINT('',(67.5749763557756,70.5,11.6112408595268));
#8897=CARTESIAN_POINT('',(39.55,73.5,60.1519237886467));
#8898=CARTESIAN_POINT('',(39.55,70.5,60.1519237886467));
#8899=CARTESIAN_POINT('',(38.0500000000001,73.5,62.75));
#8900=CARTESIAN_POINT('Origin',(42.55,70.5,60.1519237886467));
#8901=CARTESIAN_POINT('',(42.55,70.5,60.1519237886467));
#8902=CARTESIAN_POINT('',(39.3000000000004,70.5,60.1519237886467));
#8903=CARTESIAN_POINT('',(42.55,73.5,60.1519237886467));
#8904=CARTESIAN_POINT('',(42.55,70.5,60.1519237886467));
#8905=CARTESIAN_POINT('',(39.55,73.5,60.1519237886467));
#8906=CARTESIAN_POINT('Origin',(44.0500000000001,70.5,62.75));
#8907=CARTESIAN_POINT('',(44.0500000000001,70.5,62.75));
#8908=CARTESIAN_POINT('',(14.0250236442244,70.5,10.7452154557426));
#8909=CARTESIAN_POINT('',(44.0500000000001,73.5,62.75));
#8910=CARTESIAN_POINT('',(44.0500000000001,70.5,62.75));
#8911=CARTESIAN_POINT('',(42.5500000000001,73.5,60.1519237886467));
#8912=CARTESIAN_POINT('Origin',(42.5500000000001,70.5,65.3480762113533));
#8913=CARTESIAN_POINT('',(42.5500000000001,70.5,65.3480762113533));
#8914=CARTESIAN_POINT('',(71.3249763557753,70.5,15.5083551765561));
#8915=CARTESIAN_POINT('',(42.5500000000001,73.5,65.3480762113533));
#8916=CARTESIAN_POINT('',(42.5500000000001,70.5,65.3480762113533));
#8917=CARTESIAN_POINT('',(44.0500000000001,73.5,62.75));
#8918=CARTESIAN_POINT('Origin',(39.55,70.5,65.3480762113533));
#8919=CARTESIAN_POINT('',(37.8000000000004,70.5,65.3480762113533));
#8920=CARTESIAN_POINT('',(42.5500000000001,73.5,65.3480762113533));
#8921=CARTESIAN_POINT('Origin',(41.0500000000001,73.5,62.75));
#8922=CARTESIAN_POINT('',(39.0500000000001,73.5,62.75));
#8923=CARTESIAN_POINT('Origin',(41.0500000000001,73.5,62.75));
#8924=CARTESIAN_POINT('Origin',(41.0500000000001,0.,62.75));
#8925=CARTESIAN_POINT('',(37.3000000000001,0.,62.75));
#8926=CARTESIAN_POINT('Origin',(41.0500000000001,0.,62.75));
#8927=CARTESIAN_POINT('',(37.3000000000001,10.5,62.75));
#8928=CARTESIAN_POINT('',(37.3000000000001,0.,62.75));
#8929=CARTESIAN_POINT('Origin',(41.0500000000001,10.5,62.75));
#8930=CARTESIAN_POINT('Origin',(-41.05,0.,-62.75));
#8931=CARTESIAN_POINT('',(-44.8,0.,-62.75));
#8932=CARTESIAN_POINT('Origin',(-41.05,0.,-62.75));
#8933=CARTESIAN_POINT('',(-44.8,10.5,-62.75));
#8934=CARTESIAN_POINT('',(-44.8,0.,-62.75));
#8935=CARTESIAN_POINT('Origin',(-41.05,10.5,-62.75));
#8936=CARTESIAN_POINT('Origin',(41.0500000000001,0.,-62.75));
#8937=CARTESIAN_POINT('',(37.3000000000001,0.,-62.75));
#8938=CARTESIAN_POINT('Origin',(41.0500000000001,0.,-62.75));
#8939=CARTESIAN_POINT('',(37.3000000000001,10.5,-62.75));
#8940=CARTESIAN_POINT('',(37.3000000000001,0.,-62.75));
#8941=CARTESIAN_POINT('Origin',(41.0500000000001,10.5,-62.75));
#8942=CARTESIAN_POINT('Origin',(-41.05,0.,62.75));
#8943=CARTESIAN_POINT('',(-44.8,0.,62.75));
#8944=CARTESIAN_POINT('Origin',(-41.05,0.,62.75));
#8945=CARTESIAN_POINT('',(-44.8,10.5,62.75));
#8946=CARTESIAN_POINT('',(-44.8,0.,62.75));
#8947=CARTESIAN_POINT('Origin',(-41.05,10.5,62.75));
#8948=CARTESIAN_POINT('Origin',(-36.05,10.5,-71.3106232978365));
#8949=CARTESIAN_POINT('',(-38.7114436276346,10.5,56.076833278475));
#8950=CARTESIAN_POINT('',(-36.05,10.5,54.1893767021635));
#8951=CARTESIAN_POINT('Origin',(-38.05,10.5,54.1893767021635));
#8952=CARTESIAN_POINT('',(-38.7114436276346,10.5,69.4231667215251));
#8953=CARTESIAN_POINT('Origin',(-41.05,10.5,62.75));
#8954=CARTESIAN_POINT('',(-36.05,10.5,71.3106232978366));
#8955=CARTESIAN_POINT('Origin',(-38.05,10.5,71.3106232978366));
#8956=CARTESIAN_POINT('',(-36.05,10.5,-71.3106232978365));
#8957=CARTESIAN_POINT('Origin',(-36.05,70.5,71.3106232978366));
#8958=CARTESIAN_POINT('',(-36.05,70.5,54.1893767021635));
#8959=CARTESIAN_POINT('',(-38.7114436276346,70.5,56.076833278475));
#8960=CARTESIAN_POINT('Origin',(-38.05,70.5,54.1893767021635));
#8961=CARTESIAN_POINT('',(-36.05,70.5,71.3106232978366));
#8962=CARTESIAN_POINT('',(-36.05,70.5,71.3106232978366));
#8963=CARTESIAN_POINT('',(-38.7114436276346,70.5,69.4231667215251));
#8964=CARTESIAN_POINT('Origin',(-38.05,70.5,71.3106232978366));
#8965=CARTESIAN_POINT('Origin',(-41.05,70.5,62.75));
#8966=CARTESIAN_POINT('Origin',(-36.05,70.5,71.3106232978366));
#8967=CARTESIAN_POINT('',(-36.05,70.5,-71.3106232978365));
#8968=CARTESIAN_POINT('',(-38.7114436276346,70.5,-69.423166721525));
#8969=CARTESIAN_POINT('Origin',(-38.05,70.5,-71.3106232978365));
#8970=CARTESIAN_POINT('',(-36.05,70.5,-54.1893767021634));
#8971=CARTESIAN_POINT('',(-36.05,70.5,71.3106232978366));
#8972=CARTESIAN_POINT('',(-38.7114436276346,70.5,-56.0768332784749));
#8973=CARTESIAN_POINT('Origin',(-38.05,70.5,-54.1893767021634));
#8974=CARTESIAN_POINT('Origin',(-41.05,70.5,-62.75));
#8975=CARTESIAN_POINT('Origin',(-36.05,10.5,-71.3106232978365));
#8976=CARTESIAN_POINT('',(-38.7114436276346,10.5,-69.423166721525));
#8977=CARTESIAN_POINT('',(-36.05,10.5,-71.3106232978365));
#8978=CARTESIAN_POINT('Origin',(-38.05,10.5,-71.3106232978365));
#8979=CARTESIAN_POINT('',(-38.7114436276346,10.5,-56.0768332784749));
#8980=CARTESIAN_POINT('Origin',(-41.05,10.5,-62.75));
#8981=CARTESIAN_POINT('',(-36.05,10.5,-54.1893767021634));
#8982=CARTESIAN_POINT('Origin',(-38.05,10.5,-54.1893767021634));
#8983=CARTESIAN_POINT('',(-36.05,10.5,-71.3106232978365));
#8984=CARTESIAN_POINT('Origin',(-38.05,80.5,-71.3106232978365));
#8985=CARTESIAN_POINT('',(-36.05,80.5,-71.3106232978365));
#8986=CARTESIAN_POINT('',(-38.7114436276346,0.,-69.423166721525));
#8987=CARTESIAN_POINT('Origin',(-38.05,0.,-71.3106232978365));
#8988=CARTESIAN_POINT('',(-38.7114436276346,80.5,-69.423166721525));
#8989=CARTESIAN_POINT('Origin',(-38.05,80.5,-71.3106232978365));
#8990=CARTESIAN_POINT('',(-38.7114436276346,80.5,-69.423166721525));
#8991=CARTESIAN_POINT('',(-38.7114436276346,80.5,-69.423166721525));
#8992=CARTESIAN_POINT('',(-36.05,80.5,-71.3106232978365));
#8993=CARTESIAN_POINT('Origin',(-38.05,80.5,-71.3106232978365));
#8994=CARTESIAN_POINT('',(-36.05,80.5,-71.3106232978365));
#8995=CARTESIAN_POINT('Origin',(-41.05,80.5,-62.75));
#8996=CARTESIAN_POINT('',(-38.7114436276346,0.,-56.0768332784749));
#8997=CARTESIAN_POINT('Origin',(-41.05,0.,-62.75));
#8998=CARTESIAN_POINT('',(-38.7114436276346,80.5,-56.0768332784749));
#8999=CARTESIAN_POINT('Origin',(-41.05,80.5,-62.75));
#9000=CARTESIAN_POINT('',(-38.7114436276346,80.5,-56.0768332784749));
#9001=CARTESIAN_POINT('',(-38.7114436276346,80.5,-56.0768332784749));
#9002=CARTESIAN_POINT('Origin',(-41.05,80.5,-62.75));
#9003=CARTESIAN_POINT('Origin',(-38.05,80.5,-54.1893767021634));
#9004=CARTESIAN_POINT('Origin',(-38.05,0.,-54.1893767021634));
#9005=CARTESIAN_POINT('',(-36.05,80.5,-54.1893767021634));
#9006=CARTESIAN_POINT('Origin',(-38.05,80.5,-54.1893767021634));
#9007=CARTESIAN_POINT('',(-36.05,80.5,-54.1893767021634));
#9008=CARTESIAN_POINT('',(-36.05,80.5,-54.1893767021634));
#9009=CARTESIAN_POINT('Origin',(-38.05,80.5,-54.1893767021634));
#9010=CARTESIAN_POINT('Origin',(-38.05,80.5,54.1893767021635));
#9011=CARTESIAN_POINT('',(-38.7114436276346,80.5,56.076833278475));
#9012=CARTESIAN_POINT('',(-38.7114436276346,80.5,56.076833278475));
#9013=CARTESIAN_POINT('',(-36.05,80.5,54.1893767021635));
#9014=CARTESIAN_POINT('Origin',(-38.05,80.5,54.1893767021635));
#9015=CARTESIAN_POINT('',(-36.05,80.5,54.1893767021635));
#9016=CARTESIAN_POINT('Origin',(-38.05,80.5,54.1893767021635));
#9017=CARTESIAN_POINT('',(-36.05,80.5,54.1893767021635));
#9018=CARTESIAN_POINT('',(-38.7114436276346,0.,56.076833278475));
#9019=CARTESIAN_POINT('Origin',(-38.05,0.,54.1893767021635));
#9020=CARTESIAN_POINT('',(-38.7114436276346,80.5,56.076833278475));
#9021=CARTESIAN_POINT('Origin',(-41.05,80.5,62.75));
#9022=CARTESIAN_POINT('',(-38.7114436276346,80.5,69.4231667215251));
#9023=CARTESIAN_POINT('',(-38.7114436276346,80.5,69.4231667215251));
#9024=CARTESIAN_POINT('Origin',(-41.05,80.5,62.75));
#9025=CARTESIAN_POINT('Origin',(-38.05,80.5,71.3106232978366));
#9026=CARTESIAN_POINT('',(-36.0499999999999,80.5,71.3106232978366));
#9027=CARTESIAN_POINT('',(-36.05,80.5,71.3106232978366));
#9028=CARTESIAN_POINT('Origin',(-38.05,80.5,71.3106232978366));
#9029=CARTESIAN_POINT('Origin',(-41.05,80.5,62.75));
#9030=CARTESIAN_POINT('',(-43.05,80.5,62.75));
#9031=CARTESIAN_POINT('Origin',(-41.05,80.5,62.75));
#9032=CARTESIAN_POINT('',(-43.05,80.5,62.75));
#9033=CARTESIAN_POINT('Origin',(-41.05,80.5,-62.75));
#9034=CARTESIAN_POINT('',(-43.05,80.5,-62.75));
#9035=CARTESIAN_POINT('Origin',(-41.05,80.5,-62.75));
#9036=CARTESIAN_POINT('',(-43.05,80.5,-62.75));
#9037=CARTESIAN_POINT('Origin',(36.05,10.5,71.3106232978366));
#9038=CARTESIAN_POINT('',(36.05,10.5,54.1893767021635));
#9039=CARTESIAN_POINT('',(38.7114436276347,10.5,56.076833278475));
#9040=CARTESIAN_POINT('Origin',(38.05,10.5,54.1893767021635));
#9041=CARTESIAN_POINT('',(36.05,10.5,71.3106232978366));
#9042=CARTESIAN_POINT('',(36.05,10.5,71.3106232978366));
#9043=CARTESIAN_POINT('',(38.7114436276347,10.5,69.4231667215251));
#9044=CARTESIAN_POINT('Origin',(38.05,10.5,71.3106232978366));
#9045=CARTESIAN_POINT('Origin',(41.0500000000001,10.5,62.75));
#9046=CARTESIAN_POINT('Origin',(36.05,10.5,71.3106232978366));
#9047=CARTESIAN_POINT('',(36.05,10.5,-71.3106232978365));
#9048=CARTESIAN_POINT('',(38.7114436276347,10.5,-69.423166721525));
#9049=CARTESIAN_POINT('Origin',(38.05,10.5,-71.3106232978365));
#9050=CARTESIAN_POINT('',(36.05,10.5,-54.1893767021634));
#9051=CARTESIAN_POINT('',(36.05,10.5,71.3106232978366));
#9052=CARTESIAN_POINT('',(38.7114436276347,10.5,-56.0768332784749));
#9053=CARTESIAN_POINT('Origin',(38.05,10.5,-54.1893767021634));
#9054=CARTESIAN_POINT('Origin',(41.0500000000001,10.5,-62.75));
#9055=CARTESIAN_POINT('Origin',(36.05,70.5,-71.3106232978365));
#9056=CARTESIAN_POINT('',(38.7114436276347,70.5,56.076833278475));
#9057=CARTESIAN_POINT('',(36.05,70.5,54.1893767021635));
#9058=CARTESIAN_POINT('Origin',(38.05,70.5,54.1893767021635));
#9059=CARTESIAN_POINT('',(38.7114436276347,70.5,69.4231667215251));
#9060=CARTESIAN_POINT('Origin',(41.0500000000001,70.5,62.75));
#9061=CARTESIAN_POINT('',(36.05,70.5,71.3106232978366));
#9062=CARTESIAN_POINT('Origin',(38.05,70.5,71.3106232978366));
#9063=CARTESIAN_POINT('',(36.05,70.5,-71.3106232978365));
#9064=CARTESIAN_POINT('Origin',(36.05,70.5,-71.3106232978365));
#9065=CARTESIAN_POINT('',(38.7114436276347,70.5,-69.423166721525));
#9066=CARTESIAN_POINT('',(36.05,70.5,-71.3106232978365));
#9067=CARTESIAN_POINT('Origin',(38.05,70.5,-71.3106232978365));
#9068=CARTESIAN_POINT('',(38.7114436276347,70.5,-56.0768332784749));
#9069=CARTESIAN_POINT('Origin',(41.0500000000001,70.5,-62.75));
#9070=CARTESIAN_POINT('',(36.05,70.5,-54.1893767021634));
#9071=CARTESIAN_POINT('Origin',(38.05,70.5,-54.1893767021634));
#9072=CARTESIAN_POINT('',(36.05,70.5,-71.3106232978365));
#9073=CARTESIAN_POINT('Origin',(38.05,80.5,-71.3106232978365));
#9074=CARTESIAN_POINT('',(38.7114436276347,0.,-69.423166721525));
#9075=CARTESIAN_POINT('',(38.7114436276347,80.5,-69.423166721525));
#9076=CARTESIAN_POINT('Origin',(38.05,0.,-71.3106232978365));
#9077=CARTESIAN_POINT('',(36.05,80.5,-71.3106232978365));
#9078=CARTESIAN_POINT('Origin',(41.0500000000001,80.5,-62.75));
#9079=CARTESIAN_POINT('',(38.7114436276347,0.,-56.0768332784749));
#9080=CARTESIAN_POINT('',(38.7114436276347,80.5,-56.0768332784749));
#9081=CARTESIAN_POINT('Origin',(41.0500000000001,0.,-62.75));
#9082=CARTESIAN_POINT('Origin',(38.05,80.5,-54.1893767021634));
#9083=CARTESIAN_POINT('',(36.05,80.5,-54.1893767021634));
#9084=CARTESIAN_POINT('Origin',(38.05,0.,-54.1893767021634));
#9085=CARTESIAN_POINT('Origin',(38.05,80.5,54.1893767021635));
#9086=CARTESIAN_POINT('',(36.0500000000001,80.5,54.1893767021635));
#9087=CARTESIAN_POINT('',(36.05,80.5,54.1893767021635));
#9088=CARTESIAN_POINT('',(38.7114436276347,80.5,56.076833278475));
#9089=CARTESIAN_POINT('Origin',(38.05,80.5,54.1893767021635));
#9090=CARTESIAN_POINT('',(38.7114436276347,80.5,56.076833278475));
#9091=CARTESIAN_POINT('Origin',(38.05,80.5,71.3106232978366));
#9092=CARTESIAN_POINT('',(38.7114436276347,80.5,69.4231667215251));
#9093=CARTESIAN_POINT('',(38.7114436276347,80.5,69.4231667215251));
#9094=CARTESIAN_POINT('',(36.0500000000001,80.5,71.3106232978366));
#9095=CARTESIAN_POINT('Origin',(38.05,80.5,71.3106232978366));
#9096=CARTESIAN_POINT('',(36.05,80.5,71.3106232978366));
#9097=CARTESIAN_POINT('Origin',(38.05,80.5,71.3106232978366));
#9098=CARTESIAN_POINT('',(36.05,80.5,71.3106232978366));
#9099=CARTESIAN_POINT('',(38.7114436276347,0.,69.4231667215251));
#9100=CARTESIAN_POINT('Origin',(38.05,0.,71.3106232978366));
#9101=CARTESIAN_POINT('',(38.7114436276347,80.5,69.4231667215251));
#9102=CARTESIAN_POINT('Origin',(41.0500000000001,80.5,62.75));
#9103=CARTESIAN_POINT('Origin',(41.0500000000001,80.5,62.75));
#9104=CARTESIAN_POINT('Origin',(41.0500000000001,80.5,62.75));
#9105=CARTESIAN_POINT('',(38.7114436276347,0.,56.076833278475));
#9106=CARTESIAN_POINT('Origin',(41.0500000000001,0.,62.75));
#9107=CARTESIAN_POINT('',(38.7114436276347,80.5,56.076833278475));
#9108=CARTESIAN_POINT('Origin',(41.0500000000001,80.5,62.75));
#9109=CARTESIAN_POINT('',(39.0500000000001,80.5,62.75));
#9110=CARTESIAN_POINT('Origin',(41.0500000000001,80.5,62.75));
#9111=CARTESIAN_POINT('',(39.0500000000001,80.5,62.75));
#9112=CARTESIAN_POINT('Origin',(41.0500000000001,80.5,-62.75));
#9113=CARTESIAN_POINT('',(39.0500000000001,80.5,-62.75));
#9114=CARTESIAN_POINT('Origin',(41.0500000000001,80.5,-62.75));
#9115=CARTESIAN_POINT('',(39.0500000000001,80.5,-62.75));
#9116=CARTESIAN_POINT('Origin',(-36.05,0.,-82.75));
#9117=CARTESIAN_POINT('',(-36.05,80.5,71.3106232978366));
#9118=CARTESIAN_POINT('',(-36.05,72.1,85.0109091470851));
#9119=CARTESIAN_POINT('Ctrl Pts',(-36.05,72.1,85.0109091470851));
#9120=CARTESIAN_POINT('Ctrl Pts',(-36.05,59.8458641378403,86.1814317904044));
#9121=CARTESIAN_POINT('Ctrl Pts',(-36.05,52.8049515034556,87.661174892871));
#9122=CARTESIAN_POINT('Ctrl Pts',(-36.05,43.9308640281469,89.4504242349888));
#9123=CARTESIAN_POINT('Ctrl Pts',(-36.0499999999994,41.0890494305727,89.999295333182));
#9124=CARTESIAN_POINT('Ctrl Pts',(-36.0499999999994,36.5956696852073,90.2961809012195));
#9125=CARTESIAN_POINT('Ctrl Pts',(-36.05,35.0569062730762,90.2842857487076));
#9126=CARTESIAN_POINT('Ctrl Pts',(-36.05,28.237225547093,89.7469078413188));
#9127=CARTESIAN_POINT('Ctrl Pts',(-36.05,23.1495763613838,88.2053445947393));
#9128=CARTESIAN_POINT('Ctrl Pts',(-36.05,9.33282683772865,86.0229898902466));
#9129=CARTESIAN_POINT('Ctrl Pts',(-36.05,4.85967127586238,85.4834513596005));
#9130=CARTESIAN_POINT('Ctrl Pts',(-36.05,0.500000016078303,85.0591209763037));
#9131=CARTESIAN_POINT('',(-36.05,72.1,83.1160254037845));
#9132=CARTESIAN_POINT('',(-36.05,72.1,82.75));
#9133=CARTESIAN_POINT('',(-36.05,72.6,82.25));
#9134=CARTESIAN_POINT('Ctrl Pts',(-36.05,72.6,82.25));
#9135=CARTESIAN_POINT('Ctrl Pts',(-36.05,72.4614508889595,82.3885491110405));
#9136=CARTESIAN_POINT('Ctrl Pts',(-36.05,72.2980436419057,82.557611636102));
#9137=CARTESIAN_POINT('Ctrl Pts',(-36.05,72.1447859999489,82.8423652365755));
#9138=CARTESIAN_POINT('Ctrl Pts',(-36.05,72.1,82.9885866928467));
#9139=CARTESIAN_POINT('Ctrl Pts',(-36.05,72.1,83.1160254037845));
#9140=CARTESIAN_POINT('',(-36.0499999999999,80.5,82.25));
#9141=CARTESIAN_POINT('',(-36.05,0.,82.25));
#9142=CARTESIAN_POINT('',(-36.05,80.5,-82.75));
#9143=CARTESIAN_POINT('',(-36.05,80.5,45.4620032609716));
#9144=CARTESIAN_POINT('',(-36.05,80.5,-82.75));
#9145=CARTESIAN_POINT('',(-36.05,80.4887449624915,45.3735022568365));
#9146=CARTESIAN_POINT('Ctrl Pts',(-36.0502244364921,80.4885290082286,45.3735743428365));
#9147=CARTESIAN_POINT('Ctrl Pts',(-36.0501328313396,80.4947874484792,45.3974272406102));
#9148=CARTESIAN_POINT('Ctrl Pts',(-36.0500409870021,80.4985380692638,45.421775948084));
#9149=CARTESIAN_POINT('Ctrl Pts',(-36.050010186016,80.4996501561582,45.4464632045756));
#9150=CARTESIAN_POINT('Ctrl Pts',(-36.0500037409189,80.4998828600095,45.4516290056419));
#9151=CARTESIAN_POINT('Ctrl Pts',(-36.0500000898236,80.4999999299655,45.4568095477068));
#9152=CARTESIAN_POINT('Ctrl Pts',(-36.049999999619,80.4999999996191,45.4620032375893));
#9153=CARTESIAN_POINT('',(-36.05,80.4887449624915,43.0052511474904));
#9154=CARTESIAN_POINT('Origin',(-36.05,80.,44.1893767021635));
#9155=CARTESIAN_POINT('',(-36.05,80.5,42.9167501433553));
#9156=CARTESIAN_POINT('Ctrl Pts',(-36.0499999988366,80.4999999988366,42.9167501668485));
#9157=CARTESIAN_POINT('Ctrl Pts',(-36.0500004192377,80.4999996764211,42.9408301140157));
#9158=CARTESIAN_POINT('Ctrl Pts',(-36.0500747367756,80.4974868683715,42.9645825439582));
#9159=CARTESIAN_POINT('Ctrl Pts',(-36.0501594303493,80.4926117139803,42.9878645630135));
#9160=CARTESIAN_POINT('Ctrl Pts',(-36.0501805336111,80.4913969623191,42.993665788791));
#9161=CARTESIAN_POINT('Ctrl Pts',(-36.0502024349262,80.4900353860552,42.9994379461021));
#9162=CARTESIAN_POINT('Ctrl Pts',(-36.0502244374625,80.4885290049637,43.0051790609452));
#9163=CARTESIAN_POINT('',(-36.05,80.5,40.4620032609716));
#9164=CARTESIAN_POINT('',(-36.05,80.5,-82.75));
#9165=CARTESIAN_POINT('',(-36.05,80.4887449624915,40.3735022568366));
#9166=CARTESIAN_POINT('Ctrl Pts',(-36.0502243794793,80.4885291019271,40.373574207968));
#9167=CARTESIAN_POINT('Ctrl Pts',(-36.0501328403531,80.494783218851,40.3974110045697));
#9168=CARTESIAN_POINT('Ctrl Pts',(-36.0500411004055,80.4985329787321,40.4217428757409));
#9169=CARTESIAN_POINT('Ctrl Pts',(-36.0500102506929,80.4996478948912,40.4464129226428));
#9170=CARTESIAN_POINT('Ctrl Pts',(-36.0500037700592,80.4998821065786,40.4515953870501));
#9171=CARTESIAN_POINT('Ctrl Pts',(-36.0500000992788,80.4999999390209,40.4567926913266));
#9172=CARTESIAN_POINT('Ctrl Pts',(-36.0500000137192,80.5000000137193,40.4620032258109));
#9173=CARTESIAN_POINT('',(-36.05,80.4887449624915,38.0052511474904));
#9174=CARTESIAN_POINT('Origin',(-36.05,80.,39.1893767021635));
#9175=CARTESIAN_POINT('',(-36.05,80.5,37.9167501433553));
#9176=CARTESIAN_POINT('Ctrl Pts',(-36.0500000004246,80.5000000004246,37.916750165855));
#9177=CARTESIAN_POINT('Ctrl Pts',(-36.0500004182986,80.4999996754731,37.9408313823379));
#9178=CARTESIAN_POINT('Ctrl Pts',(-36.0500747234107,80.497486620418,37.9645850736941));
#9179=CARTESIAN_POINT('Ctrl Pts',(-36.0501593909486,80.4926109896208,37.9878683149829));
#9180=CARTESIAN_POINT('Ctrl Pts',(-36.050180482155,80.4913964398877,37.993668314136));
#9181=CARTESIAN_POINT('Ctrl Pts',(-36.0502023703195,80.4900351289194,37.99943925768));
#9182=CARTESIAN_POINT('Ctrl Pts',(-36.0502243594264,80.488529075388,38.0051791725446));
#9183=CARTESIAN_POINT('',(-36.05,80.5,8.56062329783654));
#9184=CARTESIAN_POINT('',(-36.05,80.5,-82.75));
#9185=CARTESIAN_POINT('',(-36.05,70.5,8.56062329783654));
#9186=CARTESIAN_POINT('',(-36.05,80.5,8.56062329783654));
#9187=CARTESIAN_POINT('',(-36.05,70.5,-8.56062329783654));
#9188=CARTESIAN_POINT('',(-36.05,70.5,-41.375));
#9189=CARTESIAN_POINT('',(-36.05,80.5,-8.56062329783654));
#9190=CARTESIAN_POINT('',(-36.05,80.5,-8.56062329783654));
#9191=CARTESIAN_POINT('',(-36.05,80.5,-12.6234785532082));
#9192=CARTESIAN_POINT('',(-36.05,80.5,-82.75));
#9193=CARTESIAN_POINT('',(-36.05,80.5,-16.4977680424649));
#9194=CARTESIAN_POINT('Origin',(-36.05,79.5,-14.5606232978366));
#9195=CARTESIAN_POINT('',(-36.05,80.5,-37.9167501433552));
#9196=CARTESIAN_POINT('',(-36.05,80.5,-82.75));
#9197=CARTESIAN_POINT('',(-36.05,80.4887449624915,-38.0052511474903));
#9198=CARTESIAN_POINT('Ctrl Pts',(-36.0502243556851,80.4885290758415,-38.0051791749369));
#9199=CARTESIAN_POINT('Ctrl Pts',(-36.0501327909025,80.4947875113715,-37.9813261077418));
#9200=CARTESIAN_POINT('Ctrl Pts',(-36.0500409746229,80.4985381141834,-37.9569772432575));
#9201=CARTESIAN_POINT('Ctrl Pts',(-36.0500101828082,80.4996501741772,-37.9322898552108));
#9202=CARTESIAN_POINT('Ctrl Pts',(-36.0500037398053,80.4998828660731,-37.9271241670639));
#9203=CARTESIAN_POINT('Ctrl Pts',(-36.0500000898233,80.4999999299732,-37.9219437398412));
#9204=CARTESIAN_POINT('Ctrl Pts',(-36.0499999996252,80.4999999996253,-37.9167501667248));
#9205=CARTESIAN_POINT('',(-36.05,80.4887449624915,-40.3735022568365));
#9206=CARTESIAN_POINT('Origin',(-36.05,80.,-39.1893767021634));
#9207=CARTESIAN_POINT('',(-36.05,80.5,-40.4620032609716));
#9208=CARTESIAN_POINT('Ctrl Pts',(-36.0499999988428,80.4999999988429,-40.4620032374905));
#9209=CARTESIAN_POINT('Ctrl Pts',(-36.0500004192243,80.4999996764261,-40.4379231978775));
#9210=CARTESIAN_POINT('Ctrl Pts',(-36.0500747170212,80.4974868660807,-40.4141706495131));
#9211=CARTESIAN_POINT('Ctrl Pts',(-36.0501593777357,80.4926117026744,-40.3908884979689));
#9212=CARTESIAN_POINT('Ctrl Pts',(-36.050180472404,80.4913969721413,-40.3850873508071));
#9213=CARTESIAN_POINT('Ctrl Pts',(-36.0502023642766,80.4900354222425,-40.3793152701098));
#9214=CARTESIAN_POINT('Ctrl Pts',(-36.0502243566529,80.4885290725786,-40.3735742299345));
#9215=CARTESIAN_POINT('',(-36.05,80.5,-42.9167501433552));
#9216=CARTESIAN_POINT('',(-36.05,80.5,-82.75));
#9217=CARTESIAN_POINT('',(-36.05,80.4887449624915,-43.0052511474903));
#9218=CARTESIAN_POINT('Ctrl Pts',(-36.0502244379587,80.488529009602,-43.0051790597486));
#9219=CARTESIAN_POINT('Ctrl Pts',(-36.0501328270947,80.4947876810352,-42.9813252754467));
#9220=CARTESIAN_POINT('Ctrl Pts',(-36.0500409797284,80.4985383488867,-42.9569756408763));
#9221=CARTESIAN_POINT('Ctrl Pts',(-36.0500101828419,80.4996502807912,-42.9322874383544));
#9222=CARTESIAN_POINT('Ctrl Pts',(-36.0500037399909,80.4998829020852,-42.9271225522734));
#9223=CARTESIAN_POINT('Ctrl Pts',(-36.0500000903338,80.4999999304997,-42.9219429306581));
#9224=CARTESIAN_POINT('Ctrl Pts',(-36.0500000004184,80.5000000004184,-42.9167501657671));
#9225=CARTESIAN_POINT('',(-36.05,80.4887449624915,-45.3735022568365));
#9226=CARTESIAN_POINT('Origin',(-36.05,80.,-44.1893767021634));
#9227=CARTESIAN_POINT('',(-36.05,80.5,-45.4620032609716));
#9228=CARTESIAN_POINT('Ctrl Pts',(-36.0500000137936,80.5000000137936,-45.4620032256423));
#9229=CARTESIAN_POINT('Ctrl Pts',(-36.0500004098441,80.4999996679776,-45.437935934239));
#9230=CARTESIAN_POINT('Ctrl Pts',(-36.0500746560526,80.4974894962407,-45.4141957929984));
#9231=CARTESIAN_POINT('Ctrl Pts',(-36.0501593044521,80.4926193954405,-45.39092549025));
#9232=CARTESIAN_POINT('Ctrl Pts',(-36.0501804519789,80.4914027086816,-45.3851119208004));
#9233=CARTESIAN_POINT('Ctrl Pts',(-36.0502024043693,80.4900385759384,-45.3793275365467));
#9234=CARTESIAN_POINT('Ctrl Pts',(-36.0502244626756,80.4885290326072,-45.3735743219875));
#9235=CARTESIAN_POINT('',(-36.05,80.5,-82.75));
#9236=CARTESIAN_POINT('',(-36.05,80.5,-82.25));
#9237=CARTESIAN_POINT('',(-36.05,80.5,-82.75));
#9238=CARTESIAN_POINT('',(-36.05,0.,-82.25));
#9239=CARTESIAN_POINT('Origin',(0.250000000000008,72.1,-83.25));
#9240=CARTESIAN_POINT('',(-35.55,72.1,-82.75));
#9241=CARTESIAN_POINT('',(-35.55,71.6,-83.25));
#9242=CARTESIAN_POINT('Origin',(-35.55,72.1,-83.25));
#9243=CARTESIAN_POINT('',(35.55,72.1,-82.75));
#9244=CARTESIAN_POINT('',(0.250000000000008,72.1,-82.75));
#9245=CARTESIAN_POINT('',(35.55,71.6,-83.25));
#9246=CARTESIAN_POINT('Origin',(35.55,72.1,-83.25));
#9247=CARTESIAN_POINT('',(0.250000000000008,71.6,-83.25));
#9248=CARTESIAN_POINT('Origin',(-35.55,71.6,-82.75));
#9249=CARTESIAN_POINT('',(35.55,71.6,-86.5900721663417));
#9250=CARTESIAN_POINT('',(35.55,71.6,-82.75));
#9251=CARTESIAN_POINT('',(-35.55,71.6,-86.5900721663415));
#9252=CARTESIAN_POINT('Ctrl Pts',(-35.55,71.6,-86.5900721663415));
#9253=CARTESIAN_POINT('Ctrl Pts',(-26.0386240270487,71.6,-88.2225591768309));
#9254=CARTESIAN_POINT('Ctrl Pts',(-18.5485656598496,71.6,-89.9796180819929));
#9255=CARTESIAN_POINT('Ctrl Pts',(-7.9869408340191,71.6,-91.7881002041123));
#9256=CARTESIAN_POINT('Ctrl Pts',(-4.40592346795511,71.5999999999999,-92.2131468364127));
#9257=CARTESIAN_POINT('Ctrl Pts',(2.72476337296106,71.5999999999999,-92.3072946918327));
#9258=CARTESIAN_POINT('Ctrl Pts',(5.96619875154698,71.5999999999993,-92.0169348799825));
#9259=CARTESIAN_POINT('Ctrl Pts',(16.4784526800537,71.5999999999993,-90.4816198562155));
#9260=CARTESIAN_POINT('Ctrl Pts',(24.6588060391666,71.6,-88.4593845266504));
#9261=CARTESIAN_POINT('Ctrl Pts',(35.5500000000012,71.6,-86.5900721663415));
#9262=CARTESIAN_POINT('',(-35.55,71.6,-82.75));
#9263=CARTESIAN_POINT('Origin',(-35.55,72.6,82.25));
#9264=CARTESIAN_POINT('',(-35.55,72.1,83.25));
#9265=CARTESIAN_POINT('',(-35.55,72.6,82.75));
#9266=CARTESIAN_POINT('Origin',(-35.55,72.6,83.25));
#9267=CARTESIAN_POINT('Origin',(-35.55,72.6,82.25));
#9268=CARTESIAN_POINT('Origin',(-35.55,72.1,82.25));
#9269=CARTESIAN_POINT('Origin',(4.44705144953877E-14,72.6,83.25));
#9270=CARTESIAN_POINT('',(35.55,72.1,83.25));
#9271=CARTESIAN_POINT('',(35.55,72.6,82.75));
#9272=CARTESIAN_POINT('Origin',(35.55,72.6,83.25));
#9273=CARTESIAN_POINT('',(4.43473274746248E-14,72.6,82.75));
#9274=CARTESIAN_POINT('',(4.44705144953877E-14,72.1,83.25));
#9275=CARTESIAN_POINT('Origin',(35.55,72.6,82.25));
#9276=CARTESIAN_POINT('',(36.0500000000001,72.1,83.1160254037844));
#9277=CARTESIAN_POINT('',(36.05,72.6,82.25));
#9278=CARTESIAN_POINT('Ctrl Pts',(36.05,72.1,83.1160254037844));
#9279=CARTESIAN_POINT('Ctrl Pts',(36.05,72.1,82.9885866928467));
#9280=CARTESIAN_POINT('Ctrl Pts',(36.05,72.1447859999489,82.8423652365755));
#9281=CARTESIAN_POINT('Ctrl Pts',(36.05,72.2980436419057,82.557611636102));
#9282=CARTESIAN_POINT('Ctrl Pts',(36.05,72.4614508889595,82.3885491110405));
#9283=CARTESIAN_POINT('Ctrl Pts',(36.05,72.6,82.25));
#9284=CARTESIAN_POINT('Origin',(35.55,72.6,82.25));
#9285=CARTESIAN_POINT('Origin',(35.55,72.1,82.25));
#9286=CARTESIAN_POINT('Origin',(36.0500000000001,72.1,82.75));
#9287=CARTESIAN_POINT('',(36.0500000000001,72.1,85.0109091470851));
#9288=CARTESIAN_POINT('Ctrl Pts',(36.05,72.1,85.0109091470851));
#9289=CARTESIAN_POINT('Ctrl Pts',(23.7958641378402,72.1,86.1814317904044));
#9290=CARTESIAN_POINT('Ctrl Pts',(16.7549515034555,72.1,87.661174892871));
#9291=CARTESIAN_POINT('Ctrl Pts',(7.88086402814673,72.1,89.4504242349888));
#9292=CARTESIAN_POINT('Ctrl Pts',(5.03904943057263,72.0999999999995,89.9992953331819));
#9293=CARTESIAN_POINT('Ctrl Pts',(0.545669685207061,72.0999999999995,90.2961809012196));
#9294=CARTESIAN_POINT('Ctrl Pts',(-0.993093726924316,72.1,90.2842857487074));
#9295=CARTESIAN_POINT('Ctrl Pts',(-7.81277445290684,72.1,89.7469078413188));
#9296=CARTESIAN_POINT('Ctrl Pts',(-12.900423638616,72.1,88.2053445947392));
#9297=CARTESIAN_POINT('Ctrl Pts',(-26.8860357512359,72.1,85.9963180551084));
#9298=CARTESIAN_POINT('Ctrl Pts',(-31.5327762061028,72.1,85.4423971602076));
#9299=CARTESIAN_POINT('Ctrl Pts',(-36.05,72.1,85.0109091470851));
#9300=CARTESIAN_POINT('',(36.0500000000001,72.1,82.75));
#9301=CARTESIAN_POINT('Origin',(21.8693666393535,1.35000000000004,-103.25));
#9302=CARTESIAN_POINT('',(21.8693666393535,1.35000000000004,-102.75));
#9303=CARTESIAN_POINT('',(21.8693666393535,0.850000000000042,-103.25));
#9304=CARTESIAN_POINT('Origin',(21.8693666393535,1.35000000000004,-103.25));
#9305=CARTESIAN_POINT('',(22.3693666393535,1.35000000000004,-103.25));
#9306=CARTESIAN_POINT('Origin',(21.8693666393535,1.35000000000004,-103.25));
#9307=CARTESIAN_POINT('Origin',(21.8693666393535,1.35000000000004,-103.25));
#9308=CARTESIAN_POINT('Origin',(30.0716517806525,1.35000000000004,-103.25));
#9309=CARTESIAN_POINT('',(-21.9019237886467,1.35000000000004,-102.75));
#9310=CARTESIAN_POINT('',(-21.9019237886467,0.850000000000037,-103.25));
#9311=CARTESIAN_POINT('Origin',(-21.9019237886467,1.35000000000004,-103.25));
#9312=CARTESIAN_POINT('',(30.0716517806525,0.850000000000043,-103.25));
#9313=CARTESIAN_POINT('',(30.0716517806525,1.35000000000004,-102.75));
#9314=CARTESIAN_POINT('Origin',(-21.9019237886467,1.35000000000004,-103.25));
#9315=CARTESIAN_POINT('',(-22.4019237886467,1.35000000000004,-103.25));
#9316=CARTESIAN_POINT('Origin',(-21.9019237886467,1.35000000000004,-103.25));
#9317=CARTESIAN_POINT('Origin',(-21.9019237886467,1.35000000000004,-103.25));
#9318=CARTESIAN_POINT('Origin',(24.943303561305,11.106696438695,-102.75));
#9319=CARTESIAN_POINT('',(21.8693666393535,10.3440998447141,-102.75));
#9320=CARTESIAN_POINT('',(21.8693666393535,10.3565435377102,-102.75));
#9321=CARTESIAN_POINT('',(-21.9019237886467,10.371833508673,-102.75));
#9322=CARTESIAN_POINT('Origin',(-9.0049712177641E-15,36.05,-102.75));
#9323=CARTESIAN_POINT('',(-21.9019237886467,11.8283482193475,-102.75));
#9324=CARTESIAN_POINT('Origin',(21.8693666393535,10.3565435377102,-103.25));
#9325=CARTESIAN_POINT('',(22.3693666393535,10.3440998447141,-103.25));
#9326=CARTESIAN_POINT('',(22.3693666393535,10.3565435377102,-103.25));
#9327=CARTESIAN_POINT('Origin',(21.8693666393535,10.3440998447141,-103.25));
#9328=CARTESIAN_POINT('Origin',(21.8693666393535,1.35000000000004,-102.75));
#9329=CARTESIAN_POINT('',(21.8693666393535,0.850000000000042,-106.25));
#9330=CARTESIAN_POINT('',(21.8693666393535,0.850000000000042,-102.75));
#9331=CARTESIAN_POINT('',(22.3693666393535,1.35000000000004,-105.75));
#9332=CARTESIAN_POINT('Origin',(21.8693666393535,1.35000000000004,-106.25));
#9333=CARTESIAN_POINT('',(22.3693666393535,1.35000000000004,-102.75));
#9334=CARTESIAN_POINT('Origin',(-34.7,1.35000000000003,-103.25));
#9335=CARTESIAN_POINT('',(-34.7,1.35000000000003,-102.75));
#9336=CARTESIAN_POINT('',(-34.7,0.850000000000035,-103.25));
#9337=CARTESIAN_POINT('Origin',(-34.7,1.35000000000003,-103.25));
#9338=CARTESIAN_POINT('',(-35.2,1.35000000000004,-103.25));
#9339=CARTESIAN_POINT('Origin',(-34.7,1.35000000000003,-103.25));
#9340=CARTESIAN_POINT('Origin',(-34.7,1.35000000000004,-103.25));
#9341=CARTESIAN_POINT('Origin',(-34.7,70.75,-103.25));
#9342=CARTESIAN_POINT('',(-35.2,70.75,-103.25));
#9343=CARTESIAN_POINT('',(-34.7,71.25,-103.25));
#9344=CARTESIAN_POINT('Origin',(-34.7,70.75,-103.25));
#9345=CARTESIAN_POINT('',(-34.7,70.75,-102.75));
#9346=CARTESIAN_POINT('Origin',(-34.7,70.75,-103.25));
#9347=CARTESIAN_POINT('Origin',(-34.7,70.75,-103.25));
#9348=CARTESIAN_POINT('Origin',(-34.7,30.9216517806525,-103.25));
#9349=CARTESIAN_POINT('',(-34.7,30.9216517806525,-102.75));
#9350=CARTESIAN_POINT('',(-35.2,30.9216517806525,-103.25));
#9351=CARTESIAN_POINT('Origin',(-28.0980762113533,70.75,-103.25));
#9352=CARTESIAN_POINT('',(-28.0980762113533,71.25,-103.25));
#9353=CARTESIAN_POINT('',(-28.0980762113533,70.75,-102.75));
#9354=CARTESIAN_POINT('Origin',(-28.0980762113533,70.75,-103.25));
#9355=CARTESIAN_POINT('',(-27.5980762113533,70.75,-103.25));
#9356=CARTESIAN_POINT('Origin',(-28.0980762113533,70.75,-103.25));
#9357=CARTESIAN_POINT('Origin',(-28.0980762113533,70.75,-103.25));
#9358=CARTESIAN_POINT('Origin',(-30.0716517806525,70.75,-103.25));
#9359=CARTESIAN_POINT('',(-30.0716517806525,71.25,-103.25));
#9360=CARTESIAN_POINT('',(-30.0716517806525,70.75,-102.75));
#9361=CARTESIAN_POINT('Origin',(-34.7,70.75,-102.75));
#9362=CARTESIAN_POINT('',(-34.7,71.25,-115.75));
#9363=CARTESIAN_POINT('',(-35.2,70.75,-115.75));
#9364=CARTESIAN_POINT('Origin',(-34.7,70.75,-115.75));
#9365=CARTESIAN_POINT('',(-35.2,70.75,-102.75));
#9366=CARTESIAN_POINT('',(-34.7,71.25,-102.75));
#9367=CARTESIAN_POINT('Origin',(-34.7,1.35000000000004,-102.75));
#9368=CARTESIAN_POINT('',(-35.2,1.35000000000004,-115.75));
#9369=CARTESIAN_POINT('',(-34.7,0.850000000000024,-115.75));
#9370=CARTESIAN_POINT('Origin',(-34.7,1.35000000000004,-115.75));
#9371=CARTESIAN_POINT('',(-34.7,0.850000000000035,-102.75));
#9372=CARTESIAN_POINT('',(-35.2,1.35000000000004,-102.75));
#9373=CARTESIAN_POINT('Origin',(5.12834821934748,1.35000000000004,-103.25));
#9374=CARTESIAN_POINT('',(-28.0980762113533,0.850000000000036,-103.25));
#9375=CARTESIAN_POINT('',(-28.0980762113533,1.35000000000003,-102.75));
#9376=CARTESIAN_POINT('Origin',(-28.0980762113533,1.35000000000003,-103.25));
#9377=CARTESIAN_POINT('',(5.12834821934748,1.35000000000004,-102.75));
#9378=CARTESIAN_POINT('',(5.12834821934748,0.85000000000004,-103.25));
#9379=CARTESIAN_POINT('Origin',(-28.0980762113533,1.35000000000004,-103.25));
#9380=CARTESIAN_POINT('',(-27.5980762113533,1.35000000000003,-103.25));
#9381=CARTESIAN_POINT('Origin',(-28.0980762113533,1.35000000000004,-103.25));
#9382=CARTESIAN_POINT('Origin',(-28.0980762113533,1.35000000000004,-103.25));
#9383=CARTESIAN_POINT('Origin',(-28.0980762113533,60.2716517806525,-103.25));
#9384=CARTESIAN_POINT('',(-28.0980762113533,59.2613248654052,-102.75));
#9385=CARTESIAN_POINT('',(-28.0980762113533,60.2716517806525,-102.75));
#9386=CARTESIAN_POINT('',(-27.5980762113533,59.55,-103.25));
#9387=CARTESIAN_POINT('Origin',(-28.0980762113533,59.2613248654052,-103.25));
#9388=CARTESIAN_POINT('',(-27.5980762113533,60.2716517806525,-103.25));
#9389=CARTESIAN_POINT('Origin',(-24.943303561305,60.993303561305,-102.75));
#9390=CARTESIAN_POINT('',(-28.0980762113533,12.8386751345948,-102.75));
#9391=CARTESIAN_POINT('',(-28.0980762113533,35.2716517806525,-102.75));
#9392=CARTESIAN_POINT('',(-25.7282293043666,14.2069068842819,-102.75));
#9393=CARTESIAN_POINT('',(-16.3642535857524,19.6132007861089,-102.75));
#9394=CARTESIAN_POINT('',(-25.7282293043665,57.8930931157182,-102.75));
#9395=CARTESIAN_POINT('Origin',(-9.0049712177641E-15,36.05,-102.75));
#9396=CARTESIAN_POINT('',(-25.8659827492742,57.9726251042175,-102.75));
#9397=CARTESIAN_POINT('Origin',(-28.0980762113533,35.2716517806525,-103.25));
#9398=CARTESIAN_POINT('',(-27.5980762113533,12.55,-103.25));
#9399=CARTESIAN_POINT('',(-27.5980762113533,35.2716517806525,-103.25));
#9400=CARTESIAN_POINT('Origin',(-28.0980762113533,12.8386751345948,-103.25));
#9401=CARTESIAN_POINT('Origin',(-28.0980762113533,1.35000000000004,-102.75));
#9402=CARTESIAN_POINT('',(-28.0980762113533,0.850000000000036,-106.25));
#9403=CARTESIAN_POINT('',(-28.0980762113533,0.850000000000036,-102.75));
#9404=CARTESIAN_POINT('',(-27.5980762113533,1.35000000000004,-105.75));
#9405=CARTESIAN_POINT('Origin',(-28.0980762113533,1.35000000000004,-106.25));
#9406=CARTESIAN_POINT('',(-27.5980762113533,1.35000000000003,-102.75));
#9407=CARTESIAN_POINT('Origin',(35.2,0.850000000000044,-102.75));
#9408=CARTESIAN_POINT('',(-21.9019237886467,0.850000000000037,-106.25));
#9409=CARTESIAN_POINT('',(-21.9019237886467,0.850000000000037,-102.75));
#9410=CARTESIAN_POINT('',(5.1,0.85000000000004,-106.25));
#9411=CARTESIAN_POINT('',(34.7,0.850000000000044,-115.75));
#9412=CARTESIAN_POINT('',(35.2,0.850000000000044,-115.75));
#9413=CARTESIAN_POINT('',(34.7,0.850000000000044,-103.25));
#9414=CARTESIAN_POINT('',(34.7,0.850000000000044,-102.75));
#9415=CARTESIAN_POINT('',(28.0655190620601,0.850000000000043,-103.25));
#9416=CARTESIAN_POINT('',(30.0716517806525,0.850000000000043,-103.25));
#9417=CARTESIAN_POINT('',(28.0655190620601,0.850000000000043,-106.25));
#9418=CARTESIAN_POINT('',(28.0655190620601,0.850000000000043,-102.75));
#9419=CARTESIAN_POINT('',(30.0837214253534,0.850000000000043,-106.25));
#9420=CARTESIAN_POINT('Origin',(21.9019237886467,70.75,-103.25));
#9421=CARTESIAN_POINT('',(21.9019237886467,71.25,-103.25));
#9422=CARTESIAN_POINT('',(21.9019237886467,70.75,-102.75));
#9423=CARTESIAN_POINT('Origin',(21.9019237886467,70.75,-103.25));
#9424=CARTESIAN_POINT('',(22.4019237886467,70.75,-103.25));
#9425=CARTESIAN_POINT('Origin',(21.9019237886467,70.75,-103.25));
#9426=CARTESIAN_POINT('Origin',(21.9019237886467,70.75,-103.25));
#9427=CARTESIAN_POINT('Origin',(-5.12834821934748,70.75,-103.25));
#9428=CARTESIAN_POINT('',(-21.9019237886467,71.25,-103.25));
#9429=CARTESIAN_POINT('',(-5.12834821934748,71.25,-103.25));
#9430=CARTESIAN_POINT('',(-21.9019237886467,70.75,-102.75));
#9431=CARTESIAN_POINT('Origin',(-21.9019237886467,70.75,-103.25));
#9432=CARTESIAN_POINT('',(-5.12834821934748,70.75,-102.75));
#9433=CARTESIAN_POINT('Origin',(-21.9019237886467,70.75,-103.25));
#9434=CARTESIAN_POINT('',(-22.4019237886467,70.75,-103.25));
#9435=CARTESIAN_POINT('Origin',(-21.9019237886467,70.75,-103.25));
#9436=CARTESIAN_POINT('Origin',(-21.9019237886467,70.75,-103.25));
#9437=CARTESIAN_POINT('Origin',(-35.2,71.25,-102.75));
#9438=CARTESIAN_POINT('',(-28.0980762113533,71.25,-106.25));
#9439=CARTESIAN_POINT('',(-28.0980762113533,71.25,-102.75));
#9440=CARTESIAN_POINT('',(-21.9019237886467,71.25,-106.25));
#9441=CARTESIAN_POINT('',(-30.1,71.25,-106.25));
#9442=CARTESIAN_POINT('',(-21.9019237886467,71.25,-102.75));
#9443=CARTESIAN_POINT('',(21.9019237886467,71.25,-106.25));
#9444=CARTESIAN_POINT('',(21.9019237886467,71.25,-102.75));
#9445=CARTESIAN_POINT('',(28.0980762113533,71.25,-106.25));
#9446=CARTESIAN_POINT('',(-5.10000000000001,71.25,-106.25));
#9447=CARTESIAN_POINT('',(28.0980762113533,71.25,-103.25));
#9448=CARTESIAN_POINT('',(28.0980762113533,71.25,-102.75));
#9449=CARTESIAN_POINT('',(34.7,71.25,-103.25));
#9450=CARTESIAN_POINT('',(-5.12834821934748,71.25,-103.25));
#9451=CARTESIAN_POINT('',(34.7,71.25,-115.75));
#9452=CARTESIAN_POINT('',(34.7,71.25,-102.75));
#9453=CARTESIAN_POINT('',(-35.2,71.25,-115.75));
#9454=CARTESIAN_POINT('Origin',(21.9019237886467,70.75,-102.75));
#9455=CARTESIAN_POINT('',(22.4019237886467,70.75,-105.75));
#9456=CARTESIAN_POINT('',(22.4019237886467,70.75,-102.75));
#9457=CARTESIAN_POINT('Origin',(21.9019237886467,70.75,-106.25));
#9458=CARTESIAN_POINT('Origin',(21.9019237886467,60.2716517806525,-103.25));
#9459=CARTESIAN_POINT('',(21.9019237886467,61.7281664913271,-102.75));
#9460=CARTESIAN_POINT('',(21.9019237886467,60.2716517806525,-102.75));
#9461=CARTESIAN_POINT('',(22.4019237886467,61.7281664913271,-103.25));
#9462=CARTESIAN_POINT('Origin',(21.9019237886467,61.7281664913271,-103.25));
#9463=CARTESIAN_POINT('',(22.4019237886467,60.2716517806525,-103.25));
#9464=CARTESIAN_POINT('Origin',(34.7,70.75,-103.25));
#9465=CARTESIAN_POINT('',(34.7,70.75,-102.75));
#9466=CARTESIAN_POINT('Origin',(34.7,70.75,-103.25));
#9467=CARTESIAN_POINT('',(35.2,70.75,-103.25));
#9468=CARTESIAN_POINT('Origin',(34.7,70.75,-103.25));
#9469=CARTESIAN_POINT('Origin',(34.7,70.75,-103.25));
#9470=CARTESIAN_POINT('Origin',(34.7,1.35000000000004,-103.25));
#9471=CARTESIAN_POINT('',(34.7,1.35000000000004,-102.75));
#9472=CARTESIAN_POINT('',(35.2,1.35000000000004,-103.25));
#9473=CARTESIAN_POINT('Origin',(34.7,1.35000000000004,-103.25));
#9474=CARTESIAN_POINT('Origin',(34.7,1.35000000000004,-103.25));
#9475=CARTESIAN_POINT('Origin',(34.7,1.35000000000004,-103.25));
#9476=CARTESIAN_POINT('Origin',(28.0655190620601,1.35000000000004,-103.25));
#9477=CARTESIAN_POINT('',(28.0655190620601,1.35000000000004,-102.75));
#9478=CARTESIAN_POINT('Origin',(28.0655190620601,1.35000000000004,-103.25));
#9479=CARTESIAN_POINT('',(27.5655190620601,1.35000000000005,-103.25));
#9480=CARTESIAN_POINT('Origin',(28.0655190620601,1.35000000000004,-103.25));
#9481=CARTESIAN_POINT('Origin',(28.0655190620601,1.35000000000004,-103.25));
#9482=CARTESIAN_POINT('Origin',(30.0716517806525,1.35000000000004,-103.25));
#9483=CARTESIAN_POINT('',(30.0716517806525,1.35000000000004,-102.75));
#9484=CARTESIAN_POINT('Origin',(34.7,1.35000000000004,-102.75));
#9485=CARTESIAN_POINT('',(35.2,1.35000000000004,-115.75));
#9486=CARTESIAN_POINT('Origin',(34.7,1.35000000000004,-115.75));
#9487=CARTESIAN_POINT('',(35.2,1.35000000000004,-102.75));
#9488=CARTESIAN_POINT('Origin',(34.7,66.1216517806525,-103.25));
#9489=CARTESIAN_POINT('',(34.7,66.1216517806525,-102.75));
#9490=CARTESIAN_POINT('',(35.2,66.1216517806525,-103.25));
#9491=CARTESIAN_POINT('Origin',(34.7,70.75,-102.75));
#9492=CARTESIAN_POINT('',(35.2,70.75,-115.75));
#9493=CARTESIAN_POINT('Origin',(34.7,70.75,-115.75));
#9494=CARTESIAN_POINT('',(35.2,70.75,-102.75));
#9495=CARTESIAN_POINT('Origin',(-5.12834821934748,70.75,-103.25));
#9496=CARTESIAN_POINT('',(28.0980762113533,70.75,-102.75));
#9497=CARTESIAN_POINT('Origin',(28.0980762113533,70.75,-103.25));
#9498=CARTESIAN_POINT('',(-5.12834821934748,70.75,-102.75));
#9499=CARTESIAN_POINT('Origin',(28.0980762113533,70.75,-103.25));
#9500=CARTESIAN_POINT('',(27.5980762113533,70.75,-103.25));
#9501=CARTESIAN_POINT('Origin',(28.0980762113533,70.75,-103.25));
#9502=CARTESIAN_POINT('Origin',(28.0980762113533,70.75,-103.25));
#9503=CARTESIAN_POINT('Origin',(28.0655190620602,36.7998470990152,-103.25));
#9504=CARTESIAN_POINT('',(28.0655190620602,12.8950657713202,-102.75));
#9505=CARTESIAN_POINT('',(28.0655190620602,36.7998470990152,-102.75));
#9506=CARTESIAN_POINT('',(27.5655190620602,12.6063906367254,-103.25));
#9507=CARTESIAN_POINT('Origin',(28.0655190620601,12.8950657713202,-103.25));
#9508=CARTESIAN_POINT('',(27.5655190620602,36.7998470990152,-103.25));
#9509=CARTESIAN_POINT('Origin',(24.943303561305,60.993303561305,-102.75));
#9510=CARTESIAN_POINT('',(28.0980762113533,59.2613248654052,-102.75));
#9511=CARTESIAN_POINT('',(28.0980762113533,61.7716517806525,-102.75));
#9512=CARTESIAN_POINT('',(25.7282293043665,57.8930931157182,-102.75));
#9513=CARTESIAN_POINT('',(27.1650208549509,58.7226251042175,-102.75));
#9514=CARTESIAN_POINT('',(25.7496333334435,14.2321430201494,-102.75));
#9515=CARTESIAN_POINT('Origin',(-9.0049712177641E-15,36.05,-102.75));
#9516=CARTESIAN_POINT('',(15.0570761927524,20.405493763653,-102.75));
#9517=CARTESIAN_POINT('Origin',(28.0980762113533,61.7716517806525,-103.25));
#9518=CARTESIAN_POINT('',(27.5980762113533,59.55,-103.25));
#9519=CARTESIAN_POINT('',(27.5980762113533,61.7716517806525,-103.25));
#9520=CARTESIAN_POINT('Origin',(28.0980762113533,59.2613248654052,-103.25));
#9521=CARTESIAN_POINT('Origin',(28.0980762113533,70.75,-102.75));
#9522=CARTESIAN_POINT('',(27.5980762113533,70.75,-105.75));
#9523=CARTESIAN_POINT('Origin',(28.0980762113533,70.75,-106.25));
#9524=CARTESIAN_POINT('',(27.5980762113533,70.75,-102.75));
#9525=CARTESIAN_POINT('Origin',(35.5500000000001,0.500000000000007,103.25));
#9526=CARTESIAN_POINT('',(36.0500000000001,0.500000000000007,103.25));
#9527=CARTESIAN_POINT('',(35.5500000000001,0.500000000000007,102.75));
#9528=CARTESIAN_POINT('Origin',(35.5500000000001,0.500000000000007,103.25));
#9529=CARTESIAN_POINT('',(35.5500000000001,4.3792985881192E-15,103.25));
#9530=CARTESIAN_POINT('Origin',(35.5500000000001,0.500000000000007,103.25));
#9531=CARTESIAN_POINT('Origin',(35.5500000000001,0.500000000000005,103.25));
#9532=CARTESIAN_POINT('Origin',(35.5500000000001,0.500000000000007,107.75));
#9533=CARTESIAN_POINT('',(35.9035533905933,0.146446609406728,110.603553390593));
#9534=CARTESIAN_POINT('',(35.5500000000001,4.41009534330991E-15,110.75));
#9535=CARTESIAN_POINT('Origin',(35.5500000000001,0.500000000000007,110.25));
#9536=CARTESIAN_POINT('',(35.5500000000001,4.37150315946155E-15,107.75));
#9537=CARTESIAN_POINT('',(36.0500000000001,0.500000000000007,110.75));
#9538=CARTESIAN_POINT('',(36.0500000000001,0.500000000000007,107.75));
#9539=CARTESIAN_POINT('Origin',(35.5500000000001,0.500000000000007,110.25));
#9540=CARTESIAN_POINT('Origin',(35.5500000000001,71.6,103.25));
#9541=CARTESIAN_POINT('',(35.5500000000001,72.1,103.25));
#9542=CARTESIAN_POINT('',(35.5500000000001,71.6,102.75));
#9543=CARTESIAN_POINT('Origin',(35.5500000000001,71.6,103.25));
#9544=CARTESIAN_POINT('',(36.0500000000001,71.6,103.25));
#9545=CARTESIAN_POINT('Origin',(35.5500000000001,71.6,103.25));
#9546=CARTESIAN_POINT('Origin',(35.5500000000001,71.6,103.25));
#9547=CARTESIAN_POINT('Origin',(35.5500000000001,71.6,107.75));
#9548=CARTESIAN_POINT('',(35.9035533905933,71.9535533905933,110.603553390593));
#9549=CARTESIAN_POINT('',(36.0500000000001,71.6,110.75));
#9550=CARTESIAN_POINT('Origin',(35.5500000000001,71.6,110.25));
#9551=CARTESIAN_POINT('',(36.0500000000001,71.6,107.75));
#9552=CARTESIAN_POINT('',(35.5500000000001,72.1,110.75));
#9553=CARTESIAN_POINT('',(35.5500000000001,72.1,107.75));
#9554=CARTESIAN_POINT('Origin',(35.5500000000001,71.6,110.25));
#9555=CARTESIAN_POINT('Origin',(35.5500000000001,54.075,103.25));
#9556=CARTESIAN_POINT('',(35.5500000000001,54.075,102.75));
#9557=CARTESIAN_POINT('',(36.0500000000001,54.075,103.25));
#9558=CARTESIAN_POINT('Origin',(-35.55,0.499999999999996,103.25));
#9559=CARTESIAN_POINT('',(-35.55,-4.37150315946155E-15,103.25));
#9560=CARTESIAN_POINT('',(-35.5499999999999,0.499999999999996,102.75));
#9561=CARTESIAN_POINT('Origin',(-35.5499999999999,0.499999999999996,103.25));
#9562=CARTESIAN_POINT('',(-36.05,0.499999999999996,103.25));
#9563=CARTESIAN_POINT('Origin',(-35.55,0.499999999999996,103.25));
#9564=CARTESIAN_POINT('Origin',(-35.5499999999999,0.499999999999996,103.25));
#9565=CARTESIAN_POINT('Origin',(-35.55,0.499999999999996,107.75));
#9566=CARTESIAN_POINT('',(-35.9035533905932,0.146446609406723,110.603553390593));
#9567=CARTESIAN_POINT('',(-36.05,0.499999999999998,110.75));
#9568=CARTESIAN_POINT('Origin',(-35.55,0.499999999999996,110.25));
#9569=CARTESIAN_POINT('',(-36.05,0.499999999999996,107.75));
#9570=CARTESIAN_POINT('',(-35.55,3.07967551907124E-17,110.75));
#9571=CARTESIAN_POINT('',(-35.55,-4.37150315946155E-15,107.75));
#9572=CARTESIAN_POINT('Origin',(-35.55,0.499999999999996,110.25));
#9573=CARTESIAN_POINT('Origin',(-35.55,71.6,103.25));
#9574=CARTESIAN_POINT('',(-36.05,71.6,103.25));
#9575=CARTESIAN_POINT('',(-35.55,71.6,102.75));
#9576=CARTESIAN_POINT('Origin',(-35.55,71.6,103.25));
#9577=CARTESIAN_POINT('',(-35.55,72.1,103.25));
#9578=CARTESIAN_POINT('Origin',(-35.55,71.6,103.25));
#9579=CARTESIAN_POINT('Origin',(-35.55,71.6,103.25));
#9580=CARTESIAN_POINT('Origin',(-35.55,71.6,107.75));
#9581=CARTESIAN_POINT('',(-35.9035533905932,71.9535533905933,110.603553390593));
#9582=CARTESIAN_POINT('',(-35.55,72.1,110.75));
#9583=CARTESIAN_POINT('Origin',(-35.55,71.6,110.25));
#9584=CARTESIAN_POINT('',(-35.55,72.1,107.75));
#9585=CARTESIAN_POINT('',(-36.05,71.6,110.75));
#9586=CARTESIAN_POINT('',(-36.05,71.6,107.75));
#9587=CARTESIAN_POINT('Origin',(-35.55,71.6,110.25));
#9588=CARTESIAN_POINT('Origin',(-18.025,71.6,103.25));
#9589=CARTESIAN_POINT('',(-18.025,71.6,102.75));
#9590=CARTESIAN_POINT('',(-18.025,72.1,103.25));
#9591=CARTESIAN_POINT('Origin',(-35.55,18.025,103.25));
#9592=CARTESIAN_POINT('',(-35.55,18.025,102.75));
#9593=CARTESIAN_POINT('',(-36.05,18.025,103.25));
#9594=CARTESIAN_POINT('Origin',(18.0250000000001,0.500000000000003,103.25));
#9595=CARTESIAN_POINT('',(18.0250000000001,0.500000000000003,102.75));
#9596=CARTESIAN_POINT('',(18.0250000000001,2.22044604925031E-15,103.25));
#9597=CARTESIAN_POINT('Origin',(36.0500000000001,72.1,107.75));
#9598=CARTESIAN_POINT('',(36.0500000000001,0.,110.75));
#9599=CARTESIAN_POINT('Origin',(16.5250000000001,1.5,109.25));
#9600=CARTESIAN_POINT('',(33.0500000000001,3.,107.75));
#9601=CARTESIAN_POINT('',(36.0500000000001,0.,110.75));
#9602=CARTESIAN_POINT('',(4.88498130835069E-14,3.,107.75));
#9603=CARTESIAN_POINT('',(16.5250000000001,3.,107.75));
#9604=CARTESIAN_POINT('',(-33.05,2.99999999999999,107.75));
#9605=CARTESIAN_POINT('',(16.5250000000001,3.,107.75));
#9606=CARTESIAN_POINT('',(-36.05,-6.18138923808885E-15,110.75));
#9607=CARTESIAN_POINT('',(-36.05,0.,110.75));
#9608=CARTESIAN_POINT('Origin',(34.5500000000001,52.575,109.25));
#9609=CARTESIAN_POINT('',(33.0500000000001,69.1,107.75));
#9610=CARTESIAN_POINT('',(36.0500000000001,72.1,110.75));
#9611=CARTESIAN_POINT('',(33.0500000000001,36.05,107.75));
#9612=CARTESIAN_POINT('',(33.0500000000001,52.575,107.75));
#9613=CARTESIAN_POINT('',(33.0500000000001,52.575,107.75));
#9614=CARTESIAN_POINT('Origin',(-36.05,72.1,107.75));
#9615=CARTESIAN_POINT('',(36.0500000000001,72.1,110.75));
#9616=CARTESIAN_POINT('Origin',(-16.525,70.6,109.25));
#9617=CARTESIAN_POINT('',(-33.05,69.1,107.75));
#9618=CARTESIAN_POINT('',(-36.05,72.1,110.75));
#9619=CARTESIAN_POINT('',(4.44089209850063E-14,69.1,107.75));
#9620=CARTESIAN_POINT('',(-16.525,69.1,107.75));
#9621=CARTESIAN_POINT('',(-16.525,69.1,107.75));
#9622=CARTESIAN_POINT('Origin',(5.55111512312578E-14,36.05,102.75));
#9623=CARTESIAN_POINT('',(23.5113004744527,12.5386995255473,102.75));
#9624=CARTESIAN_POINT('',(23.5113004744527,59.5613004744528,102.75));
#9625=CARTESIAN_POINT('Origin',(4.44089209850063E-14,36.05,102.75));
#9626=CARTESIAN_POINT('',(-23.5113004744527,59.5613004744527,102.75));
#9627=CARTESIAN_POINT('Origin',(4.44089209850063E-14,36.05,102.75));
#9628=CARTESIAN_POINT('',(-23.5113004744527,12.5386995255473,102.75));
#9629=CARTESIAN_POINT('Origin',(4.44089209850063E-14,36.05,102.75));
#9630=CARTESIAN_POINT('Origin',(4.44089209850063E-14,36.05,102.75));
#9631=CARTESIAN_POINT('',(27.9580481209119,11.0788179933163,102.75));
#9632=CARTESIAN_POINT('',(25.3599719095586,9.57881799331624,102.75));
#9633=CARTESIAN_POINT('',(22.8801995706483,8.14712076591737,102.75));
#9634=CARTESIAN_POINT('',(25.3599719095586,6.57881799331625,102.75));
#9635=CARTESIAN_POINT('',(25.3599719095586,22.8144089966582,102.75));
#9636=CARTESIAN_POINT('',(27.9580481209119,5.07881799331625,102.75));
#9637=CARTESIAN_POINT('',(9.46928436913839,15.753310722386,102.75));
#9638=CARTESIAN_POINT('',(30.5561243322652,6.57881799331626,102.75));
#9639=CARTESIAN_POINT('',(24.179237676325,2.89712076591738,102.75));
#9640=CARTESIAN_POINT('',(30.5561243322652,9.57881799331626,102.75));
#9641=CARTESIAN_POINT('',(30.5561243322652,21.3144089966581,102.75));
#9642=CARTESIAN_POINT('',(13.3663986861684,19.5033107223861,102.75));
#9643=CARTESIAN_POINT('',(-25.4519237886466,6.5,102.75));
#9644=CARTESIAN_POINT('',(-25.4519237886466,9.5,102.75));
#9645=CARTESIAN_POINT('',(-25.4519237886466,21.275,102.75));
#9646=CARTESIAN_POINT('',(-28.05,11.,102.75));
#9647=CARTESIAN_POINT('',(-21.6556959855234,7.30824685596162,102.75));
#9648=CARTESIAN_POINT('',(-30.6480762113533,9.5,102.75));
#9649=CARTESIAN_POINT('',(-12.1077659087999,20.2042531440383,102.75));
#9650=CARTESIAN_POINT('',(-30.6480762113533,6.49999999999999,102.75));
#9651=CARTESIAN_POINT('',(-30.6480762113533,22.775,102.75));
#9652=CARTESIAN_POINT('',(-28.05,4.99999999999999,102.75));
#9653=CARTESIAN_POINT('',(-25.5528103025533,3.55824685596161,102.75));
#9654=CARTESIAN_POINT('',(-10.8087278031233,14.9542531440384,102.75));
#9655=CARTESIAN_POINT('',(25.3609126093305,62.5858584837266,102.75));
#9656=CARTESIAN_POINT('',(27.9589888206838,61.0858584837266,102.75));
#9657=CARTESIAN_POINT('',(21.5957522703656,64.7596748189701,102.75));
#9658=CARTESIAN_POINT('',(30.5570650320371,62.5858584837266,102.75));
#9659=CARTESIAN_POINT('',(12.0539456498126,51.9030775275514,102.75));
#9660=CARTESIAN_POINT('',(30.5570650320371,65.5858584837266,102.75));
#9661=CARTESIAN_POINT('',(30.5570650320371,49.3179292418633,102.75));
#9662=CARTESIAN_POINT('',(27.9589888206838,67.0858584837266,102.75));
#9663=CARTESIAN_POINT('',(25.4928665873956,68.5096748189701,102.75));
#9664=CARTESIAN_POINT('',(25.3609126093305,65.5858584837266,102.75));
#9665=CARTESIAN_POINT('',(10.7549075441359,57.1530775275516,102.75));
#9666=CARTESIAN_POINT('',(25.3609126093305,50.8179292418633,102.75));
#9667=CARTESIAN_POINT('',(-28.05,61.1,102.75));
#9668=CARTESIAN_POINT('',(-25.4519237886467,62.6,102.75));
#9669=CARTESIAN_POINT('',(-22.9547340912,64.0417531440384,102.75));
#9670=CARTESIAN_POINT('',(-25.4519237886467,65.6,102.75));
#9671=CARTESIAN_POINT('',(-25.4519237886467,49.325,102.75));
#9672=CARTESIAN_POINT('',(-28.05,67.1,102.75));
#9673=CARTESIAN_POINT('',(-9.5096896974466,56.3957468559616,102.75));
#9674=CARTESIAN_POINT('',(-30.6480762113533,65.6,102.75));
#9675=CARTESIAN_POINT('',(-24.2537721968767,69.2917531440384,102.75));
#9676=CARTESIAN_POINT('',(-30.6480762113533,62.6,102.75));
#9677=CARTESIAN_POINT('',(-30.6480762113533,50.825,102.75));
#9678=CARTESIAN_POINT('',(-13.4068040144766,52.6457468559616,102.75));
#9679=CARTESIAN_POINT('Origin',(30.0837214253534,1.35000000000004,-106.25));
#9680=CARTESIAN_POINT('',(27.5655190620602,1.35000000000004,-105.75));
#9681=CARTESIAN_POINT('Origin',(28.0655190620601,1.35000000000004,-106.25));
#9682=CARTESIAN_POINT('',(30.0837214253534,1.35000000000004,-105.75));
#9683=CARTESIAN_POINT('Ctrl Pts',(24.6190514724051,14.3075344927713,-102.25));
#9684=CARTESIAN_POINT('Ctrl Pts',(24.6190514724051,14.3075344927713,-102.476269839674));
#9685=CARTESIAN_POINT('Ctrl Pts',(24.7842603096956,14.212151126089,-103.00367536371));
#9686=CARTESIAN_POINT('Ctrl Pts',(25.2383596222974,13.9499767657196,-103.25));
#9687=CARTESIAN_POINT('Ctrl Pts',(25.4996333334435,13.7991303182572,-103.25));
#9688=CARTESIAN_POINT('Ctrl Pts',(24.7190722293856,14.249787481804,-102.25));
#9689=CARTESIAN_POINT('Ctrl Pts',(24.7190722293856,14.249787481804,-102.449655401905));
#9690=CARTESIAN_POINT('Ctrl Pts',(24.8681208906241,14.1638296092616,-102.915004764444));
#9691=CARTESIAN_POINT('Ctrl Pts',(25.2716051295753,13.9309485784286,-103.123556145409));
#9692=CARTESIAN_POINT('Ctrl Pts',(25.4996333334435,13.7991303182572,-103.1191003061));
#9693=CARTESIAN_POINT('Ctrl Pts',(24.9603091647586,14.2068875542948,-102.25));
#9694=CARTESIAN_POINT('Ctrl Pts',(24.9603091647586,14.2068875542948,-102.396704130649));
#9695=CARTESIAN_POINT('Ctrl Pts',(25.0790005674809,14.1435165590301,-102.738195576458));
#9696=CARTESIAN_POINT('Ctrl Pts',(25.3876751076979,13.980109035088,-102.871463077039));
#9697=CARTESIAN_POINT('Ctrl Pts',(25.5538815386457,13.8930909658868,-102.858496410404));
#9698=CARTESIAN_POINT('Ctrl Pts',(25.1735831159621,14.3275104563761,-102.25));
#9699=CARTESIAN_POINT('Ctrl Pts',(25.1735831159621,14.3275104563761,-102.367883904765));
#9700=CARTESIAN_POINT('Ctrl Pts',(25.2738717874322,14.2858261447742,-102.642794391092));
#9701=CARTESIAN_POINT('Ctrl Pts',(25.5386188793928,14.1773324207939,-102.757087793737));
#9702=CARTESIAN_POINT('Ctrl Pts',(25.6841834864937,14.1187805598848,-102.75));
#9703=CARTESIAN_POINT('Ctrl Pts',(25.2487316475563,14.4152120373301,-102.25));
#9704=CARTESIAN_POINT('Ctrl Pts',(25.2487316475563,14.4152120373301,-102.363134919837));
#9705=CARTESIAN_POINT('Ctrl Pts',(25.3432173415883,14.3813617701259,-102.626837681855));
#9706=CARTESIAN_POINT('Ctrl Pts',(25.6016026070944,14.2870378393196,-102.75));
#9707=CARTESIAN_POINT('Ctrl Pts',(25.7496333334435,14.2321430201494,-102.75));
#9708=CARTESIAN_POINT('',(25.2487316475563,14.4152120373301,-102.25));
#9709=CARTESIAN_POINT('',(24.9945330754746,14.1220311852875,-102.847361431494));
#9710=CARTESIAN_POINT('Ctrl Pts',(24.9949535280579,14.1223152282753,-102.846918829771));
#9711=CARTESIAN_POINT('Ctrl Pts',(24.9997573524188,14.1278267704652,-102.819481876717));
#9712=CARTESIAN_POINT('Ctrl Pts',(25.0054508181835,14.1343159203891,-102.792342681051));
#9713=CARTESIAN_POINT('Ctrl Pts',(25.0119723849752,14.1417200644874,-102.765520938438));
#9714=CARTESIAN_POINT('Ctrl Pts',(25.0164580305175,14.1468127618454,-102.747072483636));
#9715=CARTESIAN_POINT('Ctrl Pts',(25.0213173409821,14.1523156341731,-102.728857317087));
#9716=CARTESIAN_POINT('Ctrl Pts',(25.0265221256375,14.1582034285836,-102.710876060068));
#9717=CARTESIAN_POINT('Ctrl Pts',(25.0342212949469,14.1669129389719,-102.684277314615));
#9718=CARTESIAN_POINT('Ctrl Pts',(25.0426762422905,14.1764628722079,-102.65819127434));
#9719=CARTESIAN_POINT('Ctrl Pts',(25.0517822651766,14.186815255938,-102.632631078312));
#9720=CARTESIAN_POINT('Ctrl Pts',(25.053680027106,14.1889727686047,-102.627304146067));
#9721=CARTESIAN_POINT('Ctrl Pts',(25.055606103477,14.1911652668125,-102.621999937118));
#9722=CARTESIAN_POINT('Ctrl Pts',(25.0575596042206,14.1933926180935,-102.616718379009));
#9723=CARTESIAN_POINT('Ctrl Pts',(25.0669357638361,14.2040831700159,-102.591368641105));
#9724=CARTESIAN_POINT('Ctrl Pts',(25.0769416165031,14.2155732476684,-102.566541462406));
#9725=CARTESIAN_POINT('Ctrl Pts',(25.0875022233612,14.227749974345,-102.542173790901));
#9726=CARTESIAN_POINT('Ctrl Pts',(25.0948768862905,14.2362532029973,-102.525157404803));
#9727=CARTESIAN_POINT('Ctrl Pts',(25.1025225804951,14.2450921672863,-102.5083650353));
#9728=CARTESIAN_POINT('Ctrl Pts',(25.1104213860745,14.2542404433174,-102.491770006196));
#9729=CARTESIAN_POINT('Ctrl Pts',(25.120816577769,14.2662799956347,-102.469930184088));
#9730=CARTESIAN_POINT('Ctrl Pts',(25.1315468141549,14.2787478756607,-102.448612917336));
#9731=CARTESIAN_POINT('Ctrl Pts',(25.14257162337,14.29156894221,-102.427756257842));
#9732=CARTESIAN_POINT('Ctrl Pts',(25.1534439276119,14.3042126563561,-102.407188106224));
#9733=CARTESIAN_POINT('Ctrl Pts',(25.1646026883095,14.3172004052293,-102.387068503476));
#9734=CARTESIAN_POINT('Ctrl Pts',(25.1760215187881,14.3304932705271,-102.367303206696));
#9735=CARTESIAN_POINT('Ctrl Pts',(25.1873110140401,14.3436355743688,-102.347761781279));
#9736=CARTESIAN_POINT('Ctrl Pts',(25.1988548436265,14.3570766088011,-102.328567312507));
#9737=CARTESIAN_POINT('Ctrl Pts',(25.2106389980097,14.370803740337,-102.309585303578));
#9738=CARTESIAN_POINT('Ctrl Pts',(25.2224231523928,14.3845308718729,-102.290603294648));
#9739=CARTESIAN_POINT('Ctrl Pts',(25.2344478884623,14.3985445210856,-102.271834486176));
#9740=CARTESIAN_POINT('Ctrl Pts',(25.2467079553139,14.4128504746752,-102.253090317494));
#9741=CARTESIAN_POINT('Ctrl Pts',(25.2473820961586,14.4136371121181,-102.252059637168));
#9742=CARTESIAN_POINT('Ctrl Pts',(25.2480566623291,14.4144243004271,-102.251029539709));
#9743=CARTESIAN_POINT('Ctrl Pts',(25.2487316475563,14.4152120373301,-102.25));
#9744=CARTESIAN_POINT('',(24.9674428513723,14.1063906363412,-103.046616845174));
#9745=CARTESIAN_POINT('Ctrl Pts',(24.9674428507068,14.1063906367254,-103.046616844027));
#9746=CARTESIAN_POINT('Ctrl Pts',(24.9674428507068,14.1063906367254,-102.975267700235));
#9747=CARTESIAN_POINT('Ctrl Pts',(24.9772523672677,14.1120541637524,-102.907648688987));
#9748=CARTESIAN_POINT('Ctrl Pts',(24.9945330754746,14.1220311852875,-102.847361431494));
#9749=CARTESIAN_POINT('',(25.4996333334435,13.7991303182572,-103.25));
#9750=CARTESIAN_POINT('Ctrl Pts',(24.9681122654146,14.1060041499636,-103.0455698315));
#9751=CARTESIAN_POINT('Ctrl Pts',(25.1206224517231,14.0179523528443,-103.175580636351));
#9752=CARTESIAN_POINT('Ctrl Pts',(25.3096551243307,13.9088142884286,-103.25));
#9753=CARTESIAN_POINT('Ctrl Pts',(25.4996333334435,13.7991303182572,-103.25));
#9754=CARTESIAN_POINT('Origin',(25.7496333334435,14.2321430201494,-103.25));
#9755=CARTESIAN_POINT('Ctrl Pts',(25.7496333334435,14.2321430201494,-102.75));
#9756=CARTESIAN_POINT('Ctrl Pts',(25.6016026070944,14.2870378393196,-102.75));
#9757=CARTESIAN_POINT('Ctrl Pts',(25.3432173415883,14.3813617701259,-102.626837681855));
#9758=CARTESIAN_POINT('Ctrl Pts',(25.2487316475563,14.4152120373301,-102.363134919837));
#9759=CARTESIAN_POINT('Ctrl Pts',(25.2487316475563,14.4152120373301,-102.25));
#9760=CARTESIAN_POINT('Origin',(15.0570761927524,20.405493763653,-103.25));
#9761=CARTESIAN_POINT('',(14.8070761927524,19.9724810617608,-103.25));
#9762=CARTESIAN_POINT('Origin',(28.0655190620601,1.35000000000004,-102.75));
#9763=CARTESIAN_POINT('',(27.5655190620601,1.35000000000005,-102.75));
#9764=CARTESIAN_POINT('Ctrl Pts',(22.2032500994963,11.2996831329533,-102.25));
#9765=CARTESIAN_POINT('Ctrl Pts',(22.2032500994963,11.2996831329534,-102.337418227491));
#9766=CARTESIAN_POINT('Ctrl Pts',(22.1691377846023,11.2025240367866,-102.508472038743));
#9767=CARTESIAN_POINT('Ctrl Pts',(22.0434176709963,10.8436943257807,-102.701061396038));
#9768=CARTESIAN_POINT('Ctrl Pts',(21.934083144838,10.5302850357477,-102.75));
#9769=CARTESIAN_POINT('Ctrl Pts',(21.8693666393535,10.3440998447141,-102.75));
#9770=CARTESIAN_POINT('Ctrl Pts',(22.2553306931802,11.3464040882084,-102.25));
#9771=CARTESIAN_POINT('Ctrl Pts',(22.2553306931802,11.3464040882084,-102.348378818594));
#9772=CARTESIAN_POINT('Ctrl Pts',(22.2313158440901,11.2408983015228,-102.54061170233));
#9773=CARTESIAN_POINT('Ctrl Pts',(22.1397295199851,10.8563047885333,-102.739038950968));
#9774=CARTESIAN_POINT('Ctrl Pts',(22.0542269641003,10.5301250278653,-102.767325638726));
#9775=CARTESIAN_POINT('Ctrl Pts',(22.0002663332531,10.3440998447141,-102.75));
#9776=CARTESIAN_POINT('Ctrl Pts',(22.339539062772,11.4620174125639,-102.25));
#9777=CARTESIAN_POINT('Ctrl Pts',(22.339539062772,11.462017412564,-102.375551523686));
#9778=CARTESIAN_POINT('Ctrl Pts',(22.3331495935994,11.3431491438944,-102.620121485955));
#9779=CARTESIAN_POINT('Ctrl Pts',(22.306840857056,10.9106898824842,-102.866897139984));
#9780=CARTESIAN_POINT('Ctrl Pts',(22.2798006813287,10.5468494655192,-102.890190228433));
#9781=CARTESIAN_POINT('Ctrl Pts',(22.2608725620663,10.3440998447141,-102.858494077287));
#9782=CARTESIAN_POINT('Ctrl Pts',(22.3693666393535,11.6019023865716,-102.25));
#9783=CARTESIAN_POINT('Ctrl Pts',(22.3693666393535,11.6019023865716,-102.40840080269));
#9784=CARTESIAN_POINT('Ctrl Pts',(22.3690639268043,11.4736270092054,-102.718108192155));
#9785=CARTESIAN_POINT('Ctrl Pts',(22.3691737130378,10.9995638627993,-103.05707293308));
#9786=CARTESIAN_POINT('Ctrl Pts',(22.3690149830461,10.5864030089538,-103.129992307892));
#9787=CARTESIAN_POINT('Ctrl Pts',(22.3693666393535,10.3440998447141,-103.1191003061));
#9788=CARTESIAN_POINT('Ctrl Pts',(22.3693666393535,11.6718683489991,-102.25));
#9789=CARTESIAN_POINT('Ctrl Pts',(22.3693666393535,11.6718683489992,-102.424836454982));
#9790=CARTESIAN_POINT('Ctrl Pts',(22.3693666393535,11.5389179575014,-102.766944077485));
#9791=CARTESIAN_POINT('Ctrl Pts',(22.3693666393535,11.044128319406,-103.152122792077));
#9792=CARTESIAN_POINT('Ctrl Pts',(22.3693666393535,10.6063547297548,-103.25));
#9793=CARTESIAN_POINT('Ctrl Pts',(22.3693666393535,10.3440998447141,-103.25));
#9794=CARTESIAN_POINT('',(22.2032500994963,11.2996831329533,-102.25));
#9795=CARTESIAN_POINT('',(22.3682052715118,11.4486607492297,-102.75));
#9796=CARTESIAN_POINT('Ctrl Pts',(22.2032500994963,11.2996831329533,-102.25));
#9797=CARTESIAN_POINT('Ctrl Pts',(22.2037296467986,11.3001133298168,-102.250639369869));
#9798=CARTESIAN_POINT('Ctrl Pts',(22.2042083536892,11.300542797909,-102.251279852991));
#9799=CARTESIAN_POINT('Ctrl Pts',(22.2377296751258,11.3306179350118,-102.2962869833));
#9800=CARTESIAN_POINT('Ctrl Pts',(22.265931538209,11.3560370481471,-102.344902583112));
#9801=CARTESIAN_POINT('Ctrl Pts',(22.3142729342815,11.3997092705276,-102.454764316535));
#9802=CARTESIAN_POINT('Ctrl Pts',(22.3332682794746,11.4169338439363,-102.515016311142));
#9803=CARTESIAN_POINT('Ctrl Pts',(22.3583795262147,11.4397252869485,-102.633951986267));
#9804=CARTESIAN_POINT('Ctrl Pts',(22.3655589864294,11.4462546750182,-102.69173951995));
#9805=CARTESIAN_POINT('Ctrl Pts',(22.3682052715117,11.4486607492292,-102.750000000001));
#9806=CARTESIAN_POINT('Ctrl Pts',(22.2032500994963,11.2996831329533,-102.25));
#9807=CARTESIAN_POINT('Ctrl Pts',(22.2032500994963,11.2996831329534,-102.337418227491));
#9808=CARTESIAN_POINT('Ctrl Pts',(22.1691377846023,11.2025240367866,-102.508472038743));
#9809=CARTESIAN_POINT('Ctrl Pts',(22.0434176709963,10.8436943257807,-102.701061396038));
#9810=CARTESIAN_POINT('Ctrl Pts',(21.934083144838,10.5302850357477,-102.75));
#9811=CARTESIAN_POINT('Ctrl Pts',(21.8693666393535,10.3440998447141,-102.75));
#9812=CARTESIAN_POINT('',(22.3693666393535,11.4921786790848,-102.749999999894));
#9813=CARTESIAN_POINT('Ctrl Pts',(22.3693666393535,10.3440998447141,-103.25));
#9814=CARTESIAN_POINT('Ctrl Pts',(22.3693666393535,10.6063547297548,-103.25));
#9815=CARTESIAN_POINT('Ctrl Pts',(22.3693666393535,11.038645159443,-103.153348714335));
#9816=CARTESIAN_POINT('Ctrl Pts',(22.3693666393535,11.3886829822311,-102.883859337282));
#9817=CARTESIAN_POINT('Ctrl Pts',(22.3693666393535,11.4915996700908,-102.749556304122));
#9818=CARTESIAN_POINT('Ctrl Pts',(22.3681125367491,11.4480738456234,-102.749750906012));
#9819=CARTESIAN_POINT('Ctrl Pts',(22.368907193239,11.4625269318801,-102.749738730502));
#9820=CARTESIAN_POINT('Ctrl Pts',(22.3693354135558,11.4769985347057,-102.749726916115));
#9821=CARTESIAN_POINT('Ctrl Pts',(22.3693666393535,11.4914855632389,-102.74970517986));
#9822=CARTESIAN_POINT('Origin',(-8.88178419700125E-15,36.05,-102.25));
#9823=CARTESIAN_POINT('',(25.4491483420253,57.7906840847111,-102.665007380559));
#9824=CARTESIAN_POINT('Ctrl Pts',(25.4492171217291,57.7907174764908,-102.664770912275));
#9825=CARTESIAN_POINT('Ctrl Pts',(25.5316794592411,57.8207420653506,-102.719616764695));
#9826=CARTESIAN_POINT('Ctrl Pts',(25.6299420972011,57.8567352776223,-102.75));
#9827=CARTESIAN_POINT('Ctrl Pts',(25.7282293043665,57.8930931157182,-102.75));
#9828=CARTESIAN_POINT('',(25.0000000000001,58.0500000000001,-102.471322664466));
#9829=CARTESIAN_POINT('Ctrl Pts',(25.0000000000002,58.0499999999999,-102.471322664466));
#9830=CARTESIAN_POINT('Ctrl Pts',(25.0291545619432,58.033167605814,-102.493133652774));
#9831=CARTESIAN_POINT('Ctrl Pts',(25.0597677299058,58.0154930850501,-102.51211281247));
#9832=CARTESIAN_POINT('Ctrl Pts',(25.1983833122465,57.9354633412718,-102.589237602094));
#9833=CARTESIAN_POINT('Ctrl Pts',(25.3214207522345,57.8644276421743,-102.631935759577));
#9834=CARTESIAN_POINT('Ctrl Pts',(25.4491483417317,57.7906840839952,-102.665007380097));
#9835=CARTESIAN_POINT('',(24.8591697271557,58.1313083959367,-102.25));
#9836=CARTESIAN_POINT('Ctrl Pts',(25.0000000000002,58.0499999999999,-102.471322664466));
#9837=CARTESIAN_POINT('Ctrl Pts',(24.9621495515237,58.0718529666168,-102.443006146084));
#9838=CARTESIAN_POINT('Ctrl Pts',(24.9267561836209,58.0922873371029,-102.409919074446));
#9839=CARTESIAN_POINT('Ctrl Pts',(24.8882486707322,58.1145196600351,-102.354145182605));
#9840=CARTESIAN_POINT('Ctrl Pts',(24.8755921400471,58.1218269114331,-102.330222399739));
#9841=CARTESIAN_POINT('Ctrl Pts',(24.8628840567909,58.129163926722,-102.290778639479));
#9842=CARTESIAN_POINT('Ctrl Pts',(24.8591697271557,58.1313083959367,-102.268723542424));
#9843=CARTESIAN_POINT('Ctrl Pts',(24.8591697271557,58.1313083959367,-102.25));
#9844=CARTESIAN_POINT('Origin',(-8.88178419700125E-15,36.05,-102.25));
#9845=CARTESIAN_POINT('Origin',(-8.88178419700125E-15,36.05,-102.25));
#9846=CARTESIAN_POINT('',(-22.2363043045039,11.3293755969332,-102.25));
#9847=CARTESIAN_POINT('Origin',(-8.88178419700125E-15,36.05,-102.25));
#9848=CARTESIAN_POINT('Ctrl Pts',(-21.9019237886467,10.3718335086729,-102.75));
#9849=CARTESIAN_POINT('Ctrl Pts',(-21.9883068473111,10.6204694456706,-102.75));
#9850=CARTESIAN_POINT('Ctrl Pts',(-22.1115931683537,10.9735531484542,-102.6793100287));
#9851=CARTESIAN_POINT('Ctrl Pts',(-22.2177033951914,11.2763478694093,-102.446035410383));
#9852=CARTESIAN_POINT('Ctrl Pts',(-22.2363043045039,11.3293755969332,-102.315608604179));
#9853=CARTESIAN_POINT('Ctrl Pts',(-22.2363043045039,11.3293755969332,-102.25));
#9854=CARTESIAN_POINT('Ctrl Pts',(-22.4019237886467,11.7011143097613,-102.25));
#9855=CARTESIAN_POINT('Ctrl Pts',(-22.4019237886467,11.7011143097613,-102.381217208359));
#9856=CARTESIAN_POINT('Ctrl Pts',(-22.4019237886467,11.6285539000115,-102.642070820767));
#9857=CARTESIAN_POINT('Ctrl Pts',(-22.4019237886467,11.2126617698313,-103.108620057402));
#9858=CARTESIAN_POINT('Ctrl Pts',(-22.4019237886467,10.721746328187,-103.25));
#9859=CARTESIAN_POINT('Ctrl Pts',(-22.4019237886467,10.3718335086729,-103.25));
#9860=CARTESIAN_POINT('Ctrl Pts',(-22.4019237886467,11.6312597063095,-102.25));
#9861=CARTESIAN_POINT('Ctrl Pts',(-22.4019237886467,11.6312597063095,-102.36888687215));
#9862=CARTESIAN_POINT('Ctrl Pts',(-22.4017575477079,11.5612502099355,-102.605141176265));
#9863=CARTESIAN_POINT('Ctrl Pts',(-22.4019817780281,11.1618053524701,-103.021666827752));
#9864=CARTESIAN_POINT('Ctrl Pts',(-22.4014544007029,10.6951832124819,-103.133638860411));
#9865=CARTESIAN_POINT('Ctrl Pts',(-22.4019237886467,10.3718335086729,-103.1191003061));
#9866=CARTESIAN_POINT('Ctrl Pts',(-22.3721925412828,11.491597072163,-102.25));
#9867=CARTESIAN_POINT('Ctrl Pts',(-22.3721925412828,11.491597072163,-102.344242617241));
#9868=CARTESIAN_POINT('Ctrl Pts',(-22.3686853715905,11.4267293341166,-102.531121643289));
#9869=CARTESIAN_POINT('Ctrl Pts',(-22.3471715813759,11.0602660911964,-102.847913831407));
#9870=CARTESIAN_POINT('Ctrl Pts',(-22.318694784685,10.6425228248752,-102.900801863277));
#9871=CARTESIAN_POINT('Ctrl Pts',(-22.293429686942,10.3718335086729,-102.858494101705));
#9872=CARTESIAN_POINT('Ctrl Pts',(-22.2882396252485,11.3760916336076,-102.25));
#9873=CARTESIAN_POINT('Ctrl Pts',(-22.2882396252485,11.3760916336076,-102.323843769744));
#9874=CARTESIAN_POINT('Ctrl Pts',(-22.275104063354,11.3185438933823,-102.470593017464));
#9875=CARTESIAN_POINT('Ctrl Pts',(-22.1988955332173,10.9926159283448,-102.721626239121));
#9876=CARTESIAN_POINT('Ctrl Pts',(-22.1048496883055,10.6202564160309,-102.773126119917));
#9877=CARTESIAN_POINT('Ctrl Pts',(-22.0328234825463,10.3718335086729,-102.75));
#9878=CARTESIAN_POINT('Ctrl Pts',(-22.2363043045039,11.3293755969332,-102.25));
#9879=CARTESIAN_POINT('Ctrl Pts',(-22.2363043045039,11.3293755969332,-102.315608604179));
#9880=CARTESIAN_POINT('Ctrl Pts',(-22.2177033951914,11.2763478694093,-102.446035410383));
#9881=CARTESIAN_POINT('Ctrl Pts',(-22.1115931683537,10.9735531484542,-102.6793100287));
#9882=CARTESIAN_POINT('Ctrl Pts',(-21.9883068473111,10.6204694456706,-102.75));
#9883=CARTESIAN_POINT('Ctrl Pts',(-21.9019237886467,10.3718335086729,-102.75));
#9884=CARTESIAN_POINT('',(-22.4007970968522,11.4783336050317,-102.75));
#9885=CARTESIAN_POINT('',(-22.4019237886467,11.5212103928583,-102.749999999876));
#9886=CARTESIAN_POINT('Ctrl Pts',(-22.4019237886467,11.5212360002171,-102.749895900375));
#9887=CARTESIAN_POINT('Ctrl Pts',(-22.4019097367641,11.5069126796288,-102.749883656619));
#9888=CARTESIAN_POINT('Ctrl Pts',(-22.4015081751195,11.4926059532443,-102.74986587128));
#9889=CARTESIAN_POINT('Ctrl Pts',(-22.4007483746022,11.4783103972654,-102.749862288878));
#9890=CARTESIAN_POINT('',(-22.4019237886467,10.371833508673,-103.25));
#9891=CARTESIAN_POINT('Ctrl Pts',(-22.4019237886467,11.5211759126052,-102.749973191668));
#9892=CARTESIAN_POINT('Ctrl Pts',(-22.4019237886467,11.4708586064207,-102.814690170325));
#9893=CARTESIAN_POINT('Ctrl Pts',(-22.4019237886467,11.1624410371563,-103.123083249431));
#9894=CARTESIAN_POINT('Ctrl Pts',(-22.4019237886467,10.721746328187,-103.25));
#9895=CARTESIAN_POINT('Ctrl Pts',(-22.4019237886467,10.3718335086729,-103.25));
#9896=CARTESIAN_POINT('Origin',(-21.9019237886467,10.371833508673,-103.25));
#9897=CARTESIAN_POINT('Ctrl Pts',(-22.4007970968517,11.4783336050304,-102.75));
#9898=CARTESIAN_POINT('Ctrl Pts',(-22.3997987953369,11.4774235019338,-102.727675030742));
#9899=CARTESIAN_POINT('Ctrl Pts',(-22.3981346456855,11.4759064374909,-102.705407023947));
#9900=CARTESIAN_POINT('Ctrl Pts',(-22.3884995314718,11.467126162005,-102.61422225726));
#9901=CARTESIAN_POINT('Ctrl Pts',(-22.3746723231171,11.454526753991,-102.546685627641));
#9902=CARTESIAN_POINT('Ctrl Pts',(-22.3324475576819,11.4161787676634,-102.414768468062));
#9903=CARTESIAN_POINT('Ctrl Pts',(-22.2980840436451,11.3849531292812,-102.3330416084));
#9904=CARTESIAN_POINT('Ctrl Pts',(-22.2372599105621,11.3302351936555,-102.251277851638));
#9905=CARTESIAN_POINT('Ctrl Pts',(-22.2367825267207,11.3298057598031,-102.250638369));
#9906=CARTESIAN_POINT('Ctrl Pts',(-22.2363043045039,11.3293755969332,-102.25));
#9907=CARTESIAN_POINT('Origin',(-21.9019237886467,11.8283482193475,-103.25));
#9908=CARTESIAN_POINT('',(-22.4019237886467,11.8283482193475,-103.25));
#9909=CARTESIAN_POINT('Origin',(5.1,1.35000000000004,-106.25));
#9910=CARTESIAN_POINT('',(-22.4019237886467,1.35000000000004,-105.75));
#9911=CARTESIAN_POINT('',(5.1,1.35000000000004,-105.75));
#9912=CARTESIAN_POINT('Origin',(-21.9019237886467,1.35000000000004,-106.25));
#9913=CARTESIAN_POINT('Ctrl Pts',(-25.3743560629605,14.3364759136513,-102.603739355766));
#9914=CARTESIAN_POINT('Ctrl Pts',(-25.4678033974197,14.302617908902,-102.696655178288));
#9915=CARTESIAN_POINT('Ctrl Pts',(-25.5979947824249,14.2550824892238,-102.75));
#9916=CARTESIAN_POINT('Ctrl Pts',(-25.7282293043666,14.2069068842819,-102.75));
#9917=CARTESIAN_POINT('Ctrl Pts',(-25.3053878073718,14.2388032280172,-102.614830389335));
#9918=CARTESIAN_POINT('Ctrl Pts',(-25.4018723766816,14.1992081979326,-102.707709095008));
#9919=CARTESIAN_POINT('Ctrl Pts',(-25.5347229347358,14.1449525049923,-102.756263471797));
#9920=CARTESIAN_POINT('Ctrl Pts',(-25.6627794574168,14.0935444240172,-102.75));
#9921=CARTESIAN_POINT('Ctrl Pts',(-25.1192741835171,14.085676947247,-102.700993238695));
#9922=CARTESIAN_POINT('Ctrl Pts',(-25.2323820775976,14.0257227310525,-102.814505856217));
#9923=CARTESIAN_POINT('Ctrl Pts',(-25.3863163708028,13.944339607498,-102.869955015482));
#9924=CARTESIAN_POINT('Ctrl Pts',(-25.5324775010009,13.8678548151793,-102.858496393269));
#9925=CARTESIAN_POINT('Ctrl Pts',(-24.9287374606833,14.0911434462577,-102.871802635676));
#9926=CARTESIAN_POINT('Ctrl Pts',(-25.0748404111184,14.0067063177553,-103.033393523));
#9927=CARTESIAN_POINT('Ctrl Pts',(-25.2777592899102,13.8897823950077,-103.12303792405));
#9928=CARTESIAN_POINT('Ctrl Pts',(-25.4782293043666,13.7738941823896,-103.1191003061));
#9929=CARTESIAN_POINT('Ctrl Pts',(-24.8558718574332,14.1332124219088,-102.957478711533));
#9930=CARTESIAN_POINT('Ctrl Pts',(-25.0197488316896,14.0385980067079,-103.143310356576));
#9931=CARTESIAN_POINT('Ctrl Pts',(-25.2485431754498,13.9065035307488,-103.25));
#9932=CARTESIAN_POINT('Ctrl Pts',(-25.4782293043666,13.7738941823896,-103.25));
#9933=CARTESIAN_POINT('',(-25.4782293043666,13.7738941823896,-103.25));
#9934=CARTESIAN_POINT('Origin',(-25.7282293043666,14.2069068842819,-103.25));
#9935=CARTESIAN_POINT('',(-25.0000000008656,14.0499999995003,-103.089660559974));
#9936=CARTESIAN_POINT('Ctrl Pts',(-25.4782293043666,13.7738941823896,-103.25));
#9937=CARTESIAN_POINT('Ctrl Pts',(-25.310045586348,13.8709950972609,-103.25));
#9938=CARTESIAN_POINT('Ctrl Pts',(-25.1423400122091,13.9678199556346,-103.192796760351));
#9939=CARTESIAN_POINT('Ctrl Pts',(-25.0002488670405,14.0498563165472,-103.089205416674));
#9940=CARTESIAN_POINT('',(-25.4491483420253,14.3093159152889,-102.665007380559));
#9941=CARTESIAN_POINT('Ctrl Pts',(-25.4491483410846,14.3093159156313,-102.665007379929));
#9942=CARTESIAN_POINT('Ctrl Pts',(-25.3659559404094,14.261284760707,-102.643466947517));
#9943=CARTESIAN_POINT('Ctrl Pts',(-25.3104785047931,14.2292548483199,-102.644849077503));
#9944=CARTESIAN_POINT('Ctrl Pts',(-25.2344938686434,14.1853850981846,-102.657242964565));
#9945=CARTESIAN_POINT('Ctrl Pts',(-25.1993637127925,14.1651026932474,-102.670666050729));
#9946=CARTESIAN_POINT('Ctrl Pts',(-25.1360991249893,14.1285768664491,-102.714017686036));
#9947=CARTESIAN_POINT('Ctrl Pts',(-25.1096507024614,14.1133068625829,-102.741694363453));
#9948=CARTESIAN_POINT('Ctrl Pts',(-25.0596669051087,14.0844487037263,-102.814212899355));
#9949=CARTESIAN_POINT('Ctrl Pts',(-25.0389141301923,14.0724670835419,-102.860989296537));
#9950=CARTESIAN_POINT('Ctrl Pts',(-25.0079394114143,14.0545838213173,-102.967532670441));
#9951=CARTESIAN_POINT('Ctrl Pts',(-25.,14.05,-103.028694044593));
#9952=CARTESIAN_POINT('Ctrl Pts',(-25.,14.05,-103.089660558703));
#9953=CARTESIAN_POINT('Ctrl Pts',(-25.4492171217264,14.3092825235102,-102.664770912273));
#9954=CARTESIAN_POINT('Ctrl Pts',(-25.5316794592393,14.2792579346502,-102.719616764693));
#9955=CARTESIAN_POINT('Ctrl Pts',(-25.629942097202,14.2432647223774,-102.75));
#9956=CARTESIAN_POINT('Ctrl Pts',(-25.7282293043666,14.2069068842819,-102.75));
#9957=CARTESIAN_POINT('Origin',(-16.3642535857524,19.6132007861089,-103.25));
#9958=CARTESIAN_POINT('',(-16.1142535857524,19.1801880842167,-103.25));
#9959=CARTESIAN_POINT('Origin',(-21.9019237886467,1.35000000000004,-102.75));
#9960=CARTESIAN_POINT('',(-22.4019237886467,1.35000000000004,-102.75));
#9961=CARTESIAN_POINT('Origin',(-8.88178419700125E-15,36.05,-102.25));
#9962=CARTESIAN_POINT('',(-25.0000000000001,14.05,-102.471322664466));
#9963=CARTESIAN_POINT('Ctrl Pts',(-25.0000000000002,14.0500000000002,-102.471322664466));
#9964=CARTESIAN_POINT('Ctrl Pts',(-25.0291545619432,14.0668323941861,-102.493133652774));
#9965=CARTESIAN_POINT('Ctrl Pts',(-25.0597677299059,14.08450691495,-102.51211281247));
#9966=CARTESIAN_POINT('Ctrl Pts',(-25.1983833122466,14.1645366587283,-102.589237602094));
#9967=CARTESIAN_POINT('Ctrl Pts',(-25.3214207522346,14.2355723578258,-102.631935759577));
#9968=CARTESIAN_POINT('Ctrl Pts',(-25.4491483417317,14.3093159160049,-102.665007380097));
#9969=CARTESIAN_POINT('',(-24.8591697271558,13.9686916040634,-102.25));
#9970=CARTESIAN_POINT('Ctrl Pts',(-25.0000000000002,14.0500000000002,-102.471322664466));
#9971=CARTESIAN_POINT('Ctrl Pts',(-24.9621495515238,14.0281470333833,-102.443006146083));
#9972=CARTESIAN_POINT('Ctrl Pts',(-24.926756183621,14.0077126628972,-102.409919074446));
#9973=CARTESIAN_POINT('Ctrl Pts',(-24.8882486707323,13.985480339965,-102.354145182605));
#9974=CARTESIAN_POINT('Ctrl Pts',(-24.8755921400472,13.978173088567,-102.330222399739));
#9975=CARTESIAN_POINT('Ctrl Pts',(-24.862884056791,13.9708360732781,-102.290778639479));
#9976=CARTESIAN_POINT('Ctrl Pts',(-24.8591697271558,13.9686916040634,-102.268723542424));
#9977=CARTESIAN_POINT('Ctrl Pts',(-24.8591697271558,13.9686916040634,-102.25));
#9978=CARTESIAN_POINT('',(-24.8591697271557,58.1313083959367,-102.25));
#9979=CARTESIAN_POINT('Origin',(-8.88178419700125E-15,36.05,-102.25));
#9980=CARTESIAN_POINT('',(-25.0000000000001,58.0500000000001,-102.471322664466));
#9981=CARTESIAN_POINT('Ctrl Pts',(-24.8591697271558,58.1313083959367,-102.25));
#9982=CARTESIAN_POINT('Ctrl Pts',(-24.8591697271558,58.1313083959367,-102.268723542424));
#9983=CARTESIAN_POINT('Ctrl Pts',(-24.8628840567909,58.129163926722,-102.290778639479));
#9984=CARTESIAN_POINT('Ctrl Pts',(-24.8755921400472,58.1218269114331,-102.330222399739));
#9985=CARTESIAN_POINT('Ctrl Pts',(-24.8882486707322,58.1145196600351,-102.354145182605));
#9986=CARTESIAN_POINT('Ctrl Pts',(-24.926756183621,58.0922873371029,-102.409919074446));
#9987=CARTESIAN_POINT('Ctrl Pts',(-24.9621495515238,58.0718529666167,-102.443006146084));
#9988=CARTESIAN_POINT('Ctrl Pts',(-25.0000000000002,58.0499999999999,-102.471322664466));
#9989=CARTESIAN_POINT('',(-25.4491483420254,57.7906840847111,-102.665007380559));
#9990=CARTESIAN_POINT('Ctrl Pts',(-25.0000000000002,58.0499999999999,-102.471322664466));
#9991=CARTESIAN_POINT('Ctrl Pts',(-25.0291545619432,58.033167605814,-102.493133652774));
#9992=CARTESIAN_POINT('Ctrl Pts',(-25.0597677299058,58.0154930850501,-102.51211281247));
#9993=CARTESIAN_POINT('Ctrl Pts',(-25.1983833122465,57.9354633412718,-102.589237602094));
#9994=CARTESIAN_POINT('Ctrl Pts',(-25.3214207522346,57.8644276421743,-102.631935759577));
#9995=CARTESIAN_POINT('Ctrl Pts',(-25.4491483417317,57.7906840839951,-102.665007380097));
#9996=CARTESIAN_POINT('Ctrl Pts',(-25.7282293043665,57.8930931157182,-102.75));
#9997=CARTESIAN_POINT('Ctrl Pts',(-25.6299633250432,57.8567431301035,-102.75));
#9998=CARTESIAN_POINT('Ctrl Pts',(-25.531722627723,57.8207579461735,-102.719627785196));
#9999=CARTESIAN_POINT('Ctrl Pts',(-25.4492710873995,57.7907371770327,-102.664804895226));
#10000=CARTESIAN_POINT('Ctrl Pts',(22.4019237886467,60.3988856902388,-102.25));
#10001=CARTESIAN_POINT('Ctrl Pts',(22.4019237886467,60.3988856902388,-102.381217207449));
#10002=CARTESIAN_POINT('Ctrl Pts',(22.4019237886467,60.4714460821464,-102.642070782945));
#10003=CARTESIAN_POINT('Ctrl Pts',(22.4019237886467,60.887337622279,-103.108620206714));
#10004=CARTESIAN_POINT('Ctrl Pts',(22.4019237886467,61.3782536718115,-103.25));
#10005=CARTESIAN_POINT('Ctrl Pts',(22.4019237886467,61.7281664913271,-103.25));
#10006=CARTESIAN_POINT('Ctrl Pts',(22.4019237886467,60.4687402936906,-102.25));
#10007=CARTESIAN_POINT('Ctrl Pts',(22.4019237886467,60.4687402936906,-102.368886871325));
#10008=CARTESIAN_POINT('Ctrl Pts',(22.4017574164786,60.5387498100559,-102.605141135462));
#10009=CARTESIAN_POINT('Ctrl Pts',(22.4019815578471,60.9381941409398,-103.021666935902));
#10010=CARTESIAN_POINT('Ctrl Pts',(22.4014544007029,61.4048167875167,-103.133638860411));
#10011=CARTESIAN_POINT('Ctrl Pts',(22.4019237886467,61.7281664913271,-103.1191003061));
#10012=CARTESIAN_POINT('Ctrl Pts',(22.372190833943,60.6084021671717,-102.25));
#10013=CARTESIAN_POINT('Ctrl Pts',(22.372190833943,60.6084021671717,-102.344242616587));
#10014=CARTESIAN_POINT('Ctrl Pts',(22.3686811497972,60.6732700829171,-102.531124303357));
#10015=CARTESIAN_POINT('Ctrl Pts',(22.3471684275877,61.0397327827207,-102.847915265145));
#10016=CARTESIAN_POINT('Ctrl Pts',(22.3186796647722,61.4574771751234,-102.90081698319));
#10017=CARTESIAN_POINT('Ctrl Pts',(22.2934145670291,61.7281664913271,-102.858509221617));
#10018=CARTESIAN_POINT('Ctrl Pts',(22.2882396252484,60.7239083663924,-102.25));
#10019=CARTESIAN_POINT('Ctrl Pts',(22.2882396252484,60.7239083663924,-102.323843769232));
#10020=CARTESIAN_POINT('Ctrl Pts',(22.2751040816062,60.7814561677447,-102.470593059094));
#10021=CARTESIAN_POINT('Ctrl Pts',(22.1988956885542,61.1073837424935,-102.721626403497));
#10022=CARTESIAN_POINT('Ctrl Pts',(22.1048496883058,61.4797435839679,-102.773126119917));
#10023=CARTESIAN_POINT('Ctrl Pts',(22.0328234825462,61.7281664913271,-102.75));
#10024=CARTESIAN_POINT('Ctrl Pts',(22.2363043045039,60.7706244030668,-102.25));
#10025=CARTESIAN_POINT('Ctrl Pts',(22.2363043045039,60.7706244030668,-102.315608603724));
#10026=CARTESIAN_POINT('Ctrl Pts',(22.2177034050443,60.8236521060233,-102.446035391472));
#10027=CARTESIAN_POINT('Ctrl Pts',(22.1115933402059,61.1264463719662,-102.679310103357));
#10028=CARTESIAN_POINT('Ctrl Pts',(21.9883068473115,61.4795305543281,-102.75));
#10029=CARTESIAN_POINT('Ctrl Pts',(21.9019237886467,61.7281664913271,-102.75));
#10030=CARTESIAN_POINT('',(22.4007970968522,60.6216663949683,-102.75));
#10031=CARTESIAN_POINT('',(22.4019237886467,60.5787896071418,-102.749999999876));
#10032=CARTESIAN_POINT('Ctrl Pts',(22.4019237886467,60.5787638292136,-102.749895913148));
#10033=CARTESIAN_POINT('Ctrl Pts',(22.4019097160511,60.5930871510435,-102.749883669346));
#10034=CARTESIAN_POINT('Ctrl Pts',(22.4015080993813,60.6073938714608,-102.749865906551));
#10035=CARTESIAN_POINT('Ctrl Pts',(22.4007482224486,60.6216894168409,-102.749862361713));
#10036=CARTESIAN_POINT('Ctrl Pts',(22.4019237886467,60.5788239748619,-102.749973279194));
#10037=CARTESIAN_POINT('Ctrl Pts',(22.4019237886467,60.629141210438,-102.814690244362));
#10038=CARTESIAN_POINT('Ctrl Pts',(22.4019237886467,60.9375584491344,-103.123083392683));
#10039=CARTESIAN_POINT('Ctrl Pts',(22.4019237886467,61.3782536718115,-103.25));
#10040=CARTESIAN_POINT('Ctrl Pts',(22.4019237886467,61.7281664913271,-103.25));
#10041=CARTESIAN_POINT('',(22.2363043045039,60.7706244030668,-102.25));
#10042=CARTESIAN_POINT('Ctrl Pts',(21.9019237886467,61.7281664913271,-102.75));
#10043=CARTESIAN_POINT('Ctrl Pts',(21.9883068473115,61.4795305543281,-102.75));
#10044=CARTESIAN_POINT('Ctrl Pts',(22.1115933402059,61.1264463719662,-102.679310103357));
#10045=CARTESIAN_POINT('Ctrl Pts',(22.2177034050443,60.8236521060233,-102.446035391472));
#10046=CARTESIAN_POINT('Ctrl Pts',(22.2363043045039,60.7706244030668,-102.315608603724));
#10047=CARTESIAN_POINT('Ctrl Pts',(22.2363043045039,60.7706244030668,-102.25));
#10048=CARTESIAN_POINT('Ctrl Pts',(22.4007970968517,60.6216663949697,-102.75));
#10049=CARTESIAN_POINT('Ctrl Pts',(22.3997987911024,60.6225765019266,-102.727674936046));
#10050=CARTESIAN_POINT('Ctrl Pts',(22.3981346315696,60.6240935753779,-102.705406835067));
#10051=CARTESIAN_POINT('Ctrl Pts',(22.3884994852311,60.6328738801171,-102.61422199199));
#10052=CARTESIAN_POINT('Ctrl Pts',(22.3746722626491,60.6454733010348,-102.546685381641));
#10053=CARTESIAN_POINT('Ctrl Pts',(22.332447557299,60.6838212325682,-102.41476852745));
#10054=CARTESIAN_POINT('Ctrl Pts',(22.2980841151519,60.7150468063907,-102.333041704726));
#10055=CARTESIAN_POINT('Ctrl Pts',(22.2372599100387,60.7697648068154,-102.251277850928));
#10056=CARTESIAN_POINT('Ctrl Pts',(22.2367825272453,60.770194239725,-102.250638369701));
#10057=CARTESIAN_POINT('Ctrl Pts',(22.2363043045039,60.7706244030668,-102.25));
#10058=CARTESIAN_POINT('Ctrl Pts',(25.3743560629605,57.7635240863488,-102.603739355766));
#10059=CARTESIAN_POINT('Ctrl Pts',(25.4678033974212,57.7973820910986,-102.696655178289));
#10060=CARTESIAN_POINT('Ctrl Pts',(25.5979947824224,57.8449175107754,-102.75));
#10061=CARTESIAN_POINT('Ctrl Pts',(25.7282293043665,57.8930931157182,-102.75));
#10062=CARTESIAN_POINT('Ctrl Pts',(25.3053878073718,57.8611967719829,-102.614830389335));
#10063=CARTESIAN_POINT('Ctrl Pts',(25.4018723766832,57.9007918020682,-102.70770909501));
#10064=CARTESIAN_POINT('Ctrl Pts',(25.5347229347334,57.9550474950068,-102.756263471797));
#10065=CARTESIAN_POINT('Ctrl Pts',(25.6627794574167,58.0064555759829,-102.75));
#10066=CARTESIAN_POINT('Ctrl Pts',(25.1192738639488,58.0143115944445,-102.700999354397));
#10067=CARTESIAN_POINT('Ctrl Pts',(25.2323817580312,58.0742658106399,-102.814511971921));
#10068=CARTESIAN_POINT('Ctrl Pts',(25.3863227484056,58.1556493461637,-102.869967770693));
#10069=CARTESIAN_POINT('Ctrl Pts',(25.5324838786064,58.2321341384838,-102.85850914848));
#10070=CARTESIAN_POINT('Ctrl Pts',(24.9287374606833,58.0088565537424,-102.871802635676));
#10071=CARTESIAN_POINT('Ctrl Pts',(25.0748404111209,58.0932936822462,-103.033393523003));
#10072=CARTESIAN_POINT('Ctrl Pts',(25.2777592899065,58.2102176049902,-103.12303792405));
#10073=CARTESIAN_POINT('Ctrl Pts',(25.4782293043665,58.3261058176104,-103.1191003061));
#10074=CARTESIAN_POINT('Ctrl Pts',(24.8558718574332,57.9667875780913,-102.957478711533));
#10075=CARTESIAN_POINT('Ctrl Pts',(25.0197488316923,58.0614019932938,-103.143310356579));
#10076=CARTESIAN_POINT('Ctrl Pts',(25.2485431754455,58.1934964692488,-103.25));
#10077=CARTESIAN_POINT('Ctrl Pts',(25.4782293043665,58.3261058176104,-103.25));
#10078=CARTESIAN_POINT('',(25.4782293043665,58.3261058176104,-103.25));
#10079=CARTESIAN_POINT('Origin',(25.7282293043665,57.8930931157182,-103.25));
#10080=CARTESIAN_POINT('',(25.0000000008656,58.0500000004998,-103.089660559974));
#10081=CARTESIAN_POINT('Ctrl Pts',(25.4782293043665,58.3261058176104,-103.25));
#10082=CARTESIAN_POINT('Ctrl Pts',(25.3100455863445,58.2290049027371,-103.25));
#10083=CARTESIAN_POINT('Ctrl Pts',(25.1423400122082,58.1321800443649,-103.192796760352));
#10084=CARTESIAN_POINT('Ctrl Pts',(25.0002488670401,58.0501436834527,-103.089205416674));
#10085=CARTESIAN_POINT('Ctrl Pts',(25.4491483410846,57.7906840843688,-102.665007379929));
#10086=CARTESIAN_POINT('Ctrl Pts',(25.3659559404151,57.8387152392898,-102.643466947519));
#10087=CARTESIAN_POINT('Ctrl Pts',(25.3104785047977,57.8707451516775,-102.644849077503));
#10088=CARTESIAN_POINT('Ctrl Pts',(25.2344938686439,57.9146149018151,-102.657242964565));
#10089=CARTESIAN_POINT('Ctrl Pts',(25.1993637127929,57.9348973067524,-102.670666050729));
#10090=CARTESIAN_POINT('Ctrl Pts',(25.1360991249897,57.9714231335507,-102.714017686036));
#10091=CARTESIAN_POINT('Ctrl Pts',(25.1096507024617,57.9866931374169,-102.741694363453));
#10092=CARTESIAN_POINT('Ctrl Pts',(25.059666905109,58.0155512962736,-102.814212899354));
#10093=CARTESIAN_POINT('Ctrl Pts',(25.0389141301926,58.0275329164581,-102.860989296536));
#10094=CARTESIAN_POINT('Ctrl Pts',(25.0079394114143,58.0454161786827,-102.967532670441));
#10095=CARTESIAN_POINT('Ctrl Pts',(25.,58.05,-103.028694044593));
#10096=CARTESIAN_POINT('Ctrl Pts',(25.,58.05,-103.089660558703));
#10097=CARTESIAN_POINT('Origin',(27.1650208549509,58.7226251042175,-103.25));
#10098=CARTESIAN_POINT('',(26.9150208549509,59.1556378061097,-103.25));
#10099=CARTESIAN_POINT('Origin',(-5.10000000000001,70.75,-106.25));
#10100=CARTESIAN_POINT('',(-5.10000000000001,70.75,-105.75));
#10101=CARTESIAN_POINT('Origin',(-8.88178419700125E-15,36.05,-102.25));
#10102=CARTESIAN_POINT('',(-21.9019237886467,61.7281664913271,-102.75));
#10103=CARTESIAN_POINT('Origin',(-9.0049712177641E-15,36.05,-102.75));
#10104=CARTESIAN_POINT('',(-22.2363043045039,60.7706244030668,-102.25));
#10105=CARTESIAN_POINT('Ctrl Pts',(-22.2363043045039,60.7706244030668,-102.25));
#10106=CARTESIAN_POINT('Ctrl Pts',(-22.2363043045039,60.7706244030668,-102.315608604178));
#10107=CARTESIAN_POINT('Ctrl Pts',(-22.2177034051711,60.8236521056618,-102.446035390115));
#10108=CARTESIAN_POINT('Ctrl Pts',(-22.1115933403684,61.1264463715012,-102.679310103325));
#10109=CARTESIAN_POINT('Ctrl Pts',(-21.9883068473109,61.4795305543296,-102.75));
#10110=CARTESIAN_POINT('Ctrl Pts',(-21.9019237886467,61.7281664913271,-102.75));
#10111=CARTESIAN_POINT('Origin',(-8.88178419700125E-15,36.05,-102.25));
#10112=CARTESIAN_POINT('Origin',(24.943303561305,60.993303561305,-102.75));
#10113=CARTESIAN_POINT('',(-21.9019237886467,61.7716517806525,-102.75));
#10114=CARTESIAN_POINT('Ctrl Pts',(-24.8554730993914,57.9665573550285,-102.95702624231));
#10115=CARTESIAN_POINT('Ctrl Pts',(-25.0193799666929,58.061189028987,-103.143129764397));
#10116=CARTESIAN_POINT('Ctrl Pts',(-25.248356820252,58.1933888770276,-103.25));
#10117=CARTESIAN_POINT('Ctrl Pts',(-25.4782293043665,58.3261058176104,-103.25));
#10118=CARTESIAN_POINT('Ctrl Pts',(-24.9283818292691,58.0086512298497,-102.87140908057));
#10119=CARTESIAN_POINT('Ctrl Pts',(-25.0745131890932,58.0931047638062,-103.033240910201));
#10120=CARTESIAN_POINT('Ctrl Pts',(-25.277596639125,58.2101235794153,-103.123041118825));
#10121=CARTESIAN_POINT('Ctrl Pts',(-25.4782293043665,58.3261058176104,-103.1191003061));
#10122=CARTESIAN_POINT('Ctrl Pts',(-25.1189987176085,58.0141656913608,-102.700723112943));
#10123=CARTESIAN_POINT('Ctrl Pts',(-25.2321323157197,58.0741339414836,-102.814415039651));
#10124=CARTESIAN_POINT('Ctrl Pts',(-25.3862041609843,58.1555872904428,-102.869977067614));
#10125=CARTESIAN_POINT('Ctrl Pts',(-25.5324838786065,58.2321341384838,-102.85850914848));
#10126=CARTESIAN_POINT('Ctrl Pts',(-25.3051528590365,57.8611003364519,-102.614603778839));
#10127=CARTESIAN_POINT('Ctrl Pts',(-25.4016580594369,57.9007042941802,-102.707625775333));
#10128=CARTESIAN_POINT('Ctrl Pts',(-25.5346190364343,57.955005785205,-102.756268553647));
#10129=CARTESIAN_POINT('Ctrl Pts',(-25.6627794574168,58.0064555759828,-102.75));
#10130=CARTESIAN_POINT('Ctrl Pts',(-25.3741286793028,57.7634417008634,-102.603513121155));
#10131=CARTESIAN_POINT('Ctrl Pts',(-25.467593409347,57.7973055425313,-102.696564882198));
#10132=CARTESIAN_POINT('Ctrl Pts',(-25.5978891170098,57.8448784236339,-102.75));
#10133=CARTESIAN_POINT('Ctrl Pts',(-25.7282293043665,57.8930931157182,-102.75));
#10134=CARTESIAN_POINT('',(-25.4782293043665,58.3261058176104,-103.25));
#10135=CARTESIAN_POINT('Origin',(-25.7282293043665,57.8930931157182,-103.25));
#10136=CARTESIAN_POINT('',(-25.0000000008656,58.0500000004998,-103.089660559974));
#10137=CARTESIAN_POINT('Ctrl Pts',(-25.,58.05,-103.089660558703));
#10138=CARTESIAN_POINT('Ctrl Pts',(-25.,58.05,-103.01280151732));
#10139=CARTESIAN_POINT('Ctrl Pts',(-25.0125822291856,58.0427356465995,-102.940258551088));
#10140=CARTESIAN_POINT('Ctrl Pts',(-25.0532007258861,58.0192845465955,-102.827583553515));
#10141=CARTESIAN_POINT('Ctrl Pts',(-25.0782512651601,58.0048216109955,-102.781274965068));
#10142=CARTESIAN_POINT('Ctrl Pts',(-25.1370536466748,57.9708720401989,-102.713197709167));
#10143=CARTESIAN_POINT('Ctrl Pts',(-25.1672465346849,57.9534401681787,-102.689273888583));
#10144=CARTESIAN_POINT('Ctrl Pts',(-25.2357548525856,57.913886872397,-102.656636417814));
#10145=CARTESIAN_POINT('Ctrl Pts',(-25.2717336621278,57.8931144970227,-102.648980142254));
#10146=CARTESIAN_POINT('Ctrl Pts',(-25.3420629857442,57.8525098431008,-102.646021942497));
#10147=CARTESIAN_POINT('Ctrl Pts',(-25.3868434607534,57.8266558237998,-102.648875208567));
#10148=CARTESIAN_POINT('Ctrl Pts',(-25.4491483410846,57.7906840843687,-102.665007379929));
#10149=CARTESIAN_POINT('Ctrl Pts',(-25.0001471352529,58.0500849485779,-103.089127301731));
#10150=CARTESIAN_POINT('Ctrl Pts',(-25.1422604336552,58.1321340996659,-103.192765213676));
#10151=CARTESIAN_POINT('Ctrl Pts',(-25.3100050397302,58.2289814931384,-103.25));
#10152=CARTESIAN_POINT('Ctrl Pts',(-25.4782293043665,58.3261058176104,-103.25));
#10153=CARTESIAN_POINT('Origin',(-25.8659827492742,57.9726251042175,-103.25));
#10154=CARTESIAN_POINT('',(-25.6159827492742,58.4056378061097,-103.25));
#10155=CARTESIAN_POINT('Origin',(-28.0980762113533,70.75,-102.75));
#10156=CARTESIAN_POINT('',(-27.5980762113533,70.75,-105.75));
#10157=CARTESIAN_POINT('',(-27.5980762113533,70.75,-102.75));
#10158=CARTESIAN_POINT('Origin',(-28.0980762113533,70.75,-106.25));
#10159=CARTESIAN_POINT('Ctrl Pts',(-22.2363043045039,60.7706244030668,-102.25));
#10160=CARTESIAN_POINT('Ctrl Pts',(-22.2363043045039,60.7706244030668,-102.315608604178));
#10161=CARTESIAN_POINT('Ctrl Pts',(-22.2177034051711,60.8236521056618,-102.446035390115));
#10162=CARTESIAN_POINT('Ctrl Pts',(-22.1115933403684,61.1264463715012,-102.679310103325));
#10163=CARTESIAN_POINT('Ctrl Pts',(-21.9883068473109,61.4795305543296,-102.75));
#10164=CARTESIAN_POINT('Ctrl Pts',(-21.9019237886467,61.7281664913271,-102.75));
#10165=CARTESIAN_POINT('Ctrl Pts',(-22.2882396252485,60.7239083663924,-102.25));
#10166=CARTESIAN_POINT('Ctrl Pts',(-22.2882396252485,60.7239083663924,-102.323843769742));
#10167=CARTESIAN_POINT('Ctrl Pts',(-22.2751040816956,60.7814561673529,-102.47059305757));
#10168=CARTESIAN_POINT('Ctrl Pts',(-22.1988956886767,61.1073837420027,-102.721626403491));
#10169=CARTESIAN_POINT('Ctrl Pts',(-22.1048496883054,61.4797435839694,-102.773126119917));
#10170=CARTESIAN_POINT('Ctrl Pts',(-22.0328234825463,61.7281664913271,-102.75));
#10171=CARTESIAN_POINT('Ctrl Pts',(-22.372190833943,60.6084021671717,-102.25));
#10172=CARTESIAN_POINT('Ctrl Pts',(-22.372190833943,60.6084021671717,-102.344242617238));
#10173=CARTESIAN_POINT('Ctrl Pts',(-22.3686811498217,60.6732700824761,-102.531124301414));
#10174=CARTESIAN_POINT('Ctrl Pts',(-22.3471684276249,61.039732782172,-102.84791526515));
#10175=CARTESIAN_POINT('Ctrl Pts',(-22.3186796647721,61.4574771751252,-102.90081698319));
#10176=CARTESIAN_POINT('Ctrl Pts',(-22.2934145670292,61.7281664913271,-102.858509221617));
#10177=CARTESIAN_POINT('Ctrl Pts',(-22.4019237886467,60.4687402936905,-102.25));
#10178=CARTESIAN_POINT('Ctrl Pts',(-22.4019237886467,60.4687402936906,-102.368886872147));
#10179=CARTESIAN_POINT('Ctrl Pts',(-22.4017574164785,60.5387498095791,-102.605141133004));
#10180=CARTESIAN_POINT('Ctrl Pts',(-22.4019815578467,60.9381941403273,-103.021666935861));
#10181=CARTESIAN_POINT('Ctrl Pts',(-22.4014544007029,61.4048167875188,-103.133638860411));
#10182=CARTESIAN_POINT('Ctrl Pts',(-22.4019237886467,61.7281664913271,-103.1191003061));
#10183=CARTESIAN_POINT('Ctrl Pts',(-22.4019237886467,60.3988856902387,-102.25));
#10184=CARTESIAN_POINT('Ctrl Pts',(-22.4019237886467,60.3988856902387,-102.381217208355));
#10185=CARTESIAN_POINT('Ctrl Pts',(-22.4019237886467,60.4714460816518,-102.64207078023));
#10186=CARTESIAN_POINT('Ctrl Pts',(-22.4019237886467,60.8873376216347,-103.10862020665));
#10187=CARTESIAN_POINT('Ctrl Pts',(-22.4019237886467,61.3782536718139,-103.25));
#10188=CARTESIAN_POINT('Ctrl Pts',(-22.4019237886467,61.7281664913271,-103.25));
#10189=CARTESIAN_POINT('',(-22.4007970968519,60.6216663949691,-102.75));
#10190=CARTESIAN_POINT('Ctrl Pts',(-22.2363043045039,60.7706244030668,-102.25));
#10191=CARTESIAN_POINT('Ctrl Pts',(-22.2367825272274,60.7701942397412,-102.250638369677));
#10192=CARTESIAN_POINT('Ctrl Pts',(-22.2372599100578,60.7697648067982,-102.251277850954));
#10193=CARTESIAN_POINT('Ctrl Pts',(-22.2706851643212,60.7396951482868,-102.296210252409));
#10194=CARTESIAN_POINT('Ctrl Pts',(-22.2988021627421,60.7142845383249,-102.344750487616));
#10195=CARTESIAN_POINT('Ctrl Pts',(-22.3469981922031,60.6706270762089,-102.45444928625));
#10196=CARTESIAN_POINT('Ctrl Pts',(-22.3659348344457,60.6534098864052,-102.514617874638));
#10197=CARTESIAN_POINT('Ctrl Pts',(-22.3910173962227,60.6305837527716,-102.633620301937));
#10198=CARTESIAN_POINT('Ctrl Pts',(-22.3981845036262,60.6240481695632,-102.691574702049));
#10199=CARTESIAN_POINT('Ctrl Pts',(-22.4007970968518,60.6216663949696,-102.750000000001));
#10200=CARTESIAN_POINT('',(-22.4019237886467,61.7281664913271,-103.25));
#10201=CARTESIAN_POINT('Origin',(-21.9019237886467,61.7281664913271,-103.25));
#10202=CARTESIAN_POINT('',(-22.4019237886467,60.5787896071418,-102.749999999876));
#10203=CARTESIAN_POINT('Ctrl Pts',(-22.4019237886467,61.7281664913271,-103.25));
#10204=CARTESIAN_POINT('Ctrl Pts',(-22.4019237886467,61.3782536718139,-103.25));
#10205=CARTESIAN_POINT('Ctrl Pts',(-22.4019237886467,60.9375584491127,-103.123083392786));
#10206=CARTESIAN_POINT('Ctrl Pts',(-22.4019237886467,60.629141210674,-102.814690243398));
#10207=CARTESIAN_POINT('Ctrl Pts',(-22.4019237886467,60.5788239753644,-102.749973278692));
#10208=CARTESIAN_POINT('Ctrl Pts',(-22.4007482224489,60.6216894165892,-102.749862360317));
#10209=CARTESIAN_POINT('Ctrl Pts',(-22.401508154621,60.6073955327186,-102.749869187096));
#10210=CARTESIAN_POINT('Ctrl Pts',(-22.4019097173953,60.5930857826852,-102.74988366917));
#10211=CARTESIAN_POINT('Ctrl Pts',(-22.4019237886467,60.5787638290789,-102.749895911826));
#10212=CARTESIAN_POINT('Origin',(-21.9019237886467,61.7716517806525,-103.25));
#10213=CARTESIAN_POINT('',(-22.4019237886467,61.7716517806525,-103.25));
#10214=CARTESIAN_POINT('Origin',(-21.9019237886467,70.75,-102.75));
#10215=CARTESIAN_POINT('',(-22.4019237886467,70.75,-105.75));
#10216=CARTESIAN_POINT('Origin',(-21.9019237886467,70.75,-106.25));
#10217=CARTESIAN_POINT('',(-22.4019237886467,70.75,-102.75));
#10218=CARTESIAN_POINT('Origin',(-30.1,70.75,-106.25));
#10219=CARTESIAN_POINT('',(-30.1,70.75,-105.75));
#10220=CARTESIAN_POINT('Origin',(-8.88178419700125E-15,36.05,-102.25));
#10221=CARTESIAN_POINT('',(-24.8591697271558,13.9686916040634,-102.75));
#10222=CARTESIAN_POINT('',(-24.8591697271558,13.9686916040634,-102.25));
#10223=CARTESIAN_POINT('Origin',(-8.88178419700125E-15,36.05,-102.75));
#10224=CARTESIAN_POINT('',(-23.5113004744527,12.5386995255473,-102.25));
#10225=CARTESIAN_POINT('Origin',(-8.88178419700125E-15,36.05,-102.25));
#10226=CARTESIAN_POINT('Origin',(-8.88178419700125E-15,36.05,-102.25));
#10227=CARTESIAN_POINT('Origin',(-8.88178419700125E-15,36.05,-102.25));
#10228=CARTESIAN_POINT('',(-24.8591697271557,58.1313083959368,-102.75));
#10229=CARTESIAN_POINT('',(-24.8591697271557,58.1313083959367,-102.25));
#10230=CARTESIAN_POINT('',(-23.5113004744527,59.5613004744527,-102.25));
#10231=CARTESIAN_POINT('Origin',(-8.88178419700125E-15,36.05,-102.25));
#10232=CARTESIAN_POINT('Origin',(-8.88178419700125E-15,36.05,-102.25));
#10233=CARTESIAN_POINT('Origin',(-8.88178419700125E-15,36.05,-102.75));
#10234=CARTESIAN_POINT('Origin',(-8.88178419700125E-15,36.05,-102.25));
#10235=CARTESIAN_POINT('',(24.9945330754746,14.1220311852874,-102.75));
#10236=CARTESIAN_POINT('Origin',(-8.88178419700125E-15,36.05,-102.75));
#10237=CARTESIAN_POINT('',(24.9945330754746,14.1220311852874,-102.25));
#10238=CARTESIAN_POINT('',(23.5113004744527,12.5386995255473,-102.25));
#10239=CARTESIAN_POINT('Origin',(-8.88178419700125E-15,36.05,-102.25));
#10240=CARTESIAN_POINT('Origin',(-8.88178419700125E-15,36.05,-102.25));
#10241=CARTESIAN_POINT('Origin',(-8.88178419700125E-15,36.05,-102.25));
#10242=CARTESIAN_POINT('',(23.5113004744527,59.5613004744527,-102.25));
#10243=CARTESIAN_POINT('Origin',(-8.88178419700125E-15,36.05,-102.25));
#10244=CARTESIAN_POINT('Origin',(-8.88178419700125E-15,36.05,-102.25));
#10245=CARTESIAN_POINT('',(24.8591697271557,58.1313083959367,-102.75));
#10246=CARTESIAN_POINT('',(24.8591697271557,58.1313083959367,-102.25));
#10247=CARTESIAN_POINT('Origin',(-8.88178419700125E-15,36.05,-102.75));
#10248=CARTESIAN_POINT('Ctrl Pts',(-23.5113004744527,59.5613004744527,-102.25));
#10249=CARTESIAN_POINT('Ctrl Pts',(-20.6382732231732,56.6882732231732,-102.25));
#10250=CARTESIAN_POINT('Ctrl Pts',(-32.7702469441798,68.8202469441798,-91.9620413795513));
#10251=CARTESIAN_POINT('Ctrl Pts',(-35.55,71.6,-86.5900721663415));
#10252=CARTESIAN_POINT('Ctrl Pts',(-27.0285828004948,56.0440181484107,-102.25));
#10253=CARTESIAN_POINT('Ctrl Pts',(-23.5397584688435,53.7867879775029,-102.25));
#10254=CARTESIAN_POINT('Ctrl Pts',(-34.3808176187554,63.1123397575003,-91.9620413795513));
#10255=CARTESIAN_POINT('Ctrl Pts',(-36.1902770616422,65.0310474688238,-86.5900721663415));
#10256=CARTESIAN_POINT('Ctrl Pts',(-32.4558186017686,47.4067394415395,-102.25));
#10257=CARTESIAN_POINT('Ctrl Pts',(-28.0872841553005,46.2635826409517,-102.25));
#10258=CARTESIAN_POINT('Ctrl Pts',(-36.8233085424626,50.795725336138,-91.9620413795514));
#10259=CARTESIAN_POINT('Ctrl Pts',(-37.1456098951748,51.5505666279495,-86.5900721663415));
#10260=CARTESIAN_POINT('Ctrl Pts',(-34.1713343246764,32.1989809331757,-102.25));
#10261=CARTESIAN_POINT('Ctrl Pts',(-29.5388868437634,32.5758360289522,-102.25));
#10262=CARTESIAN_POINT('Ctrl Pts',(-37.5869666482634,31.1001042786234,-91.9620413795513));
#10263=CARTESIAN_POINT('Ctrl Pts',(-37.4410303069215,30.8700815824252,-86.5900721663415));
#10264=CARTESIAN_POINT('Ctrl Pts',(-29.9577674858086,20.1637607673179,-102.25));
#10265=CARTESIAN_POINT('Ctrl Pts',(-25.9851025910081,21.8492641542634,-102.25));
#10266=CARTESIAN_POINT('Ctrl Pts',(-35.7042031880261,15.0300422366883,-91.9620413795513));
#10267=CARTESIAN_POINT('Ctrl Pts',(-36.7100756431798,13.7653084943998,-86.5900721663415));
#10268=CARTESIAN_POINT('Ctrl Pts',(-25.2699416374737,14.2973406885683,-102.25));
#10269=CARTESIAN_POINT('Ctrl Pts',(-22.0890158460084,16.8624693996626,-102.25));
#10270=CARTESIAN_POINT('Ctrl Pts',(-33.5746512272752,6.13466157211218,-91.9620413795513));
#10271=CARTESIAN_POINT('Ctrl Pts',(-35.8701385308211,3.78447626558698,-86.5900721663415));
#10272=CARTESIAN_POINT('Ctrl Pts',(-23.5113004744527,12.5386995255473,-102.25));
#10273=CARTESIAN_POINT('Ctrl Pts',(-20.6382732231733,15.4117267768275,-102.25));
#10274=CARTESIAN_POINT('Ctrl Pts',(-32.7702469441798,3.27975305581841,-91.9620413795513));
#10275=CARTESIAN_POINT('Ctrl Pts',(-35.55,0.49999999999887,-86.5900721663415));
#10276=CARTESIAN_POINT('',(-35.55,0.49999999999998,-86.5900721663417));
#10277=CARTESIAN_POINT('Ctrl Pts',(-35.55,0.49999999999888,-86.5900721663416));
#10278=CARTESIAN_POINT('Ctrl Pts',(-35.55,10.0113759729499,-88.2225591768309));
#10279=CARTESIAN_POINT('Ctrl Pts',(-35.55,17.5014343401491,-89.9796180819929));
#10280=CARTESIAN_POINT('Ctrl Pts',(-35.55,28.0630591659791,-91.7881002041122));
#10281=CARTESIAN_POINT('Ctrl Pts',(-35.5499999999999,31.6440765320433,-92.2131468364127));
#10282=CARTESIAN_POINT('Ctrl Pts',(-35.5499999999999,38.7747633729596,-92.3072946918327));
#10283=CARTESIAN_POINT('Ctrl Pts',(-35.5499999999993,42.0161987515451,-92.0169348799826));
#10284=CARTESIAN_POINT('Ctrl Pts',(-35.5499999999993,52.5284526800524,-90.4816198562156));
#10285=CARTESIAN_POINT('Ctrl Pts',(-35.55,60.7088060391651,-88.4593845266505));
#10286=CARTESIAN_POINT('Ctrl Pts',(-35.55,71.6000000000001,-86.5900721663415));
#10287=CARTESIAN_POINT('Ctrl Pts',(-23.5113004744527,59.5613004744527,-102.25));
#10288=CARTESIAN_POINT('Ctrl Pts',(-20.6382732231732,56.6882732231732,-102.25));
#10289=CARTESIAN_POINT('Ctrl Pts',(-32.7702469441798,68.8202469441798,-91.9620413795513));
#10290=CARTESIAN_POINT('Ctrl Pts',(-35.55,71.6000000000001,-86.5900721663415));
#10291=CARTESIAN_POINT('Ctrl Pts',(-23.5113004744527,12.5386995255473,-102.25));
#10292=CARTESIAN_POINT('Ctrl Pts',(-20.6382732231733,15.4117267768275,-102.25));
#10293=CARTESIAN_POINT('Ctrl Pts',(-32.7702469441798,3.27975305581844,-91.9620413795514));
#10294=CARTESIAN_POINT('Ctrl Pts',(-35.55,0.499999999998883,-86.5900721663415));
#10295=CARTESIAN_POINT('Ctrl Pts',(23.5113004744527,59.5613004744527,-102.25));
#10296=CARTESIAN_POINT('Ctrl Pts',(20.6382732231725,56.6882732231733,-102.25));
#10297=CARTESIAN_POINT('Ctrl Pts',(32.7702469441817,68.8202469441799,-91.9620413795513));
#10298=CARTESIAN_POINT('Ctrl Pts',(35.5500000000012,71.6000000000001,-86.5900721663415));
#10299=CARTESIAN_POINT('Ctrl Pts',(19.9940181484107,63.0785828004948,-102.25));
#10300=CARTESIAN_POINT('Ctrl Pts',(17.7367879775022,59.5897584688435,-102.25));
#10301=CARTESIAN_POINT('Ctrl Pts',(27.0623397575022,70.4308176187555,-91.9620413795513));
#10302=CARTESIAN_POINT('Ctrl Pts',(28.981047468825,72.2402770616422,-86.5900721663415));
#10303=CARTESIAN_POINT('Ctrl Pts',(11.3567394415394,68.5058186017686,-102.25));
#10304=CARTESIAN_POINT('Ctrl Pts',(10.2135826409511,64.1372841553006,-102.25));
#10305=CARTESIAN_POINT('Ctrl Pts',(14.7457253361398,72.8733085424627,-91.9620413795513));
#10306=CARTESIAN_POINT('Ctrl Pts',(15.5005666279506,73.1956098951749,-86.5900721663415));
#10307=CARTESIAN_POINT('Ctrl Pts',(-3.8510190668243,70.2213343246764,-102.25));
#10308=CARTESIAN_POINT('Ctrl Pts',(-3.47416397104848,65.5888868437633,-102.25));
#10309=CARTESIAN_POINT('Ctrl Pts',(-4.94989572137479,73.6369666482635,-91.9620413795513));
#10310=CARTESIAN_POINT('Ctrl Pts',(-5.17991841757367,73.4910303069215,-86.5900721663415));
#10311=CARTESIAN_POINT('Ctrl Pts',(-15.8862392326821,66.0077674858086,-102.25));
#10312=CARTESIAN_POINT('Ctrl Pts',(-14.2007358457372,62.035102591008,-102.25));
#10313=CARTESIAN_POINT('Ctrl Pts',(-21.0199577633099,71.7542031880262,-91.9620413795513));
#10314=CARTESIAN_POINT('Ctrl Pts',(-22.2846915055991,72.7600756431799,-86.5900721663415));
#10315=CARTESIAN_POINT('Ctrl Pts',(-21.7526593114317,61.3199416374738,-102.25));
#10316=CARTESIAN_POINT('Ctrl Pts',(-19.187530600338,58.1390158460083,-102.25));
#10317=CARTESIAN_POINT('Ctrl Pts',(-29.9153384278861,69.6246512272753,-91.9620413795513));
#10318=CARTESIAN_POINT('Ctrl Pts',(-32.2655237344119,71.9201385308211,-86.5900721663415));
#10319=CARTESIAN_POINT('Ctrl Pts',(-23.5113004744527,59.5613004744527,-102.25));
#10320=CARTESIAN_POINT('Ctrl Pts',(-20.6382732231731,56.6882732231732,-102.25));
#10321=CARTESIAN_POINT('Ctrl Pts',(-32.7702469441799,68.8202469441799,-91.9620413795512));
#10322=CARTESIAN_POINT('Ctrl Pts',(-35.55,71.6000000000001,-86.5900721663415));
#10323=CARTESIAN_POINT('Ctrl Pts',(23.5113004744527,59.5613004744527,-102.25));
#10324=CARTESIAN_POINT('Ctrl Pts',(20.6382732231729,56.6882732231737,-102.25));
#10325=CARTESIAN_POINT('Ctrl Pts',(32.7702469441783,68.8202469441765,-91.9620413795542));
#10326=CARTESIAN_POINT('Ctrl Pts',(35.55,71.5999999999989,-86.5900721663438));
#10327=CARTESIAN_POINT('Ctrl Pts',(-31.0500000000073,4.99999999999566,-83.75));
#10328=CARTESIAN_POINT('Ctrl Pts',(-25.1511986315349,10.8988013684709,-85.5915951792152));
#10329=CARTESIAN_POINT('Ctrl Pts',(-19.9757665685214,16.0742334314815,-95.3998071634727));
#10330=CARTESIAN_POINT('Ctrl Pts',(-19.97576656852,16.0742334314801,-102.25));
#10331=CARTESIAN_POINT('Ctrl Pts',(-28.0928571428638,4.99999999999566,-83.75));
#10332=CARTESIAN_POINT('Ctrl Pts',(-22.8642814030071,10.5019517023678,-85.5915951792152));
#10333=CARTESIAN_POINT('Ctrl Pts',(-18.6735403857362,14.751874917138,-95.3998071634727));
#10334=CARTESIAN_POINT('Ctrl Pts',(-18.4815827232465,14.5800495862066,-102.25));
#10335=CARTESIAN_POINT('Ctrl Pts',(-22.178571428577,4.99999999999566,-83.7499999999999));
#10336=CARTESIAN_POINT('Ctrl Pts',(-18.1975026412992,9.82163798904823,-85.5915951792151));
#10337=CARTESIAN_POINT('Ctrl Pts',(-15.6547879508903,12.2974029111048,-95.3998071634728));
#10338=CARTESIAN_POINT('Ctrl Pts',(-15.1555047525201,11.9313635402681,-102.25));
#10339=CARTESIAN_POINT('Ctrl Pts',(-10.3500000000034,4.99999999999566,-83.75));
#10340=CARTESIAN_POINT('Ctrl Pts',(-8.59838996173415,8.91455303795539,-85.5915951792152));
#10341=CARTESIAN_POINT('Ctrl Pts',(-8.16839127390991,8.34580705321934,-95.3998071634729));
#10342=CARTESIAN_POINT('Ctrl Pts',(-7.49513687357917,8.23210065403389,-102.25));
#10343=CARTESIAN_POINT('Ctrl Pts',(4.43571428571368,4.99999999999566,-83.7499999999999));
#10344=CARTESIAN_POINT('Ctrl Pts',(3.69925043839018,8.63108899073882,-85.5915951792152));
#10345=CARTESIAN_POINT('Ctrl Pts',(3.64333453154522,6.87068742013263,-95.399807163473));
#10346=CARTESIAN_POINT('Ctrl Pts',(3.27134433708648,7.01618960044072,-102.25));
#10347=CARTESIAN_POINT('Ctrl Pts',(19.2214285714307,4.99999999999566,-83.75));
#10348=CARTESIAN_POINT('Ctrl Pts',(15.8641132604399,9.4814811323882,-85.5915951792152));
#10349=CARTESIAN_POINT('Ctrl Pts',(14.2364359771566,11.0296463039473,-95.3998071634732));
#10350=CARTESIAN_POINT('Ctrl Pts',(13.4974686953488,10.5971476435852,-102.25));
#10351=CARTESIAN_POINT('Ctrl Pts',(28.092857142861,4.99999999999566,-83.75));
#10352=CARTESIAN_POINT('Ctrl Pts',(22.8642814030017,10.5019517023675,-85.5915951792153));
#10353=CARTESIAN_POINT('Ctrl Pts',(18.6416550831855,14.7609347800739,-95.3998071634732));
#10354=CARTESIAN_POINT('Ctrl Pts',(18.4815827232465,14.5800495862066,-102.25));
#10355=CARTESIAN_POINT('Ctrl Pts',(31.0500000000044,4.99999999999566,-83.75));
#10356=CARTESIAN_POINT('Ctrl Pts',(25.1511986315295,10.8988013684706,-85.5915951792153));
#10357=CARTESIAN_POINT('Ctrl Pts',(19.97576656852,16.0742334314801,-95.3998071634732));
#10358=CARTESIAN_POINT('Ctrl Pts',(19.97576656852,16.0742334314801,-102.25));
#10359=CARTESIAN_POINT('',(-31.0500000000072,4.99999999999567,-83.75));
#10360=CARTESIAN_POINT('',(31.0500000000044,4.99999999999567,-83.75));
#10361=CARTESIAN_POINT('',(-31.0500000000072,4.99999999999567,-83.75));
#10362=CARTESIAN_POINT('',(19.97576656852,16.0742334314801,-102.25));
#10363=CARTESIAN_POINT('Ctrl Pts',(31.0500000000044,4.99999999999567,-83.75));
#10364=CARTESIAN_POINT('Ctrl Pts',(25.1511986315295,10.8988013684706,-85.5915951792153));
#10365=CARTESIAN_POINT('Ctrl Pts',(19.97576656852,16.0742334314801,-95.3998071634732));
#10366=CARTESIAN_POINT('Ctrl Pts',(19.97576656852,16.0742334314801,-102.25));
#10367=CARTESIAN_POINT('',(-19.97576656852,16.0742334314801,-102.25));
#10368=CARTESIAN_POINT('Origin',(-6.21724893790242E-15,36.05,-102.25));
#10369=CARTESIAN_POINT('Ctrl Pts',(-31.0500000000072,4.99999999999566,-83.7499999999999));
#10370=CARTESIAN_POINT('Ctrl Pts',(-25.1511986315349,10.8988013684709,-85.5915951792152));
#10371=CARTESIAN_POINT('Ctrl Pts',(-19.9757665685214,16.0742334314815,-95.3998071634727));
#10372=CARTESIAN_POINT('Ctrl Pts',(-19.97576656852,16.0742334314801,-102.25));
#10373=CARTESIAN_POINT('Ctrl Pts',(31.0500000000044,4.99999999999566,-83.75));
#10374=CARTESIAN_POINT('Ctrl Pts',(25.1511986315295,10.8988013684706,-85.5915951792153));
#10375=CARTESIAN_POINT('Ctrl Pts',(19.97576656852,16.0742334314801,-95.3998071634732));
#10376=CARTESIAN_POINT('Ctrl Pts',(19.97576656852,16.0742334314801,-102.25));
#10377=CARTESIAN_POINT('Ctrl Pts',(31.0500000000044,7.95714285713907,-83.75));
#10378=CARTESIAN_POINT('Ctrl Pts',(25.5480482976325,13.1857185969984,-85.5915951792153));
#10379=CARTESIAN_POINT('Ctrl Pts',(21.2881076854499,17.3901050258099,-95.3998071634732));
#10380=CARTESIAN_POINT('Ctrl Pts',(21.4699504137935,17.5684172767536,-102.25));
#10381=CARTESIAN_POINT('Ctrl Pts',(31.0500000000044,13.8714285714259,-83.75));
#10382=CARTESIAN_POINT('Ctrl Pts',(26.2283620109521,17.8524973587063,-85.5915951792152));
#10383=CARTESIAN_POINT('Ctrl Pts',(23.7713952358555,20.3717521912059,-95.3998071634731));
#10384=CARTESIAN_POINT('Ctrl Pts',(24.1211328725778,20.8933027462883,-102.25));
#10385=CARTESIAN_POINT('Ctrl Pts',(31.0500000000044,22.7428571428561,-83.75));
#10386=CARTESIAN_POINT('Ctrl Pts',(26.9086757242716,25.0518318683801,-85.5915951792152));
#10387=CARTESIAN_POINT('Ctrl Pts',(26.6956612674597,26.0365103390299,-95.3998071634731));
#10388=CARTESIAN_POINT('Ctrl Pts',(26.8906802117493,26.6412162831138,-102.25));
#10389=CARTESIAN_POINT('Ctrl Pts',(31.0500000000044,31.6142857142864,-83.75));
#10390=CARTESIAN_POINT('Ctrl Pts',(27.2488325809313,32.3706661983211,-85.5915951792152));
#10391=CARTESIAN_POINT('Ctrl Pts',(28.3123884535168,32.5839334755371,-95.399807163473));
#10392=CARTESIAN_POINT('Ctrl Pts',(28.3071016597226,32.8596926273711,-102.25));
#10393=CARTESIAN_POINT('Ctrl Pts',(31.0500000000044,43.44285714286,-83.75));
#10394=CARTESIAN_POINT('Ctrl Pts',(27.2488325809312,42.1822230028056,-85.5915951792152));
#10395=CARTESIAN_POINT('Ctrl Pts',(28.3296808848872,41.8337099856941,-95.399807163473));
#10396=CARTESIAN_POINT('Ctrl Pts',(28.3148635873331,41.3680841150707,-102.25));
#10397=CARTESIAN_POINT('Ctrl Pts',(31.0500000000044,55.2714285714336,-83.7499999999999));
#10398=CARTESIAN_POINT('Ctrl Pts',(26.5685188676116,51.9141132604453,-85.5915951792151));
#10399=CARTESIAN_POINT('Ctrl Pts',(25.0344988388239,50.2686850619942,-95.3998071634727));
#10400=CARTESIAN_POINT('Ctrl Pts',(25.4544337929616,49.5465618711462,-102.25));
#10401=CARTESIAN_POINT('Ctrl Pts',(31.0500000000044,64.1428571428639,-83.75));
#10402=CARTESIAN_POINT('Ctrl Pts',(25.5480482976322,58.9142814030072,-85.5915951792152));
#10403=CARTESIAN_POINT('Ctrl Pts',(21.2834602408233,54.6991673576246,-95.3998071634727));
#10404=CARTESIAN_POINT('Ctrl Pts',(21.4699504137935,54.5315827232465,-102.25));
#10405=CARTESIAN_POINT('Ctrl Pts',(31.0500000000044,67.1000000000073,-83.75));
#10406=CARTESIAN_POINT('Ctrl Pts',(25.1511986315291,61.201198631535,-85.5915951792152));
#10407=CARTESIAN_POINT('Ctrl Pts',(19.9757665685185,56.0257665685214,-95.3998071634727));
#10408=CARTESIAN_POINT('Ctrl Pts',(19.97576656852,56.02576656852,-102.25));
#10409=CARTESIAN_POINT('',(31.0500000000044,67.1000000000073,-83.75));
#10410=CARTESIAN_POINT('',(31.0500000000044,4.99999999999567,-83.75));
#10411=CARTESIAN_POINT('',(19.97576656852,56.02576656852,-102.25));
#10412=CARTESIAN_POINT('Ctrl Pts',(31.0500000000044,67.1000000000073,-83.75));
#10413=CARTESIAN_POINT('Ctrl Pts',(25.1511986315291,61.201198631535,-85.5915951792152));
#10414=CARTESIAN_POINT('Ctrl Pts',(19.9757665685185,56.0257665685214,-95.3998071634727));
#10415=CARTESIAN_POINT('Ctrl Pts',(19.97576656852,56.02576656852,-102.25));
#10416=CARTESIAN_POINT('',(28.25,36.05,-102.25));
#10417=CARTESIAN_POINT('Origin',(-6.21724893790242E-15,36.05,-102.25));
#10418=CARTESIAN_POINT('Origin',(-6.21724893790242E-15,36.05,-102.25));
#10419=CARTESIAN_POINT('Ctrl Pts',(-31.0500000000072,67.1000000000073,-83.75));
#10420=CARTESIAN_POINT('Ctrl Pts',(-25.1511986315345,61.2011986315346,-85.5915951792151));
#10421=CARTESIAN_POINT('Ctrl Pts',(-19.97576656852,56.02576656852,-95.3998071634722));
#10422=CARTESIAN_POINT('Ctrl Pts',(-19.97576656852,56.02576656852,-102.25));
#10423=CARTESIAN_POINT('Ctrl Pts',(-31.0500000000072,64.1428571428639,-83.75));
#10424=CARTESIAN_POINT('Ctrl Pts',(-25.5480482976376,58.9142814030068,-85.5915951792151));
#10425=CARTESIAN_POINT('Ctrl Pts',(-21.2881076854499,54.7098949741901,-95.3998071634722));
#10426=CARTESIAN_POINT('Ctrl Pts',(-21.4699504137935,54.5315827232465,-102.25));
#10427=CARTESIAN_POINT('Ctrl Pts',(-31.0500000000072,58.228571428577,-83.75));
#10428=CARTESIAN_POINT('Ctrl Pts',(-26.2283620109572,54.247502641299,-85.5915951792151));
#10429=CARTESIAN_POINT('Ctrl Pts',(-23.7713952358555,51.7282478087942,-95.3998071634722));
#10430=CARTESIAN_POINT('Ctrl Pts',(-24.1211328725778,51.2066972537117,-102.25));
#10431=CARTESIAN_POINT('Ctrl Pts',(-31.0500000000073,49.3571428571468,-83.75));
#10432=CARTESIAN_POINT('Ctrl Pts',(-26.9086757242769,47.0481681316253,-85.5915951792151));
#10433=CARTESIAN_POINT('Ctrl Pts',(-26.6956612674595,46.0634896609707,-95.3998071634723));
#10434=CARTESIAN_POINT('Ctrl Pts',(-26.8906802117493,45.4587837168862,-102.25));
#10435=CARTESIAN_POINT('Ctrl Pts',(-31.0500000000072,40.4857142857166,-83.75));
#10436=CARTESIAN_POINT('Ctrl Pts',(-27.2488325809367,39.7293338016844,-85.5915951792151));
#10437=CARTESIAN_POINT('Ctrl Pts',(-28.3123884535166,39.5160665244645,-95.3998071634724));
#10438=CARTESIAN_POINT('Ctrl Pts',(-28.3071016597226,39.240307372629,-102.25));
#10439=CARTESIAN_POINT('Ctrl Pts',(-31.0500000000073,28.657142857143,-83.75));
#10440=CARTESIAN_POINT('Ctrl Pts',(-27.2488325809368,29.9177769972,-85.5915951792151));
#10441=CARTESIAN_POINT('Ctrl Pts',(-28.3296808848875,30.2662900143089,-95.3998071634726));
#10442=CARTESIAN_POINT('Ctrl Pts',(-28.3148635873331,30.7319158849293,-102.25));
#10443=CARTESIAN_POINT('Ctrl Pts',(-31.0500000000073,16.8285714285693,-83.75));
#10444=CARTESIAN_POINT('Ctrl Pts',(-26.5685188676173,20.1858867395604,-85.5915951792152));
#10445=CARTESIAN_POINT('Ctrl Pts',(-25.0344988388258,21.8313149380095,-95.3998071634726));
#10446=CARTESIAN_POINT('Ctrl Pts',(-25.4544337929616,22.5534381288538,-102.25));
#10447=CARTESIAN_POINT('Ctrl Pts',(-31.0500000000072,7.95714285713906,-83.75));
#10448=CARTESIAN_POINT('Ctrl Pts',(-25.548048297638,13.1857185969987,-85.5915951792151));
#10449=CARTESIAN_POINT('Ctrl Pts',(-21.283460240826,17.4008326423785,-95.3998071634727));
#10450=CARTESIAN_POINT('Ctrl Pts',(-21.4699504137935,17.5684172767536,-102.25));
#10451=CARTESIAN_POINT('Ctrl Pts',(-31.0500000000072,4.99999999999564,-83.75));
#10452=CARTESIAN_POINT('Ctrl Pts',(-25.1511986315349,10.8988013684709,-85.5915951792152));
#10453=CARTESIAN_POINT('Ctrl Pts',(-19.9757665685214,16.0742334314815,-95.3998071634727));
#10454=CARTESIAN_POINT('Ctrl Pts',(-19.97576656852,16.0742334314801,-102.25));
#10455=CARTESIAN_POINT('',(-31.0500000000072,67.1000000000073,-83.75));
#10456=CARTESIAN_POINT('',(-31.0500000000072,67.1000000000073,-83.75));
#10457=CARTESIAN_POINT('',(-19.97576656852,56.02576656852,-102.25));
#10458=CARTESIAN_POINT('Origin',(-6.21724893790242E-15,36.05,-102.25));
#10459=CARTESIAN_POINT('Ctrl Pts',(-31.0500000000072,67.1000000000073,-83.75));
#10460=CARTESIAN_POINT('Ctrl Pts',(-25.1511986315345,61.2011986315346,-85.5915951792151));
#10461=CARTESIAN_POINT('Ctrl Pts',(-19.97576656852,56.02576656852,-95.3998071634722));
#10462=CARTESIAN_POINT('Ctrl Pts',(-19.97576656852,56.02576656852,-102.25));
#10463=CARTESIAN_POINT('Ctrl Pts',(31.0500000000044,67.1000000000073,-83.75));
#10464=CARTESIAN_POINT('Ctrl Pts',(25.1511986315291,61.201198631535,-85.5915951792151));
#10465=CARTESIAN_POINT('Ctrl Pts',(19.9757665685185,56.0257665685215,-95.3998071634727));
#10466=CARTESIAN_POINT('Ctrl Pts',(19.97576656852,56.02576656852,-102.25));
#10467=CARTESIAN_POINT('Ctrl Pts',(28.092857142861,67.1000000000073,-83.75));
#10468=CARTESIAN_POINT('Ctrl Pts',(22.8642814030013,61.598048297638,-85.5915951792151));
#10469=CARTESIAN_POINT('Ctrl Pts',(18.6598949741885,57.3381076854513,-95.3998071634727));
#10470=CARTESIAN_POINT('Ctrl Pts',(18.4815827232465,57.5199504137935,-102.25));
#10471=CARTESIAN_POINT('Ctrl Pts',(22.1785714285742,67.1000000000073,-83.7499999999999));
#10472=CARTESIAN_POINT('Ctrl Pts',(18.1975026412935,62.2783620109576,-85.5915951792151));
#10473=CARTESIAN_POINT('Ctrl Pts',(15.6782478087924,59.8213952358566,-95.3998071634726));
#10474=CARTESIAN_POINT('Ctrl Pts',(15.1566972537117,60.1711328725778,-102.25));
#10475=CARTESIAN_POINT('Ctrl Pts',(13.3071428571439,67.1000000000073,-83.7499999999999));
#10476=CARTESIAN_POINT('Ctrl Pts',(10.9981681316198,62.9586757242771,-85.5915951792151));
#10477=CARTESIAN_POINT('Ctrl Pts',(10.0134896609687,62.7456612674602,-95.3998071634726));
#10478=CARTESIAN_POINT('Ctrl Pts',(9.40878371688621,62.9406802117493,-102.25));
#10479=CARTESIAN_POINT('Ctrl Pts',(4.43571428571368,67.1000000000073,-83.7499999999999));
#10480=CARTESIAN_POINT('Ctrl Pts',(3.67933380167891,63.2988325809368,-85.5915951792151));
#10481=CARTESIAN_POINT('Ctrl Pts',(3.46606652446242,64.3623884535168,-95.3998071634724));
#10482=CARTESIAN_POINT('Ctrl Pts',(3.19030737262893,64.3571016597226,-102.25));
#10483=CARTESIAN_POINT('Ctrl Pts',(-7.39285714285997,67.1000000000073,-83.7499999999999));
#10484=CARTESIAN_POINT('Ctrl Pts',(-6.13222300280548,63.2988325809367,-85.591595179215));
#10485=CARTESIAN_POINT('Ctrl Pts',(-5.7837099856932,64.3796808848871,-95.3998071634724));
#10486=CARTESIAN_POINT('Ctrl Pts',(-5.31808411507073,64.3648635873331,-102.25));
#10487=CARTESIAN_POINT('Ctrl Pts',(-19.2214285714336,67.1000000000073,-83.7499999999999));
#10488=CARTESIAN_POINT('Ctrl Pts',(-15.8641132604451,62.6185188676171,-85.5915951792151));
#10489=CARTESIAN_POINT('Ctrl Pts',(-14.2186850619924,61.0844988388248,-95.3998071634722));
#10490=CARTESIAN_POINT('Ctrl Pts',(-13.4965618711462,61.5044337929616,-102.25));
#10491=CARTESIAN_POINT('Ctrl Pts',(-28.0928571428639,67.1000000000073,-83.7499999999999));
#10492=CARTESIAN_POINT('Ctrl Pts',(-22.8642814030068,61.5980482976377,-85.591595179215));
#10493=CARTESIAN_POINT('Ctrl Pts',(-18.6491673576231,57.3334602408247,-95.3998071634722));
#10494=CARTESIAN_POINT('Ctrl Pts',(-18.4815827232465,57.5199504137935,-102.25));
#10495=CARTESIAN_POINT('Ctrl Pts',(-31.0500000000073,67.1000000000073,-83.7499999999999));
#10496=CARTESIAN_POINT('Ctrl Pts',(-25.1511986315346,61.2011986315346,-85.591595179215));
#10497=CARTESIAN_POINT('Ctrl Pts',(-19.97576656852,56.02576656852,-95.3998071634722));
#10498=CARTESIAN_POINT('Ctrl Pts',(-19.97576656852,56.02576656852,-102.25));
#10499=CARTESIAN_POINT('',(31.0500000000044,67.1000000000073,-83.75));
#10500=CARTESIAN_POINT('Origin',(-6.21724893790242E-15,36.05,-102.25));
#10501=CARTESIAN_POINT('Ctrl Pts',(-23.5113004744527,12.5386995255473,-102.25));
#10502=CARTESIAN_POINT('Ctrl Pts',(-20.6382732231733,15.4117267768275,-102.25));
#10503=CARTESIAN_POINT('Ctrl Pts',(-32.7702469441798,3.27975305581842,-91.9620413795514));
#10504=CARTESIAN_POINT('Ctrl Pts',(-35.55,0.499999999998877,-86.5900721663415));
#10505=CARTESIAN_POINT('Ctrl Pts',(-19.9940181484107,9.02141719950527,-102.25));
#10506=CARTESIAN_POINT('Ctrl Pts',(-17.736787977503,12.5102415311572,-102.25));
#10507=CARTESIAN_POINT('Ctrl Pts',(-27.0623397575003,1.66918238124286,-91.9620413795514));
#10508=CARTESIAN_POINT('Ctrl Pts',(-28.9810474688238,-0.140277061643309,
-86.5900721663415));
#10509=CARTESIAN_POINT('Ctrl Pts',(-11.3569255269894,3.59398399462119,-102.25));
#10510=CARTESIAN_POINT('Ctrl Pts',(-10.2137687264017,7.96251844108991,-102.25));
#10511=CARTESIAN_POINT('Ctrl Pts',(-14.7457441280381,-0.773328477332624,
-91.9620413795513));
#10512=CARTESIAN_POINT('Ctrl Pts',(-15.5005854198496,-1.09562983004421,
-86.5900721663415));
#10513=CARTESIAN_POINT('Ctrl Pts',(3.8509439865719,1.87854839353558,-102.25));
#10514=CARTESIAN_POINT('Ctrl Pts',(3.47408889079548,6.51099587444928,-102.25));
#10515=CARTESIAN_POINT('Ctrl Pts',(4.9498881393727,-1.53697849200496,-91.9620413795514));
#10516=CARTESIAN_POINT('Ctrl Pts',(5.17991083557093,-1.39104215066244,-86.5900721663416));
#10517=CARTESIAN_POINT('Ctrl Pts',(15.8861950392032,6.09218836488825,-102.25));
#10518=CARTESIAN_POINT('Ctrl Pts',(14.2006916522578,10.0648532596893,-102.25));
#10519=CARTESIAN_POINT('Ctrl Pts',(21.0199533004188,0.345792353540297,-91.9620413795514));
#10520=CARTESIAN_POINT('Ctrl Pts',(22.2846870427073,-0.660080101612787,
-86.5900721663415));
#10521=CARTESIAN_POINT('Ctrl Pts',(21.7526593114317,10.7800583625263,-102.25));
#10522=CARTESIAN_POINT('Ctrl Pts',(19.1875306003375,13.9609841539922,-102.25));
#10523=CARTESIAN_POINT('Ctrl Pts',(29.9153384278878,2.47534877272308,-91.9620413795514));
#10524=CARTESIAN_POINT('Ctrl Pts',(32.265523734413,0.179861469177788,-86.5900721663416));
#10525=CARTESIAN_POINT('Ctrl Pts',(23.5113004744527,12.5386995255473,-102.25));
#10526=CARTESIAN_POINT('Ctrl Pts',(20.6382732231726,15.4117267768274,-102.25));
#10527=CARTESIAN_POINT('Ctrl Pts',(32.7702469441816,3.27975305581841,-91.9620413795514));
#10528=CARTESIAN_POINT('Ctrl Pts',(35.5500000000011,0.499999999998883,-86.5900721663416));
#10529=CARTESIAN_POINT('',(35.55,0.499999999999989,-86.5900721663437));
#10530=CARTESIAN_POINT('Ctrl Pts',(35.55,0.499999999999989,-86.5900721663437));
#10531=CARTESIAN_POINT('Ctrl Pts',(26.0386240270511,0.499999999999988,-88.222559176833));
#10532=CARTESIAN_POINT('Ctrl Pts',(18.5485656598535,0.499999999999987,-89.9796180819945));
#10533=CARTESIAN_POINT('Ctrl Pts',(7.98694083402232,0.499999999999986,-91.7881002041144));
#10534=CARTESIAN_POINT('Ctrl Pts',(4.40592346795784,0.500000000000102,-92.2131468364149));
#10535=CARTESIAN_POINT('Ctrl Pts',(-2.72476337295844,0.500000000000101,
-92.3072946918351));
#10536=CARTESIAN_POINT('Ctrl Pts',(-5.96619875154413,0.500000000000693,
-92.016934879985));
#10537=CARTESIAN_POINT('Ctrl Pts',(-16.478452680051,0.500000000000692,-90.4816198562181));
#10538=CARTESIAN_POINT('Ctrl Pts',(-24.6588060391634,0.499999999999982,
-88.459384526653));
#10539=CARTESIAN_POINT('Ctrl Pts',(-35.5499999999989,0.49999999999998,-86.5900721663437));
#10540=CARTESIAN_POINT('Ctrl Pts',(23.5113004744527,12.5386995255473,-102.25));
#10541=CARTESIAN_POINT('Ctrl Pts',(20.638273223173,15.411726776827,-102.25));
#10542=CARTESIAN_POINT('Ctrl Pts',(32.7702469441784,3.27975305582164,-91.9620413795541));
#10543=CARTESIAN_POINT('Ctrl Pts',(35.55,0.499999999999992,-86.5900721663437));
#10544=CARTESIAN_POINT('Ctrl Pts',(23.5113004744527,12.5386995255473,-102.25));
#10545=CARTESIAN_POINT('Ctrl Pts',(20.638273223173,15.411726776827,-102.25));
#10546=CARTESIAN_POINT('Ctrl Pts',(32.7702469441784,3.27975305582162,-91.9620413795541));
#10547=CARTESIAN_POINT('Ctrl Pts',(35.55,0.499999999999987,-86.5900721663437));
#10548=CARTESIAN_POINT('Ctrl Pts',(27.0285828004947,16.0559818515893,-102.25));
#10549=CARTESIAN_POINT('Ctrl Pts',(23.5397584688434,18.3132120224974,-102.25));
#10550=CARTESIAN_POINT('Ctrl Pts',(34.3808176187543,8.98766024250038,-91.9620413795541));
#10551=CARTESIAN_POINT('Ctrl Pts',(36.1902770616426,7.06895253117586,-86.5900721663437));
#10552=CARTESIAN_POINT('Ctrl Pts',(32.4558186017685,24.6932605584606,-102.25));
#10553=CARTESIAN_POINT('Ctrl Pts',(28.0872841553005,25.8364173590487,-102.25));
#10554=CARTESIAN_POINT('Ctrl Pts',(36.8233085424621,21.3042746638614,-91.9620413795541));
#10555=CARTESIAN_POINT('Ctrl Pts',(37.1456098951758,20.5494333720497,-86.5900721663438));
#10556=CARTESIAN_POINT('Ctrl Pts',(34.1713343246764,39.9010190668243,-102.25));
#10557=CARTESIAN_POINT('Ctrl Pts',(29.5388868437633,39.5241639710485,-102.25));
#10558=CARTESIAN_POINT('Ctrl Pts',(37.586966648263,40.9998957213744,-91.9620413795541));
#10559=CARTESIAN_POINT('Ctrl Pts',(37.4410303069227,41.2299184175736,-86.5900721663437));
#10560=CARTESIAN_POINT('Ctrl Pts',(29.9577674858086,51.9362392326821,-102.25));
#10561=CARTESIAN_POINT('Ctrl Pts',(25.9851025910079,50.2507358457376,-102.25));
#10562=CARTESIAN_POINT('Ctrl Pts',(35.7042031880253,57.0699577633081,-91.9620413795541));
#10563=CARTESIAN_POINT('Ctrl Pts',(36.7100756431806,58.3346915055986,-86.5900721663437));
#10564=CARTESIAN_POINT('Ctrl Pts',(25.2699416374737,57.8026593114317,-102.25));
#10565=CARTESIAN_POINT('Ctrl Pts',(22.0890158460081,55.2375306003385,-102.25));
#10566=CARTESIAN_POINT('Ctrl Pts',(33.5746512272739,65.9653384278832,-91.9620413795541));
#10567=CARTESIAN_POINT('Ctrl Pts',(35.8701385308213,68.315523734411,-86.5900721663437));
#10568=CARTESIAN_POINT('Ctrl Pts',(23.5113004744527,59.5613004744527,-102.25));
#10569=CARTESIAN_POINT('Ctrl Pts',(20.6382732231729,56.6882732231737,-102.25));
#10570=CARTESIAN_POINT('Ctrl Pts',(32.7702469441784,68.8202469441766,-91.9620413795541));
#10571=CARTESIAN_POINT('Ctrl Pts',(35.5500000000001,71.5999999999989,-86.5900721663437));
#10572=CARTESIAN_POINT('Ctrl Pts',(35.55,71.5999999999989,-86.5900721663438));
#10573=CARTESIAN_POINT('Ctrl Pts',(35.55,62.0886240270495,-88.2225591768331));
#10574=CARTESIAN_POINT('Ctrl Pts',(35.55,54.5985656598523,-89.9796180819945));
#10575=CARTESIAN_POINT('Ctrl Pts',(35.55,44.0369408340219,-91.7881002041143));
#10576=CARTESIAN_POINT('Ctrl Pts',(35.5499999999999,40.4559234679571,-92.2131468364149));
#10577=CARTESIAN_POINT('Ctrl Pts',(35.5499999999999,33.3252366270403,-92.3072946918351));
#10578=CARTESIAN_POINT('Ctrl Pts',(35.5499999999993,30.0838012484545,-92.016934879985));
#10579=CARTESIAN_POINT('Ctrl Pts',(35.5499999999993,19.5715473199477,-90.4816198562182));
#10580=CARTESIAN_POINT('Ctrl Pts',(35.55,11.3911939608351,-88.459384526653));
#10581=CARTESIAN_POINT('Ctrl Pts',(35.55,0.499999999999985,-86.5900721663437));
#10582=CARTESIAN_POINT('Origin',(25.,61.05,-102.75));
#10583=CARTESIAN_POINT('',(22.4019237886467,59.55,-102.75));
#10584=CARTESIAN_POINT('',(22.4019237886467,59.55,-102.75));
#10585=CARTESIAN_POINT('',(22.4019237886467,62.55,-102.75));
#10586=CARTESIAN_POINT('Origin',(35.2,71.25,-102.75));
#10587=CARTESIAN_POINT('',(35.2,71.25,-115.75));
#10588=CARTESIAN_POINT('Origin',(24.9674428507068,11.1063906367254,-102.75));
#10589=CARTESIAN_POINT('',(22.3693666393535,12.6063906367254,-102.75));
#10590=CARTESIAN_POINT('',(22.3693666393535,12.6063906367254,-102.75));
#10591=CARTESIAN_POINT('',(23.0188856921918,12.9813906367254,-102.75));
#10592=CARTESIAN_POINT('Origin',(-8.88178419700125E-15,36.05,-112.75));
#10593=CARTESIAN_POINT('',(28.25,36.05,-112.75));
#10594=CARTESIAN_POINT('Origin',(-8.88178419700125E-15,36.05,-112.75));
#10595=CARTESIAN_POINT('',(28.25,36.05,-112.75));
#10596=CARTESIAN_POINT('Origin',(25.,61.05,-105.75));
#10597=CARTESIAN_POINT('',(22.4019237886467,59.55,-105.75));
#10598=CARTESIAN_POINT('',(22.4019237886467,47.5875,-105.75));
#10599=CARTESIAN_POINT('',(25.,58.05,-105.75));
#10600=CARTESIAN_POINT('',(22.4019237886467,59.55,-105.75));
#10601=CARTESIAN_POINT('',(27.5980762113533,59.55,-105.75));
#10602=CARTESIAN_POINT('',(25.,58.0500000000001,-105.75));
#10603=CARTESIAN_POINT('',(27.5980762113533,59.55,-105.75));
#10604=CARTESIAN_POINT('',(26.85,61.05,-105.75));
#10605=CARTESIAN_POINT('Origin',(25.,61.05,-105.75));
#10606=CARTESIAN_POINT('Origin',(-25.,11.05,-105.75));
#10607=CARTESIAN_POINT('',(-22.4019237886467,12.55,-105.75));
#10608=CARTESIAN_POINT('',(-22.4019237886467,24.0875,-105.75));
#10609=CARTESIAN_POINT('',(-25.,14.05,-105.75));
#10610=CARTESIAN_POINT('',(-22.4019237886467,12.55,-105.75));
#10611=CARTESIAN_POINT('',(-27.5980762113533,12.55,-105.75));
#10612=CARTESIAN_POINT('',(-25.,14.05,-105.75));
#10613=CARTESIAN_POINT('',(-27.5980762113533,12.55,-105.75));
#10614=CARTESIAN_POINT('',(-23.15,11.05,-105.75));
#10615=CARTESIAN_POINT('Origin',(-25.,11.05,-105.75));
#10616=CARTESIAN_POINT('Origin',(25.,58.05,-102.75));
#10617=CARTESIAN_POINT('',(25.,58.05,-102.75));
#10618=CARTESIAN_POINT('',(22.4019237886467,59.55,-102.75));
#10619=CARTESIAN_POINT('Origin',(27.5980762113533,59.55,-102.75));
#10620=CARTESIAN_POINT('',(27.5980762113533,59.55,-102.75));
#10621=CARTESIAN_POINT('Origin',(27.5980762113533,62.55,-102.75));
#10622=CARTESIAN_POINT('Origin',(22.4019237886467,59.55,-102.75));
#10623=CARTESIAN_POINT('Origin',(-25.,14.05,-102.75));
#10624=CARTESIAN_POINT('',(-22.4019237886467,12.55,-102.75));
#10625=CARTESIAN_POINT('',(-22.4019237886467,12.55,-102.75));
#10626=CARTESIAN_POINT('',(-25.,14.05,-102.75));
#10627=CARTESIAN_POINT('',(-22.4019237886467,12.55,-102.75));
#10628=CARTESIAN_POINT('Origin',(-27.5980762113533,12.55,-102.75));
#10629=CARTESIAN_POINT('',(-27.5980762113533,12.55,-102.75));
#10630=CARTESIAN_POINT('Origin',(-27.5980762113533,9.55000000000004,-102.75));
#10631=CARTESIAN_POINT('Origin',(-22.4019237886467,12.55,-102.75));
#10632=CARTESIAN_POINT('',(-22.4019237886467,9.55000000000003,-102.75));
#10633=CARTESIAN_POINT('Origin',(-25.,11.05,-102.75));
#10634=CARTESIAN_POINT('Origin',(24.9674428507068,14.1063906367254,-102.75));
#10635=CARTESIAN_POINT('',(24.9674428507068,14.1063906367254,-105.75));
#10636=CARTESIAN_POINT('',(24.9674428507068,14.1063906367254,-102.75));
#10637=CARTESIAN_POINT('',(27.5655190620602,12.6063906367254,-105.75));
#10638=CARTESIAN_POINT('',(27.5655190620602,12.6063906367254,-105.75));
#10639=CARTESIAN_POINT('',(27.5655190620602,12.6063906367254,-102.75));
#10640=CARTESIAN_POINT('Origin',(22.3693666393535,12.6063906367254,-102.75));
#10641=CARTESIAN_POINT('',(22.3693666393535,12.6063906367254,-105.75));
#10642=CARTESIAN_POINT('',(22.3693666393535,12.6063906367254,-102.75));
#10643=CARTESIAN_POINT('',(24.9674428507068,14.1063906367254,-105.75));
#10644=CARTESIAN_POINT('Origin',(22.3693666393535,9.60639063672538,-102.75));
#10645=CARTESIAN_POINT('',(22.3693666393535,12.6063906367254,-105.75));
#10646=CARTESIAN_POINT('Origin',(27.5655190620602,12.6063906367254,-102.75));
#10647=CARTESIAN_POINT('',(27.5655190620602,24.1156953183627,-105.75));
#10648=CARTESIAN_POINT('Origin',(24.9674428507068,11.1063906367254,-105.75));
#10649=CARTESIAN_POINT('',(26.85,11.05,-105.75));
#10650=CARTESIAN_POINT('Origin',(25.,11.05,-105.75));
#10651=CARTESIAN_POINT('Origin',(-25.,61.05,-102.75));
#10652=CARTESIAN_POINT('',(-22.4019237886467,59.55,-102.75));
#10653=CARTESIAN_POINT('',(-22.4019237886467,59.55,-102.75));
#10654=CARTESIAN_POINT('',(-25.,58.05,-102.75));
#10655=CARTESIAN_POINT('Origin',(-25.,58.05,-102.75));
#10656=CARTESIAN_POINT('',(-25.,58.05,-105.75));
#10657=CARTESIAN_POINT('',(-25.,58.05,-102.75));
#10658=CARTESIAN_POINT('',(-27.5980762113533,59.55,-105.75));
#10659=CARTESIAN_POINT('',(-27.5980762113533,59.55,-105.75));
#10660=CARTESIAN_POINT('',(-27.5980762113533,59.55,-102.75));
#10661=CARTESIAN_POINT('Origin',(-22.4019237886467,59.55,-102.75));
#10662=CARTESIAN_POINT('',(-22.4019237886467,59.55,-105.75));
#10663=CARTESIAN_POINT('',(-22.4019237886467,59.55,-102.75));
#10664=CARTESIAN_POINT('',(-25.,58.05,-105.75));
#10665=CARTESIAN_POINT('Origin',(-22.4019237886467,62.55,-102.75));
#10666=CARTESIAN_POINT('',(-22.4019237886467,59.55,-105.75));
#10667=CARTESIAN_POINT('Origin',(-27.5980762113533,59.55,-102.75));
#10668=CARTESIAN_POINT('',(-27.5980762113533,47.5875,-105.75));
#10669=CARTESIAN_POINT('Origin',(-25.,61.05,-105.75));
#10670=CARTESIAN_POINT('',(-23.15,61.05,-105.75));
#10671=CARTESIAN_POINT('Origin',(-25.,61.05,-105.75));
#10672=CARTESIAN_POINT('Origin',(25.,61.05,-112.75));
#10673=CARTESIAN_POINT('',(26.85,61.05,-112.75));
#10674=CARTESIAN_POINT('Origin',(25.,61.05,-112.75));
#10675=CARTESIAN_POINT('',(26.85,61.05,-112.75));
#10676=CARTESIAN_POINT('Origin',(-25.,11.05,-112.75));
#10677=CARTESIAN_POINT('',(-23.15,11.05,-112.75));
#10678=CARTESIAN_POINT('Origin',(-25.,11.05,-112.75));
#10679=CARTESIAN_POINT('',(-23.15,11.05,-112.75));
#10680=CARTESIAN_POINT('Origin',(25.,11.05,-112.75));
#10681=CARTESIAN_POINT('',(26.85,11.05,-112.75));
#10682=CARTESIAN_POINT('Origin',(25.,11.05,-112.75));
#10683=CARTESIAN_POINT('',(26.85,11.05,-112.75));
#10684=CARTESIAN_POINT('Origin',(0.,36.05,-115.75));
#10685=CARTESIAN_POINT('',(-35.2,0.850000000000071,-115.75));
#10686=CARTESIAN_POINT('Origin',(-25.,61.05,-112.75));
#10687=CARTESIAN_POINT('',(-23.15,61.05,-112.75));
#10688=CARTESIAN_POINT('Origin',(-25.,61.05,-112.75));
#10689=CARTESIAN_POINT('',(-23.15,61.05,-112.75));
#10690=CARTESIAN_POINT('Origin',(-35.2,0.850000000000035,-102.75));
#10691=CARTESIAN_POINT('Origin',(-8.88178419700125E-15,36.05,-112.75));
#10692=CARTESIAN_POINT('Origin',(-35.55,0.500000000000007,-82.75));
#10693=CARTESIAN_POINT('',(-35.55,0.5,-82.75));
#10694=CARTESIAN_POINT('',(-35.55,0.,-82.75));
#10695=CARTESIAN_POINT('',(-35.55,0.500000000000007,-82.75));
#10696=CARTESIAN_POINT('Origin',(35.55,0.500000000000007,-82.75));
#10697=CARTESIAN_POINT('',(35.55,0.5,-82.75));
#10698=CARTESIAN_POINT('',(18.025,0.5,-82.75));
#10699=CARTESIAN_POINT('',(35.55,0.500000000000007,-82.75));
#10700=CARTESIAN_POINT('Origin',(35.55,71.6,-82.75));
#10701=CARTESIAN_POINT('',(35.55,0.,-82.75));
#10702=CARTESIAN_POINT('Origin',(36.05,0.,-82.75));
#10703=CARTESIAN_POINT('',(-35.55,80.5,-82.75));
#10704=CARTESIAN_POINT('',(-35.55,0.,-82.75));
#10705=CARTESIAN_POINT('',(35.55,80.5,-82.75));
#10706=CARTESIAN_POINT('',(36.05,80.5,-82.75));
#10707=CARTESIAN_POINT('',(35.55,0.,-82.75));
#10708=CARTESIAN_POINT('Origin',(-31.05,67.0999999999796,-77.7499999999797));
#10709=CARTESIAN_POINT('',(31.0499999999796,67.0999999999796,-77.7499999999797));
#10710=CARTESIAN_POINT('',(31.0500000000044,67.1000000000073,-82.75));
#10711=CARTESIAN_POINT('',(-31.05,67.0999999999796,-77.7499999999797));
#10712=CARTESIAN_POINT('',(-31.0499999999898,67.0999999999796,-77.7499999999797));
#10713=CARTESIAN_POINT('',(-31.05,67.0999999999796,-77.7499999999797));
#10714=CARTESIAN_POINT('Origin',(4.44089209850063E-14,36.05,107.75));
#10715=CARTESIAN_POINT('',(29.85,36.05,107.75));
#10716=CARTESIAN_POINT('Origin',(4.44089209850063E-14,36.05,107.75));
#10717=CARTESIAN_POINT('',(28.25,36.05,107.75));
#10718=CARTESIAN_POINT('Origin',(4.44089209850063E-14,36.05,107.75));
#10719=CARTESIAN_POINT('Origin',(4.44089209850063E-14,36.05,102.75));
#10720=CARTESIAN_POINT('',(28.25,36.05,102.75));
#10721=CARTESIAN_POINT('',(28.25,36.05,102.75));
#10722=CARTESIAN_POINT('',(19.97576656852,16.0742334314801,102.75));
#10723=CARTESIAN_POINT('Origin',(4.44089209850063E-14,36.05,102.75));
#10724=CARTESIAN_POINT('',(-19.9757665685199,16.0742334314801,102.75));
#10725=CARTESIAN_POINT('Origin',(4.44089209850063E-14,36.05,102.75));
#10726=CARTESIAN_POINT('',(-19.9757665685199,56.02576656852,102.75));
#10727=CARTESIAN_POINT('Origin',(4.44089209850063E-14,36.05,102.75));
#10728=CARTESIAN_POINT('',(19.97576656852,56.02576656852,102.75));
#10729=CARTESIAN_POINT('Origin',(4.44089209850063E-14,36.05,102.75));
#10730=CARTESIAN_POINT('Origin',(4.44089209850063E-14,36.05,102.75));
#10731=CARTESIAN_POINT('Origin',(8.88178419700125E-15,5.,1.77635683940025E-14));
#10732=CARTESIAN_POINT('',(31.0500000000001,5.,83.75));
#10733=CARTESIAN_POINT('',(31.0500000000044,4.99999999999567,-82.75));
#10734=CARTESIAN_POINT('',(-31.05,5.,83.75));
#10735=CARTESIAN_POINT('',(-31.0500000000072,4.99999999999567,-82.75));
#10736=CARTESIAN_POINT('',(31.0500000000001,5.,83.75));
#10737=CARTESIAN_POINT('Origin',(-31.0499999999797,5.,-77.7499999999797));
#10738=CARTESIAN_POINT('',(31.0499999999797,79.,-77.7499999999797));
#10739=CARTESIAN_POINT('',(31.0499999999797,5.,-77.7499999999797));
#10740=CARTESIAN_POINT('',(-31.0499999999797,79.,-77.7499999999797));
#10741=CARTESIAN_POINT('',(-31.0499999999797,79.,-77.7499999999797));
#10742=CARTESIAN_POINT('',(-31.0499999999797,5.,-77.7499999999797));
#10743=CARTESIAN_POINT('Origin',(31.0499999999797,5.,-77.7499999999797));
#10744=CARTESIAN_POINT('',(31.0500000000001,67.1,83.75));
#10745=CARTESIAN_POINT('',(31.0500000000001,67.1,83.75));
#10746=CARTESIAN_POINT('',(31.0500000000001,67.1,77.7499999999797));
#10747=CARTESIAN_POINT('',(31.0500000000001,67.1,82.75));
#10748=CARTESIAN_POINT('',(31.0499999999797,79.,77.7499999999797));
#10749=CARTESIAN_POINT('',(31.0499999999797,5.,77.7499999999797));
#10750=CARTESIAN_POINT('',(31.0499999999797,79.,-77.7499999999797));
#10751=CARTESIAN_POINT('Origin',(31.0499999999797,5.,77.7499999999797));
#10752=CARTESIAN_POINT('',(-31.05,67.1,77.7499999999797));
#10753=CARTESIAN_POINT('',(-1.01407771069262E-11,67.1,77.7499999999797));
#10754=CARTESIAN_POINT('',(-31.0499999999796,79.,77.7499999999797));
#10755=CARTESIAN_POINT('',(-31.0499999999796,5.,77.7499999999797));
#10756=CARTESIAN_POINT('',(31.0499999999797,79.,77.7499999999797));
#10757=CARTESIAN_POINT('Origin',(-31.05,67.1,82.75));
#10758=CARTESIAN_POINT('',(-31.05,67.1,83.75));
#10759=CARTESIAN_POINT('',(-31.05,67.1,83.75));
#10760=CARTESIAN_POINT('',(-31.05,67.1,82.75));
#10761=CARTESIAN_POINT('Ctrl Pts',(19.97576656852,56.02576656852,102.75));
#10762=CARTESIAN_POINT('Ctrl Pts',(19.97576656852,56.02576656852,102.418596461331));
#10763=CARTESIAN_POINT('Ctrl Pts',(19.9970337052549,56.0470337052548,101.246517786453));
#10764=CARTESIAN_POINT('Ctrl Pts',(20.7034810048089,56.7534810048089,98.3623285337603));
#10765=CARTESIAN_POINT('Ctrl Pts',(22.6913720504764,58.7413720504763,93.6250291636773));
#10766=CARTESIAN_POINT('Ctrl Pts',(25.7311733198542,61.7811733198542,88.5668269801602));
#10767=CARTESIAN_POINT('Ctrl Pts',(28.673180505497,64.723180505497,85.0480500582299));
#10768=CARTESIAN_POINT('Ctrl Pts',(30.1869333744843,66.2369333744843,84.0310294592207));
#10769=CARTESIAN_POINT('Ctrl Pts',(31.0500000000001,67.1,83.75));
#10770=CARTESIAN_POINT('Ctrl Pts',(21.2831774331343,54.7183557039057,102.75));
#10771=CARTESIAN_POINT('Ctrl Pts',(21.2604157733867,54.740750262401,102.418596461331));
#10772=CARTESIAN_POINT('Ctrl Pts',(21.2349083831426,54.8024887775914,101.246517786453));
#10773=CARTESIAN_POINT('Ctrl Pts',(21.8047812282994,55.449065073847,98.3623285337603));
#10774=CARTESIAN_POINT('Ctrl Pts',(23.5112578730613,57.1762668706936,93.6250291636773));
#10775=CARTESIAN_POINT('Ctrl Pts',(26.1793650335776,59.7862761640184,88.5668269801602));
#10776=CARTESIAN_POINT('Ctrl Pts',(28.8300437071558,62.3748670298901,85.0480500582299));
#10777=CARTESIAN_POINT('Ctrl Pts',(30.2356815597735,63.734678667711,84.0310294592207));
#10778=CARTESIAN_POINT('Ctrl Pts',(31.0500000000001,64.5125,83.75));
#10779=CARTESIAN_POINT('Ctrl Pts',(23.6404431568845,51.8460423684712,102.75));
#10780=CARTESIAN_POINT('Ctrl Pts',(23.582641812131,51.9237357027284,102.418596461331));
#10781=CARTESIAN_POINT('Ctrl Pts',(23.48344425615,52.0861906570635,101.246517786453));
#10782=CARTESIAN_POINT('Ctrl Pts',(23.8138447628199,52.6469786168678,98.3623285337603));
#10783=CARTESIAN_POINT('Ctrl Pts',(25.0090575714401,53.9047974426868,93.6250291636773));
#10784=CARTESIAN_POINT('Ctrl Pts',(26.9926937480246,55.714317320719,88.5668269801602));
#10785=CARTESIAN_POINT('Ctrl Pts',(29.1125483238908,57.6472606875794,85.04805005823));
#10786=CARTESIAN_POINT('Ctrl Pts',(30.3235488433712,58.7205529845292,84.0310294592207));
#10787=CARTESIAN_POINT('Ctrl Pts',(31.0500000000001,59.3375,83.75));
#10788=CARTESIAN_POINT('Ctrl Pts',(26.2678697020761,46.9304963391326,102.75));
#10789=CARTESIAN_POINT('Ctrl Pts',(26.2155924254802,47.0566238229398,102.418596461331));
#10790=CARTESIAN_POINT('Ctrl Pts',(26.1196778549889,47.3063642725843,101.246517786453));
#10791=CARTESIAN_POINT('Ctrl Pts',(26.2421471824275,47.7466206454344,98.3623285337603));
#10792=CARTESIAN_POINT('Ctrl Pts',(26.8456417406179,48.4621805662039,93.6250291636773));
#10793=CARTESIAN_POINT('Ctrl Pts',(27.9526515847832,49.3608742488698,88.5668269801602));
#10794=CARTESIAN_POINT('Ctrl Pts',(29.4283525033885,50.4872169015742,85.04805005823));
#10795=CARTESIAN_POINT('Ctrl Pts',(30.4213803032926,51.176737156078,84.0310294592207));
#10796=CARTESIAN_POINT('Ctrl Pts',(31.0500000000001,51.575,83.75));
#10797=CARTESIAN_POINT('Ctrl Pts',(27.8858234677684,41.5968325660737,102.75));
#10798=CARTESIAN_POINT('Ctrl Pts',(27.872015626761,41.6921404372473,102.418596461331));
#10799=CARTESIAN_POINT('Ctrl Pts',(27.8471590583268,41.878913276835,101.246517786453));
#10800=CARTESIAN_POINT('Ctrl Pts',(27.8912648963514,42.1325934164573,98.3623285337604));
#10801=CARTESIAN_POINT('Ctrl Pts',(28.1145806574678,42.4481217268771,93.6250291636774));
#10802=CARTESIAN_POINT('Ctrl Pts',(28.5888710064488,42.7782846812412,88.5668269801602));
#10803=CARTESIAN_POINT('Ctrl Pts',(29.6238729979942,43.2805631233541,85.04805005823));
#10804=CARTESIAN_POINT('Ctrl Pts',(30.4815458540011,43.6173366796523,84.0310294592207));
#10805=CARTESIAN_POINT('Ctrl Pts',(31.0500000000001,43.8125,83.75));
#10806=CARTESIAN_POINT('Ctrl Pts',(28.4321424877226,36.05,102.75));
#10807=CARTESIAN_POINT('Ctrl Pts',(28.4391539305718,36.05,102.418596461331));
#10808=CARTESIAN_POINT('Ctrl Pts',(28.454192687963,36.05,101.246517786453));
#10809=CARTESIAN_POINT('Ctrl Pts',(28.4836067521967,36.05,98.3623285337603));
#10810=CARTESIAN_POINT('Ctrl Pts',(28.5752675921717,36.05,93.6250291636773));
#10811=CARTESIAN_POINT('Ctrl Pts',(28.8143501551592,36.05,88.5668269801602));
#10812=CARTESIAN_POINT('Ctrl Pts',(29.6901779286415,36.05,85.04805005823));
#10813=CARTESIAN_POINT('Ctrl Pts',(30.5018482788533,36.05,84.0310294592207));
#10814=CARTESIAN_POINT('Ctrl Pts',(31.0500000000001,36.05,83.75));
#10815=CARTESIAN_POINT('Ctrl Pts',(27.8858234677684,30.5031674339264,102.75));
#10816=CARTESIAN_POINT('Ctrl Pts',(27.872015626761,30.4078595627528,102.418596461331));
#10817=CARTESIAN_POINT('Ctrl Pts',(27.8471590583268,30.2210867231651,101.246517786453));
#10818=CARTESIAN_POINT('Ctrl Pts',(27.8912648963514,29.9674065835428,98.3623285337604));
#10819=CARTESIAN_POINT('Ctrl Pts',(28.1145806574678,29.651878273123,93.6250291636774));
#10820=CARTESIAN_POINT('Ctrl Pts',(28.5888710064488,29.3217153187589,88.5668269801602));
#10821=CARTESIAN_POINT('Ctrl Pts',(29.6238729979942,28.819436876646,85.04805005823));
#10822=CARTESIAN_POINT('Ctrl Pts',(30.4815458540011,28.4826633203478,84.0310294592207));
#10823=CARTESIAN_POINT('Ctrl Pts',(31.0500000000001,28.2875,83.75));
#10824=CARTESIAN_POINT('Ctrl Pts',(26.267869702076,25.1695036608674,102.75));
#10825=CARTESIAN_POINT('Ctrl Pts',(26.2155924254802,25.0433761770602,102.418596461331));
#10826=CARTESIAN_POINT('Ctrl Pts',(26.1196778549888,24.7936357274158,101.246517786453));
#10827=CARTESIAN_POINT('Ctrl Pts',(26.2421471824274,24.3533793545657,98.3623285337603));
#10828=CARTESIAN_POINT('Ctrl Pts',(26.8456417406179,23.6378194337962,93.6250291636773));
#10829=CARTESIAN_POINT('Ctrl Pts',(27.9526515847832,22.7391257511302,88.5668269801602));
#10830=CARTESIAN_POINT('Ctrl Pts',(29.4283525033885,21.6127830984258,85.0480500582299));
#10831=CARTESIAN_POINT('Ctrl Pts',(30.4213803032926,20.9232628439221,84.0310294592207));
#10832=CARTESIAN_POINT('Ctrl Pts',(31.0500000000001,20.525,83.75));
#10833=CARTESIAN_POINT('Ctrl Pts',(23.6404431568845,20.2539576315288,102.75));
#10834=CARTESIAN_POINT('Ctrl Pts',(23.5826418121309,20.1762642972716,102.418596461331));
#10835=CARTESIAN_POINT('Ctrl Pts',(23.48344425615,20.0138093429365,101.246517786453));
#10836=CARTESIAN_POINT('Ctrl Pts',(23.8138447628198,19.4530213831322,98.3623285337603));
#10837=CARTESIAN_POINT('Ctrl Pts',(25.0090575714401,18.1952025573133,93.6250291636773));
#10838=CARTESIAN_POINT('Ctrl Pts',(26.9926937480246,16.385682679281,88.5668269801602));
#10839=CARTESIAN_POINT('Ctrl Pts',(29.1125483238907,14.4527393124207,85.0480500582299));
#10840=CARTESIAN_POINT('Ctrl Pts',(30.3235488433712,13.3794470154708,84.0310294592207));
#10841=CARTESIAN_POINT('Ctrl Pts',(31.0500000000001,12.7625,83.75));
#10842=CARTESIAN_POINT('Ctrl Pts',(21.2831774331343,17.3816442960943,102.75));
#10843=CARTESIAN_POINT('Ctrl Pts',(21.2604157733866,17.3592497375989,102.418596461331));
#10844=CARTESIAN_POINT('Ctrl Pts',(21.2349083831426,17.2975112224086,101.246517786453));
#10845=CARTESIAN_POINT('Ctrl Pts',(21.8047812282994,16.650934926153,98.3623285337603));
#10846=CARTESIAN_POINT('Ctrl Pts',(23.5112578730613,14.9237331293064,93.6250291636773));
#10847=CARTESIAN_POINT('Ctrl Pts',(26.1793650335776,12.3137238359816,88.5668269801602));
#10848=CARTESIAN_POINT('Ctrl Pts',(28.8300437071558,9.72513297010992,85.0480500582299));
#10849=CARTESIAN_POINT('Ctrl Pts',(30.2356815597735,8.36532133228902,84.0310294592207));
#10850=CARTESIAN_POINT('Ctrl Pts',(31.0500000000001,7.5875,83.75));
#10851=CARTESIAN_POINT('Ctrl Pts',(19.9757665685199,16.07423343148,102.75));
#10852=CARTESIAN_POINT('Ctrl Pts',(19.9757665685199,16.07423343148,102.418596461331));
#10853=CARTESIAN_POINT('Ctrl Pts',(19.9970337052548,16.0529662947452,101.246517786453));
#10854=CARTESIAN_POINT('Ctrl Pts',(20.7034810048089,15.3465189951911,98.3623285337603));
#10855=CARTESIAN_POINT('Ctrl Pts',(22.6913720504763,13.3586279495237,93.6250291636773));
#10856=CARTESIAN_POINT('Ctrl Pts',(25.7311733198542,10.3188266801458,88.5668269801602));
#10857=CARTESIAN_POINT('Ctrl Pts',(28.673180505497,7.37681949450307,85.0480500582299));
#10858=CARTESIAN_POINT('Ctrl Pts',(30.1869333744843,5.86306662551573,84.0310294592207));
#10859=CARTESIAN_POINT('Ctrl Pts',(31.0500000000001,4.99999999999999,83.75));
#10860=CARTESIAN_POINT('Ctrl Pts',(19.97576656852,16.0742334314801,102.75));
#10861=CARTESIAN_POINT('Ctrl Pts',(19.97576656852,16.0742334314801,101.35810513759));
#10862=CARTESIAN_POINT('Ctrl Pts',(19.97576656852,16.0742334314801,96.2482670019538));
#10863=CARTESIAN_POINT('Ctrl Pts',(25.530039450098,10.519960549902,89.4120911736077));
#10864=CARTESIAN_POINT('Ctrl Pts',(27.4251201728339,8.62487982716611,84.9303237287268));
#10865=CARTESIAN_POINT('Ctrl Pts',(31.0500000000001,5.,83.75));
#10866=CARTESIAN_POINT('Ctrl Pts',(19.97576656852,56.02576656852,102.75));
#10867=CARTESIAN_POINT('Ctrl Pts',(19.97576656852,56.02576656852,101.35810513759));
#10868=CARTESIAN_POINT('Ctrl Pts',(19.97576656852,56.02576656852,96.2482670019538));
#10869=CARTESIAN_POINT('Ctrl Pts',(25.530039450098,61.580039450098,89.4120911736077));
#10870=CARTESIAN_POINT('Ctrl Pts',(27.4251201728339,63.4751201728339,84.9303237287268));
#10871=CARTESIAN_POINT('Ctrl Pts',(31.0500000000001,67.1,83.75));
#10872=CARTESIAN_POINT('Ctrl Pts',(19.97576656852,16.0742334314801,102.75));
#10873=CARTESIAN_POINT('Ctrl Pts',(19.97576656852,16.0742334314801,102.418596461331));
#10874=CARTESIAN_POINT('Ctrl Pts',(19.9957639614627,16.0542360385373,101.24666115554));
#10875=CARTESIAN_POINT('Ctrl Pts',(20.7050404026316,15.3449595973685,98.3623117839502));
#10876=CARTESIAN_POINT('Ctrl Pts',(22.6918081742061,13.3581918257939,93.6249718378365));
#10877=CARTESIAN_POINT('Ctrl Pts',(25.7316339475003,10.3183660524997,88.5668001712892));
#10878=CARTESIAN_POINT('Ctrl Pts',(28.673347402647,7.37665259735301,85.0480266131012));
#10879=CARTESIAN_POINT('Ctrl Pts',(30.1869333744843,5.86306662551572,84.0310294592206));
#10880=CARTESIAN_POINT('Ctrl Pts',(31.0500000000001,4.99999999999998,83.75));
#10881=CARTESIAN_POINT('Ctrl Pts',(18.6683557039057,14.7668225668657,102.75));
#10882=CARTESIAN_POINT('Ctrl Pts',(18.6907502624011,14.7895842266134,102.418596461331));
#10883=CARTESIAN_POINT('Ctrl Pts',(18.751483241566,14.8162070841552,101.24666115554));
#10884=CARTESIAN_POINT('Ctrl Pts',(19.4003865882499,14.243825762819,98.3623117839502));
#10885=CARTESIAN_POINT('Ctrl Pts',(21.1266663163948,12.5383290339632,93.6249718378364));
#10886=CARTESIAN_POINT('Ctrl Pts',(23.7366776580598,9.87021500659088,88.5668001712892));
#10887=CARTESIAN_POINT('Ctrl Pts',(26.3250172939135,7.2197998360582,85.0480266131012));
#10888=CARTESIAN_POINT('Ctrl Pts',(27.684678667711,5.81431844022658,84.0310294592206));
#10889=CARTESIAN_POINT('Ctrl Pts',(28.4625000000001,4.99999999999999,83.75));
#10890=CARTESIAN_POINT('Ctrl Pts',(15.7960433140939,12.4095551738139,102.75));
#10891=CARTESIAN_POINT('Ctrl Pts',(15.8737366483511,12.4673565185674,102.418596461331));
#10892=CARTESIAN_POINT('Ctrl Pts',(16.0355992787145,12.5674312178525,101.24666115554));
#10893=CARTESIAN_POINT('Ctrl Pts',(16.5976384212639,12.2351919637998,98.3623117839502));
#10894=CARTESIAN_POINT('Ctrl Pts',(17.854990824996,11.0406443757147,93.6249718378364));
#10895=CARTESIAN_POINT('Ctrl Pts',(19.6645161022032,9.05700955774149,88.5668001712892));
#10896=CARTESIAN_POINT('Ctrl Pts',(21.597335694872,6.93733617022728,85.0480266131012));
#10897=CARTESIAN_POINT('Ctrl Pts',(22.6705529845293,5.7264511566289,84.0310294592206));
#10898=CARTESIAN_POINT('Ctrl Pts',(23.2875000000001,4.99999999999999,83.75));
#10899=CARTESIAN_POINT('Ctrl Pts',(10.8804970927943,9.78212823336652,102.75));
#10900=CARTESIAN_POINT('Ctrl Pts',(11.0066245766015,9.83440550996241,102.418596461331));
#10901=CARTESIAN_POINT('Ctrl Pts',(11.2562680806474,9.93076545439001,101.24666115554));
#10902=CARTESIAN_POINT('Ctrl Pts',(11.6967192002192,9.80747038694338,98.3623117839502));
#10903=CARTESIAN_POINT('Ctrl Pts',(12.4122387320615,9.2041846316405,93.6249718378364));
#10904=CARTESIAN_POINT('Ctrl Pts',(13.3109153751919,8.09720843611285,88.5668001712892));
#10905=CARTESIAN_POINT('Ctrl Pts',(14.4372385070463,6.62158011958189,85.0480266131012));
#10906=CARTESIAN_POINT('Ctrl Pts',(15.126737156078,5.62861969670749,84.0310294592206));
#10907=CARTESIAN_POINT('Ctrl Pts',(15.5250000000001,4.99999999999999,83.7499999999999));
#10908=CARTESIAN_POINT('Ctrl Pts',(5.54683309743528,8.16417389924177,102.75));
#10909=CARTESIAN_POINT('Ctrl Pts',(5.6421409686089,8.17798174024921,102.418596461331));
#10910=CARTESIAN_POINT('Ctrl Pts',(5.82897600605211,8.20292207758768,101.24666115554));
#10911=CARTESIAN_POINT('Ctrl Pts',(6.08247585594034,8.15889286034029,98.3623117839502));
#10912=CARTESIAN_POINT('Ctrl Pts',(6.39810536981886,7.93537570786372,93.6249718378364));
#10913=CARTESIAN_POINT('Ctrl Pts',(6.72825661753162,7.46113941808893,88.5668001712892));
#10914=CARTESIAN_POINT('Ctrl Pts',(7.23055706740947,6.42610799943657,85.0480266131012));
#10915=CARTESIAN_POINT('Ctrl Pts',(7.56733667965232,5.56845414599898,84.0310294592206));
#10916=CARTESIAN_POINT('Ctrl Pts',(7.76250000000006,4.99999999999999,83.7499999999999));
#10917=CARTESIAN_POINT('Ctrl Pts',(5.31771195670516E-14,7.61785487911394,
102.75));
#10918=CARTESIAN_POINT('Ctrl Pts',(5.55175985214529E-14,7.61084343626477,
102.418596461331));
#10919=CARTESIAN_POINT('Ctrl Pts',(6.1076150723059E-14,7.59573110583069,
101.24666115554));
#10920=CARTESIAN_POINT('Ctrl Pts',(6.13451210143144E-14,7.56675348017931,
98.3623117839502));
#10921=CARTESIAN_POINT('Ctrl Pts',(5.22869865289719E-14,7.47473013888384,
93.6249718378364));
#10922=CARTESIAN_POINT('Ctrl Pts',(4.65278001455864E-14,7.23571425043347,
88.5668001712892));
#10923=CARTESIAN_POINT('Ctrl Pts',(5.9517624584705E-14,6.35981937236957,
85.0480266131012));
#10924=CARTESIAN_POINT('Ctrl Pts',(6.52195786634648E-14,5.54815172114682,
84.0310294592206));
#10925=CARTESIAN_POINT('Ctrl Pts',(6.37443676861452E-14,5.,83.75));
#10926=CARTESIAN_POINT('Ctrl Pts',(-5.54683309743517,8.16417389924177,102.75));
#10927=CARTESIAN_POINT('Ctrl Pts',(-5.64214096860879,8.1779817402492,102.418596461331));
#10928=CARTESIAN_POINT('Ctrl Pts',(-5.82897600605199,8.20292207758767,101.24666115554));
#10929=CARTESIAN_POINT('Ctrl Pts',(-6.08247585594022,8.15889286034028,98.3623117839502));
#10930=CARTESIAN_POINT('Ctrl Pts',(-6.39810536981876,7.93537570786372,93.6249718378364));
#10931=CARTESIAN_POINT('Ctrl Pts',(-6.72825661753152,7.46113941808893,88.5668001712892));
#10932=CARTESIAN_POINT('Ctrl Pts',(-7.23055706740935,6.42610799943658,85.0480266131012));
#10933=CARTESIAN_POINT('Ctrl Pts',(-7.56733667965219,5.56845414599898,84.0310294592206));
#10934=CARTESIAN_POINT('Ctrl Pts',(-7.76249999999993,4.99999999999999,83.7499999999999));
#10935=CARTESIAN_POINT('Ctrl Pts',(-10.8804970927941,9.78212823336651,102.75));
#10936=CARTESIAN_POINT('Ctrl Pts',(-11.0066245766014,9.83440550996239,102.418596461331));
#10937=CARTESIAN_POINT('Ctrl Pts',(-11.2562680806472,9.93076545438998,101.24666115554));
#10938=CARTESIAN_POINT('Ctrl Pts',(-11.6967192002191,9.80747038694336,98.3623117839502));
#10939=CARTESIAN_POINT('Ctrl Pts',(-12.4122387320614,9.20418463164049,93.6249718378364));
#10940=CARTESIAN_POINT('Ctrl Pts',(-13.3109153751918,8.09720843611285,88.5668001712892));
#10941=CARTESIAN_POINT('Ctrl Pts',(-14.4372385070462,6.62158011958189,85.0480266131012));
#10942=CARTESIAN_POINT('Ctrl Pts',(-15.1267371560779,5.62861969670749,84.0310294592206));
#10943=CARTESIAN_POINT('Ctrl Pts',(-15.5249999999999,4.99999999999999,83.75));
#10944=CARTESIAN_POINT('Ctrl Pts',(-15.7960433140937,12.4095551738138,102.75));
#10945=CARTESIAN_POINT('Ctrl Pts',(-15.8737366483509,12.4673565185673,102.418596461331));
#10946=CARTESIAN_POINT('Ctrl Pts',(-16.0355992787144,12.5674312178525,101.24666115554));
#10947=CARTESIAN_POINT('Ctrl Pts',(-16.5976384212637,12.2351919637998,98.3623117839502));
#10948=CARTESIAN_POINT('Ctrl Pts',(-17.8549908249959,11.0406443757147,93.6249718378364));
#10949=CARTESIAN_POINT('Ctrl Pts',(-19.6645161022031,9.05700955774149,88.5668001712892));
#10950=CARTESIAN_POINT('Ctrl Pts',(-21.5973356948718,6.93733617022729,85.0480266131012));
#10951=CARTESIAN_POINT('Ctrl Pts',(-22.6705529845291,5.72645115662891,84.0310294592206));
#10952=CARTESIAN_POINT('Ctrl Pts',(-23.2874999999999,4.99999999999999,83.75));
#10953=CARTESIAN_POINT('Ctrl Pts',(-18.6683557039055,14.7668225668657,102.75));
#10954=CARTESIAN_POINT('Ctrl Pts',(-18.6907502624009,14.7895842266133,102.418596461331));
#10955=CARTESIAN_POINT('Ctrl Pts',(-18.7514832415659,14.8162070841551,101.24666115554));
#10956=CARTESIAN_POINT('Ctrl Pts',(-19.4003865882498,14.243825762819,98.3623117839502));
#10957=CARTESIAN_POINT('Ctrl Pts',(-21.1266663163947,12.5383290339632,93.6249718378365));
#10958=CARTESIAN_POINT('Ctrl Pts',(-23.7366776580596,9.87021500659087,88.5668001712892));
#10959=CARTESIAN_POINT('Ctrl Pts',(-26.3250172939133,7.2197998360582,85.0480266131012));
#10960=CARTESIAN_POINT('Ctrl Pts',(-27.6846786677109,5.81431844022659,84.0310294592207));
#10961=CARTESIAN_POINT('Ctrl Pts',(-28.4624999999999,4.99999999999999,83.75));
#10962=CARTESIAN_POINT('Ctrl Pts',(-19.9757665685199,16.07423343148,102.75));
#10963=CARTESIAN_POINT('Ctrl Pts',(-19.9757665685199,16.07423343148,102.418596461331));
#10964=CARTESIAN_POINT('Ctrl Pts',(-19.9957639614626,16.0542360385373,101.24666115554));
#10965=CARTESIAN_POINT('Ctrl Pts',(-20.7050404026314,15.3449595973684,98.3623117839502));
#10966=CARTESIAN_POINT('Ctrl Pts',(-22.6918081742059,13.3581918257939,93.6249718378365));
#10967=CARTESIAN_POINT('Ctrl Pts',(-25.7316339475002,10.3183660524997,88.5668001712892));
#10968=CARTESIAN_POINT('Ctrl Pts',(-28.6733474026469,7.37665259735302,85.0480266131012));
#10969=CARTESIAN_POINT('Ctrl Pts',(-30.1869333744841,5.86306662551573,84.0310294592207));
#10970=CARTESIAN_POINT('Ctrl Pts',(-31.0499999999999,4.99999999999998,83.75));
#10971=CARTESIAN_POINT('Ctrl Pts',(-19.9757665685199,16.0742334314801,102.75));
#10972=CARTESIAN_POINT('Ctrl Pts',(-19.9757665685199,16.07423343148,101.35810513759));
#10973=CARTESIAN_POINT('Ctrl Pts',(-19.9757665685199,16.0742334314801,96.2482670019538));
#10974=CARTESIAN_POINT('Ctrl Pts',(-25.530039450098,10.519960549902,89.4120911736077));
#10975=CARTESIAN_POINT('Ctrl Pts',(-27.4251201728338,8.62487982716613,84.9303237287269));
#10976=CARTESIAN_POINT('Ctrl Pts',(-31.05,5.,83.75));
#10977=CARTESIAN_POINT('Ctrl Pts',(-19.9757665685199,56.02576656852,102.75));
#10978=CARTESIAN_POINT('Ctrl Pts',(-19.9757665685199,56.02576656852,102.418596461331));
#10979=CARTESIAN_POINT('Ctrl Pts',(-19.9952438001884,56.0452438001885,101.247264818127));
#10980=CARTESIAN_POINT('Ctrl Pts',(-20.7048832212237,56.7548832212238,98.3615112242958));
#10981=CARTESIAN_POINT('Ctrl Pts',(-22.1903638478561,58.2403638478562,94.8114940399948));
#10982=CARTESIAN_POINT('Ctrl Pts',(-24.2208847858245,60.2708847858246,91.0916080304506));
#10983=CARTESIAN_POINT('Ctrl Pts',(-26.460369762116,62.510369762116,87.6895890638376));
#10984=CARTESIAN_POINT('Ctrl Pts',(-28.6778772627106,64.7278772627107,85.0461772275978));
#10985=CARTESIAN_POINT('Ctrl Pts',(-30.1869333744842,66.2369333744843,84.0310294592207));
#10986=CARTESIAN_POINT('Ctrl Pts',(-31.05,67.1,83.75));
#10987=CARTESIAN_POINT('Ctrl Pts',(-18.6683557039056,57.3331774331343,102.75));
#10988=CARTESIAN_POINT('Ctrl Pts',(-18.690750262401,57.3104157733867,102.418596461331));
#10989=CARTESIAN_POINT('Ctrl Pts',(-18.7509831220942,57.2831992481353,101.247264818127));
#10990=CARTESIAN_POINT('Ctrl Pts',(-19.4003004447878,57.8561879563582,98.3615112242958));
#10991=CARTESIAN_POINT('Ctrl Pts',(-20.6910433564658,59.1306977696023,94.8114940399948));
#10992=CARTESIAN_POINT('Ctrl Pts',(-22.4394882741872,60.9046051915911,91.0916080304506));
#10993=CARTESIAN_POINT('Ctrl Pts',(-24.378125295516,62.8860417540767,87.6895890638377));
#10994=CARTESIAN_POINT('Ctrl Pts',(-26.3288663692025,64.8845354798811,85.0461772275979));
#10995=CARTESIAN_POINT('Ctrl Pts',(-27.6846786677109,66.2856815597735,84.0310294592207));
#10996=CARTESIAN_POINT('Ctrl Pts',(-28.4625,67.1,83.75));
#10997=CARTESIAN_POINT('Ctrl Pts',(-15.7960423684711,59.6904431568845,102.75));
#10998=CARTESIAN_POINT('Ctrl Pts',(-15.8737357027283,59.632641812131,102.418596461331));
#10999=CARTESIAN_POINT('Ctrl Pts',(-16.0352118660813,59.5318792863871,101.247264818127));
#11000=CARTESIAN_POINT('Ctrl Pts',(-16.5978039882082,59.8652096573172,98.3615112242958));
#11001=CARTESIAN_POINT('Ctrl Pts',(-17.5380048910197,60.7564433250021,94.8114940399949));
#11002=CARTESIAN_POINT('Ctrl Pts',(-18.764880661058,62.0594580530955,91.0916080304506));
#11003=CARTESIAN_POINT('Ctrl Pts',(-20.1441566749717,63.5672543022062,87.6895890638377));
#11004=CARTESIAN_POINT('Ctrl Pts',(-21.599793645854,65.1665947272479,85.0461772275979));
#11005=CARTESIAN_POINT('Ctrl Pts',(-22.6705529845292,66.3735488433711,84.0310294592207));
#11006=CARTESIAN_POINT('Ctrl Pts',(-23.2875,67.1,83.75));
#11007=CARTESIAN_POINT('Ctrl Pts',(-10.8804963391325,62.317869702076,102.75));
#11008=CARTESIAN_POINT('Ctrl Pts',(-11.0066238229397,62.2655924254802,102.418596461331));
#11009=CARTESIAN_POINT('Ctrl Pts',(-11.2560003670036,62.1684014448217,101.247264818127));
#11010=CARTESIAN_POINT('Ctrl Pts',(-11.6970110036844,62.2934293160459,98.3615112242958));
#11011=CARTESIAN_POINT('Ctrl Pts',(-12.2322975287187,62.7413574668724,94.8114940399949));
#11012=CARTESIAN_POINT('Ctrl Pts',(-12.8636478404264,63.456388864331,91.0916080304506));
#11013=CARTESIAN_POINT('Ctrl Pts',(-13.591242098722,64.3672825737281,87.6895890638377));
#11014=CARTESIAN_POINT('Ctrl Pts',(-14.4381635309165,65.4816115646281,85.0461772275979));
#11015=CARTESIAN_POINT('Ctrl Pts',(-15.1267371560779,66.4713803032925,84.0310294592207));
#11016=CARTESIAN_POINT('Ctrl Pts',(-15.525,67.1,83.75));
#11017=CARTESIAN_POINT('Ctrl Pts',(-5.54683256607358,63.9358234677684,102.75));
#11018=CARTESIAN_POINT('Ctrl Pts',(-5.6421404372472,63.922015626761,102.418596461331));
#11019=CARTESIAN_POINT('Ctrl Pts',(-5.82884071499593,63.8961383641097,101.247264818127));
#11020=CARTESIAN_POINT('Ctrl Pts',(-6.08272017147451,63.9424523408194,98.3615112242958));
#11021=CARTESIAN_POINT('Ctrl Pts',(-6.31894350795427,64.1056952836575,94.8114940399949));
#11022=CARTESIAN_POINT('Ctrl Pts',(-6.56369105103497,64.4077284797191,91.0916080304506));
#11023=CARTESIAN_POINT('Ctrl Pts',(-6.85364941588225,64.8943157816939,87.6895890638377));
#11024=CARTESIAN_POINT('Ctrl Pts',(-7.23073304840539,65.6764121685785,85.0461772275979));
#11025=CARTESIAN_POINT('Ctrl Pts',(-7.56733667965223,66.5315458540011,84.0310294592207));
#11026=CARTESIAN_POINT('Ctrl Pts',(-7.76249999999996,67.1000000000001,83.75));
#11027=CARTESIAN_POINT('Ctrl Pts',(3.47797801321671E-14,64.4821424877226,
102.75));
#11028=CARTESIAN_POINT('Ctrl Pts',(3.49712738647999E-14,64.4891539305718,
102.418596461331));
#11029=CARTESIAN_POINT('Ctrl Pts',(3.62033922901157E-14,64.5032797989502,
101.247264818127));
#11030=CARTESIAN_POINT('Ctrl Pts',(3.67295324800032E-14,64.5347618777871,
98.3615112242958));
#11031=CARTESIAN_POINT('Ctrl Pts',(3.75418424776406E-14,64.5994531378144,
94.8114940399948));
#11032=CARTESIAN_POINT('Ctrl Pts',(3.9577945960129E-14,64.7503136400234,
91.0916080304506));
#11033=CARTESIAN_POINT('Ctrl Pts',(4.15002177166291E-14,65.0804124539929,
87.6895890638377));
#11034=CARTESIAN_POINT('Ctrl Pts',(4.446896681756E-14,65.7424287815152,
85.0461772275979));
#11035=CARTESIAN_POINT('Ctrl Pts',(4.42311999878042E-14,66.5518482788532,
84.0310294592207));
#11036=CARTESIAN_POINT('Ctrl Pts',(4.35503333828874E-14,67.1,83.75));
#11037=CARTESIAN_POINT('Ctrl Pts',(5.54683256607365,63.9358234677684,102.75));
#11038=CARTESIAN_POINT('Ctrl Pts',(5.64214043724727,63.922015626761,102.418596461331));
#11039=CARTESIAN_POINT('Ctrl Pts',(5.828840714996,63.8961383641097,101.247264818127));
#11040=CARTESIAN_POINT('Ctrl Pts',(6.08272017147458,63.9424523408194,98.3615112242958));
#11041=CARTESIAN_POINT('Ctrl Pts',(6.31894350795435,64.1056952836575,94.8114940399949));
#11042=CARTESIAN_POINT('Ctrl Pts',(6.56369105103504,64.4077284797191,91.0916080304506));
#11043=CARTESIAN_POINT('Ctrl Pts',(6.85364941588233,64.8943157816939,87.6895890638377));
#11044=CARTESIAN_POINT('Ctrl Pts',(7.23073304840548,65.6764121685785,85.0461772275979));
#11045=CARTESIAN_POINT('Ctrl Pts',(7.56733667965231,66.5315458540011,84.0310294592207));
#11046=CARTESIAN_POINT('Ctrl Pts',(7.76250000000004,67.1000000000001,83.75));
#11047=CARTESIAN_POINT('Ctrl Pts',(10.8804963391326,62.317869702076,102.75));
#11048=CARTESIAN_POINT('Ctrl Pts',(11.0066238229398,62.2655924254802,102.418596461331));
#11049=CARTESIAN_POINT('Ctrl Pts',(11.2560003670037,62.1684014448217,101.247264818127));
#11050=CARTESIAN_POINT('Ctrl Pts',(11.6970110036844,62.293429316046,98.3615112242958));
#11051=CARTESIAN_POINT('Ctrl Pts',(12.2322975287187,62.7413574668724,94.8114940399948));
#11052=CARTESIAN_POINT('Ctrl Pts',(12.8636478404265,63.456388864331,91.0916080304506));
#11053=CARTESIAN_POINT('Ctrl Pts',(13.5912420987221,64.3672825737281,87.6895890638377));
#11054=CARTESIAN_POINT('Ctrl Pts',(14.4381635309166,65.4816115646281,85.0461772275979));
#11055=CARTESIAN_POINT('Ctrl Pts',(15.126737156078,66.4713803032925,84.0310294592207));
#11056=CARTESIAN_POINT('Ctrl Pts',(15.525,67.1,83.75));
#11057=CARTESIAN_POINT('Ctrl Pts',(15.7960423684712,59.6904431568845,102.75));
#11058=CARTESIAN_POINT('Ctrl Pts',(15.8737357027284,59.632641812131,102.418596461331));
#11059=CARTESIAN_POINT('Ctrl Pts',(16.0352118660814,59.5318792863871,101.247264818127));
#11060=CARTESIAN_POINT('Ctrl Pts',(16.5978039882083,59.8652096573173,98.3615112242958));
#11061=CARTESIAN_POINT('Ctrl Pts',(17.5380048910197,60.7564433250022,94.8114940399948));
#11062=CARTESIAN_POINT('Ctrl Pts',(18.7648806610581,62.0594580530955,91.0916080304506));
#11063=CARTESIAN_POINT('Ctrl Pts',(20.1441566749718,63.5672543022062,87.6895890638376));
#11064=CARTESIAN_POINT('Ctrl Pts',(21.5997936458541,65.1665947272479,85.0461772275978));
#11065=CARTESIAN_POINT('Ctrl Pts',(22.6705529845293,66.3735488433711,84.0310294592207));
#11066=CARTESIAN_POINT('Ctrl Pts',(23.2875000000001,67.1000000000001,83.75));
#11067=CARTESIAN_POINT('Ctrl Pts',(18.6683557039057,57.3331774331343,102.75));
#11068=CARTESIAN_POINT('Ctrl Pts',(18.690750262401,57.3104157733867,102.418596461331));
#11069=CARTESIAN_POINT('Ctrl Pts',(18.7509831220943,57.2831992481353,101.247264818127));
#11070=CARTESIAN_POINT('Ctrl Pts',(19.4003004447879,57.8561879563583,98.3615112242958));
#11071=CARTESIAN_POINT('Ctrl Pts',(20.6910433564659,59.1306977696023,94.8114940399948));
#11072=CARTESIAN_POINT('Ctrl Pts',(22.4394882741873,60.9046051915912,91.0916080304506));
#11073=CARTESIAN_POINT('Ctrl Pts',(24.3781252955161,62.8860417540767,87.6895890638376));
#11074=CARTESIAN_POINT('Ctrl Pts',(26.3288663692027,64.8845354798811,85.0461772275978));
#11075=CARTESIAN_POINT('Ctrl Pts',(27.684678667711,66.2856815597734,84.0310294592207));
#11076=CARTESIAN_POINT('Ctrl Pts',(28.4625000000001,67.1,83.75));
#11077=CARTESIAN_POINT('Ctrl Pts',(19.97576656852,56.02576656852,102.75));
#11078=CARTESIAN_POINT('Ctrl Pts',(19.97576656852,56.02576656852,102.418596461331));
#11079=CARTESIAN_POINT('Ctrl Pts',(19.9952438001885,56.0452438001885,101.247264818127));
#11080=CARTESIAN_POINT('Ctrl Pts',(20.7048832212238,56.7548832212238,98.3615112242958));
#11081=CARTESIAN_POINT('Ctrl Pts',(22.1903638478562,58.2403638478562,94.8114940399948));
#11082=CARTESIAN_POINT('Ctrl Pts',(24.2208847858246,60.2708847858246,91.0916080304506));
#11083=CARTESIAN_POINT('Ctrl Pts',(26.4603697621161,62.510369762116,87.6895890638376));
#11084=CARTESIAN_POINT('Ctrl Pts',(28.6778772627107,64.7278772627107,85.0461772275978));
#11085=CARTESIAN_POINT('Ctrl Pts',(30.1869333744843,66.2369333744843,84.0310294592207));
#11086=CARTESIAN_POINT('Ctrl Pts',(31.0500000000001,67.1,83.75));
#11087=CARTESIAN_POINT('Ctrl Pts',(-19.9757665685199,56.02576656852,102.75));
#11088=CARTESIAN_POINT('Ctrl Pts',(-19.9757665685199,56.02576656852,101.35810513759));
#11089=CARTESIAN_POINT('Ctrl Pts',(-19.9757665685199,56.02576656852,96.2482670019538));
#11090=CARTESIAN_POINT('Ctrl Pts',(-25.5300394500979,61.580039450098,89.4120911736077));
#11091=CARTESIAN_POINT('Ctrl Pts',(-27.4251201728338,63.4751201728339,84.9303237287269));
#11092=CARTESIAN_POINT('Ctrl Pts',(-31.05,67.1,83.75));
#11093=CARTESIAN_POINT('Ctrl Pts',(-19.9757665685199,16.0742334314801,102.75));
#11094=CARTESIAN_POINT('Ctrl Pts',(-19.9757665685199,16.0742334314801,102.418596461331));
#11095=CARTESIAN_POINT('Ctrl Pts',(-19.9970337052547,16.0529662947452,101.246517786453));
#11096=CARTESIAN_POINT('Ctrl Pts',(-20.7034810048088,15.3465189951912,98.3623285337603));
#11097=CARTESIAN_POINT('Ctrl Pts',(-22.6913720504763,13.3586279495237,93.6250291636773));
#11098=CARTESIAN_POINT('Ctrl Pts',(-25.7311733198541,10.3188266801458,88.5668269801602));
#11099=CARTESIAN_POINT('Ctrl Pts',(-28.6731805054969,7.37681949450308,85.0480500582299));
#11100=CARTESIAN_POINT('Ctrl Pts',(-30.1869333744842,5.86306662551575,84.0310294592207));
#11101=CARTESIAN_POINT('Ctrl Pts',(-31.05,5.,83.75));
#11102=CARTESIAN_POINT('Ctrl Pts',(-21.2831774331342,17.3816442960944,102.75));
#11103=CARTESIAN_POINT('Ctrl Pts',(-21.2604157733866,17.359249737599,102.418596461331));
#11104=CARTESIAN_POINT('Ctrl Pts',(-21.2349083831425,17.2975112224086,101.246517786453));
#11105=CARTESIAN_POINT('Ctrl Pts',(-21.8047812282993,16.6509349261531,98.3623285337603));
#11106=CARTESIAN_POINT('Ctrl Pts',(-23.5112578730612,14.9237331293065,93.6250291636773));
#11107=CARTESIAN_POINT('Ctrl Pts',(-26.1793650335776,12.3137238359817,88.5668269801602));
#11108=CARTESIAN_POINT('Ctrl Pts',(-28.8300437071557,9.72513297010993,85.0480500582299));
#11109=CARTESIAN_POINT('Ctrl Pts',(-30.2356815597734,8.36532133228903,84.0310294592207));
#11110=CARTESIAN_POINT('Ctrl Pts',(-31.05,7.5875,83.75));
#11111=CARTESIAN_POINT('Ctrl Pts',(-23.6404431568844,20.2539576315288,102.75));
#11112=CARTESIAN_POINT('Ctrl Pts',(-23.5826418121309,20.1762642972716,102.418596461331));
#11113=CARTESIAN_POINT('Ctrl Pts',(-23.4834442561499,20.0138093429365,101.246517786453));
#11114=CARTESIAN_POINT('Ctrl Pts',(-23.8138447628198,19.4530213831323,98.3623285337603));
#11115=CARTESIAN_POINT('Ctrl Pts',(-25.00905757144,18.1952025573133,93.6250291636773));
#11116=CARTESIAN_POINT('Ctrl Pts',(-26.9926937480245,16.385682679281,88.5668269801602));
#11117=CARTESIAN_POINT('Ctrl Pts',(-29.1125483238906,14.4527393124207,85.0480500582299));
#11118=CARTESIAN_POINT('Ctrl Pts',(-30.323548843371,13.3794470154708,84.0310294592207));
#11119=CARTESIAN_POINT('Ctrl Pts',(-31.05,12.7625,83.75));
#11120=CARTESIAN_POINT('Ctrl Pts',(-26.2678697020759,25.1695036608675,102.75));
#11121=CARTESIAN_POINT('Ctrl Pts',(-26.2155924254801,25.0433761770602,102.418596461331));
#11122=CARTESIAN_POINT('Ctrl Pts',(-26.1196778549888,24.7936357274158,101.246517786453));
#11123=CARTESIAN_POINT('Ctrl Pts',(-26.2421471824274,24.3533793545657,98.3623285337603));
#11124=CARTESIAN_POINT('Ctrl Pts',(-26.8456417406178,23.6378194337962,93.6250291636773));
#11125=CARTESIAN_POINT('Ctrl Pts',(-27.9526515847831,22.7391257511302,88.5668269801601));
#11126=CARTESIAN_POINT('Ctrl Pts',(-29.4283525033883,21.6127830984258,85.0480500582299));
#11127=CARTESIAN_POINT('Ctrl Pts',(-30.4213803032924,20.923262843922,84.0310294592207));
#11128=CARTESIAN_POINT('Ctrl Pts',(-31.05,20.525,83.75));
#11129=CARTESIAN_POINT('Ctrl Pts',(-27.8858234677683,30.5031674339264,102.75));
#11130=CARTESIAN_POINT('Ctrl Pts',(-27.8720156267608,30.4078595627528,102.418596461331));
#11131=CARTESIAN_POINT('Ctrl Pts',(-27.8471590583267,30.221086723165,101.246517786453));
#11132=CARTESIAN_POINT('Ctrl Pts',(-27.8912648963513,29.9674065835427,98.3623285337603));
#11133=CARTESIAN_POINT('Ctrl Pts',(-28.1145806574676,29.6518782731229,93.6250291636773));
#11134=CARTESIAN_POINT('Ctrl Pts',(-28.5888710064486,29.3217153187588,88.5668269801601));
#11135=CARTESIAN_POINT('Ctrl Pts',(-29.623872997994,28.819436876646,85.0480500582299));
#11136=CARTESIAN_POINT('Ctrl Pts',(-30.481545854001,28.4826633203477,84.0310294592206));
#11137=CARTESIAN_POINT('Ctrl Pts',(-31.0499999999999,28.2875,83.75));
#11138=CARTESIAN_POINT('Ctrl Pts',(-28.4321424877225,36.05,102.75));
#11139=CARTESIAN_POINT('Ctrl Pts',(-28.4391539305717,36.05,102.418596461331));
#11140=CARTESIAN_POINT('Ctrl Pts',(-28.4541926879628,36.05,101.246517786453));
#11141=CARTESIAN_POINT('Ctrl Pts',(-28.4836067521966,36.05,98.3623285337603));
#11142=CARTESIAN_POINT('Ctrl Pts',(-28.5752675921715,36.05,93.6250291636773));
#11143=CARTESIAN_POINT('Ctrl Pts',(-28.8143501551591,36.05,88.5668269801601));
#11144=CARTESIAN_POINT('Ctrl Pts',(-29.6901779286413,36.05,85.0480500582299));
#11145=CARTESIAN_POINT('Ctrl Pts',(-30.5018482788531,36.05,84.0310294592206));
#11146=CARTESIAN_POINT('Ctrl Pts',(-31.0499999999999,36.05,83.75));
#11147=CARTESIAN_POINT('Ctrl Pts',(-27.8858234677683,41.5968325660736,102.75));
#11148=CARTESIAN_POINT('Ctrl Pts',(-27.8720156267609,41.6921404372473,102.418596461331));
#11149=CARTESIAN_POINT('Ctrl Pts',(-27.8471590583267,41.878913276835,101.246517786453));
#11150=CARTESIAN_POINT('Ctrl Pts',(-27.8912648963513,42.1325934164573,98.3623285337603));
#11151=CARTESIAN_POINT('Ctrl Pts',(-28.1145806574676,42.4481217268771,93.6250291636773));
#11152=CARTESIAN_POINT('Ctrl Pts',(-28.5888710064486,42.7782846812411,88.5668269801601));
#11153=CARTESIAN_POINT('Ctrl Pts',(-29.623872997994,43.280563123354,85.0480500582299));
#11154=CARTESIAN_POINT('Ctrl Pts',(-30.481545854001,43.6173366796523,84.0310294592206));
#11155=CARTESIAN_POINT('Ctrl Pts',(-31.0499999999999,43.8125,83.75));
#11156=CARTESIAN_POINT('Ctrl Pts',(-26.2678697020759,46.9304963391326,102.75));
#11157=CARTESIAN_POINT('Ctrl Pts',(-26.2155924254801,47.0566238229398,102.418596461331));
#11158=CARTESIAN_POINT('Ctrl Pts',(-26.1196778549887,47.3063642725842,101.246517786453));
#11159=CARTESIAN_POINT('Ctrl Pts',(-26.2421471824273,47.7466206454344,98.3623285337603));
#11160=CARTESIAN_POINT('Ctrl Pts',(-26.8456417406178,48.4621805662038,93.6250291636773));
#11161=CARTESIAN_POINT('Ctrl Pts',(-27.9526515847831,49.3608742488698,88.5668269801602));
#11162=CARTESIAN_POINT('Ctrl Pts',(-29.4283525033884,50.4872169015742,85.0480500582299));
#11163=CARTESIAN_POINT('Ctrl Pts',(-30.4213803032925,51.1767371560779,84.0310294592207));
#11164=CARTESIAN_POINT('Ctrl Pts',(-31.05,51.575,83.75));
#11165=CARTESIAN_POINT('Ctrl Pts',(-23.6404431568844,51.8460423684712,102.75));
#11166=CARTESIAN_POINT('Ctrl Pts',(-23.5826418121309,51.9237357027284,102.418596461331));
#11167=CARTESIAN_POINT('Ctrl Pts',(-23.4834442561499,52.0861906570635,101.246517786453));
#11168=CARTESIAN_POINT('Ctrl Pts',(-23.8138447628198,52.6469786168678,98.3623285337603));
#11169=CARTESIAN_POINT('Ctrl Pts',(-25.00905757144,53.9047974426868,93.6250291636773));
#11170=CARTESIAN_POINT('Ctrl Pts',(-26.9926937480245,55.714317320719,88.5668269801602));
#11171=CARTESIAN_POINT('Ctrl Pts',(-29.1125483238906,57.6472606875793,85.0480500582299));
#11172=CARTESIAN_POINT('Ctrl Pts',(-30.3235488433711,58.7205529845292,84.0310294592207));
#11173=CARTESIAN_POINT('Ctrl Pts',(-31.05,59.3375,83.75));
#11174=CARTESIAN_POINT('Ctrl Pts',(-21.2831774331342,54.7183557039057,102.75));
#11175=CARTESIAN_POINT('Ctrl Pts',(-21.2604157733866,54.7407502624011,102.418596461331));
#11176=CARTESIAN_POINT('Ctrl Pts',(-21.2349083831425,54.8024887775914,101.246517786453));
#11177=CARTESIAN_POINT('Ctrl Pts',(-21.8047812282993,55.449065073847,98.3623285337603));
#11178=CARTESIAN_POINT('Ctrl Pts',(-23.5112578730612,57.1762668706936,93.6250291636773));
#11179=CARTESIAN_POINT('Ctrl Pts',(-26.1793650335775,59.7862761640184,88.5668269801602));
#11180=CARTESIAN_POINT('Ctrl Pts',(-28.8300437071557,62.3748670298901,85.0480500582299));
#11181=CARTESIAN_POINT('Ctrl Pts',(-30.2356815597734,63.734678667711,84.0310294592207));
#11182=CARTESIAN_POINT('Ctrl Pts',(-31.05,64.5125,83.75));
#11183=CARTESIAN_POINT('Ctrl Pts',(-19.9757665685199,56.02576656852,102.75));
#11184=CARTESIAN_POINT('Ctrl Pts',(-19.9757665685199,56.02576656852,102.418596461331));
#11185=CARTESIAN_POINT('Ctrl Pts',(-19.9970337052547,56.0470337052549,101.246517786453));
#11186=CARTESIAN_POINT('Ctrl Pts',(-20.7034810048088,56.7534810048089,98.3623285337603));
#11187=CARTESIAN_POINT('Ctrl Pts',(-22.6913720504762,58.7413720504764,93.6250291636773));
#11188=CARTESIAN_POINT('Ctrl Pts',(-25.7311733198541,61.7811733198542,88.5668269801602));
#11189=CARTESIAN_POINT('Ctrl Pts',(-28.6731805054969,64.723180505497,85.0480500582299));
#11190=CARTESIAN_POINT('Ctrl Pts',(-30.1869333744842,66.2369333744843,84.0310294592207));
#11191=CARTESIAN_POINT('Ctrl Pts',(-31.05,67.1,83.75));
#11192=CARTESIAN_POINT('',(-31.05,5.,83.75));
#11193=CARTESIAN_POINT('Ctrl Pts',(-36.05,72.1000000000001,85.010909147085));
#11194=CARTESIAN_POINT('Ctrl Pts',(-35.701348604824,71.7513486048241,85.4963712131262));
#11195=CARTESIAN_POINT('Ctrl Pts',(-33.9183891581455,69.9683891581456,87.3315484004321));
#11196=CARTESIAN_POINT('Ctrl Pts',(-29.7006094245784,65.7506094245784,91.1617868471081));
#11197=CARTESIAN_POINT('Ctrl Pts',(-26.1810044567503,62.2310044567503,95.3726579245498));
#11198=CARTESIAN_POINT('Ctrl Pts',(-24.3492143045086,60.3992143045086,98.3898388129988));
#11199=CARTESIAN_POINT('Ctrl Pts',(-23.5292616047091,59.5792616047091,100.97676067398));
#11200=CARTESIAN_POINT('Ctrl Pts',(-23.5113004744527,59.5613004744527,102.250073946474));
#11201=CARTESIAN_POINT('Ctrl Pts',(-23.5113004744527,59.5613004744527,102.75));
#11202=CARTESIAN_POINT('Ctrl Pts',(-33.1088587110897,72.3166274871753,85.010909147085));
#11203=CARTESIAN_POINT('Ctrl Pts',(-32.810698003499,72.0321543909442,85.4963712131262));
#11204=CARTESIAN_POINT('Ctrl Pts',(-31.2567243444238,70.4643145456843,87.3315484004321));
#11205=CARTESIAN_POINT('Ctrl Pts',(-27.5573477798419,66.6060941155909,91.1617868471081));
#11206=CARTESIAN_POINT('Ctrl Pts',(-24.4552443554065,63.3994559473279,95.3726579245498));
#11207=CARTESIAN_POINT('Ctrl Pts',(-22.8208503517686,61.7505316904462,98.3898388129988));
#11208=CARTESIAN_POINT('Ctrl Pts',(-22.0541040311053,61.0497805418291,100.97676067398));
#11209=CARTESIAN_POINT('Ctrl Pts',(-21.9947143967792,61.0775222313339,102.250073946474));
#11210=CARTESIAN_POINT('Ctrl Pts',(-21.9724894568093,61.1001114920961,102.75));
#11211=CARTESIAN_POINT('Ctrl Pts',(-27.1848799110464,72.7079508852211,85.010909147085));
#11212=CARTESIAN_POINT('Ctrl Pts',(-26.9759949546297,72.5399657699802,85.4963712131263));
#11213=CARTESIAN_POINT('Ctrl Pts',(-25.8421368277261,71.3641139807299,87.3315484004321));
#11214=CARTESIAN_POINT('Ctrl Pts',(-23.1219204379474,68.1673289824298,91.1617868471081));
#11215=CARTESIAN_POINT('Ctrl Pts',(-20.8003095951519,65.5325530868615,95.3726579245498));
#11216=CARTESIAN_POINT('Ctrl Pts',(-19.5238383855879,64.2127170582632,98.3898388129988));
#11217=CARTESIAN_POINT('Ctrl Pts',(-18.8307916536869,63.7178616952342,100.97676067398));
#11218=CARTESIAN_POINT('Ctrl Pts',(-18.6689074668159,63.817229759986,102.250073946474));
#11219=CARTESIAN_POINT('Ctrl Pts',(-18.5918025892946,63.8745933118324,102.75));
#11220=CARTESIAN_POINT('Ctrl Pts',(-18.1945610412332,73.1550999313706,85.010909147085));
#11221=CARTESIAN_POINT('Ctrl Pts',(-18.0844148064754,73.1249409433942,85.4963712131263));
#11222=CARTESIAN_POINT('Ctrl Pts',(-17.4495042282758,72.4253311607926,87.3315484004321));
#11223=CARTESIAN_POINT('Ctrl Pts',(-15.9239708294107,70.0716099130927,91.1617868471081));
#11224=CARTESIAN_POINT('Ctrl Pts',(-14.5652376378704,68.1284620494113,95.3726579245498));
#11225=CARTESIAN_POINT('Ctrl Pts',(-13.7467475799977,67.1633581077604,98.3898388129988));
#11226=CARTESIAN_POINT('Ctrl Pts',(-13.1821292431744,66.8219433110737,100.97676067398));
#11227=CARTESIAN_POINT('Ctrl Pts',(-12.931420494678,66.9151700131771,102.250073946474));
#11228=CARTESIAN_POINT('Ctrl Pts',(-12.8062483124824,66.9670513366859,102.75));
#11229=CARTESIAN_POINT('Ctrl Pts',(-9.12125076329291,73.4399342805373,85.010909147085));
#11230=CARTESIAN_POINT('Ctrl Pts',(-9.07675976385585,73.5014005932142,85.4963712131263));
#11231=CARTESIAN_POINT('Ctrl Pts',(-8.80472516450866,73.1279467404512,87.3315484004321));
#11232=CARTESIAN_POINT('Ctrl Pts',(-8.15334996057877,71.3801179431857,91.1617868471081));
#11233=CARTESIAN_POINT('Ctrl Pts',(-7.54361426474938,69.9055663188488,95.3726579245498));
#11234=CARTESIAN_POINT('Ctrl Pts',(-7.14148475742498,69.1475065090381,98.3898388129988));
#11235=CARTESIAN_POINT('Ctrl Pts',(-6.81086256728669,68.8373583207289,100.97676067398));
#11236=CARTESIAN_POINT('Ctrl Pts',(-6.62315913204013,68.8576656658438,102.250073946474));
#11237=CARTESIAN_POINT('Ctrl Pts',(-6.52857313178776,68.8713689249443,102.75));
#11238=CARTESIAN_POINT('Ctrl Pts',(4.68095000786389E-14,73.538384938739,
85.010909147085));
#11239=CARTESIAN_POINT('Ctrl Pts',(4.47801117686269E-14,73.6323830650932,
85.4963712131263));
#11240=CARTESIAN_POINT('Ctrl Pts',(3.7469400680885E-14,73.3768116375065,
87.3315484004321));
#11241=CARTESIAN_POINT('Ctrl Pts',(1.68701106380421E-14,71.8537327692248,
91.1617868471081));
#11242=CARTESIAN_POINT('Ctrl Pts',(4.62546939623612E-15,70.5470531528807,
95.3726579245498));
#11243=CARTESIAN_POINT('Ctrl Pts',(4.23384591870115E-15,69.855951825682,
98.3898388129988));
#11244=CARTESIAN_POINT('Ctrl Pts',(1.57582981378725E-14,69.5415214342069,
100.97676067398));
#11245=CARTESIAN_POINT('Ctrl Pts',(2.88097526986918E-14,69.521339918754,
102.250073946474));
#11246=CARTESIAN_POINT('Ctrl Pts',(3.49468185518605E-14,69.5143815812428,
102.75));
#11247=CARTESIAN_POINT('Ctrl Pts',(9.12125076329299,73.4399342805373,85.010909147085));
#11248=CARTESIAN_POINT('Ctrl Pts',(9.07675976385593,73.5014005932142,85.4963712131263));
#11249=CARTESIAN_POINT('Ctrl Pts',(8.80472516450873,73.1279467404512,87.3315484004321));
#11250=CARTESIAN_POINT('Ctrl Pts',(8.1533499605788,71.3801179431857,91.1617868471081));
#11251=CARTESIAN_POINT('Ctrl Pts',(7.54361426474939,69.9055663188489,95.3726579245498));
#11252=CARTESIAN_POINT('Ctrl Pts',(7.14148475742499,69.1475065090381,98.3898388129988));
#11253=CARTESIAN_POINT('Ctrl Pts',(6.81086256728672,68.8373583207289,100.97676067398));
#11254=CARTESIAN_POINT('Ctrl Pts',(6.62315913204019,68.8576656658438,102.250073946474));
#11255=CARTESIAN_POINT('Ctrl Pts',(6.52857313178783,68.8713689249443,102.75));
#11256=CARTESIAN_POINT('Ctrl Pts',(18.1945610412333,73.1550999313706,85.010909147085));
#11257=CARTESIAN_POINT('Ctrl Pts',(18.0844148064755,73.1249409433942,85.4963712131263));
#11258=CARTESIAN_POINT('Ctrl Pts',(17.4495042282758,72.4253311607926,87.3315484004321));
#11259=CARTESIAN_POINT('Ctrl Pts',(15.9239708294107,70.0716099130928,91.1617868471081));
#11260=CARTESIAN_POINT('Ctrl Pts',(14.5652376378704,68.1284620494113,95.3726579245498));
#11261=CARTESIAN_POINT('Ctrl Pts',(13.7467475799977,67.1633581077604,98.3898388129988));
#11262=CARTESIAN_POINT('Ctrl Pts',(13.1821292431744,66.8219433110737,100.97676067398));
#11263=CARTESIAN_POINT('Ctrl Pts',(12.9314204946781,66.9151700131771,102.250073946474));
#11264=CARTESIAN_POINT('Ctrl Pts',(12.8062483124824,66.9670513366859,102.75));
#11265=CARTESIAN_POINT('Ctrl Pts',(27.1848799110465,72.7079508852211,85.010909147085));
#11266=CARTESIAN_POINT('Ctrl Pts',(26.9759949546297,72.5399657699802,85.4963712131262));
#11267=CARTESIAN_POINT('Ctrl Pts',(25.8421368277261,71.36411398073,87.3315484004321));
#11268=CARTESIAN_POINT('Ctrl Pts',(23.1219204379474,68.1673289824298,91.1617868471081));
#11269=CARTESIAN_POINT('Ctrl Pts',(20.8003095951519,65.5325530868616,95.3726579245498));
#11270=CARTESIAN_POINT('Ctrl Pts',(19.5238383855879,64.2127170582632,98.3898388129988));
#11271=CARTESIAN_POINT('Ctrl Pts',(18.8307916536869,63.7178616952343,100.97676067398));
#11272=CARTESIAN_POINT('Ctrl Pts',(18.6689074668159,63.817229759986,102.250073946474));
#11273=CARTESIAN_POINT('Ctrl Pts',(18.5918025892947,63.8745933118325,102.75));
#11274=CARTESIAN_POINT('Ctrl Pts',(33.1088587110897,72.3166274871753,85.010909147085));
#11275=CARTESIAN_POINT('Ctrl Pts',(32.810698003499,72.0321543909442,85.4963712131262));
#11276=CARTESIAN_POINT('Ctrl Pts',(31.2567243444238,70.4643145456844,87.3315484004321));
#11277=CARTESIAN_POINT('Ctrl Pts',(27.557347779842,66.606094115591,91.1617868471081));
#11278=CARTESIAN_POINT('Ctrl Pts',(24.4552443554064,63.3994559473279,95.3726579245498));
#11279=CARTESIAN_POINT('Ctrl Pts',(22.8208503517686,61.7505316904463,98.3898388129988));
#11280=CARTESIAN_POINT('Ctrl Pts',(22.0541040311053,61.0497805418292,100.97676067398));
#11281=CARTESIAN_POINT('Ctrl Pts',(21.9947143967792,61.077522231334,102.250073946474));
#11282=CARTESIAN_POINT('Ctrl Pts',(21.9724894568093,61.1001114920962,102.75));
#11283=CARTESIAN_POINT('Ctrl Pts',(36.0500000000001,72.1000000000001,85.010909147085));
#11284=CARTESIAN_POINT('Ctrl Pts',(35.7013486048241,71.7513486048241,85.4963712131262));
#11285=CARTESIAN_POINT('Ctrl Pts',(33.9183891581455,69.9683891581456,87.3315484004321));
#11286=CARTESIAN_POINT('Ctrl Pts',(29.7006094245784,65.7506094245785,91.1617868471081));
#11287=CARTESIAN_POINT('Ctrl Pts',(26.1810044567503,62.2310044567504,95.3726579245498));
#11288=CARTESIAN_POINT('Ctrl Pts',(24.3492143045086,60.3992143045087,98.3898388129988));
#11289=CARTESIAN_POINT('Ctrl Pts',(23.5292616047091,59.5792616047092,100.97676067398));
#11290=CARTESIAN_POINT('Ctrl Pts',(23.5113004744527,59.5613004744528,102.250073946474));
#11291=CARTESIAN_POINT('Ctrl Pts',(23.5113004744527,59.5613004744528,102.75));
#11292=CARTESIAN_POINT('Ctrl Pts',(-36.05,72.1,85.0109091470851));
#11293=CARTESIAN_POINT('Ctrl Pts',(-34.5856641402606,70.6356641402607,87.0498498244584));
#11294=CARTESIAN_POINT('Ctrl Pts',(-29.5640111461468,65.6140111461469,90.9532222122266));
#11295=CARTESIAN_POINT('Ctrl Pts',(-23.5113004744527,59.5613004744527,96.5662942102855));
#11296=CARTESIAN_POINT('Ctrl Pts',(-23.5113004744527,59.5613004744527,100.650310575191));
#11297=CARTESIAN_POINT('Ctrl Pts',(-23.5113004744527,59.5613004744527,102.75));
#11298=CARTESIAN_POINT('Ctrl Pts',(36.0500000000001,72.1000000000001,85.0109091470849));
#11299=CARTESIAN_POINT('Ctrl Pts',(34.5856641402608,70.6356641402609,87.0498498244582));
#11300=CARTESIAN_POINT('Ctrl Pts',(29.564011146147,65.6140111461471,90.9532222122264));
#11301=CARTESIAN_POINT('Ctrl Pts',(23.5113004744527,59.5613004744528,96.5662942102855));
#11302=CARTESIAN_POINT('Ctrl Pts',(23.5113004744527,59.5613004744528,100.650310575191));
#11303=CARTESIAN_POINT('Ctrl Pts',(23.5113004744527,59.5613004744528,102.75));
#11304=CARTESIAN_POINT('Ctrl Pts',(36.0500000000001,72.1000000000001,85.010909147085));
#11305=CARTESIAN_POINT('Ctrl Pts',(35.7013486048241,71.7513486048241,85.4963712131262));
#11306=CARTESIAN_POINT('Ctrl Pts',(33.9183891581456,69.9683891581456,87.331548400432));
#11307=CARTESIAN_POINT('Ctrl Pts',(29.7006094245785,65.7506094245785,91.1617868471081));
#11308=CARTESIAN_POINT('Ctrl Pts',(26.1810044567504,62.2310044567503,95.3726579245497));
#11309=CARTESIAN_POINT('Ctrl Pts',(24.3492143045087,60.3992143045086,98.3898388129988));
#11310=CARTESIAN_POINT('Ctrl Pts',(23.5292616047092,59.5792616047092,100.97676067398));
#11311=CARTESIAN_POINT('Ctrl Pts',(23.5113004744528,59.5613004744527,102.250073946474));
#11312=CARTESIAN_POINT('Ctrl Pts',(23.5113004744528,59.5613004744527,102.75));
#11313=CARTESIAN_POINT('Ctrl Pts',(36.2666274871753,69.1588587110897,85.010909147085));
#11314=CARTESIAN_POINT('Ctrl Pts',(35.9821543909443,68.860698003499,85.4963712131262));
#11315=CARTESIAN_POINT('Ctrl Pts',(34.4143145456843,67.3067243444238,87.3315484004321));
#11316=CARTESIAN_POINT('Ctrl Pts',(30.556094115591,63.607347779842,91.1617868471081));
#11317=CARTESIAN_POINT('Ctrl Pts',(27.3494559473279,60.5052443554065,95.3726579245498));
#11318=CARTESIAN_POINT('Ctrl Pts',(25.7005316904463,58.8708503517686,98.3898388129988));
#11319=CARTESIAN_POINT('Ctrl Pts',(24.9997805418291,58.1041040311053,100.97676067398));
#11320=CARTESIAN_POINT('Ctrl Pts',(25.0275222313339,58.0447143967792,102.250073946474));
#11321=CARTESIAN_POINT('Ctrl Pts',(25.0501114920961,58.0224894568093,102.75));
#11322=CARTESIAN_POINT('Ctrl Pts',(36.6579508852211,63.2348799110465,85.0109091470849));
#11323=CARTESIAN_POINT('Ctrl Pts',(36.4899657699803,63.0259949546298,85.4963712131262));
#11324=CARTESIAN_POINT('Ctrl Pts',(35.3141139807299,61.8921368277261,87.331548400432));
#11325=CARTESIAN_POINT('Ctrl Pts',(32.1173289824298,59.1719204379475,91.161786847108));
#11326=CARTESIAN_POINT('Ctrl Pts',(29.4825530868616,56.8503095951519,95.3726579245497));
#11327=CARTESIAN_POINT('Ctrl Pts',(28.1627170582632,55.5738383855879,98.3898388129988));
#11328=CARTESIAN_POINT('Ctrl Pts',(27.6678616952343,54.8807916536869,100.97676067398));
#11329=CARTESIAN_POINT('Ctrl Pts',(27.767229759986,54.718907466816,102.250073946474));
#11330=CARTESIAN_POINT('Ctrl Pts',(27.8245933118324,54.6418025892947,102.75));
#11331=CARTESIAN_POINT('Ctrl Pts',(37.1050999313706,54.2445610412332,85.0109091470849));
#11332=CARTESIAN_POINT('Ctrl Pts',(37.0749409433942,54.1344148064754,85.4963712131262));
#11333=CARTESIAN_POINT('Ctrl Pts',(36.3753311607926,53.4995042282758,87.331548400432));
#11334=CARTESIAN_POINT('Ctrl Pts',(34.0216099130928,51.9739708294107,91.1617868471081));
#11335=CARTESIAN_POINT('Ctrl Pts',(32.0784620494113,50.6152376378703,95.3726579245497));
#11336=CARTESIAN_POINT('Ctrl Pts',(31.1133581077604,49.7967475799977,98.3898388129988));
#11337=CARTESIAN_POINT('Ctrl Pts',(30.7719433110737,49.2321292431744,100.97676067398));
#11338=CARTESIAN_POINT('Ctrl Pts',(30.8651700131771,48.981420494678,102.250073946474));
#11339=CARTESIAN_POINT('Ctrl Pts',(30.9170513366859,48.8562483124824,102.75));
#11340=CARTESIAN_POINT('Ctrl Pts',(37.3899342805373,45.171250763293,85.0109091470849));
#11341=CARTESIAN_POINT('Ctrl Pts',(37.4514005932142,45.1267597638559,85.4963712131262));
#11342=CARTESIAN_POINT('Ctrl Pts',(37.0779467404511,44.8547251645087,87.331548400432));
#11343=CARTESIAN_POINT('Ctrl Pts',(35.3301179431857,44.2033499605788,91.161786847108));
#11344=CARTESIAN_POINT('Ctrl Pts',(33.8555663188488,43.5936142647493,95.3726579245497));
#11345=CARTESIAN_POINT('Ctrl Pts',(33.0975065090381,43.191484757425,98.3898388129987));
#11346=CARTESIAN_POINT('Ctrl Pts',(32.7873583207289,42.8608625672867,100.97676067398));
#11347=CARTESIAN_POINT('Ctrl Pts',(32.8076656658437,42.6731591320402,102.250073946474));
#11348=CARTESIAN_POINT('Ctrl Pts',(32.8213689249443,42.5785731317878,102.75));
#11349=CARTESIAN_POINT('Ctrl Pts',(37.488384938739,36.05,85.0109091470849));
#11350=CARTESIAN_POINT('Ctrl Pts',(37.5823830650932,36.05,85.4963712131262));
#11351=CARTESIAN_POINT('Ctrl Pts',(37.3268116375064,36.05,87.331548400432));
#11352=CARTESIAN_POINT('Ctrl Pts',(35.8037327692248,36.05,91.161786847108));
#11353=CARTESIAN_POINT('Ctrl Pts',(34.4970531528806,36.05,95.3726579245497));
#11354=CARTESIAN_POINT('Ctrl Pts',(33.805951825682,36.05,98.3898388129987));
#11355=CARTESIAN_POINT('Ctrl Pts',(33.4915214342069,36.05,100.97676067398));
#11356=CARTESIAN_POINT('Ctrl Pts',(33.471339918754,36.05,102.250073946474));
#11357=CARTESIAN_POINT('Ctrl Pts',(33.4643815812428,36.05,102.75));
#11358=CARTESIAN_POINT('Ctrl Pts',(37.3899342805373,26.9287492367071,85.0109091470849));
#11359=CARTESIAN_POINT('Ctrl Pts',(37.4514005932142,26.9732402361441,85.4963712131262));
#11360=CARTESIAN_POINT('Ctrl Pts',(37.0779467404511,27.2452748354913,87.331548400432));
#11361=CARTESIAN_POINT('Ctrl Pts',(35.3301179431857,27.8966500394212,91.161786847108));
#11362=CARTESIAN_POINT('Ctrl Pts',(33.8555663188488,28.5063857352506,95.3726579245497));
#11363=CARTESIAN_POINT('Ctrl Pts',(33.097506509038,28.908515242575,98.3898388129987));
#11364=CARTESIAN_POINT('Ctrl Pts',(32.7873583207289,29.2391374327133,100.97676067398));
#11365=CARTESIAN_POINT('Ctrl Pts',(32.8076656658437,29.4268408679599,102.250073946474));
#11366=CARTESIAN_POINT('Ctrl Pts',(32.8213689249443,29.5214268682122,102.75));
#11367=CARTESIAN_POINT('Ctrl Pts',(37.1050999313706,17.8554389587668,85.010909147085));
#11368=CARTESIAN_POINT('Ctrl Pts',(37.0749409433942,17.9655851935246,85.4963712131262));
#11369=CARTESIAN_POINT('Ctrl Pts',(36.3753311607926,18.6004957717242,87.331548400432));
#11370=CARTESIAN_POINT('Ctrl Pts',(34.0216099130928,20.1260291705893,91.161786847108));
#11371=CARTESIAN_POINT('Ctrl Pts',(32.0784620494113,21.4847623621297,95.3726579245497));
#11372=CARTESIAN_POINT('Ctrl Pts',(31.1133581077604,22.3032524200023,98.3898388129987));
#11373=CARTESIAN_POINT('Ctrl Pts',(30.7719433110737,22.8678707568256,100.97676067398));
#11374=CARTESIAN_POINT('Ctrl Pts',(30.8651700131771,23.118579505322,102.250073946474));
#11375=CARTESIAN_POINT('Ctrl Pts',(30.9170513366859,23.2437516875176,102.75));
#11376=CARTESIAN_POINT('Ctrl Pts',(36.6579508852211,8.8651200889536,85.0109091470849));
#11377=CARTESIAN_POINT('Ctrl Pts',(36.4899657699803,9.0740050453703,85.4963712131262));
#11378=CARTESIAN_POINT('Ctrl Pts',(35.3141139807299,10.2078631722739,87.331548400432));
#11379=CARTESIAN_POINT('Ctrl Pts',(32.1173289824299,12.9280795620526,91.161786847108));
#11380=CARTESIAN_POINT('Ctrl Pts',(29.4825530868616,15.2496904048481,95.3726579245497));
#11381=CARTESIAN_POINT('Ctrl Pts',(28.1627170582632,16.5261616144121,98.3898388129987));
#11382=CARTESIAN_POINT('Ctrl Pts',(27.6678616952343,17.2192083463131,100.97676067398));
#11383=CARTESIAN_POINT('Ctrl Pts',(27.767229759986,17.3810925331841,102.250073946474));
#11384=CARTESIAN_POINT('Ctrl Pts',(27.8245933118324,17.4581974107054,102.75));
#11385=CARTESIAN_POINT('Ctrl Pts',(36.2666274871754,2.94114128891036,85.010909147085));
#11386=CARTESIAN_POINT('Ctrl Pts',(35.9821543909443,3.23930199650105,85.4963712131262));
#11387=CARTESIAN_POINT('Ctrl Pts',(34.4143145456843,4.79327565557625,87.331548400432));
#11388=CARTESIAN_POINT('Ctrl Pts',(30.556094115591,8.49265222015809,91.1617868471081));
#11389=CARTESIAN_POINT('Ctrl Pts',(27.3494559473279,11.5947556445936,95.3726579245497));
#11390=CARTESIAN_POINT('Ctrl Pts',(25.7005316904463,13.2291496482314,98.3898388129988));
#11391=CARTESIAN_POINT('Ctrl Pts',(24.9997805418292,13.9958959688948,100.97676067398));
#11392=CARTESIAN_POINT('Ctrl Pts',(25.0275222313339,14.0552856032208,102.250073946474));
#11393=CARTESIAN_POINT('Ctrl Pts',(25.0501114920962,14.0775105431907,102.75));
#11394=CARTESIAN_POINT('Ctrl Pts',(36.0500000000001,-1.04083408558608E-14,
85.010909147085));
#11395=CARTESIAN_POINT('Ctrl Pts',(35.7013486048241,0.348651395175994,85.4963712131262));
#11396=CARTESIAN_POINT('Ctrl Pts',(33.9183891581456,2.13161084185453,87.331548400432));
#11397=CARTESIAN_POINT('Ctrl Pts',(29.7006094245785,6.34939057542163,91.1617868471081));
#11398=CARTESIAN_POINT('Ctrl Pts',(26.1810044567504,9.86899554324975,95.3726579245497));
#11399=CARTESIAN_POINT('Ctrl Pts',(24.3492143045087,11.7007856954914,98.3898388129988));
#11400=CARTESIAN_POINT('Ctrl Pts',(23.5292616047092,12.5207383952909,100.97676067398));
#11401=CARTESIAN_POINT('Ctrl Pts',(23.5113004744528,12.5386995255473,102.250073946474));
#11402=CARTESIAN_POINT('Ctrl Pts',(23.5113004744528,12.5386995255473,102.75));
#11403=CARTESIAN_POINT('Ctrl Pts',(36.0500000000001,0.499999952403809,85.0591209701062));
#11404=CARTESIAN_POINT('Ctrl Pts',(36.0500000000001,12.4464768742849,86.2218813749973));
#11405=CARTESIAN_POINT('Ctrl Pts',(36.0500000000001,19.3695824326843,87.6762028939555));
#11406=CARTESIAN_POINT('Ctrl Pts',(36.0500000000001,28.1691359718532,89.4504242349888));
#11407=CARTESIAN_POINT('Ctrl Pts',(36.0499999999995,31.0109505694274,89.9992953331819));
#11408=CARTESIAN_POINT('Ctrl Pts',(36.0499999999995,35.504330314793,90.2961809012195));
#11409=CARTESIAN_POINT('Ctrl Pts',(36.0500000000001,37.0430937269243,90.2842857487074));
#11410=CARTESIAN_POINT('Ctrl Pts',(36.0500000000001,43.862774452907,89.7469078413187));
#11411=CARTESIAN_POINT('Ctrl Pts',(36.0500000000001,48.9504236386163,88.2053445947392));
#11412=CARTESIAN_POINT('Ctrl Pts',(36.0500000000001,62.9360357512358,85.9963180551085));
#11413=CARTESIAN_POINT('Ctrl Pts',(36.0500000000001,67.5827762061021,85.4423971602077));
#11414=CARTESIAN_POINT('Ctrl Pts',(36.0500000000001,72.1000000000001,85.010909147085));
#11415=CARTESIAN_POINT('Ctrl Pts',(35.9035533905933,0.146446609406752,85.2045952810938));
#11416=CARTESIAN_POINT('Ctrl Pts',(34.2145188306874,1.83548116931272,87.3402409775613));
#11417=CARTESIAN_POINT('Ctrl Pts',(29.2363286486966,6.81367135130346,91.2612056816327));
#11418=CARTESIAN_POINT('Ctrl Pts',(23.5113004744528,12.5386995255473,96.7157674307971));
#11419=CARTESIAN_POINT('Ctrl Pts',(23.5113004744527,12.5386995255473,100.68890679199));
#11420=CARTESIAN_POINT('Ctrl Pts',(23.5113004744527,12.5386995255473,102.75));
#11421=CARTESIAN_POINT('Origin',(36.0500000000001,4.44089209850063E-15,
107.75));
#11422=CARTESIAN_POINT('Origin',(-36.05,0.,107.75));
#11423=CARTESIAN_POINT('',(-36.05,72.1,110.75));
#11424=CARTESIAN_POINT('Origin',(4.44089209850063E-14,36.05,107.75));
#11425=CARTESIAN_POINT('',(-33.05,36.05,107.75));
#11426=CARTESIAN_POINT('Origin',(4.44089209850063E-14,36.05,107.75));
#11427=CARTESIAN_POINT('',(-33.05,19.525,107.75));
#11428=CARTESIAN_POINT('',(-29.65,8.,107.75));
#11429=CARTESIAN_POINT('Origin',(-28.05,8.,107.75));
#11430=CARTESIAN_POINT('Origin',(4.44089209850063E-14,36.05,107.75));
#11431=CARTESIAN_POINT('Origin',(4.44089209850063E-14,36.05,107.75));
#11432=CARTESIAN_POINT('',(26.4500000000001,8.00000000000001,107.75));
#11433=CARTESIAN_POINT('Origin',(28.0500000000001,8.00000000000001,107.75));
#11434=CARTESIAN_POINT('Origin',(4.44089209850063E-14,36.05,107.75));
#11435=CARTESIAN_POINT('Origin',(4.44089209850063E-14,36.05,107.75));
#11436=CARTESIAN_POINT('',(26.4500000000001,64.1,107.75));
#11437=CARTESIAN_POINT('Origin',(28.0500000000001,64.1,107.75));
#11438=CARTESIAN_POINT('Origin',(4.44089209850063E-14,36.05,107.75));
#11439=CARTESIAN_POINT('Origin',(4.44089209850063E-14,36.05,107.75));
#11440=CARTESIAN_POINT('',(-33.05,19.525,107.75));
#11441=CARTESIAN_POINT('',(-29.65,64.1,107.75));
#11442=CARTESIAN_POINT('Origin',(-28.05,64.1,107.75));
#11443=CARTESIAN_POINT('Origin',(4.44089209850063E-14,36.05,107.75));
#11444=CARTESIAN_POINT('',(-33.05,36.05,106.15));
#11445=CARTESIAN_POINT('',(-33.05,36.05,107.75));
#11446=CARTESIAN_POINT('',(33.0500000000001,36.05,106.15));
#11447=CARTESIAN_POINT('Origin',(4.44089209850063E-14,36.05,106.15));
#11448=CARTESIAN_POINT('Origin',(4.44089209850063E-14,36.05,106.15));
#11449=CARTESIAN_POINT('Origin',(4.44089209850063E-14,36.05,106.15));
#11450=CARTESIAN_POINT('',(29.85,36.05,106.15));
#11451=CARTESIAN_POINT('Origin',(4.44089209850063E-14,36.05,106.15));
#11452=CARTESIAN_POINT('Origin',(31.45,36.05,106.15));
#11453=CARTESIAN_POINT('Origin',(4.44089209850063E-14,36.05,107.75));
#11454=CARTESIAN_POINT('',(29.85,36.05,107.75));
#11455=CARTESIAN_POINT('Origin',(-34.55,19.525,109.25));
#11456=CARTESIAN_POINT('Origin',(28.0500000000001,64.1,107.75));
#11457=CARTESIAN_POINT('',(26.4500000000001,64.1,105.25));
#11458=CARTESIAN_POINT('',(26.4500000000001,64.1,107.75));
#11459=CARTESIAN_POINT('Origin',(28.0500000000001,64.1,105.25));
#11460=CARTESIAN_POINT('Origin',(-28.05,8.,107.75));
#11461=CARTESIAN_POINT('',(-29.65,8.,105.25));
#11462=CARTESIAN_POINT('',(-29.65,8.,107.75));
#11463=CARTESIAN_POINT('Origin',(-28.05,8.,105.25));
#11464=CARTESIAN_POINT('Origin',(-28.05,64.1,107.75));
#11465=CARTESIAN_POINT('',(-29.65,64.1,105.25));
#11466=CARTESIAN_POINT('',(-29.65,64.1,107.75));
#11467=CARTESIAN_POINT('Origin',(-28.05,64.1,105.25));
#11468=CARTESIAN_POINT('Origin',(28.0500000000001,8.00000000000001,107.75));
#11469=CARTESIAN_POINT('',(26.4500000000001,8.00000000000001,105.25));
#11470=CARTESIAN_POINT('',(26.4500000000001,8.00000000000001,107.75));
#11471=CARTESIAN_POINT('Origin',(28.0500000000001,8.00000000000001,105.25));
#11472=CARTESIAN_POINT('Origin',(3.10862446895044E-14,80.5,1.77635683940025E-14));
#11473=CARTESIAN_POINT('',(-36.05,80.5,40.625));
#11474=CARTESIAN_POINT('',(-38.7114436276346,80.5,-6.67316672152504));
#11475=CARTESIAN_POINT('Origin',(-38.05,80.5,-8.56062329783654));
#11476=CARTESIAN_POINT('',(-38.7114436276346,80.5,6.67316672152504));
#11477=CARTESIAN_POINT('Origin',(-41.05,80.5,0.));
#11478=CARTESIAN_POINT('Origin',(-38.05,80.5,8.56062329783654));
#11479=CARTESIAN_POINT('',(-43.05,80.5,-2.44929359829471E-16));
#11480=CARTESIAN_POINT('Origin',(-41.05,80.5,0.));
#11481=CARTESIAN_POINT('Origin',(-42.0855339059327,70.5,0.));
#11482=CARTESIAN_POINT('',(-38.7114436276346,70.5,6.67316672152504));
#11483=CARTESIAN_POINT('Origin',(-38.05,70.5,8.56062329783654));
#11484=CARTESIAN_POINT('',(-38.7114436276346,70.5,-6.67316672152504));
#11485=CARTESIAN_POINT('Origin',(-41.05,70.5,0.));
#11486=CARTESIAN_POINT('Origin',(-38.05,70.5,-8.56062329783654));
#11487=CARTESIAN_POINT('Origin',(42.0855339059328,0.,62.75));
#11488=CARTESIAN_POINT('Origin',(38.05,0.,54.1893767021635));
#11489=CARTESIAN_POINT('Ctrl Pts',(-35.5500000475962,1.30642250945619E-16,
85.0591209701062));
#11490=CARTESIAN_POINT('Ctrl Pts',(-23.6035231257149,1.30642250945619E-16,
86.2218813749973));
#11491=CARTESIAN_POINT('Ctrl Pts',(-16.6804175673153,-8.32667268468867E-16,
87.6762028939556));
#11492=CARTESIAN_POINT('Ctrl Pts',(-7.88086402814637,-8.32667268468867E-16,
89.4504242349888));
#11493=CARTESIAN_POINT('Ctrl Pts',(-5.03904943057241,5.7814864007355E-13,
89.9992953331819));
#11494=CARTESIAN_POINT('Ctrl Pts',(-0.545669685207058,5.7814864007355E-13,
90.2961809012195));
#11495=CARTESIAN_POINT('Ctrl Pts',(0.993093726924128,-5.55111512312578E-16,
90.2842857487074));
#11496=CARTESIAN_POINT('Ctrl Pts',(7.81277445290707,-5.55111512312578E-16,
89.7469078413187));
#11497=CARTESIAN_POINT('Ctrl Pts',(12.9004236386161,-5.55111512312578E-16,
88.2053445947392));
#11498=CARTESIAN_POINT('Ctrl Pts',(26.7171731622715,-5.55111512312578E-16,
86.0229898902465));
#11499=CARTESIAN_POINT('Ctrl Pts',(31.1903287241378,1.06645495394165E-16,
85.4834513596004));
#11500=CARTESIAN_POINT('Ctrl Pts',(35.5499999839218,1.06645495394165E-16,
85.0591209763036));
#11501=CARTESIAN_POINT('',(-38.7114436276346,0.,69.4231667215251));
#11502=CARTESIAN_POINT('Origin',(-38.05,0.,71.3106232978366));
#11503=CARTESIAN_POINT('Origin',(-41.05,0.,62.75));
#11504=CARTESIAN_POINT('',(18.025,0.,-82.25));
#11505=CARTESIAN_POINT('Origin',(42.0855339059328,70.5,5.55111512312578E-16));
#11506=CARTESIAN_POINT('',(36.05,70.5,-8.56062329783654));
#11507=CARTESIAN_POINT('',(36.05,70.5,8.56062329783654));
#11508=CARTESIAN_POINT('',(36.05,70.5,41.375));
#11509=CARTESIAN_POINT('',(38.7114436276347,70.5,-6.67316672152504));
#11510=CARTESIAN_POINT('Origin',(38.05,70.5,-8.56062329783654));
#11511=CARTESIAN_POINT('',(38.7114436276347,70.5,6.67316672152504));
#11512=CARTESIAN_POINT('Origin',(41.0500000000001,70.5,0.));
#11513=CARTESIAN_POINT('Origin',(38.05,70.5,8.56062329783654));
#11514=CARTESIAN_POINT('Origin',(-41.05,80.5,0.));
#11515=CARTESIAN_POINT('',(-43.05,80.5,-2.44929359829471E-16));
#11516=CARTESIAN_POINT('Origin',(41.0500000000001,80.5,0.));
#11517=CARTESIAN_POINT('',(39.0500000000001,80.5,-2.44929359829471E-16));
#11518=CARTESIAN_POINT('Origin',(41.0500000000001,80.5,0.));
#11519=CARTESIAN_POINT('',(39.0500000000001,80.5,-2.44929359829471E-16));
#11520=CARTESIAN_POINT('Origin',(41.0500000000001,80.5,-62.75));
#11521=CARTESIAN_POINT('',(38.7114436276347,80.5,-69.423166721525));
#11522=CARTESIAN_POINT('',(38.7114436276347,80.5,-69.423166721525));
#11523=CARTESIAN_POINT('',(38.7114436276347,80.5,-56.0768332784749));
#11524=CARTESIAN_POINT('Origin',(41.0500000000001,80.5,-62.75));
#11525=CARTESIAN_POINT('',(38.7114436276347,80.5,-56.0768332784749));
#11526=CARTESIAN_POINT('Origin',(38.05,80.5,-54.1893767021634));
#11527=CARTESIAN_POINT('',(36.05,80.5,-54.1893767021634));
#11528=CARTESIAN_POINT('Origin',(38.05,80.5,-54.1893767021634));
#11529=CARTESIAN_POINT('',(36.05,80.5,-54.1893767021634));
#11530=CARTESIAN_POINT('Origin',(38.05,80.5,-71.3106232978365));
#11531=CARTESIAN_POINT('',(36.05,80.5,-71.3106232978365));
#11532=CARTESIAN_POINT('',(36.05,80.5,-71.3106232978365));
#11533=CARTESIAN_POINT('Origin',(38.05,80.5,-71.3106232978365));
#11534=CARTESIAN_POINT('Origin',(41.0500000000001,80.5,0.));
#11535=CARTESIAN_POINT('',(38.7114436276347,80.5,-6.67316672152504));
#11536=CARTESIAN_POINT('',(38.7114436276347,80.5,-6.67316672152503));
#11537=CARTESIAN_POINT('',(38.7114436276347,80.5,6.67316672152504));
#11538=CARTESIAN_POINT('Origin',(41.0500000000001,80.5,0.));
#11539=CARTESIAN_POINT('',(38.7114436276347,80.5,6.67316672152504));
#11540=CARTESIAN_POINT('Origin',(38.05,80.5,8.56062329783654));
#11541=CARTESIAN_POINT('',(36.05,80.5,8.56062329783654));
#11542=CARTESIAN_POINT('Origin',(38.05,80.5,8.56062329783654));
#11543=CARTESIAN_POINT('',(36.05,80.5,8.56062329783654));
#11544=CARTESIAN_POINT('Origin',(38.05,80.5,-8.56062329783654));
#11545=CARTESIAN_POINT('',(36.05,80.5,-8.56062329783654));
#11546=CARTESIAN_POINT('',(36.05,80.5,-8.56062329783654));
#11547=CARTESIAN_POINT('Origin',(38.05,80.5,-8.56062329783654));
#11548=CARTESIAN_POINT('Origin',(38.05,80.5,54.1893767021635));
#11549=CARTESIAN_POINT('',(36.05,80.5,54.1893767021635));
#11550=CARTESIAN_POINT('Origin',(-38.05,80.5,71.3106232978366));
#11551=CARTESIAN_POINT('',(-38.7114436276346,80.5,69.4231667215251));
#11552=CARTESIAN_POINT('Origin',(-41.05,80.5,62.75));
#11553=CARTESIAN_POINT('Origin',(-38.05,80.5,8.56062329783654));
#11554=CARTESIAN_POINT('',(-38.7114436276346,80.5,6.67316672152504));
#11555=CARTESIAN_POINT('Origin',(-41.05,80.5,0.));
#11556=CARTESIAN_POINT('',(-38.7114436276346,80.5,-6.67316672152504));
#11557=CARTESIAN_POINT('Origin',(-38.05,80.5,-8.56062329783654));
#11558=CARTESIAN_POINT('Origin',(27.9580481209119,8.07881799331625,105.25));
#11559=CARTESIAN_POINT('',(25.3599719095586,9.57881799331624,105.25));
#11560=CARTESIAN_POINT('',(25.3599719095586,6.57881799331625,105.25));
#11561=CARTESIAN_POINT('',(25.3599719095586,6.57881799331625,105.25));
#11562=CARTESIAN_POINT('',(27.9580481209119,11.0788179933163,105.25));
#11563=CARTESIAN_POINT('',(25.3599719095586,9.57881799331624,105.25));
#11564=CARTESIAN_POINT('',(30.5561243322652,9.57881799331626,105.25));
#11565=CARTESIAN_POINT('',(27.9580481209119,11.0788179933163,105.25));
#11566=CARTESIAN_POINT('',(30.5561243322652,6.57881799331626,105.25));
#11567=CARTESIAN_POINT('',(30.5561243322652,9.57881799331626,105.25));
#11568=CARTESIAN_POINT('',(27.9580481209119,5.07881799331625,105.25));
#11569=CARTESIAN_POINT('',(30.5561243322652,6.57881799331626,105.25));
#11570=CARTESIAN_POINT('',(27.9580481209119,5.07881799331625,105.25));
#11571=CARTESIAN_POINT('Origin',(25.3599719095586,9.57881799331624,102.75));
#11572=CARTESIAN_POINT('',(25.3599719095586,9.57881799331624,102.75));
#11573=CARTESIAN_POINT('',(25.3599719095586,6.57881799331625,102.75));
#11574=CARTESIAN_POINT('Origin',(25.3599719095586,6.57881799331625,102.75));
#11575=CARTESIAN_POINT('',(27.9580481209119,5.07881799331625,102.75));
#11576=CARTESIAN_POINT('Origin',(27.9580481209119,5.07881799331625,102.75));
#11577=CARTESIAN_POINT('',(30.5561243322652,6.57881799331626,102.75));
#11578=CARTESIAN_POINT('Origin',(30.5561243322652,6.57881799331626,102.75));
#11579=CARTESIAN_POINT('',(30.5561243322652,9.57881799331626,102.75));
#11580=CARTESIAN_POINT('Origin',(30.5561243322652,9.57881799331626,102.75));
#11581=CARTESIAN_POINT('',(27.9580481209119,11.0788179933163,102.75));
#11582=CARTESIAN_POINT('Origin',(27.9580481209119,11.0788179933163,102.75));
#11583=CARTESIAN_POINT('Origin',(-28.05,7.99999999999999,105.25));
#11584=CARTESIAN_POINT('',(-25.4519237886466,9.5,105.25));
#11585=CARTESIAN_POINT('',(-28.05,11.,105.25));
#11586=CARTESIAN_POINT('',(-28.05,11.,105.25));
#11587=CARTESIAN_POINT('',(-25.4519237886466,6.5,105.25));
#11588=CARTESIAN_POINT('',(-25.4519237886466,9.5,105.25));
#11589=CARTESIAN_POINT('',(-28.05,4.99999999999999,105.25));
#11590=CARTESIAN_POINT('',(-25.4519237886466,6.5,105.25));
#11591=CARTESIAN_POINT('',(-30.6480762113533,6.49999999999999,105.25));
#11592=CARTESIAN_POINT('',(-28.05,4.99999999999999,105.25));
#11593=CARTESIAN_POINT('',(-30.6480762113533,9.5,105.25));
#11594=CARTESIAN_POINT('',(-30.6480762113533,6.49999999999999,105.25));
#11595=CARTESIAN_POINT('',(-30.6480762113533,9.5,105.25));
#11596=CARTESIAN_POINT('Origin',(-25.4519237886466,9.5,102.75));
#11597=CARTESIAN_POINT('',(-25.4519237886466,9.5,102.75));
#11598=CARTESIAN_POINT('',(-28.05,11.,102.75));
#11599=CARTESIAN_POINT('Origin',(-28.05,11.,102.75));
#11600=CARTESIAN_POINT('',(-30.6480762113533,9.5,102.75));
#11601=CARTESIAN_POINT('Origin',(-30.6480762113533,9.5,102.75));
#11602=CARTESIAN_POINT('',(-30.6480762113533,6.49999999999999,102.75));
#11603=CARTESIAN_POINT('Origin',(-30.6480762113533,6.49999999999999,102.75));
#11604=CARTESIAN_POINT('',(-28.05,4.99999999999999,102.75));
#11605=CARTESIAN_POINT('Origin',(-28.05,4.99999999999999,102.75));
#11606=CARTESIAN_POINT('',(-25.4519237886466,6.5,102.75));
#11607=CARTESIAN_POINT('Origin',(-25.4519237886466,6.5,102.75));
#11608=CARTESIAN_POINT('Origin',(27.9589888206838,64.0858584837266,105.25));
#11609=CARTESIAN_POINT('',(27.9589888206838,61.0858584837266,105.25));
#11610=CARTESIAN_POINT('',(30.5570650320371,62.5858584837266,105.25));
#11611=CARTESIAN_POINT('',(30.5570650320371,62.5858584837266,105.25));
#11612=CARTESIAN_POINT('',(25.3609126093305,62.5858584837266,105.25));
#11613=CARTESIAN_POINT('',(27.9589888206838,61.0858584837266,105.25));
#11614=CARTESIAN_POINT('',(25.3609126093305,65.5858584837266,105.25));
#11615=CARTESIAN_POINT('',(25.3609126093305,62.5858584837266,105.25));
#11616=CARTESIAN_POINT('',(27.9589888206838,67.0858584837266,105.25));
#11617=CARTESIAN_POINT('',(25.3609126093305,65.5858584837266,105.25));
#11618=CARTESIAN_POINT('',(30.5570650320371,65.5858584837266,105.25));
#11619=CARTESIAN_POINT('',(27.9589888206838,67.0858584837266,105.25));
#11620=CARTESIAN_POINT('',(30.5570650320371,65.5858584837266,105.25));
#11621=CARTESIAN_POINT('Origin',(27.9589888206838,61.0858584837266,102.75));
#11622=CARTESIAN_POINT('',(27.9589888206838,61.0858584837266,102.75));
#11623=CARTESIAN_POINT('',(30.5570650320371,62.5858584837266,102.75));
#11624=CARTESIAN_POINT('Origin',(30.5570650320371,62.5858584837266,102.75));
#11625=CARTESIAN_POINT('',(30.5570650320371,65.5858584837266,102.75));
#11626=CARTESIAN_POINT('Origin',(30.5570650320371,65.5858584837266,102.75));
#11627=CARTESIAN_POINT('',(27.9589888206838,67.0858584837266,102.75));
#11628=CARTESIAN_POINT('Origin',(27.9589888206838,67.0858584837266,102.75));
#11629=CARTESIAN_POINT('',(25.3609126093305,65.5858584837266,102.75));
#11630=CARTESIAN_POINT('Origin',(25.3609126093305,65.5858584837266,102.75));
#11631=CARTESIAN_POINT('',(25.3609126093305,62.5858584837266,102.75));
#11632=CARTESIAN_POINT('Origin',(25.3609126093305,62.5858584837266,102.75));
#11633=CARTESIAN_POINT('Origin',(-28.05,64.1,105.25));
#11634=CARTESIAN_POINT('',(-25.4519237886467,62.6,105.25));
#11635=CARTESIAN_POINT('',(-25.4519237886467,65.6,105.25));
#11636=CARTESIAN_POINT('',(-25.4519237886467,65.6,105.25));
#11637=CARTESIAN_POINT('',(-28.05,61.1,105.25));
#11638=CARTESIAN_POINT('',(-25.4519237886467,62.6,105.25));
#11639=CARTESIAN_POINT('',(-30.6480762113533,62.6,105.25));
#11640=CARTESIAN_POINT('',(-28.05,61.1,105.25));
#11641=CARTESIAN_POINT('',(-30.6480762113533,65.6,105.25));
#11642=CARTESIAN_POINT('',(-30.6480762113533,62.6,105.25));
#11643=CARTESIAN_POINT('',(-28.05,67.1,105.25));
#11644=CARTESIAN_POINT('',(-30.6480762113533,65.6,105.25));
#11645=CARTESIAN_POINT('',(-28.05,67.1,105.25));
#11646=CARTESIAN_POINT('Origin',(-25.4519237886467,62.6,102.75));
#11647=CARTESIAN_POINT('',(-25.4519237886467,62.6,102.75));
#11648=CARTESIAN_POINT('',(-25.4519237886467,65.6,102.75));
#11649=CARTESIAN_POINT('Origin',(-25.4519237886467,65.6,102.75));
#11650=CARTESIAN_POINT('',(-28.05,67.1,102.75));
#11651=CARTESIAN_POINT('Origin',(-28.05,67.1,102.75));
#11652=CARTESIAN_POINT('',(-30.6480762113533,65.6,102.75));
#11653=CARTESIAN_POINT('Origin',(-30.6480762113533,65.6,102.75));
#11654=CARTESIAN_POINT('',(-30.6480762113533,62.6,102.75));
#11655=CARTESIAN_POINT('Origin',(-30.6480762113533,62.6,102.75));
#11656=CARTESIAN_POINT('',(-28.05,61.1,102.75));
#11657=CARTESIAN_POINT('Origin',(-28.05,61.1,102.75));
#11658=CARTESIAN_POINT('Origin',(-36.05,79.5,-14.5606232978366));
#11659=CARTESIAN_POINT('',(-31.5499999999796,79.,-16.1645247910711));
#11660=CARTESIAN_POINT('',(-31.5499999999796,79.,-12.956721804602));
#11661=CARTESIAN_POINT('Origin',(-31.5499999999796,79.5,-14.5606232978366));
#11662=CARTESIAN_POINT('',(-34.55,79.,-16.1645247910711));
#11663=CARTESIAN_POINT('',(-36.05,79.,-16.1645247910711));
#11664=CARTESIAN_POINT('',(-35.55,80.,-16.1645247910711));
#11665=CARTESIAN_POINT('Origin',(-35.05,79.5,-14.5606232978366));
#11666=CARTESIAN_POINT('',(-35.55,80.,-12.956721804602));
#11667=CARTESIAN_POINT('Origin',(-35.55,79.5,-14.5606232978366));
#11668=CARTESIAN_POINT('',(-34.55,79.,-12.956721804602));
#11669=CARTESIAN_POINT('Origin',(-35.05,79.5,-14.5606232978366));
#11670=CARTESIAN_POINT('',(-36.05,79.,-12.956721804602));
#11671=CARTESIAN_POINT('Origin',(3.10862446895044E-14,80.5,1.77635683940025E-14));
#11672=CARTESIAN_POINT('',(36.05,80.5,-40.625));
#11673=CARTESIAN_POINT('Origin',(3.10862446895044E-14,80.5,1.77635683940025E-14));
#11674=CARTESIAN_POINT('',(36.05,80.5,-40.625));
#11675=CARTESIAN_POINT('Origin',(3.10862446895044E-14,80.5,1.77635683940025E-14));
#11676=CARTESIAN_POINT('',(36.05,80.5,-40.625));
#11677=CARTESIAN_POINT('Origin',(3.10862446895044E-14,80.5,1.77635683940025E-14));
#11678=CARTESIAN_POINT('',(-36.05,80.5,40.625));
#11679=CARTESIAN_POINT('Origin',(-17.275,79.75,-82.));
#11680=CARTESIAN_POINT('',(-35.9035533905933,80.3535533905933,-82.6035533905932));
#11681=CARTESIAN_POINT('Origin',(-35.55,80.,-82.25));
#11682=CARTESIAN_POINT('',(-34.55,79.,-81.25));
#11683=CARTESIAN_POINT('',(-36.05,80.5,-82.7499999999999));
#11684=CARTESIAN_POINT('',(34.55,79.,-81.25));
#11685=CARTESIAN_POINT('',(-17.275,79.,-81.25));
#11686=CARTESIAN_POINT('',(35.9035533905933,80.3535533905933,-82.6035533905932));
#11687=CARTESIAN_POINT('',(36.05,80.5,-82.75));
#11688=CARTESIAN_POINT('Origin',(35.55,80.,-82.25));
#11689=CARTESIAN_POINT('Origin',(17.275,79.75,82.));
#11690=CARTESIAN_POINT('',(35.9035533905933,80.3535533905933,82.6035533905933));
#11691=CARTESIAN_POINT('',(35.55,80.5,82.75));
#11692=CARTESIAN_POINT('Origin',(35.55,80.,82.25));
#11693=CARTESIAN_POINT('',(34.5500000000001,79.,81.25));
#11694=CARTESIAN_POINT('',(36.0500000000001,80.5,82.75));
#11695=CARTESIAN_POINT('',(-34.5499999999999,79.,81.25));
#11696=CARTESIAN_POINT('',(17.275,79.,81.25));
#11697=CARTESIAN_POINT('',(-35.9035533905932,80.3535533905933,82.6035533905933));
#11698=CARTESIAN_POINT('',(-19.6416666666667,64.0916666666667,66.3416666666667));
#11699=CARTESIAN_POINT('',(-35.55,80.5,82.75));
#11700=CARTESIAN_POINT('Origin',(-35.55,80.,82.25));
#11701=CARTESIAN_POINT('',(-36.0499999999999,80.5,82.75));
#11702=CARTESIAN_POINT('Origin',(3.10862446895044E-14,80.5,1.77635683940025E-14));
#11703=CARTESIAN_POINT('',(-36.05,80.5,20.3125));
#11704=CARTESIAN_POINT('Origin',(-36.05,80.,44.1893767021635));
#11705=CARTESIAN_POINT('',(-35.55,79.5688858025164,43.538115964265));
#11706=CARTESIAN_POINT('',(-35.55,79.5688858025164,44.840637440062));
#11707=CARTESIAN_POINT('Origin',(-36.2571067811865,80.,44.1893767021635));
#11708=CARTESIAN_POINT('Origin',(-35.55,80.,44.1893767021635));
#11709=CARTESIAN_POINT('Origin',(-35.55,80.,44.1893767021635));
#11710=CARTESIAN_POINT('Ctrl Pts',(-36.05,80.4887449624915,43.0052511474904));
#11711=CARTESIAN_POINT('Ctrl Pts',(-36.05,80.4821644189805,43.03072570259));
#11712=CARTESIAN_POINT('Ctrl Pts',(-36.0479633432022,80.4710389247871,43.0541067502747));
#11713=CARTESIAN_POINT('Ctrl Pts',(-36.0389918727031,80.4378583036345,43.1024060457039));
#11714=CARTESIAN_POINT('Ctrl Pts',(-36.031144480261,80.414570758326,43.1251009121336));
#11715=CARTESIAN_POINT('Ctrl Pts',(-36.0050911179352,80.3461859651087,43.1786590459647));
#11716=CARTESIAN_POINT('Ctrl Pts',(-35.9818924290833,80.2936819159269,43.2061428015238));
#11717=CARTESIAN_POINT('Ctrl Pts',(-35.8643160110652,80.053624285983,43.314212883823));
#11718=CARTESIAN_POINT('Ctrl Pts',(-35.7090211890089,79.8077422785982,43.3812203640463));
#11719=CARTESIAN_POINT('Ctrl Pts',(-35.5520117696171,79.5719070051433,43.536119937328));
#11720=CARTESIAN_POINT('Ctrl Pts',(-35.5510054702612,79.5703956923963,43.5371164644856));
#11721=CARTESIAN_POINT('Ctrl Pts',(-35.55,79.5688858025164,43.538115964265));
#11722=CARTESIAN_POINT('Ctrl Pts',(-35.55,79.5688858025164,44.840637440062));
#11723=CARTESIAN_POINT('Ctrl Pts',(-35.5510054702612,79.5703956923964,44.8416369398414));
#11724=CARTESIAN_POINT('Ctrl Pts',(-35.5520117696171,79.5719070051432,44.8426334669989));
#11725=CARTESIAN_POINT('Ctrl Pts',(-35.7090211890142,79.8077422786059,44.9975330402857));
#11726=CARTESIAN_POINT('Ctrl Pts',(-35.8643160110648,80.0536242859822,45.0645405205036));
#11727=CARTESIAN_POINT('Ctrl Pts',(-35.981892429083,80.2936819159262,45.1726106028028));
#11728=CARTESIAN_POINT('Ctrl Pts',(-36.0050911179351,80.3461859651084,45.200094358362));
#11729=CARTESIAN_POINT('Ctrl Pts',(-36.031144480261,80.4145707583261,45.2536524921934));
#11730=CARTESIAN_POINT('Ctrl Pts',(-36.0389918727031,80.4378583036345,45.276347358623));
#11731=CARTESIAN_POINT('Ctrl Pts',(-36.0479633432022,80.4710389247871,45.3246466540523));
#11732=CARTESIAN_POINT('Ctrl Pts',(-36.05,80.4821644189805,45.3480277017369));
#11733=CARTESIAN_POINT('Ctrl Pts',(-36.05,80.4887449624915,45.3735022568365));
#11734=CARTESIAN_POINT('Ctrl Pts',(-36.4052726041367,80.0903348568493,43.4135934762311));
#11735=CARTESIAN_POINT('Ctrl Pts',(-36.200870300416,79.9657133180989,43.3990821172754));
#11736=CARTESIAN_POINT('Ctrl Pts',(-35.7804964483973,79.7094166162739,43.431338553757));
#11737=CARTESIAN_POINT('Ctrl Pts',(-35.2584853099706,79.3911529268171,43.6522481396311));
#11738=CARTESIAN_POINT('Ctrl Pts',(-34.9636619973274,79.2114028251191,43.9956280698521));
#11739=CARTESIAN_POINT('Ctrl Pts',(-34.9641753014717,79.2117157802627,44.3830435326257));
#11740=CARTESIAN_POINT('Ctrl Pts',(-35.2582758730105,79.3910252357111,44.7265512602366));
#11741=CARTESIAN_POINT('Ctrl Pts',(-35.7805591811011,79.7094548636221,44.9474144195345));
#11742=CARTESIAN_POINT('Ctrl Pts',(-36.2008664714336,79.965710983616,44.9796711857673));
#11743=CARTESIAN_POINT('Ctrl Pts',(-36.4052688454609,80.0903325652315,44.9651601949362));
#11744=CARTESIAN_POINT('Ctrl Pts',(-36.3075605685384,80.186739731853,43.4248191901831));
#11745=CARTESIAN_POINT('Ctrl Pts',(-36.1108435008294,80.058398438812,43.3937805023343));
#11746=CARTESIAN_POINT('Ctrl Pts',(-35.7017280741009,79.781432936946,43.398764543488));
#11747=CARTESIAN_POINT('Ctrl Pts',(-35.1891177035993,79.4196309510809,43.611756582397));
#11748=CARTESIAN_POINT('Ctrl Pts',(-34.8984553108568,79.2100753451582,43.9783779167733));
#11749=CARTESIAN_POINT('Ctrl Pts',(-34.8989488041915,79.2105254718533,44.400327735343));
#11750=CARTESIAN_POINT('Ctrl Pts',(-35.1889012882189,79.4194566884126,44.7669724573304));
#11751=CARTESIAN_POINT('Ctrl Pts',(-35.7017897983741,79.781488778157,44.9800462441573));
#11752=CARTESIAN_POINT('Ctrl Pts',(-36.1108397867826,80.0583959541691,44.9849730715367));
#11753=CARTESIAN_POINT('Ctrl Pts',(-36.3075569496322,80.1867373686547,44.9539347779546));
#11754=CARTESIAN_POINT('Ctrl Pts',(-36.1132504374999,80.3924217272096,43.327159196098));
#11755=CARTESIAN_POINT('Ctrl Pts',(-35.931130498983,80.2352022081543,43.2797217109271));
#11756=CARTESIAN_POINT('Ctrl Pts',(-35.5441811084358,79.892032189361,43.2668882039751));
#11757=CARTESIAN_POINT('Ctrl Pts',(-35.0500181397442,79.4422442109249,43.5075613385171));
#11758=CARTESIAN_POINT('Ctrl Pts',(-34.7677589633028,79.1820336552544,43.9388206404388));
#11759=CARTESIAN_POINT('Ctrl Pts',(-34.7683350038359,79.1825365102177,44.4397541877233));
#11760=CARTESIAN_POINT('Ctrl Pts',(-35.049805875886,79.4420223267789,44.8713160460482));
#11761=CARTESIAN_POINT('Ctrl Pts',(-35.5442490162606,79.8920957284631,45.1118412423132));
#11762=CARTESIAN_POINT('Ctrl Pts',(-35.9311270118711,80.2351991426761,45.0990320823734));
#11763=CARTESIAN_POINT('Ctrl Pts',(-36.113247090549,80.3924188358897,45.0515950831587));
#11764=CARTESIAN_POINT('Ctrl Pts',(-36.0437278018236,80.4937278018236,43.054207429191));
#11765=CARTESIAN_POINT('Ctrl Pts',(-35.8512579697784,80.3007499036846,43.0221838786971));
#11766=CARTESIAN_POINT('Ctrl Pts',(-35.4492773553716,79.8988537416322,43.0530107888547));
#11767=CARTESIAN_POINT('Ctrl Pts',(-34.9440893789981,79.3933108429281,43.3746014092639));
#11768=CARTESIAN_POINT('Ctrl Pts',(-34.6570095864247,79.1064235725187,43.8940144049554));
#11769=CARTESIAN_POINT('Ctrl Pts',(-34.6574163589402,79.1070551545004,44.484617535308));
#11770=CARTESIAN_POINT('Ctrl Pts',(-34.9438608991146,79.3931142183464,45.004209633836));
#11771=CARTESIAN_POINT('Ctrl Pts',(-35.4493333044102,79.8989248867458,45.3257545784311));
#11772=CARTESIAN_POINT('Ctrl Pts',(-35.8512543239,80.3007462596728,45.356569546454));
#11773=CARTESIAN_POINT('Ctrl Pts',(-36.0437242573051,80.4937242573051,45.3245465619292));
#11774=CARTESIAN_POINT('Ctrl Pts',(-36.0517192135434,80.5017192135435,42.9169491574678));
#11775=CARTESIAN_POINT('Ctrl Pts',(-35.8473169098228,80.2973169098228,42.8931478528907));
#11776=CARTESIAN_POINT('Ctrl Pts',(-35.426943057804,79.8769430578041,42.9460543567966));
#11777=CARTESIAN_POINT('Ctrl Pts',(-34.9049319193773,79.3549319193774,43.3083868132837));
#11778=CARTESIAN_POINT('Ctrl Pts',(-34.6101086067341,79.0601086067342,43.87159321799));
#11779=CARTESIAN_POINT('Ctrl Pts',(-34.6106219108785,79.0606219108785,44.5070260162202));
#11780=CARTESIAN_POINT('Ctrl Pts',(-34.9047224824172,79.3547224824172,45.0704420322117));
#11781=CARTESIAN_POINT('Ctrl Pts',(-35.4270057905078,79.8770057905079,45.4326983405527));
#11782=CARTESIAN_POINT('Ctrl Pts',(-35.8473130808403,80.2973130808404,45.4856053853114));
#11783=CARTESIAN_POINT('Ctrl Pts',(-36.0517154548676,80.5017154548677,45.4618046845266));
#11784=CARTESIAN_POINT('Origin',(-35.9035533905932,80.3535533905933,44.1893767021635));
#11785=CARTESIAN_POINT('Origin',(-36.05,80.,39.1893767021635));
#11786=CARTESIAN_POINT('',(-35.55,79.5688858025164,38.538115964265));
#11787=CARTESIAN_POINT('',(-35.55,79.5688858025164,39.840637440062));
#11788=CARTESIAN_POINT('Origin',(-36.2571067811865,80.,39.1893767021635));
#11789=CARTESIAN_POINT('Origin',(-35.55,80.,39.1893767021635));
#11790=CARTESIAN_POINT('Origin',(-35.2999999999999,79.75,40.625));
#11791=CARTESIAN_POINT('Origin',(-35.55,80.0000000000001,82.25));
#11792=CARTESIAN_POINT('',(-34.55,79.,40.625));
#11793=CARTESIAN_POINT('Ctrl Pts',(-36.05,80.5,-12.6234785532082));
#11794=CARTESIAN_POINT('Ctrl Pts',(-36.05,80.5,-12.6837080161395));
#11795=CARTESIAN_POINT('Ctrl Pts',(-36.0388894537418,80.4888894537418,-12.7542547278905));
#11796=CARTESIAN_POINT('Ctrl Pts',(-36.0082668694791,80.4582668694791,-12.8299419566192));
#11797=CARTESIAN_POINT('Ctrl Pts',(-35.99427560605,80.44427560605,-12.8555554148816));
#11798=CARTESIAN_POINT('Ctrl Pts',(-35.9663282390563,80.4163282390563,-12.8942403118086));
#11799=CARTESIAN_POINT('Ctrl Pts',(-35.9469147502775,80.3969147502775,-12.914295794643));
#11800=CARTESIAN_POINT('Ctrl Pts',(-35.887050714065,80.337050714065,-12.9612642717392));
#11801=CARTESIAN_POINT('Ctrl Pts',(-35.8304348036516,80.2804348036516,-12.9797799763129));
#11802=CARTESIAN_POINT('Ctrl Pts',(-35.7090500628991,80.1590500628991,-12.9935415390671));
#11803=CARTESIAN_POINT('Ctrl Pts',(-35.6216294954338,80.0716294954338,-12.9790515722766));
#11804=CARTESIAN_POINT('Ctrl Pts',(-35.55,80.,-12.956721804602));
#11805=CARTESIAN_POINT('Origin',(-35.9035533905932,80.3535533905933,39.1893767021635));
#11806=CARTESIAN_POINT('Origin',(-35.55,80.,39.1893767021635));
#11807=CARTESIAN_POINT('Ctrl Pts',(-35.55,79.5688858025164,39.840637440062));
#11808=CARTESIAN_POINT('Ctrl Pts',(-35.5510054702877,79.5703956924362,39.8416369398678));
#11809=CARTESIAN_POINT('Ctrl Pts',(-35.5520117695892,79.5719070051027,39.8426334669724));
#11810=CARTESIAN_POINT('Ctrl Pts',(-35.7090211906279,79.8077422809739,39.9975330418413));
#11811=CARTESIAN_POINT('Ctrl Pts',(-35.8643160109369,80.0536242857211,40.064540520386));
#11812=CARTESIAN_POINT('Ctrl Pts',(-35.9818924290828,80.2936819159259,40.1726106028027));
#11813=CARTESIAN_POINT('Ctrl Pts',(-36.005091117935,80.3461859651082,40.2000943583619));
#11814=CARTESIAN_POINT('Ctrl Pts',(-36.031144480261,80.414570758326,40.2536524921934));
#11815=CARTESIAN_POINT('Ctrl Pts',(-36.0389918727031,80.4378583036345,40.276347358623));
#11816=CARTESIAN_POINT('Ctrl Pts',(-36.0479633432022,80.4710389247871,40.3246466540524));
#11817=CARTESIAN_POINT('Ctrl Pts',(-36.05,80.4821644189805,40.348027701737));
#11818=CARTESIAN_POINT('Ctrl Pts',(-36.05,80.4887449624915,40.3735022568365));
#11819=CARTESIAN_POINT('Ctrl Pts',(-36.05,80.4887449624915,38.0052511474904));
#11820=CARTESIAN_POINT('Ctrl Pts',(-36.05,80.4821644189805,38.03072570259));
#11821=CARTESIAN_POINT('Ctrl Pts',(-36.0479633432022,80.4710389247871,38.0541067502746));
#11822=CARTESIAN_POINT('Ctrl Pts',(-36.0389918727031,80.4378583036345,38.102406045704));
#11823=CARTESIAN_POINT('Ctrl Pts',(-36.031144480261,80.4145707583259,38.1251009121337));
#11824=CARTESIAN_POINT('Ctrl Pts',(-36.005091117935,80.3461859651083,38.178659045965));
#11825=CARTESIAN_POINT('Ctrl Pts',(-35.9818924290829,80.2936819159261,38.2061428015242));
#11826=CARTESIAN_POINT('Ctrl Pts',(-35.8643160109368,80.0536242857209,38.314212883941));
#11827=CARTESIAN_POINT('Ctrl Pts',(-35.7090211906285,79.8077422809748,38.3812203624851));
#11828=CARTESIAN_POINT('Ctrl Pts',(-35.5520117695892,79.5719070051027,38.5361199373546));
#11829=CARTESIAN_POINT('Ctrl Pts',(-35.5510054702877,79.5703956924362,38.5371164644592));
#11830=CARTESIAN_POINT('Ctrl Pts',(-35.55,79.5688858025164,38.538115964265));
#11831=CARTESIAN_POINT('Ctrl Pts',(-36.4052726041367,80.0903348568493,38.4135934762311));
#11832=CARTESIAN_POINT('Ctrl Pts',(-36.200870300416,79.9657133180989,38.3990821172754));
#11833=CARTESIAN_POINT('Ctrl Pts',(-35.7806314988077,79.7094989548271,38.4312870638546));
#11834=CARTESIAN_POINT('Ctrl Pts',(-35.258113214306,79.3909260647249,38.6523168274481));
#11835=CARTESIAN_POINT('Ctrl Pts',(-34.9645216877369,79.2119269676544,38.9954500312609));
#11836=CARTESIAN_POINT('Ctrl Pts',(-34.9628726852123,79.2109215913534,39.4481951667036));
#11837=CARTESIAN_POINT('Ctrl Pts',(-35.3347060719311,79.4376237760559,39.7786926039972));
#11838=CARTESIAN_POINT('Ctrl Pts',(-35.8865391715237,79.7740695438034,39.9550185876331));
#11839=CARTESIAN_POINT('Ctrl Pts',(-36.2008664714336,79.965710983616,39.9796711857673));
#11840=CARTESIAN_POINT('Ctrl Pts',(-36.4052688454609,80.0903325652315,39.9651601949362));
#11841=CARTESIAN_POINT('Ctrl Pts',(-36.3075605685384,80.186739731853,38.4248191901831));
#11842=CARTESIAN_POINT('Ctrl Pts',(-36.1108435008294,80.058398438812,38.3937805023343));
#11843=CARTESIAN_POINT('Ctrl Pts',(-35.7018641860196,79.7815463614816,38.3986310164891));
#11844=CARTESIAN_POINT('Ctrl Pts',(-35.1887285170117,79.4193299440797,38.6119403294065));
#11845=CARTESIAN_POINT('Ctrl Pts',(-34.8993048413424,79.2108025090463,38.9780460198865));
#11846=CARTESIAN_POINT('Ctrl Pts',(-34.8976274443775,79.2094523532479,39.4714039802604));
#11847=CARTESIAN_POINT('Ctrl Pts',(-35.2643362720182,79.4740606822171,39.8210962715124));
#11848=CARTESIAN_POINT('Ctrl Pts',(-35.8049531821562,79.8514590790956,39.9803474042492));
#11849=CARTESIAN_POINT('Ctrl Pts',(-36.1108397867826,80.0583959541691,39.9849730715367));
#11850=CARTESIAN_POINT('Ctrl Pts',(-36.3075569496322,80.1867373686547,39.9539347779546));
#11851=CARTESIAN_POINT('Ctrl Pts',(-36.1132490934154,80.3924228514414,38.3271610841635));
#11852=CARTESIAN_POINT('Ctrl Pts',(-35.9311291548985,80.2352033323861,38.2797235989926));
#11853=CARTESIAN_POINT('Ctrl Pts',(-35.5443261033402,79.8921727527622,38.266816715916));
#11854=CARTESIAN_POINT('Ctrl Pts',(-35.0496348503134,79.4418434939828,38.5076632039488));
#11855=CARTESIAN_POINT('Ctrl Pts',(-34.7687113297525,79.1829052098457,38.9385123221854));
#11856=CARTESIAN_POINT('Ctrl Pts',(-34.7669246047444,79.1811774279507,39.5243941029872));
#11857=CARTESIAN_POINT('Ctrl Pts',(-35.1233353284835,79.5099408455753,39.9348363058103));
#11858=CARTESIAN_POINT('Ctrl Pts',(-35.6419750152989,79.9788112087753,40.1079074980032));
#11859=CARTESIAN_POINT('Ctrl Pts',(-35.9311256677945,80.2352002669068,40.0990301943183));
#11860=CARTESIAN_POINT('Ctrl Pts',(-36.1132457464723,80.3924199601204,40.0515931951036));
#11861=CARTESIAN_POINT('Ctrl Pts',(-36.0437278018236,80.4937278018237,38.054207429191));
#11862=CARTESIAN_POINT('Ctrl Pts',(-35.8512579697784,80.3007499036846,38.0221838786971));
#11863=CARTESIAN_POINT('Ctrl Pts',(-35.4494076032477,79.898998709754,38.0529110909391));
#11864=CARTESIAN_POINT('Ctrl Pts',(-34.9436735565722,79.392966335449,38.3747372138695));
#11865=CARTESIAN_POINT('Ctrl Pts',(-34.6577691591979,79.1074134576767,38.8936966517603));
#11866=CARTESIAN_POINT('Ctrl Pts',(-34.6561377908015,79.1056731812563,39.5840179154033));
#11867=CARTESIAN_POINT('Ctrl Pts',(-35.0183141600192,79.4677254045244,40.0823819812603));
#11868=CARTESIAN_POINT('Ctrl Pts',(-35.5506355570749,80.0004036260422,40.332632214882));
#11869=CARTESIAN_POINT('Ctrl Pts',(-35.8512543239,80.3007462596728,40.356569546454));
#11870=CARTESIAN_POINT('Ctrl Pts',(-36.0437242573051,80.4937242573051,40.3245465619292));
#11871=CARTESIAN_POINT('Ctrl Pts',(-36.0517192135434,80.5017192135435,37.9169491574678));
#11872=CARTESIAN_POINT('Ctrl Pts',(-35.8473169098228,80.2973169098228,37.8931478528907));
#11873=CARTESIAN_POINT('Ctrl Pts',(-35.4270781082144,79.8770781082144,37.945969903862));
#11874=CARTESIAN_POINT('Ctrl Pts',(-34.9045598237128,79.3545598237128,38.3084994739695));
#11875=CARTESIAN_POINT('Ctrl Pts',(-34.6109682971437,79.0609682971437,38.8713012018701));
#11876=CARTESIAN_POINT('Ctrl Pts',(-34.609319294619,79.059319294619,39.6138867100472));
#11877=CARTESIAN_POINT('Ctrl Pts',(-34.9811526813378,79.4311526813379,40.1559634508253));
#11878=CARTESIAN_POINT('Ctrl Pts',(-35.5329857809304,79.9829857809305,40.4451705784404));
#11879=CARTESIAN_POINT('Ctrl Pts',(-35.8473130808403,80.2973130808404,40.4856053853114));
#11880=CARTESIAN_POINT('Ctrl Pts',(-36.0517154548677,80.5017154548677,40.4618046845266));
#11881=CARTESIAN_POINT('Origin',(-35.55,79.5,-14.5606232978366));
#11882=CARTESIAN_POINT('Ctrl Pts',(-35.55,80.,-16.1645247910711));
#11883=CARTESIAN_POINT('Ctrl Pts',(-35.6216294954338,80.0716294954338,-16.1421950233965));
#11884=CARTESIAN_POINT('Ctrl Pts',(-35.7090500628991,80.1590500628991,-16.127705056606));
#11885=CARTESIAN_POINT('Ctrl Pts',(-35.8304348036516,80.2804348036516,-16.1414666193602));
#11886=CARTESIAN_POINT('Ctrl Pts',(-35.887050714065,80.337050714065,-16.1599823239339));
#11887=CARTESIAN_POINT('Ctrl Pts',(-35.9469147502775,80.3969147502775,-16.2069508010302));
#11888=CARTESIAN_POINT('Ctrl Pts',(-35.9663282390563,80.4163282390563,-16.2270062838645));
#11889=CARTESIAN_POINT('Ctrl Pts',(-35.99427560605,80.44427560605,-16.2656911807915));
#11890=CARTESIAN_POINT('Ctrl Pts',(-36.0082668694791,80.4582668694791,-16.2913046390539));
#11891=CARTESIAN_POINT('Ctrl Pts',(-36.0388894537418,80.4888894537418,-16.3669918677827));
#11892=CARTESIAN_POINT('Ctrl Pts',(-36.05,80.5,-16.4375385795336));
#11893=CARTESIAN_POINT('Ctrl Pts',(-36.05,80.5,-16.4977680424649));
#11894=CARTESIAN_POINT('Origin',(-31.0499999999796,5.,77.7499999999797));
#11895=CARTESIAN_POINT('',(-31.0499999999796,79.,-12.4387067675175));
#11896=CARTESIAN_POINT('',(-31.0499999999796,79.,-16.6825398281556));
#11897=CARTESIAN_POINT('Origin',(-31.0499999999796,79.5,-14.5606232978366));
#11898=CARTESIAN_POINT('',(-31.0499999999796,79.,77.7499999999797));
#11899=CARTESIAN_POINT('',(-31.0499999999796,79.,77.7499999999797));
#11900=CARTESIAN_POINT('Origin',(0.,79.,1.77635683940025E-14));
#11901=CARTESIAN_POINT('Ctrl Pts',(-31.0499999999796,79.,-16.6825398281556));
#11902=CARTESIAN_POINT('Ctrl Pts',(-31.0499999999796,79.,-16.6183865062449));
#11903=CARTESIAN_POINT('Ctrl Pts',(-31.064764451989,79.,-16.5428315917628));
#11904=CARTESIAN_POINT('Ctrl Pts',(-31.1128192221202,79.,-16.4243974527584));
#11905=CARTESIAN_POINT('Ctrl Pts',(-31.1544683035653,79.,-16.3603595849712));
#11906=CARTESIAN_POINT('Ctrl Pts',(-31.2424553598827,79.,-16.2701308746588));
#11907=CARTESIAN_POINT('Ctrl Pts',(-31.304033365337,79.,-16.2275918226264));
#11908=CARTESIAN_POINT('Ctrl Pts',(-31.4174756557908,79.,-16.1793008880909));
#11909=CARTESIAN_POINT('Ctrl Pts',(-31.4890758565874,79.,-16.1645247910711));
#11910=CARTESIAN_POINT('Ctrl Pts',(-31.5499999999796,79.,-16.1645247910711));
#11911=CARTESIAN_POINT('Ctrl Pts',(-31.5499999999796,79.,-12.956721804602));
#11912=CARTESIAN_POINT('Ctrl Pts',(-31.4890758565874,79.,-12.956721804602));
#11913=CARTESIAN_POINT('Ctrl Pts',(-31.4174756557908,79.,-12.9419457075822));
#11914=CARTESIAN_POINT('Ctrl Pts',(-31.304033365337,79.,-12.8936547730467));
#11915=CARTESIAN_POINT('Ctrl Pts',(-31.2424553598827,79.,-12.8511157210143));
#11916=CARTESIAN_POINT('Ctrl Pts',(-31.1544683035653,79.,-12.7608870107019));
#11917=CARTESIAN_POINT('Ctrl Pts',(-31.1128192221202,79.,-12.6968491429147));
#11918=CARTESIAN_POINT('Ctrl Pts',(-31.064764451989,79.,-12.5784150039103));
#11919=CARTESIAN_POINT('Ctrl Pts',(-31.0499999999796,79.,-12.5028600894282));
#11920=CARTESIAN_POINT('Ctrl Pts',(-31.0499999999796,79.,-12.4387067675175));
#11921=CARTESIAN_POINT('',(34.55,79.,-40.625));
#11922=CARTESIAN_POINT('',(-34.55,79.,40.625));
#11923=CARTESIAN_POINT('Origin',(-31.5499999999796,79.5,-14.5606232978366));
#11924=CARTESIAN_POINT('Origin',(-36.05,80.,-39.1893767021634));
#11925=CARTESIAN_POINT('',(-35.55,79.5688858025164,-39.8406374400619));
#11926=CARTESIAN_POINT('',(-35.55,79.5688858025164,-38.5381159642649));
#11927=CARTESIAN_POINT('Origin',(-36.2571067811865,80.,-39.1893767021634));
#11928=CARTESIAN_POINT('Origin',(-35.55,80.,-39.1893767021634));
#11929=CARTESIAN_POINT('Origin',(-35.55,80.,-39.1893767021634));
#11930=CARTESIAN_POINT('Ctrl Pts',(-35.55,79.5688858025164,-38.5381159642649));
#11931=CARTESIAN_POINT('Ctrl Pts',(-35.5510054702877,79.5703956924361,-38.5371164644592));
#11932=CARTESIAN_POINT('Ctrl Pts',(-35.5520117695892,79.5719070051028,-38.5361199373545));
#11933=CARTESIAN_POINT('Ctrl Pts',(-35.7090211906242,79.8077422809684,-38.3812203624893));
#11934=CARTESIAN_POINT('Ctrl Pts',(-35.8643160109372,80.0536242857217,-38.3142128839406));
#11935=CARTESIAN_POINT('Ctrl Pts',(-35.9818924290833,80.2936819159268,-38.2061428015237));
#11936=CARTESIAN_POINT('Ctrl Pts',(-36.0050911179352,80.3461859651086,-38.1786590459646));
#11937=CARTESIAN_POINT('Ctrl Pts',(-36.031144480261,80.4145707583261,-38.1251009121335));
#11938=CARTESIAN_POINT('Ctrl Pts',(-36.0389918727031,80.4378583036345,-38.1024060457038));
#11939=CARTESIAN_POINT('Ctrl Pts',(-36.0479633432021,80.4710389247869,-38.0541067502747));
#11940=CARTESIAN_POINT('Ctrl Pts',(-36.05,80.4821644189804,-38.03072570259));
#11941=CARTESIAN_POINT('Ctrl Pts',(-36.05,80.4887449624915,-38.0052511474903));
#11942=CARTESIAN_POINT('Ctrl Pts',(-36.05,80.4887449624915,-40.3735022568365));
#11943=CARTESIAN_POINT('Ctrl Pts',(-36.05,80.4821644189804,-40.3480277017368));
#11944=CARTESIAN_POINT('Ctrl Pts',(-36.0479633432021,80.4710389247869,-40.3246466540521));
#11945=CARTESIAN_POINT('Ctrl Pts',(-36.0389918727031,80.4378583036345,-40.276347358623));
#11946=CARTESIAN_POINT('Ctrl Pts',(-36.031144480261,80.4145707583261,-40.2536524921934));
#11947=CARTESIAN_POINT('Ctrl Pts',(-36.0050911179354,80.3461859651091,-40.2000943583625));
#11948=CARTESIAN_POINT('Ctrl Pts',(-35.9818924290837,80.2936819159277,-40.1726106028035));
#11949=CARTESIAN_POINT('Ctrl Pts',(-35.8643160108748,80.0536242855943,-40.0645405203289));
#11950=CARTESIAN_POINT('Ctrl Pts',(-35.7090211914131,79.8077422821256,-39.9975330425977));
#11951=CARTESIAN_POINT('Ctrl Pts',(-35.5520117695759,79.5719070050836,-39.8426334669597));
#11952=CARTESIAN_POINT('Ctrl Pts',(-35.5510054703002,79.570395692455,-39.8416369398801));
#11953=CARTESIAN_POINT('Ctrl Pts',(-35.55,79.5688858025164,-39.8406374400619));
#11954=CARTESIAN_POINT('Ctrl Pts',(-36.4052726041367,80.0903348568493,-39.9651599280958));
#11955=CARTESIAN_POINT('Ctrl Pts',(-36.2008703004161,79.9657133180989,-39.9796712870515));
#11956=CARTESIAN_POINT('Ctrl Pts',(-35.7804969768603,79.7094169384712,-39.9474154802513));
#11957=CARTESIAN_POINT('Ctrl Pts',(-35.2584858470167,79.3911532542475,-39.7265054032013));
#11958=CARTESIAN_POINT('Ctrl Pts',(-34.9636625825731,79.2114031819361,-39.3831251366571));
#11959=CARTESIAN_POINT('Ctrl Pts',(-34.9641745308802,79.2117153104426,-38.9957091357786));
#11960=CARTESIAN_POINT('Ctrl Pts',(-35.2582763479474,79.3910255252742,-38.6522018699644));
#11961=CARTESIAN_POINT('Ctrl Pts',(-35.7805597061834,79.7094551837582,-38.4313383199204));
#11962=CARTESIAN_POINT('Ctrl Pts',(-36.2008664714336,79.965710983616,-38.3990822185596));
#11963=CARTESIAN_POINT('Ctrl Pts',(-36.405268845461,80.0903325652315,-38.4135932093907));
#11964=CARTESIAN_POINT('Ctrl Pts',(-36.3075605685384,80.186739731853,-39.9539342141438));
#11965=CARTESIAN_POINT('Ctrl Pts',(-36.1108435008294,80.058398438812,-39.9849729019925));
#11966=CARTESIAN_POINT('Ctrl Pts',(-35.701727123777,79.781432207861,-39.9799849602687));
#11967=CARTESIAN_POINT('Ctrl Pts',(-35.1891168557141,79.4196311058833,-39.7669927560103));
#11968=CARTESIAN_POINT('Ctrl Pts',(-34.8984542418262,79.2100758243534,-39.4003742093884));
#11969=CARTESIAN_POINT('Ctrl Pts',(-34.8989463196101,79.2105251871591,-38.9784274169451));
#11970=CARTESIAN_POINT('Ctrl Pts',(-35.1889004499741,79.4194567883966,-38.6117835574713));
#11971=CARTESIAN_POINT('Ctrl Pts',(-35.7017888984271,79.7814880430232,-38.3987115972418));
#11972=CARTESIAN_POINT('Ctrl Pts',(-36.1108397867826,80.0583959541691,-38.3937803327902));
#11973=CARTESIAN_POINT('Ctrl Pts',(-36.3075569496322,80.1867373686547,-38.4248186263723));
#11974=CARTESIAN_POINT('Ctrl Pts',(-36.1132490934174,80.3924228514396,-40.0515923201662));
#11975=CARTESIAN_POINT('Ctrl Pts',(-35.9311291549004,80.2352033323844,-40.0990298053371));
#11976=CARTESIAN_POINT('Ctrl Pts',(-35.5441828640468,79.8920326557137,-40.1118679298094));
#11977=CARTESIAN_POINT('Ctrl Pts',(-35.0500199523552,79.4422442492284,-39.87119336682));
#11978=CARTESIAN_POINT('Ctrl Pts',(-34.767761440654,79.1820331841457,-39.4399329152539));
#11979=CARTESIAN_POINT('Ctrl Pts',(-34.7683363070495,79.1825342616943,-38.9389966790141));
#11980=CARTESIAN_POINT('Ctrl Pts',(-35.0498075256699,79.4420223486779,-38.5074362346984));
#11981=CARTESIAN_POINT('Ctrl Pts',(-35.5442507047093,79.8920962268798,-38.2669091892829));
#11982=CARTESIAN_POINT('Ctrl Pts',(-35.9311256677964,80.2352002669051,-38.2797232100058));
#11983=CARTESIAN_POINT('Ctrl Pts',(-36.1132457464743,80.3924199601187,-38.3271602092205));
#11984=CARTESIAN_POINT('Ctrl Pts',(-36.0437278018236,80.4937278018236,-40.3245459751359));
#11985=CARTESIAN_POINT('Ctrl Pts',(-35.8512579697784,80.3007499036846,-40.3565695256298));
#11986=CARTESIAN_POINT('Ctrl Pts',(-35.449272375154,79.8988591480521,-40.3257425335845));
#11987=CARTESIAN_POINT('Ctrl Pts',(-34.9440844447546,79.3933164787362,-40.0041512435066));
#11988=CARTESIAN_POINT('Ctrl Pts',(-34.6570035697481,79.1064303698145,-39.4847384385308));
#11989=CARTESIAN_POINT('Ctrl Pts',(-34.6574087114565,79.1070608970513,-38.8941352689494));
#11990=CARTESIAN_POINT('Ctrl Pts',(-34.9438562074359,79.3931194926305,-38.3745440072326));
#11991=CARTESIAN_POINT('Ctrl Pts',(-35.4493285319264,79.8989300919705,-38.0529989819155));
#11992=CARTESIAN_POINT('Ctrl Pts',(-35.8512543239,80.3007462596728,-38.0221838578729));
#11993=CARTESIAN_POINT('Ctrl Pts',(-36.0437242573051,80.4937242573051,-38.0542068423977));
#11994=CARTESIAN_POINT('Ctrl Pts',(-36.0517192135434,80.5017192135435,-40.461804246859));
#11995=CARTESIAN_POINT('Ctrl Pts',(-35.8473169098228,80.2973169098228,-40.4856055514362));
#11996=CARTESIAN_POINT('Ctrl Pts',(-35.426943586267,79.876943586267,-40.4327000803238));
#11997=CARTESIAN_POINT('Ctrl Pts',(-34.9049324564235,79.3549324564235,-40.0703668182178));
#11998=CARTESIAN_POINT('Ctrl Pts',(-34.6101091919798,79.0601091919798,-39.5071598618795));
#11999=CARTESIAN_POINT('Ctrl Pts',(-34.6106211402869,79.0606211402869,-38.871726181058));
#12000=CARTESIAN_POINT('Ctrl Pts',(-34.9047229573541,79.3547229573541,-38.3083109224982));
#12001=CARTESIAN_POINT('Ctrl Pts',(-35.4270063155901,79.8770063155902,-37.9460539732615));
#12002=CARTESIAN_POINT('Ctrl Pts',(-35.8473130808403,80.2973130808404,-37.8931480190155));
#12003=CARTESIAN_POINT('Ctrl Pts',(-36.0517154548677,80.5017154548677,-37.9169487198003));
#12004=CARTESIAN_POINT('Origin',(-35.9035533905933,80.3535533905933,-39.1893767021634));
#12005=CARTESIAN_POINT('Origin',(-36.05,80.,-44.1893767021634));
#12006=CARTESIAN_POINT('',(-35.55,79.5688858025164,-44.8406374400619));
#12007=CARTESIAN_POINT('',(-35.55,79.5688858025164,-43.5381159642649));
#12008=CARTESIAN_POINT('Origin',(-36.2571067811865,80.,-44.1893767021634));
#12009=CARTESIAN_POINT('Origin',(-35.55,80.,-44.1893767021634));
#12010=CARTESIAN_POINT('Origin',(-35.2999999999999,79.75,40.625));
#12011=CARTESIAN_POINT('Origin',(-35.55,80.,-82.25));
#12012=CARTESIAN_POINT('Origin',(-35.9035533905933,80.3535533905933,-44.1893767021634));
#12013=CARTESIAN_POINT('Origin',(-35.55,80.,-44.1893767021634));
#12014=CARTESIAN_POINT('Ctrl Pts',(-35.55,79.5688858025164,-43.5381159642649));
#12015=CARTESIAN_POINT('Ctrl Pts',(-35.5510054702872,79.5703956924354,-43.5371164644597));
#12016=CARTESIAN_POINT('Ctrl Pts',(-35.5520117695897,79.5719070051035,-43.536119937354));
#12017=CARTESIAN_POINT('Ctrl Pts',(-35.7090211906257,79.8077422809704,-43.3812203624879));
#12018=CARTESIAN_POINT('Ctrl Pts',(-35.8643160109372,80.0536242857216,-43.3142128839406));
#12019=CARTESIAN_POINT('Ctrl Pts',(-35.9818924290827,80.2936819159256,-43.2061428015243));
#12020=CARTESIAN_POINT('Ctrl Pts',(-36.0050911179349,80.346185965108,-43.1786590459651));
#12021=CARTESIAN_POINT('Ctrl Pts',(-36.031144480261,80.4145707583259,-43.1251009121335));
#12022=CARTESIAN_POINT('Ctrl Pts',(-36.0389918727031,80.4378583036345,-43.1024060457039));
#12023=CARTESIAN_POINT('Ctrl Pts',(-36.0479633432021,80.4710389247869,-43.0541067502747));
#12024=CARTESIAN_POINT('Ctrl Pts',(-36.05,80.4821644189805,-43.03072570259));
#12025=CARTESIAN_POINT('Ctrl Pts',(-36.05,80.4887449624915,-43.0052511474903));
#12026=CARTESIAN_POINT('Ctrl Pts',(-36.05,80.4887449624915,-45.3735022568365));
#12027=CARTESIAN_POINT('Ctrl Pts',(-36.05,80.4821644189804,-45.3480277017368));
#12028=CARTESIAN_POINT('Ctrl Pts',(-36.0479633432021,80.4710389247869,-45.3246466540521));
#12029=CARTESIAN_POINT('Ctrl Pts',(-36.0389918727031,80.4378583036345,-45.276347358623));
#12030=CARTESIAN_POINT('Ctrl Pts',(-36.031144480261,80.414570758326,-45.2536524921933));
#12031=CARTESIAN_POINT('Ctrl Pts',(-36.0050911179351,80.3461859651083,-45.200094358362));
#12032=CARTESIAN_POINT('Ctrl Pts',(-35.981892429083,80.2936819159262,-45.1726106028028));
#12033=CARTESIAN_POINT('Ctrl Pts',(-35.8643160109371,80.0536242857215,-45.0645405203862));
#12034=CARTESIAN_POINT('Ctrl Pts',(-35.7090211906263,79.8077422809712,-44.9975330418394));
#12035=CARTESIAN_POINT('Ctrl Pts',(-35.5520117695897,79.5719070051035,-44.8426334669728));
#12036=CARTESIAN_POINT('Ctrl Pts',(-35.5510054702872,79.5703956924354,-44.8416369398672));
#12037=CARTESIAN_POINT('Ctrl Pts',(-35.55,79.5688858025164,-44.8406374400619));
#12038=CARTESIAN_POINT('Ctrl Pts',(-36.4052726041367,80.0903348568493,-44.9651599280958));
#12039=CARTESIAN_POINT('Ctrl Pts',(-36.2008703004161,79.9657133180989,-44.9796712870515));
#12040=CARTESIAN_POINT('Ctrl Pts',(-35.8865437913224,79.774072360437,-44.9550186915893));
#12041=CARTESIAN_POINT('Ctrl Pts',(-35.3347106087452,79.4376265420948,-44.7786934841515));
#12042=CARTESIAN_POINT('Ctrl Pts',(-34.9628755130385,79.2109233154438,-44.4481969777634));
#12043=CARTESIAN_POINT('Ctrl Pts',(-34.9645227935049,79.2119276418273,-43.9954521157548));
#12044=CARTESIAN_POINT('Ctrl Pts',(-35.2581109397296,79.390924677944,-43.652318563199));
#12045=CARTESIAN_POINT('Ctrl Pts',(-35.7806274446188,79.7094964830386,-43.4312884497397));
#12046=CARTESIAN_POINT('Ctrl Pts',(-36.2008664714336,79.965710983616,-43.3990822185596));
#12047=CARTESIAN_POINT('Ctrl Pts',(-36.405268845461,80.0903325652315,-43.4135932093907));
#12048=CARTESIAN_POINT('Ctrl Pts',(-36.3075605685384,80.186739731853,-44.9539342141438));
#12049=CARTESIAN_POINT('Ctrl Pts',(-36.1108435008294,80.058398438812,-44.9849729019925));
#12050=CARTESIAN_POINT('Ctrl Pts',(-35.8049588491976,79.8514632209965,-44.9803492603948));
#12051=CARTESIAN_POINT('Ctrl Pts',(-35.2643421138191,79.4740646410139,-44.8210991417442));
#12052=CARTESIAN_POINT('Ctrl Pts',(-34.8976317675959,79.2094543921207,-44.4714050571364));
#12053=CARTESIAN_POINT('Ctrl Pts',(-34.8993075748632,79.2108032795103,-43.9780454575928));
#12054=CARTESIAN_POINT('Ctrl Pts',(-35.1887275331174,79.4193286375743,-43.6119384802583));
#12055=CARTESIAN_POINT('Ctrl Pts',(-35.7018615848543,79.7815447317693,-43.3986271283693));
#12056=CARTESIAN_POINT('Ctrl Pts',(-36.1108397867826,80.0583959541691,-43.3937803327902));
#12057=CARTESIAN_POINT('Ctrl Pts',(-36.3075569496322,80.1867373686547,-43.4248186263723));
#12058=CARTESIAN_POINT('Ctrl Pts',(-36.1132504375018,80.392421727208,-45.0515942082315));
#12059=CARTESIAN_POINT('Ctrl Pts',(-35.9311304989849,80.2352022081528,-45.0990316934024));
#12060=CARTESIAN_POINT('Ctrl Pts',(-35.6419786877724,79.9788152396805,-45.1079067681267));
#12061=CARTESIAN_POINT('Ctrl Pts',(-35.1233386179488,79.5099455880608,-44.9348365538221));
#12062=CARTESIAN_POINT('Ctrl Pts',(-34.7669257850601,79.181181313931,-44.5243964408752));
#12063=CARTESIAN_POINT('Ctrl Pts',(-34.7687106804066,79.1829078232967,-43.9385161131836));
#12064=CARTESIAN_POINT('Ctrl Pts',(-35.0496316526994,79.4418420196894,-43.5076661721506));
#12065=CARTESIAN_POINT('Ctrl Pts',(-35.5443211995145,79.8921692523871,-43.2668201530723));
#12066=CARTESIAN_POINT('Ctrl Pts',(-35.931127011873,80.2351991426745,-43.2797213219509));
#12067=CARTESIAN_POINT('Ctrl Pts',(-36.1132470905508,80.3924188358881,-43.3271583211656));
#12068=CARTESIAN_POINT('Ctrl Pts',(-36.0437278018236,80.4937278018236,-45.3245459751359));
#12069=CARTESIAN_POINT('Ctrl Pts',(-35.8512579697784,80.3007499036846,-45.3565695256298));
#12070=CARTESIAN_POINT('Ctrl Pts',(-35.5506442292403,80.0004044168731,-45.3326327559441));
#12071=CARTESIAN_POINT('Ctrl Pts',(-35.0183237390942,79.467725242547,-45.0823837660612));
#12072=CARTESIAN_POINT('Ctrl Pts',(-34.6561465570092,79.1056703991125,-44.5840204899937));
#12073=CARTESIAN_POINT('Ctrl Pts',(-34.6577766581624,79.1074086320345,-43.8936992078539));
#12074=CARTESIAN_POINT('Ctrl Pts',(-34.9436762415995,79.3929596196521,-43.3747389823678));
#12075=CARTESIAN_POINT('Ctrl Pts',(-35.4494087803508,79.8989903001887,-43.0529119037653));
#12076=CARTESIAN_POINT('Ctrl Pts',(-35.8512543239,80.3007462596728,-43.0221838578728));
#12077=CARTESIAN_POINT('Ctrl Pts',(-36.0437242573051,80.4937242573051,-43.0542068423977));
#12078=CARTESIAN_POINT('Ctrl Pts',(-36.0517192135434,80.5017192135435,-45.461804246859));
#12079=CARTESIAN_POINT('Ctrl Pts',(-35.8473169098228,80.2973169098228,-45.4856055514362));
#12080=CARTESIAN_POINT('Ctrl Pts',(-35.5329904007291,79.9829904007291,-45.4451707489478));
#12081=CARTESIAN_POINT('Ctrl Pts',(-34.9811572181519,79.4311572181519,-45.1559648944408));
#12082=CARTESIAN_POINT('Ctrl Pts',(-34.6093221224452,79.0593221224452,-44.6138896805194));
#12083=CARTESIAN_POINT('Ctrl Pts',(-34.6109694029116,79.0609694029116,-43.8713046208246));
#12084=CARTESIAN_POINT('Ctrl Pts',(-34.9045575491363,79.3545575491363,-43.3085023209212));
#12085=CARTESIAN_POINT('Ctrl Pts',(-35.4270740540255,79.8770740540255,-42.9459721769691));
#12086=CARTESIAN_POINT('Ctrl Pts',(-35.8473130808403,80.2973130808404,-42.8931480190155));
#12087=CARTESIAN_POINT('Ctrl Pts',(-36.0517154548677,80.5017154548677,-42.9169487198003));
#12088=CARTESIAN_POINT('Origin',(35.3,79.75,-40.625));
#12089=CARTESIAN_POINT('',(36.0500000000001,80.5,82.25));
#12090=CARTESIAN_POINT('Origin',(35.55,80.,82.25));
#12091=CARTESIAN_POINT('',(36.0500000000001,80.5,82.75));
#12092=CARTESIAN_POINT('',(36.0500000000001,80.5,82.75));
#12093=CARTESIAN_POINT('',(36.0500000000001,80.5,82.75));
#12094=CARTESIAN_POINT('',(36.05,80.5,-82.25));
#12095=CARTESIAN_POINT('',(36.0500000000001,80.5,82.75));
#12096=CARTESIAN_POINT('Origin',(35.55,80.,-82.25));
#12097=CARTESIAN_POINT('Ctrl Pts',(-36.05,5.68989300120393E-15,85.0109091470851));
#12098=CARTESIAN_POINT('Ctrl Pts',(-35.701348604824,0.348651395176043,85.4963712131264));
#12099=CARTESIAN_POINT('Ctrl Pts',(-33.9183891581454,2.13161084185465,87.3315484004323));
#12100=CARTESIAN_POINT('Ctrl Pts',(-29.7006094245783,6.34939057542175,91.1617868471082));
#12101=CARTESIAN_POINT('Ctrl Pts',(-26.1810044567502,9.86899554324982,95.3726579245499));
#12102=CARTESIAN_POINT('Ctrl Pts',(-24.3492143045086,11.7007856954915,98.3898388129989));
#12103=CARTESIAN_POINT('Ctrl Pts',(-23.5292616047091,12.5207383952909,100.97676067398));
#12104=CARTESIAN_POINT('Ctrl Pts',(-23.5113004744527,12.5386995255473,102.250073946474));
#12105=CARTESIAN_POINT('Ctrl Pts',(-23.5113004744527,12.5386995255473,102.75));
#12106=CARTESIAN_POINT('Ctrl Pts',(-36.2666274871752,2.94114128891037,85.0109091470851));
#12107=CARTESIAN_POINT('Ctrl Pts',(-35.9821543909441,3.23930199650109,85.4963712131264));
#12108=CARTESIAN_POINT('Ctrl Pts',(-34.4143145456841,4.79327565557635,87.3315484004323));
#12109=CARTESIAN_POINT('Ctrl Pts',(-30.5560941155908,8.49265222015821,91.1617868471082));
#12110=CARTESIAN_POINT('Ctrl Pts',(-27.3494559473278,11.5947556445937,95.3726579245499));
#12111=CARTESIAN_POINT('Ctrl Pts',(-25.7005316904462,13.2291496482315,98.3898388129989));
#12112=CARTESIAN_POINT('Ctrl Pts',(-24.9997805418291,13.9958959688948,100.97676067398));
#12113=CARTESIAN_POINT('Ctrl Pts',(-25.0275222313338,14.0552856032208,102.250073946474));
#12114=CARTESIAN_POINT('Ctrl Pts',(-25.0501114920961,14.0775105431907,102.75));
#12115=CARTESIAN_POINT('Ctrl Pts',(-36.657950885221,8.86512008895362,85.0109091470851));
#12116=CARTESIAN_POINT('Ctrl Pts',(-36.4899657699801,9.07400504537035,85.4963712131264));
#12117=CARTESIAN_POINT('Ctrl Pts',(-35.3141139807298,10.207863172274,87.3315484004323));
#12118=CARTESIAN_POINT('Ctrl Pts',(-32.1173289824297,12.9280795620527,91.1617868471083));
#12119=CARTESIAN_POINT('Ctrl Pts',(-29.4825530868615,15.2496904048482,95.3726579245499));
#12120=CARTESIAN_POINT('Ctrl Pts',(-28.1627170582632,16.5261616144122,98.3898388129989));
#12121=CARTESIAN_POINT('Ctrl Pts',(-27.6678616952342,17.2192083463132,100.97676067398));
#12122=CARTESIAN_POINT('Ctrl Pts',(-27.7672297599859,17.3810925331841,102.250073946474));
#12123=CARTESIAN_POINT('Ctrl Pts',(-27.8245933118324,17.4581974107054,102.75));
#12124=CARTESIAN_POINT('Ctrl Pts',(-37.1050999313705,17.8554389587668,85.0109091470851));
#12125=CARTESIAN_POINT('Ctrl Pts',(-37.0749409433941,17.9655851935246,85.4963712131264));
#12126=CARTESIAN_POINT('Ctrl Pts',(-36.3753311607925,18.6004957717243,87.3315484004323));
#12127=CARTESIAN_POINT('Ctrl Pts',(-34.0216099130926,20.1260291705894,91.1617868471082));
#12128=CARTESIAN_POINT('Ctrl Pts',(-32.0784620494112,21.4847623621298,95.3726579245499));
#12129=CARTESIAN_POINT('Ctrl Pts',(-31.1133581077603,22.3032524200024,98.3898388129989));
#12130=CARTESIAN_POINT('Ctrl Pts',(-30.7719433110736,22.8678707568257,100.97676067398));
#12131=CARTESIAN_POINT('Ctrl Pts',(-30.865170013177,23.118579505322,102.250073946474));
#12132=CARTESIAN_POINT('Ctrl Pts',(-30.9170513366858,23.2437516875176,102.75));
#12133=CARTESIAN_POINT('Ctrl Pts',(-37.3899342805372,26.9287492367071,85.0109091470851));
#12134=CARTESIAN_POINT('Ctrl Pts',(-37.4514005932142,26.9732402361441,85.4963712131264));
#12135=CARTESIAN_POINT('Ctrl Pts',(-37.077946740451,27.2452748354914,87.3315484004323));
#12136=CARTESIAN_POINT('Ctrl Pts',(-35.3301179431856,27.8966500394213,91.1617868471082));
#12137=CARTESIAN_POINT('Ctrl Pts',(-33.8555663188487,28.5063857352507,95.3726579245499));
#12138=CARTESIAN_POINT('Ctrl Pts',(-33.097506509038,28.9085152425751,98.3898388129989));
#12139=CARTESIAN_POINT('Ctrl Pts',(-32.7873583207288,29.2391374327134,100.97676067398));
#12140=CARTESIAN_POINT('Ctrl Pts',(-32.8076656658437,29.4268408679599,102.250073946474));
#12141=CARTESIAN_POINT('Ctrl Pts',(-32.8213689249442,29.5214268682122,102.75));
#12142=CARTESIAN_POINT('Ctrl Pts',(-37.488384938739,36.05,85.0109091470851));
#12143=CARTESIAN_POINT('Ctrl Pts',(-37.5823830650931,36.05,85.4963712131264));
#12144=CARTESIAN_POINT('Ctrl Pts',(-37.3268116375064,36.05,87.3315484004323));
#12145=CARTESIAN_POINT('Ctrl Pts',(-35.8037327692247,36.05,91.1617868471083));
#12146=CARTESIAN_POINT('Ctrl Pts',(-34.4970531528806,36.0500000000001,95.3726579245499));
#12147=CARTESIAN_POINT('Ctrl Pts',(-33.805951825682,36.0500000000001,98.3898388129989));
#12148=CARTESIAN_POINT('Ctrl Pts',(-33.4915214342068,36.0500000000001,100.97676067398));
#12149=CARTESIAN_POINT('Ctrl Pts',(-33.471339918754,36.05,102.250073946474));
#12150=CARTESIAN_POINT('Ctrl Pts',(-33.4643815812427,36.05,102.75));
#12151=CARTESIAN_POINT('Ctrl Pts',(-37.3899342805372,45.1712507632929,85.0109091470851));
#12152=CARTESIAN_POINT('Ctrl Pts',(-37.4514005932142,45.1267597638559,85.4963712131264));
#12153=CARTESIAN_POINT('Ctrl Pts',(-37.077946740451,44.8547251645087,87.3315484004323));
#12154=CARTESIAN_POINT('Ctrl Pts',(-35.3301179431856,44.2033499605788,91.1617868471082));
#12155=CARTESIAN_POINT('Ctrl Pts',(-33.8555663188487,43.5936142647494,95.3726579245499));
#12156=CARTESIAN_POINT('Ctrl Pts',(-33.097506509038,43.191484757425,98.3898388129989));
#12157=CARTESIAN_POINT('Ctrl Pts',(-32.7873583207288,42.8608625672867,100.97676067398));
#12158=CARTESIAN_POINT('Ctrl Pts',(-32.8076656658437,42.6731591320402,102.250073946474));
#12159=CARTESIAN_POINT('Ctrl Pts',(-32.8213689249442,42.5785731317878,102.75));
#12160=CARTESIAN_POINT('Ctrl Pts',(-37.1050999313705,54.2445610412332,85.0109091470851));
#12161=CARTESIAN_POINT('Ctrl Pts',(-37.0749409433941,54.1344148064754,85.4963712131264));
#12162=CARTESIAN_POINT('Ctrl Pts',(-36.3753311607925,53.4995042282757,87.3315484004323));
#12163=CARTESIAN_POINT('Ctrl Pts',(-34.0216099130926,51.9739708294106,91.1617868471083));
#12164=CARTESIAN_POINT('Ctrl Pts',(-32.0784620494112,50.6152376378703,95.3726579245499));
#12165=CARTESIAN_POINT('Ctrl Pts',(-31.1133581077603,49.7967475799977,98.3898388129989));
#12166=CARTESIAN_POINT('Ctrl Pts',(-30.7719433110736,49.2321292431744,100.97676067398));
#12167=CARTESIAN_POINT('Ctrl Pts',(-30.865170013177,48.9814204946781,102.250073946474));
#12168=CARTESIAN_POINT('Ctrl Pts',(-30.9170513366858,48.8562483124825,102.75));
#12169=CARTESIAN_POINT('Ctrl Pts',(-36.657950885221,63.2348799110464,85.0109091470851));
#12170=CARTESIAN_POINT('Ctrl Pts',(-36.4899657699801,63.0259949546296,85.4963712131264));
#12171=CARTESIAN_POINT('Ctrl Pts',(-35.3141139807298,61.892136827726,87.3315484004323));
#12172=CARTESIAN_POINT('Ctrl Pts',(-32.1173289824297,59.1719204379473,91.1617868471082));
#12173=CARTESIAN_POINT('Ctrl Pts',(-29.4825530868614,56.8503095951519,95.3726579245499));
#12174=CARTESIAN_POINT('Ctrl Pts',(-28.1627170582631,55.5738383855879,98.3898388129989));
#12175=CARTESIAN_POINT('Ctrl Pts',(-27.6678616952342,54.8807916536869,100.97676067398));
#12176=CARTESIAN_POINT('Ctrl Pts',(-27.7672297599859,54.718907466816,102.250073946474));
#12177=CARTESIAN_POINT('Ctrl Pts',(-27.8245933118323,54.6418025892947,102.75));
#12178=CARTESIAN_POINT('Ctrl Pts',(-36.2666274871752,69.1588587110896,85.0109091470851));
#12179=CARTESIAN_POINT('Ctrl Pts',(-35.9821543909441,68.8606980034989,85.4963712131264));
#12180=CARTESIAN_POINT('Ctrl Pts',(-34.4143145456841,67.3067243444237,87.3315484004323));
#12181=CARTESIAN_POINT('Ctrl Pts',(-30.5560941155908,63.6073477798419,91.1617868471083));
#12182=CARTESIAN_POINT('Ctrl Pts',(-27.3494559473278,60.5052443554064,95.3726579245499));
#12183=CARTESIAN_POINT('Ctrl Pts',(-25.7005316904462,58.8708503517687,98.3898388129989));
#12184=CARTESIAN_POINT('Ctrl Pts',(-24.999780541829,58.1041040311054,100.97676067398));
#12185=CARTESIAN_POINT('Ctrl Pts',(-25.0275222313338,58.0447143967793,102.250073946474));
#12186=CARTESIAN_POINT('Ctrl Pts',(-25.050111492096,58.0224894568094,102.75));
#12187=CARTESIAN_POINT('Ctrl Pts',(-36.05,72.1,85.0109091470851));
#12188=CARTESIAN_POINT('Ctrl Pts',(-35.7013486048239,71.7513486048239,85.4963712131264));
#12189=CARTESIAN_POINT('Ctrl Pts',(-33.9183891581453,69.9683891581454,87.3315484004323));
#12190=CARTESIAN_POINT('Ctrl Pts',(-29.7006094245783,65.7506094245783,91.1617868471082));
#12191=CARTESIAN_POINT('Ctrl Pts',(-26.1810044567502,62.2310044567503,95.3726579245499));
#12192=CARTESIAN_POINT('Ctrl Pts',(-24.3492143045085,60.3992143045087,98.3898388129989));
#12193=CARTESIAN_POINT('Ctrl Pts',(-23.529261604709,59.5792616047092,100.97676067398));
#12194=CARTESIAN_POINT('Ctrl Pts',(-23.5113004744526,59.5613004744528,102.250073946474));
#12195=CARTESIAN_POINT('Ctrl Pts',(-23.5113004744526,59.5613004744528,102.75));
#12196=CARTESIAN_POINT('Ctrl Pts',(-35.9035533905933,0.146446609406734,
85.2045952810938));
#12197=CARTESIAN_POINT('Ctrl Pts',(-34.2145188306873,1.83548116931269,87.3402409775613));
#12198=CARTESIAN_POINT('Ctrl Pts',(-29.2363286486966,6.81367135130347,91.2612056816327));
#12199=CARTESIAN_POINT('Ctrl Pts',(-23.5113004744527,12.5386995255474,96.7157674307971));
#12200=CARTESIAN_POINT('Ctrl Pts',(-23.5113004744527,12.5386995255473,100.68890679199));
#12201=CARTESIAN_POINT('Ctrl Pts',(-23.5113004744527,12.5386995255473,102.75));
#12202=CARTESIAN_POINT('Origin',(35.55,0.,-82.25));
#12203=CARTESIAN_POINT('Origin',(35.55,0.5,-82.25));
#12204=CARTESIAN_POINT('',(36.05,0.,-82.25));
#12205=CARTESIAN_POINT('Origin',(-35.55,0.,-82.25));
#12206=CARTESIAN_POINT('Origin',(-35.55,0.5,-82.25));
#12207=CARTESIAN_POINT('Origin',(-35.55,0.5,-82.25));
#12208=CARTESIAN_POINT('Origin',(-35.55,0.5,-82.25));
#12209=CARTESIAN_POINT('Origin',(-36.05,0.,82.75));
#12210=CARTESIAN_POINT('',(35.55,0.,82.75));
#12211=CARTESIAN_POINT('',(-35.55,0.,82.75));
#12212=CARTESIAN_POINT('Origin',(-35.55,0.,82.25));
#12213=CARTESIAN_POINT('Origin',(36.05,0.,82.75));
#12214=CARTESIAN_POINT('',(36.05,0.,82.25));
#12215=CARTESIAN_POINT('Origin',(35.55,0.,82.25));
#12216=CARTESIAN_POINT('Ctrl Pts',(36.0162794324863,0.0337205675138123,
85.0572372594536));
#12217=CARTESIAN_POINT('Ctrl Pts',(35.6540716628481,0.395928337151941,85.5484736399224));
#12218=CARTESIAN_POINT('Ctrl Pts',(34.4490753559261,1.60092464407402,86.7860543156055));
#12219=CARTESIAN_POINT('Ctrl Pts',(31.7409655854735,4.30903441452659,89.3047611544756));
#12220=CARTESIAN_POINT('Ctrl Pts',(28.7699283732489,7.28007162675122,92.2741839311024));
#12221=CARTESIAN_POINT('Ctrl Pts',(26.1509962702088,9.89900372979124,95.4136000410935));
#12222=CARTESIAN_POINT('Ctrl Pts',(24.3391560421408,11.7108439578592,98.4156570456963));
#12223=CARTESIAN_POINT('Ctrl Pts',(23.5288970081806,12.5211029918195,100.98579695743));
#12224=CARTESIAN_POINT('Ctrl Pts',(23.5113004744527,12.5386995255473,102.252327210131));
#12225=CARTESIAN_POINT('Ctrl Pts',(23.5113004744527,12.5386995255473,102.75));
#12226=CARTESIAN_POINT('Ctrl Pts',(33.0799974708164,-0.189005034301486,
85.0572372594536));
#12227=CARTESIAN_POINT('Ctrl Pts',(32.7696445285861,0.108849501021746,85.5484736399224));
#12228=CARTESIAN_POINT('Ctrl Pts',(31.7196392276182,1.16980501395238,86.7860543156055));
#12229=CARTESIAN_POINT('Ctrl Pts',(29.34636929029,3.62787012433891,89.3047611544756));
#12230=CARTESIAN_POINT('Ctrl Pts',(26.7375694703917,6.34156657250712,92.2741839311024));
#12231=CARTESIAN_POINT('Ctrl Pts',(24.4285938489286,8.72782241060615,95.4136000410935));
#12232=CARTESIAN_POINT('Ctrl Pts',(22.8118053754296,10.3581725376106,98.4156570456963));
#12233=CARTESIAN_POINT('Ctrl Pts',(22.0535225172969,11.0502520955801,100.98579695743));
#12234=CARTESIAN_POINT('Ctrl Pts',(21.9946142246655,11.0223759544879,102.252327210131));
#12235=CARTESIAN_POINT('Ctrl Pts',(21.9724894568093,10.9998885079039,102.75));
#12236=CARTESIAN_POINT('Ctrl Pts',(27.1646111380375,-0.591393527311256,
85.0572372594535));
#12237=CARTESIAN_POINT('Ctrl Pts',(26.9462624973504,-0.410377840179704,
85.5484736399224));
#12238=CARTESIAN_POINT('Ctrl Pts',(26.1808677501789,0.388041534175907,86.7860543156055));
#12239=CARTESIAN_POINT('Ctrl Pts',(24.4359787360532,2.38748203891337,89.3047611544756));
#12240=CARTESIAN_POINT('Ctrl Pts',(22.5093325518083,4.62868306970216,92.2741839311024));
#12241=CARTESIAN_POINT('Ctrl Pts',(20.7795859022099,6.58993300515072,95.4136000410935));
#12242=CARTESIAN_POINT('Ctrl Pts',(19.5163250549655,7.89368750046338,98.4156570456963));
#12243=CARTESIAN_POINT('Ctrl Pts',(18.8294824070038,8.38173176173055,100.98579695743));
#12244=CARTESIAN_POINT('Ctrl Pts',(18.6685614816075,8.28250912957397,102.252327210131));
#12245=CARTESIAN_POINT('Ctrl Pts',(18.5918041307196,8.22540412637828,102.75));
#12246=CARTESIAN_POINT('Ctrl Pts',(18.183839104947,-1.05165021748499,85.0572372594535));
#12247=CARTESIAN_POINT('Ctrl Pts',(18.0679465172471,-1.00913071894423,85.5484736399224));
#12248=CARTESIAN_POINT('Ctrl Pts',(17.6405516839477,-0.530567054328522,
86.7860543156054));
#12249=CARTESIAN_POINT('Ctrl Pts',(16.6593169335032,0.892574706446166,89.3047611544756));
#12250=CARTESIAN_POINT('Ctrl Pts',(15.5666648004389,2.54044784498808,92.2741839311024));
#12251=CARTESIAN_POINT('Ctrl Pts',(14.5522870093627,3.98854984587716,95.4136000410934));
#12252=CARTESIAN_POINT('Ctrl Pts',(13.7414189120959,4.94084266785669,98.4156570456963));
#12253=CARTESIAN_POINT('Ctrl Pts',(13.1803043980812,5.27768671378304,100.98579695743));
#12254=CARTESIAN_POINT('Ctrl Pts',(12.9308575275874,5.18459307465548,102.252327210131));
#12255=CARTESIAN_POINT('Ctrl Pts',(12.8062495206874,5.13294559033138,102.75));
#12256=CARTESIAN_POINT('Ctrl Pts',(9.11690387237013,-1.34520640988921,85.0572372594535));
#12257=CARTESIAN_POINT('Ctrl Pts',(9.06977403245024,-1.39495378406929,85.5484736399224));
#12258=CARTESIAN_POINT('Ctrl Pts',(8.88723689257142,-1.13602858314409,86.7860543156055));
#12259=CARTESIAN_POINT('Ctrl Pts',(8.46654901242306,-0.121369861331534,
89.3047611544756));
#12260=CARTESIAN_POINT('Ctrl Pts',(7.99354078696643,1.10698922485571,92.2741839311024));
#12261=CARTESIAN_POINT('Ctrl Pts',(7.53738136712647,2.20809592758491,95.4136000410935));
#12262=CARTESIAN_POINT('Ctrl Pts',(7.13860844076482,2.95572641810356,98.4156570456963));
#12263=CARTESIAN_POINT('Ctrl Pts',(6.80951440579959,3.26278932764285,100.98579695743));
#12264=CARTESIAN_POINT('Ctrl Pts',(6.62273366472525,3.24226869061268,102.252327210131));
#12265=CARTESIAN_POINT('Ctrl Pts',(6.52857398191594,3.22862719475791,102.75));
#12266=CARTESIAN_POINT('Ctrl Pts',(3.86850701467549E-14,-1.44675663349354,
85.0572372594535));
#12267=CARTESIAN_POINT('Ctrl Pts',(3.76080137039144E-14,-1.52930578125491,
85.5484736399224));
#12268=CARTESIAN_POINT('Ctrl Pts',(3.73520983033907E-14,-1.34989729430661,
86.7860543156055));
#12269=CARTESIAN_POINT('Ctrl Pts',(3.43071147960698E-14,-0.485670878207864,
89.3047611544756));
#12270=CARTESIAN_POINT('Ctrl Pts',(2.92931465257556E-14,0.588520295846894,
92.2741839311024));
#12271=CARTESIAN_POINT('Ctrl Pts',(2.5135921699039E-14,1.56545515723749,
95.4136000410935));
#12272=CARTESIAN_POINT('Ctrl Pts',(2.4240203787165E-14,2.24702610534232,
98.4156570456963));
#12273=CARTESIAN_POINT('Ctrl Pts',(2.92184848354778E-14,2.55889625253917,
100.98579695743));
#12274=CARTESIAN_POINT('Ctrl Pts',(3.5520286208939E-14,2.57868759281278,
102.252327210131));
#12275=CARTESIAN_POINT('Ctrl Pts',(3.77595899997033E-14,2.58561456774763,
102.75));
#12276=CARTESIAN_POINT('Ctrl Pts',(-9.11690387237005,-1.34520640988921,
85.0572372594535));
#12277=CARTESIAN_POINT('Ctrl Pts',(-9.06977403245016,-1.39495378406929,
85.5484736399224));
#12278=CARTESIAN_POINT('Ctrl Pts',(-8.88723689257134,-1.13602858314408,
86.7860543156055));
#12279=CARTESIAN_POINT('Ctrl Pts',(-8.46654901242299,-0.121369861331528,
89.3047611544756));
#12280=CARTESIAN_POINT('Ctrl Pts',(-7.99354078696636,1.10698922485572,92.2741839311024));
#12281=CARTESIAN_POINT('Ctrl Pts',(-7.5373813671264,2.20809592758492,95.4136000410934));
#12282=CARTESIAN_POINT('Ctrl Pts',(-7.13860844076476,2.95572641810356,98.4156570456963));
#12283=CARTESIAN_POINT('Ctrl Pts',(-6.80951440579952,3.26278932764286,100.98579695743));
#12284=CARTESIAN_POINT('Ctrl Pts',(-6.62273366472517,3.24226869061268,102.252327210131));
#12285=CARTESIAN_POINT('Ctrl Pts',(-6.52857398191586,3.22862719475791,102.75));
#12286=CARTESIAN_POINT('Ctrl Pts',(-18.1838391049469,-1.05165021748499,
85.0572372594535));
#12287=CARTESIAN_POINT('Ctrl Pts',(-18.067946517247,-1.00913071894423,85.5484736399224));
#12288=CARTESIAN_POINT('Ctrl Pts',(-17.6405516839476,-0.530567054328516,
86.7860543156055));
#12289=CARTESIAN_POINT('Ctrl Pts',(-16.6593169335031,0.892574706446178,
89.3047611544756));
#12290=CARTESIAN_POINT('Ctrl Pts',(-15.5666648004388,2.54044784498809,92.2741839311024));
#12291=CARTESIAN_POINT('Ctrl Pts',(-14.5522870093626,3.98854984587718,95.4136000410934));
#12292=CARTESIAN_POINT('Ctrl Pts',(-13.7414189120959,4.9408426678567,98.4156570456963));
#12293=CARTESIAN_POINT('Ctrl Pts',(-13.1803043980812,5.27768671378304,100.98579695743));
#12294=CARTESIAN_POINT('Ctrl Pts',(-12.9308575275873,5.18459307465548,102.252327210131));
#12295=CARTESIAN_POINT('Ctrl Pts',(-12.8062495206873,5.13294559033138,102.75));
#12296=CARTESIAN_POINT('Ctrl Pts',(-27.1646111380374,-0.591393527311257,
85.0572372594536));
#12297=CARTESIAN_POINT('Ctrl Pts',(-26.9462624973503,-0.410377840179704,
85.5484736399224));
#12298=CARTESIAN_POINT('Ctrl Pts',(-26.1808677501788,0.38804153417591,86.7860543156055));
#12299=CARTESIAN_POINT('Ctrl Pts',(-24.4359787360531,2.38748203891338,89.3047611544756));
#12300=CARTESIAN_POINT('Ctrl Pts',(-22.5093325518082,4.62868306970217,92.2741839311024));
#12301=CARTESIAN_POINT('Ctrl Pts',(-20.7795859022098,6.58993300515072,95.4136000410934));
#12302=CARTESIAN_POINT('Ctrl Pts',(-19.5163250549654,7.89368750046337,98.4156570456963));
#12303=CARTESIAN_POINT('Ctrl Pts',(-18.8294824070037,8.38173176173053,100.98579695743));
#12304=CARTESIAN_POINT('Ctrl Pts',(-18.6685614816074,8.28250912957395,102.252327210131));
#12305=CARTESIAN_POINT('Ctrl Pts',(-18.5918041307195,8.22540412637825,102.75));
#12306=CARTESIAN_POINT('Ctrl Pts',(-33.0799974708164,-0.189005034301491,
85.0572372594536));
#12307=CARTESIAN_POINT('Ctrl Pts',(-32.769644528586,0.108849501021741,85.5484736399224));
#12308=CARTESIAN_POINT('Ctrl Pts',(-31.7196392276181,1.16980501395238,86.7860543156055));
#12309=CARTESIAN_POINT('Ctrl Pts',(-29.3463692902899,3.6278701243389,89.3047611544757));
#12310=CARTESIAN_POINT('Ctrl Pts',(-26.7375694703916,6.34156657250712,92.2741839311024));
#12311=CARTESIAN_POINT('Ctrl Pts',(-24.4285938489284,8.72782241060614,95.4136000410935));
#12312=CARTESIAN_POINT('Ctrl Pts',(-22.8118053754295,10.3581725376106,98.4156570456963));
#12313=CARTESIAN_POINT('Ctrl Pts',(-22.0535225172968,11.05025209558,100.98579695743));
#12314=CARTESIAN_POINT('Ctrl Pts',(-21.9946142246653,11.0223759544879,102.252327210131));
#12315=CARTESIAN_POINT('Ctrl Pts',(-21.9724894568092,10.9998885079039,102.75));
#12316=CARTESIAN_POINT('Ctrl Pts',(-36.0162794324862,0.0337205675138043,
85.0572372594536));
#12317=CARTESIAN_POINT('Ctrl Pts',(-35.6540716628481,0.395928337151932,
85.5484736399224));
#12318=CARTESIAN_POINT('Ctrl Pts',(-34.449075355926,1.60092464407401,86.7860543156055));
#12319=CARTESIAN_POINT('Ctrl Pts',(-31.7409655854734,4.30903441452658,89.3047611544756));
#12320=CARTESIAN_POINT('Ctrl Pts',(-28.7699283732488,7.28007162675121,92.2741839311024));
#12321=CARTESIAN_POINT('Ctrl Pts',(-26.1509962702087,9.89900372979121,95.4136000410935));
#12322=CARTESIAN_POINT('Ctrl Pts',(-24.3391560421407,11.7108439578592,98.4156570456963));
#12323=CARTESIAN_POINT('Ctrl Pts',(-23.5288970081805,12.5211029918194,100.98579695743));
#12324=CARTESIAN_POINT('Ctrl Pts',(-23.5113004744526,12.5386995255472,102.252327210131));
#12325=CARTESIAN_POINT('Ctrl Pts',(-23.5113004744526,12.5386995255472,102.75));
#12326=CARTESIAN_POINT('Origin',(18.025,0.5,-82.25));
#12327=CARTESIAN_POINT('Origin',(35.55,0.5,-82.25));
#12328=CARTESIAN_POINT('Origin',(35.55,0.5,-82.25));
#12329=UNCERTAINTY_MEASURE_WITH_UNIT(LENGTH_MEASURE(0.01),#12333,
'DISTANCE_ACCURACY_VALUE',
'Maximum model space distance between geometric entities at asserted c
onnectivities');
#12330=UNCERTAINTY_MEASURE_WITH_UNIT(LENGTH_MEASURE(0.01),#12333,
'DISTANCE_ACCURACY_VALUE',
'Maximum model space distance between geometric entities at asserted c
onnectivities');
#12331=(
GEOMETRIC_REPRESENTATION_CONTEXT(3)
GLOBAL_UNCERTAINTY_ASSIGNED_CONTEXT((#12329))
GLOBAL_UNIT_ASSIGNED_CONTEXT((#12333,#12335,#12336))
REPRESENTATION_CONTEXT('','3D')
);
#12332=(
GEOMETRIC_REPRESENTATION_CONTEXT(3)
GLOBAL_UNCERTAINTY_ASSIGNED_CONTEXT((#12330))
GLOBAL_UNIT_ASSIGNED_CONTEXT((#12333,#12335,#12336))
REPRESENTATION_CONTEXT('','3D')
);
#12333=(
LENGTH_UNIT()
NAMED_UNIT(*)
SI_UNIT(.MILLI.,.METRE.)
);
#12334=(
LENGTH_UNIT()
NAMED_UNIT(*)
SI_UNIT(.CENTI.,.METRE.)
);
#12335=(
NAMED_UNIT(*)
PLANE_ANGLE_UNIT()
SI_UNIT($,.RADIAN.)
);
#12336=(
NAMED_UNIT(*)
SI_UNIT($,.STERADIAN.)
SOLID_ANGLE_UNIT()
);
#12337=SHAPE_DEFINITION_REPRESENTATION(#12338,#12339);
#12338=PRODUCT_DEFINITION_SHAPE('',$,#12341);
#12339=SHAPE_REPRESENTATION('',(#6164),#12331);
#12340=PRODUCT_DEFINITION_CONTEXT('part definition',#12345,'design');
#12341=PRODUCT_DEFINITION('heater_industrygrow','heater_industrygrow',#12342,
#12340);
#12342=PRODUCT_DEFINITION_FORMATION('',$,#12347);
#12343=PRODUCT_RELATED_PRODUCT_CATEGORY('heater_industrygrow',
'heater_industrygrow',(#12347));
#12344=APPLICATION_PROTOCOL_DEFINITION('international standard',
'automotive_design',2009,#12345);
#12345=APPLICATION_CONTEXT(
'Core Data for Automotive Mechanical Design Process');
#12346=PRODUCT_CONTEXT('part definition',#12345,'mechanical');
#12347=PRODUCT('heater_industrygrow','heater_industrygrow',$,(#12346));
#12348=PRESENTATION_STYLE_ASSIGNMENT((#12349));
#12349=SURFACE_STYLE_USAGE(.BOTH.,#12352);
#12350=SURFACE_STYLE_RENDERING_WITH_PROPERTIES($,#12356,(#12351));
#12351=SURFACE_STYLE_TRANSPARENT(0.);
#12352=SURFACE_SIDE_STYLE('',(#12353,#12350));
#12353=SURFACE_STYLE_FILL_AREA(#12354);
#12354=FILL_AREA_STYLE('',(#12355));
#12355=FILL_AREA_STYLE_COLOUR('',#12356);
#12356=COLOUR_RGB('',0.0196078431372549,0.0196078431372549,0.0196078431372549);
ENDSEC;
END-ISO-10303-21;
